29-Jun-2026 04:24:35.671 INFO [main] org.apache.catalina.startup.VersionLoggerListener.log Server version name:   Apache Tomcat/11.0.23
29-Jun-2026 04:24:35.681 INFO [main] org.apache.catalina.startup.VersionLoggerListener.log Server built:          Jun 17 2026 21:31:25 UTC
29-Jun-2026 04:24:35.681 INFO [main] org.apache.catalina.startup.VersionLoggerListener.log Server version number: 11.0.23.0
29-Jun-2026 04:24:35.682 INFO [main] org.apache.catalina.startup.VersionLoggerListener.log OS Name:               Linux
29-Jun-2026 04:24:35.682 INFO [main] org.apache.catalina.startup.VersionLoggerListener.log OS Version:            6.12.76-linuxkit
29-Jun-2026 04:24:35.682 INFO [main] org.apache.catalina.startup.VersionLoggerListener.log Architecture:          aarch64
29-Jun-2026 04:24:35.682 INFO [main] org.apache.catalina.startup.VersionLoggerListener.log Java Home:             /opt/java/openjdk
29-Jun-2026 04:24:35.683 INFO [main] org.apache.catalina.startup.VersionLoggerListener.log JVM Version:           17.0.19+10
29-Jun-2026 04:24:35.683 INFO [main] org.apache.catalina.startup.VersionLoggerListener.log JVM Vendor:            Eclipse Adoptium
29-Jun-2026 04:24:35.683 INFO [main] org.apache.catalina.startup.VersionLoggerListener.log CATALINA_BASE:         /usr/local/tomcat
29-Jun-2026 04:24:35.683 INFO [main] org.apache.catalina.startup.VersionLoggerListener.log CATALINA_HOME:         /usr/local/tomcat
29-Jun-2026 04:24:35.697 INFO [main] org.apache.catalina.startup.VersionLoggerListener.log Command line argument: -Djava.util.logging.config.file=/usr/local/tomcat/conf/logging.properties
29-Jun-2026 04:24:35.698 INFO [main] org.apache.catalina.startup.VersionLoggerListener.log Command line argument: -Djava.util.logging.manager=org.apache.juli.ClassLoaderLogManager
29-Jun-2026 04:24:35.699 INFO [main] org.apache.catalina.startup.VersionLoggerListener.log Command line argument: -Djdk.tls.ephemeralDHKeySize=2048
29-Jun-2026 04:24:35.699 INFO [main] org.apache.catalina.startup.VersionLoggerListener.log Command line argument: -Dorg.apache.catalina.security.SecurityListener.UMASK=0027
29-Jun-2026 04:24:35.699 INFO [main] org.apache.catalina.startup.VersionLoggerListener.log Command line argument: --add-opens=java.base/java.lang=ALL-UNNAMED
29-Jun-2026 04:24:35.699 INFO [main] org.apache.catalina.startup.VersionLoggerListener.log Command line argument: --add-opens=java.base/java.lang.reflect=ALL-UNNAMED
29-Jun-2026 04:24:35.699 INFO [main] org.apache.catalina.startup.VersionLoggerListener.log Command line argument: --add-opens=java.base/java.io=ALL-UNNAMED
29-Jun-2026 04:24:35.699 INFO [main] org.apache.catalina.startup.VersionLoggerListener.log Command line argument: --add-opens=java.base/java.util=ALL-UNNAMED
29-Jun-2026 04:24:35.699 INFO [main] org.apache.catalina.startup.VersionLoggerListener.log Command line argument: --add-opens=java.base/java.util.concurrent=ALL-UNNAMED
29-Jun-2026 04:24:35.699 INFO [main] org.apache.catalina.startup.VersionLoggerListener.log Command line argument: --add-opens=java.rmi/sun.rmi.transport=ALL-UNNAMED
29-Jun-2026 04:24:35.699 INFO [main] org.apache.catalina.startup.VersionLoggerListener.log Command line argument: --enable-native-access=ALL-UNNAMED
29-Jun-2026 04:24:35.699 INFO [main] org.apache.catalina.startup.VersionLoggerListener.log Command line argument: -Dcatalina.base=/usr/local/tomcat
29-Jun-2026 04:24:35.699 INFO [main] org.apache.catalina.startup.VersionLoggerListener.log Command line argument: -Dcatalina.home=/usr/local/tomcat
29-Jun-2026 04:24:35.699 INFO [main] org.apache.catalina.startup.VersionLoggerListener.log Command line argument: -Djava.io.tmpdir=/usr/local/tomcat/temp
29-Jun-2026 04:24:35.709 INFO [main] org.apache.catalina.core.AprLifecycleListener.lifecycleEvent Loaded Apache Tomcat Native library [2.0.15] using APR version [1.7.2].
29-Jun-2026 04:24:35.714 INFO [main] org.apache.catalina.core.AprLifecycleListener.initializeSSL OpenSSL successfully initialized [OpenSSL 3.0.13 30 Jan 2024]
29-Jun-2026 04:24:35.963 INFO [main] org.apache.coyote.AbstractProtocol.init Initializing ProtocolHandler ["http-nio-8080"]
29-Jun-2026 04:24:35.984 INFO [main] org.apache.catalina.startup.Catalina.load Server initialization in [469] milliseconds
29-Jun-2026 04:24:36.018 INFO [main] org.apache.catalina.core.StandardService.startInternal Starting service [Catalina]
29-Jun-2026 04:24:36.019 INFO [main] org.apache.catalina.core.StandardEngine.startInternal Starting Servlet engine: [Apache Tomcat/11.0.23]
29-Jun-2026 04:24:36.029 INFO [main] org.apache.coyote.AbstractProtocol.start Starting ProtocolHandler ["http-nio-8080"]
29-Jun-2026 04:24:36.043 INFO [main] org.apache.catalina.startup.Catalina.start Server startup in [58] milliseconds
29-Jun-2026 04:24:46.096 INFO [Catalina-utility-1] org.apache.catalina.startup.HostConfig.deployWAR Deploying web application archive [/usr/local/tomcat/webapps/lpu-reservation-system.war]
29-Jun-2026 04:24:46.126 INFO [Catalina-utility-1] org.apache.catalina.startup.ExpandWar.expand An expanded directory [/usr/local/tomcat/webapps/lpu-reservation-system] was found with a last modified time that did not match the associated WAR. It will be deleted.
29-Jun-2026 04:24:49.144 INFO [Catalina-utility-1] org.apache.jasper.servlet.TldScanner.scanJars At least one JAR was scanned for TLDs yet contained no TLDs. Enable debug logging for this logger for a complete list of JARs that were scanned but no TLDs were found in them. Skipping unneeded JARs during scanning can improve startup time and JSP compilation time.
29-Jun-2026 04:24:49.636 INFO [Catalina-utility-1] org.apache.catalina.startup.HostConfig.deployWAR Deployment of web application archive [/usr/local/tomcat/webapps/lpu-reservation-system.war] has finished in [3,539] ms
29-Jun-2026 04:25:36.140 INFO [Thread-1] org.apache.coyote.AbstractProtocol.pause Pausing ProtocolHandler ["http-nio-8080"]
29-Jun-2026 04:25:36.176 INFO [Thread-1] org.apache.catalina.core.StandardService.stopInternal Stopping service [Catalina]
29-Jun-2026 04:25:36.204 INFO [Thread-1] org.apache.coyote.AbstractProtocol.stop Stopping ProtocolHandler ["http-nio-8080"]
29-Jun-2026 04:25:36.209 INFO [Thread-1] org.apache.coyote.AbstractProtocol.destroy Destroying ProtocolHandler ["http-nio-8080"]
29-Jun-2026 04:25:54.312 INFO [main] org.apache.catalina.startup.VersionLoggerListener.log Server version name:   Apache Tomcat/11.0.22
29-Jun-2026 04:25:54.316 INFO [main] org.apache.catalina.startup.VersionLoggerListener.log Server built:          May 1 2026 18:29:05 UTC
29-Jun-2026 04:25:54.316 INFO [main] org.apache.catalina.startup.VersionLoggerListener.log Server version number: 11.0.22.0
29-Jun-2026 04:25:54.317 INFO [main] org.apache.catalina.startup.VersionLoggerListener.log OS Name:               Linux
29-Jun-2026 04:25:54.317 INFO [main] org.apache.catalina.startup.VersionLoggerListener.log OS Version:            6.12.76-linuxkit
29-Jun-2026 04:25:54.318 INFO [main] org.apache.catalina.startup.VersionLoggerListener.log Architecture:          aarch64
29-Jun-2026 04:25:54.318 INFO [main] org.apache.catalina.startup.VersionLoggerListener.log Java Home:             /opt/java/openjdk
29-Jun-2026 04:25:54.318 INFO [main] org.apache.catalina.startup.VersionLoggerListener.log JVM Version:           17.0.19+10
29-Jun-2026 04:25:54.318 INFO [main] org.apache.catalina.startup.VersionLoggerListener.log JVM Vendor:            Eclipse Adoptium
29-Jun-2026 04:25:54.318 INFO [main] org.apache.catalina.startup.VersionLoggerListener.log CATALINA_BASE:         /usr/local/tomcat
29-Jun-2026 04:25:54.318 INFO [main] org.apache.catalina.startup.VersionLoggerListener.log CATALINA_HOME:         /usr/local/tomcat
29-Jun-2026 04:25:54.338 INFO [main] org.apache.catalina.startup.VersionLoggerListener.log Command line argument: -Djava.util.logging.config.file=/usr/local/tomcat/conf/logging.properties
29-Jun-2026 04:25:54.338 INFO [main] org.apache.catalina.startup.VersionLoggerListener.log Command line argument: -Djava.util.logging.manager=org.apache.juli.ClassLoaderLogManager
29-Jun-2026 04:25:54.338 INFO [main] org.apache.catalina.startup.VersionLoggerListener.log Command line argument: -Djdk.tls.ephemeralDHKeySize=2048
29-Jun-2026 04:25:54.338 INFO [main] org.apache.catalina.startup.VersionLoggerListener.log Command line argument: -Dorg.apache.catalina.security.SecurityListener.UMASK=0027
29-Jun-2026 04:25:54.338 INFO [main] org.apache.catalina.startup.VersionLoggerListener.log Command line argument: --add-opens=java.base/java.lang=ALL-UNNAMED
29-Jun-2026 04:25:54.338 INFO [main] org.apache.catalina.startup.VersionLoggerListener.log Command line argument: --add-opens=java.base/java.lang.reflect=ALL-UNNAMED
29-Jun-2026 04:25:54.338 INFO [main] org.apache.catalina.startup.VersionLoggerListener.log Command line argument: --add-opens=java.base/java.io=ALL-UNNAMED
29-Jun-2026 04:25:54.338 INFO [main] org.apache.catalina.startup.VersionLoggerListener.log Command line argument: --add-opens=java.base/java.util=ALL-UNNAMED
29-Jun-2026 04:25:54.338 INFO [main] org.apache.catalina.startup.VersionLoggerListener.log Command line argument: --add-opens=java.base/java.util.concurrent=ALL-UNNAMED
29-Jun-2026 04:25:54.338 INFO [main] org.apache.catalina.startup.VersionLoggerListener.log Command line argument: --add-opens=java.rmi/sun.rmi.transport=ALL-UNNAMED
29-Jun-2026 04:25:54.338 INFO [main] org.apache.catalina.startup.VersionLoggerListener.log Command line argument: --enable-native-access=ALL-UNNAMED
29-Jun-2026 04:25:54.338 INFO [main] org.apache.catalina.startup.VersionLoggerListener.log Command line argument: -Dcatalina.base=/usr/local/tomcat
29-Jun-2026 04:25:54.338 INFO [main] org.apache.catalina.startup.VersionLoggerListener.log Command line argument: -Dcatalina.home=/usr/local/tomcat
29-Jun-2026 04:25:54.339 INFO [main] org.apache.catalina.startup.VersionLoggerListener.log Command line argument: -Djava.io.tmpdir=/usr/local/tomcat/temp
29-Jun-2026 04:25:54.354 INFO [main] org.apache.catalina.core.AprLifecycleListener.lifecycleEvent Loaded Apache Tomcat Native library [2.0.14] using APR version [1.7.2].
29-Jun-2026 04:25:54.368 INFO [main] org.apache.catalina.core.AprLifecycleListener.initializeSSL OpenSSL successfully initialized [OpenSSL 3.0.13 30 Jan 2024]
29-Jun-2026 04:25:54.569 INFO [main] org.apache.coyote.AbstractProtocol.init Initializing ProtocolHandler ["http-nio-8080"]
29-Jun-2026 04:25:54.591 INFO [main] org.apache.catalina.startup.Catalina.load Server initialization in [461] milliseconds
29-Jun-2026 04:25:54.627 INFO [main] org.apache.catalina.core.StandardService.startInternal Starting service [Catalina]
29-Jun-2026 04:25:54.627 INFO [main] org.apache.catalina.core.StandardEngine.startInternal Starting Servlet engine: [Apache Tomcat/11.0.22]
29-Jun-2026 04:25:54.648 INFO [main] org.apache.catalina.startup.HostConfig.deployWAR Deploying web application archive [/usr/local/tomcat/webapps/lpu-reservation-system.war]
29-Jun-2026 04:25:54.663 INFO [main] org.apache.catalina.startup.ExpandWar.expand An expanded directory [/usr/local/tomcat/webapps/lpu-reservation-system] was found with a last modified time that did not match the associated WAR. It will be deleted.
29-Jun-2026 04:25:57.386 INFO [main] org.apache.jasper.servlet.TldScanner.scanJars At least one JAR was scanned for TLDs yet contained no TLDs. Enable debug logging for this logger for a complete list of JARs that were scanned but no TLDs were found in them. Skipping unneeded JARs during scanning can improve startup time and JSP compilation time.
29-Jun-2026 04:25:57.820 INFO [main] org.apache.catalina.startup.HostConfig.deployWAR Deployment of web application archive [/usr/local/tomcat/webapps/lpu-reservation-system.war] has finished in [3,173] ms
29-Jun-2026 04:25:57.822 INFO [main] org.apache.coyote.AbstractProtocol.start Starting ProtocolHandler ["http-nio-8080"]
29-Jun-2026 04:25:57.830 INFO [main] org.apache.catalina.startup.Catalina.start Server startup in [3239] milliseconds
29-Jun-2026 04:27:26.486 INFO [Thread-1] org.apache.coyote.AbstractProtocol.pause Pausing ProtocolHandler ["http-nio-8080"]
29-Jun-2026 04:27:26.502 INFO [Thread-1] org.apache.catalina.core.StandardService.stopInternal Stopping service [Catalina]
29-Jun-2026 04:27:26.523 INFO [Thread-1] org.apache.coyote.AbstractProtocol.stop Stopping ProtocolHandler ["http-nio-8080"]
29-Jun-2026 04:27:26.543 INFO [Thread-1] org.apache.coyote.AbstractProtocol.destroy Destroying ProtocolHandler ["http-nio-8080"]
29-Jun-2026 04:28:01.138 INFO [main] org.apache.catalina.startup.VersionLoggerListener.log Server version name:   Apache Tomcat/11.0.22
29-Jun-2026 04:28:01.144 INFO [main] org.apache.catalina.startup.VersionLoggerListener.log Server built:          May 1 2026 18:29:05 UTC
29-Jun-2026 04:28:01.145 INFO [main] org.apache.catalina.startup.VersionLoggerListener.log Server version number: 11.0.22.0
29-Jun-2026 04:28:01.145 INFO [main] org.apache.catalina.startup.VersionLoggerListener.log OS Name:               Linux
29-Jun-2026 04:28:01.145 INFO [main] org.apache.catalina.startup.VersionLoggerListener.log OS Version:            6.12.76-linuxkit
29-Jun-2026 04:28:01.145 INFO [main] org.apache.catalina.startup.VersionLoggerListener.log Architecture:          aarch64
29-Jun-2026 04:28:01.145 INFO [main] org.apache.catalina.startup.VersionLoggerListener.log Java Home:             /opt/java/openjdk
29-Jun-2026 04:28:01.146 INFO [main] org.apache.catalina.startup.VersionLoggerListener.log JVM Version:           21.0.11+10-LTS
29-Jun-2026 04:28:01.146 INFO [main] org.apache.catalina.startup.VersionLoggerListener.log JVM Vendor:            Eclipse Adoptium
29-Jun-2026 04:28:01.146 INFO [main] org.apache.catalina.startup.VersionLoggerListener.log CATALINA_BASE:         /usr/local/tomcat
29-Jun-2026 04:28:01.146 INFO [main] org.apache.catalina.startup.VersionLoggerListener.log CATALINA_HOME:         /usr/local/tomcat
29-Jun-2026 04:28:01.156 INFO [main] org.apache.catalina.startup.VersionLoggerListener.log Command line argument: -Djava.util.logging.config.file=/usr/local/tomcat/conf/logging.properties
29-Jun-2026 04:28:01.157 INFO [main] org.apache.catalina.startup.VersionLoggerListener.log Command line argument: -Djava.util.logging.manager=org.apache.juli.ClassLoaderLogManager
29-Jun-2026 04:28:01.157 INFO [main] org.apache.catalina.startup.VersionLoggerListener.log Command line argument: -Djdk.tls.ephemeralDHKeySize=2048
29-Jun-2026 04:28:01.157 INFO [main] org.apache.catalina.startup.VersionLoggerListener.log Command line argument: -Dorg.apache.catalina.security.SecurityListener.UMASK=0027
29-Jun-2026 04:28:01.157 INFO [main] org.apache.catalina.startup.VersionLoggerListener.log Command line argument: --add-opens=java.base/java.lang=ALL-UNNAMED
29-Jun-2026 04:28:01.157 INFO [main] org.apache.catalina.startup.VersionLoggerListener.log Command line argument: --add-opens=java.base/java.lang.reflect=ALL-UNNAMED
29-Jun-2026 04:28:01.157 INFO [main] org.apache.catalina.startup.VersionLoggerListener.log Command line argument: --add-opens=java.base/java.io=ALL-UNNAMED
29-Jun-2026 04:28:01.157 INFO [main] org.apache.catalina.startup.VersionLoggerListener.log Command line argument: --add-opens=java.base/java.util=ALL-UNNAMED
29-Jun-2026 04:28:01.157 INFO [main] org.apache.catalina.startup.VersionLoggerListener.log Command line argument: --add-opens=java.base/java.util.concurrent=ALL-UNNAMED
29-Jun-2026 04:28:01.157 INFO [main] org.apache.catalina.startup.VersionLoggerListener.log Command line argument: --add-opens=java.rmi/sun.rmi.transport=ALL-UNNAMED
29-Jun-2026 04:28:01.158 INFO [main] org.apache.catalina.startup.VersionLoggerListener.log Command line argument: --enable-native-access=ALL-UNNAMED
29-Jun-2026 04:28:01.158 INFO [main] org.apache.catalina.startup.VersionLoggerListener.log Command line argument: -Dcatalina.base=/usr/local/tomcat
29-Jun-2026 04:28:01.158 INFO [main] org.apache.catalina.startup.VersionLoggerListener.log Command line argument: -Dcatalina.home=/usr/local/tomcat
29-Jun-2026 04:28:01.158 INFO [main] org.apache.catalina.startup.VersionLoggerListener.log Command line argument: -Djava.io.tmpdir=/usr/local/tomcat/temp
29-Jun-2026 04:28:01.161 INFO [main] org.apache.catalina.core.AprLifecycleListener.lifecycleEvent Loaded Apache Tomcat Native library [2.0.14] using APR version [1.7.2].
29-Jun-2026 04:28:01.165 INFO [main] org.apache.catalina.core.AprLifecycleListener.initializeSSL OpenSSL successfully initialized [OpenSSL 3.0.13 30 Jan 2024]
29-Jun-2026 04:28:01.373 INFO [main] org.apache.coyote.AbstractProtocol.init Initializing ProtocolHandler ["http-nio-8080"]
29-Jun-2026 04:28:01.390 INFO [main] org.apache.catalina.startup.Catalina.load Server initialization in [367] milliseconds
29-Jun-2026 04:28:01.421 INFO [main] org.apache.catalina.core.StandardService.startInternal Starting service [Catalina]
29-Jun-2026 04:28:01.421 INFO [main] org.apache.catalina.core.StandardEngine.startInternal Starting Servlet engine: [Apache Tomcat/11.0.22]
29-Jun-2026 04:28:01.443 INFO [main] org.apache.catalina.startup.HostConfig.deployWAR Deploying web application archive [/usr/local/tomcat/webapps/lpu-reservation-system.war]
29-Jun-2026 04:28:01.463 INFO [main] org.apache.catalina.startup.ExpandWar.expand An expanded directory [/usr/local/tomcat/webapps/lpu-reservation-system] was found with a last modified time that did not match the associated WAR. It will be deleted.
29-Jun-2026 04:28:03.938 INFO [main] org.apache.jasper.servlet.TldScanner.scanJars At least one JAR was scanned for TLDs yet contained no TLDs. Enable debug logging for this logger for a complete list of JARs that were scanned but no TLDs were found in them. Skipping unneeded JARs during scanning can improve startup time and JSP compilation time.
29-Jun-2026 04:28:04.295 INFO [main] org.apache.catalina.startup.HostConfig.deployWAR Deployment of web application archive [/usr/local/tomcat/webapps/lpu-reservation-system.war] has finished in [2,851] ms
29-Jun-2026 04:28:04.297 INFO [main] org.apache.coyote.AbstractProtocol.start Starting ProtocolHandler ["http-nio-8080"]
29-Jun-2026 04:28:04.304 INFO [main] org.apache.catalina.startup.Catalina.start Server startup in [2912] milliseconds
29-Jun-2026 04:30:30.943 INFO [Thread-1] org.apache.coyote.AbstractProtocol.pause Pausing ProtocolHandler ["http-nio-8080"]
29-Jun-2026 04:30:30.953 INFO [Thread-1] org.apache.catalina.core.StandardService.stopInternal Stopping service [Catalina]
29-Jun-2026 04:30:33.745 INFO [main] org.apache.catalina.startup.VersionLoggerListener.log Server version name:   Apache Tomcat/11.0.22
29-Jun-2026 04:30:33.751 INFO [main] org.apache.catalina.startup.VersionLoggerListener.log Server built:          May 1 2026 18:29:05 UTC
29-Jun-2026 04:30:33.751 INFO [main] org.apache.catalina.startup.VersionLoggerListener.log Server version number: 11.0.22.0
29-Jun-2026 04:30:33.751 INFO [main] org.apache.catalina.startup.VersionLoggerListener.log OS Name:               Linux
29-Jun-2026 04:30:33.751 INFO [main] org.apache.catalina.startup.VersionLoggerListener.log OS Version:            6.12.76-linuxkit
29-Jun-2026 04:30:33.752 INFO [main] org.apache.catalina.startup.VersionLoggerListener.log Architecture:          aarch64
29-Jun-2026 04:30:33.752 INFO [main] org.apache.catalina.startup.VersionLoggerListener.log Java Home:             /opt/java/openjdk
29-Jun-2026 04:30:33.752 INFO [main] org.apache.catalina.startup.VersionLoggerListener.log JVM Version:           21.0.11+10-LTS
29-Jun-2026 04:30:33.752 INFO [main] org.apache.catalina.startup.VersionLoggerListener.log JVM Vendor:            Eclipse Adoptium
29-Jun-2026 04:30:33.752 INFO [main] org.apache.catalina.startup.VersionLoggerListener.log CATALINA_BASE:         /usr/local/tomcat
29-Jun-2026 04:30:33.752 INFO [main] org.apache.catalina.startup.VersionLoggerListener.log CATALINA_HOME:         /usr/local/tomcat
29-Jun-2026 04:30:33.762 INFO [main] org.apache.catalina.startup.VersionLoggerListener.log Command line argument: -Djava.util.logging.config.file=/usr/local/tomcat/conf/logging.properties
29-Jun-2026 04:30:33.763 INFO [main] org.apache.catalina.startup.VersionLoggerListener.log Command line argument: -Djava.util.logging.manager=org.apache.juli.ClassLoaderLogManager
29-Jun-2026 04:30:33.763 INFO [main] org.apache.catalina.startup.VersionLoggerListener.log Command line argument: -Djdk.tls.ephemeralDHKeySize=2048
29-Jun-2026 04:30:33.763 INFO [main] org.apache.catalina.startup.VersionLoggerListener.log Command line argument: -Dorg.apache.catalina.security.SecurityListener.UMASK=0027
29-Jun-2026 04:30:33.763 INFO [main] org.apache.catalina.startup.VersionLoggerListener.log Command line argument: --add-opens=java.base/java.lang=ALL-UNNAMED
29-Jun-2026 04:30:33.763 INFO [main] org.apache.catalina.startup.VersionLoggerListener.log Command line argument: --add-opens=java.base/java.lang.reflect=ALL-UNNAMED
29-Jun-2026 04:30:33.763 INFO [main] org.apache.catalina.startup.VersionLoggerListener.log Command line argument: --add-opens=java.base/java.io=ALL-UNNAMED
29-Jun-2026 04:30:33.763 INFO [main] org.apache.catalina.startup.VersionLoggerListener.log Command line argument: --add-opens=java.base/java.util=ALL-UNNAMED
29-Jun-2026 04:30:33.763 INFO [main] org.apache.catalina.startup.VersionLoggerListener.log Command line argument: --add-opens=java.base/java.util.concurrent=ALL-UNNAMED
29-Jun-2026 04:30:33.763 INFO [main] org.apache.catalina.startup.VersionLoggerListener.log Command line argument: --add-opens=java.rmi/sun.rmi.transport=ALL-UNNAMED
29-Jun-2026 04:30:33.763 INFO [main] org.apache.catalina.startup.VersionLoggerListener.log Command line argument: --enable-native-access=ALL-UNNAMED
29-Jun-2026 04:30:33.763 INFO [main] org.apache.catalina.startup.VersionLoggerListener.log Command line argument: -Dcatalina.base=/usr/local/tomcat
29-Jun-2026 04:30:33.763 INFO [main] org.apache.catalina.startup.VersionLoggerListener.log Command line argument: -Dcatalina.home=/usr/local/tomcat
29-Jun-2026 04:30:33.763 INFO [main] org.apache.catalina.startup.VersionLoggerListener.log Command line argument: -Djava.io.tmpdir=/usr/local/tomcat/temp
29-Jun-2026 04:30:33.772 INFO [main] org.apache.catalina.core.AprLifecycleListener.lifecycleEvent Loaded Apache Tomcat Native library [2.0.14] using APR version [1.7.2].
29-Jun-2026 04:30:33.781 INFO [main] org.apache.catalina.core.AprLifecycleListener.initializeSSL OpenSSL successfully initialized [OpenSSL 3.0.13 30 Jan 2024]
29-Jun-2026 04:30:33.995 INFO [main] org.apache.coyote.AbstractProtocol.init Initializing ProtocolHandler ["http-nio-8080"]
29-Jun-2026 04:30:34.012 INFO [main] org.apache.catalina.startup.Catalina.load Server initialization in [454] milliseconds
29-Jun-2026 04:30:34.044 INFO [main] org.apache.catalina.core.StandardService.startInternal Starting service [Catalina]
29-Jun-2026 04:30:34.044 INFO [main] org.apache.catalina.core.StandardEngine.startInternal Starting Servlet engine: [Apache Tomcat/11.0.22]
29-Jun-2026 04:30:34.068 INFO [main] org.apache.catalina.startup.HostConfig.deployWAR Deploying web application archive [/usr/local/tomcat/webapps/lpu-reservation-system.war]
29-Jun-2026 04:30:34.080 INFO [main] org.apache.catalina.startup.ExpandWar.expand An expanded directory [/usr/local/tomcat/webapps/lpu-reservation-system] was found with a last modified time that did not match the associated WAR. It will be deleted.
29-Jun-2026 04:30:36.589 INFO [main] org.apache.jasper.servlet.TldScanner.scanJars At least one JAR was scanned for TLDs yet contained no TLDs. Enable debug logging for this logger for a complete list of JARs that were scanned but no TLDs were found in them. Skipping unneeded JARs during scanning can improve startup time and JSP compilation time.
29-Jun-2026 04:30:36.990 INFO [main] org.apache.catalina.startup.HostConfig.deployWAR Deployment of web application archive [/usr/local/tomcat/webapps/lpu-reservation-system.war] has finished in [2,921] ms
29-Jun-2026 04:30:36.993 INFO [main] org.apache.coyote.AbstractProtocol.start Starting ProtocolHandler ["http-nio-8080"]
29-Jun-2026 04:30:36.998 INFO [main] org.apache.catalina.startup.Catalina.start Server startup in [2985] milliseconds
29-Jun-2026 04:31:47.516 INFO [Thread-1] org.apache.coyote.AbstractProtocol.pause Pausing ProtocolHandler ["http-nio-8080"]
29-Jun-2026 04:31:47.526 INFO [Thread-1] org.apache.catalina.core.StandardService.stopInternal Stopping service [Catalina]
29-Jun-2026 04:31:50.073 INFO [main] org.apache.catalina.startup.VersionLoggerListener.log Server version name:   Apache Tomcat/11.0.22
29-Jun-2026 04:31:50.079 INFO [main] org.apache.catalina.startup.VersionLoggerListener.log Server built:          May 1 2026 18:29:05 UTC
29-Jun-2026 04:31:50.079 INFO [main] org.apache.catalina.startup.VersionLoggerListener.log Server version number: 11.0.22.0
29-Jun-2026 04:31:50.079 INFO [main] org.apache.catalina.startup.VersionLoggerListener.log OS Name:               Linux
29-Jun-2026 04:31:50.079 INFO [main] org.apache.catalina.startup.VersionLoggerListener.log OS Version:            6.12.76-linuxkit
29-Jun-2026 04:31:50.079 INFO [main] org.apache.catalina.startup.VersionLoggerListener.log Architecture:          aarch64
29-Jun-2026 04:31:50.080 INFO [main] org.apache.catalina.startup.VersionLoggerListener.log Java Home:             /opt/java/openjdk
29-Jun-2026 04:31:50.080 INFO [main] org.apache.catalina.startup.VersionLoggerListener.log JVM Version:           21.0.11+10-LTS
29-Jun-2026 04:31:50.080 INFO [main] org.apache.catalina.startup.VersionLoggerListener.log JVM Vendor:            Eclipse Adoptium
29-Jun-2026 04:31:50.080 INFO [main] org.apache.catalina.startup.VersionLoggerListener.log CATALINA_BASE:         /usr/local/tomcat
29-Jun-2026 04:31:50.080 INFO [main] org.apache.catalina.startup.VersionLoggerListener.log CATALINA_HOME:         /usr/local/tomcat
29-Jun-2026 04:31:50.090 INFO [main] org.apache.catalina.startup.VersionLoggerListener.log Command line argument: -Djava.util.logging.config.file=/usr/local/tomcat/conf/logging.properties
29-Jun-2026 04:31:50.091 INFO [main] org.apache.catalina.startup.VersionLoggerListener.log Command line argument: -Djava.util.logging.manager=org.apache.juli.ClassLoaderLogManager
29-Jun-2026 04:31:50.091 INFO [main] org.apache.catalina.startup.VersionLoggerListener.log Command line argument: -Djdk.tls.ephemeralDHKeySize=2048
29-Jun-2026 04:31:50.091 INFO [main] org.apache.catalina.startup.VersionLoggerListener.log Command line argument: -Dorg.apache.catalina.security.SecurityListener.UMASK=0027
29-Jun-2026 04:31:50.091 INFO [main] org.apache.catalina.startup.VersionLoggerListener.log Command line argument: --add-opens=java.base/java.lang=ALL-UNNAMED
29-Jun-2026 04:31:50.091 INFO [main] org.apache.catalina.startup.VersionLoggerListener.log Command line argument: --add-opens=java.base/java.lang.reflect=ALL-UNNAMED
29-Jun-2026 04:31:50.091 INFO [main] org.apache.catalina.startup.VersionLoggerListener.log Command line argument: --add-opens=java.base/java.io=ALL-UNNAMED
29-Jun-2026 04:31:50.091 INFO [main] org.apache.catalina.startup.VersionLoggerListener.log Command line argument: --add-opens=java.base/java.util=ALL-UNNAMED
29-Jun-2026 04:31:50.091 INFO [main] org.apache.catalina.startup.VersionLoggerListener.log Command line argument: --add-opens=java.base/java.util.concurrent=ALL-UNNAMED
29-Jun-2026 04:31:50.091 INFO [main] org.apache.catalina.startup.VersionLoggerListener.log Command line argument: --add-opens=java.rmi/sun.rmi.transport=ALL-UNNAMED
29-Jun-2026 04:31:50.091 INFO [main] org.apache.catalina.startup.VersionLoggerListener.log Command line argument: --enable-native-access=ALL-UNNAMED
29-Jun-2026 04:31:50.091 INFO [main] org.apache.catalina.startup.VersionLoggerListener.log Command line argument: -Dcatalina.base=/usr/local/tomcat
29-Jun-2026 04:31:50.091 INFO [main] org.apache.catalina.startup.VersionLoggerListener.log Command line argument: -Dcatalina.home=/usr/local/tomcat
29-Jun-2026 04:31:50.091 INFO [main] org.apache.catalina.startup.VersionLoggerListener.log Command line argument: -Djava.io.tmpdir=/usr/local/tomcat/temp
29-Jun-2026 04:31:50.094 INFO [main] org.apache.catalina.core.AprLifecycleListener.lifecycleEvent Loaded Apache Tomcat Native library [2.0.14] using APR version [1.7.2].
29-Jun-2026 04:31:50.098 INFO [main] org.apache.catalina.core.AprLifecycleListener.initializeSSL OpenSSL successfully initialized [OpenSSL 3.0.13 30 Jan 2024]
29-Jun-2026 04:31:50.323 INFO [main] org.apache.coyote.AbstractProtocol.init Initializing ProtocolHandler ["http-nio-8080"]
29-Jun-2026 04:31:50.341 INFO [main] org.apache.catalina.startup.Catalina.load Server initialization in [404] milliseconds
29-Jun-2026 04:31:50.375 INFO [main] org.apache.catalina.core.StandardService.startInternal Starting service [Catalina]
29-Jun-2026 04:31:50.375 INFO [main] org.apache.catalina.core.StandardEngine.startInternal Starting Servlet engine: [Apache Tomcat/11.0.22]
29-Jun-2026 04:31:50.394 INFO [main] org.apache.catalina.startup.HostConfig.deployWAR Deploying web application archive [/usr/local/tomcat/webapps/lpu-reservation-system.war]
29-Jun-2026 04:31:50.407 INFO [main] org.apache.catalina.startup.ExpandWar.expand An expanded directory [/usr/local/tomcat/webapps/lpu-reservation-system] was found with a last modified time that did not match the associated WAR. It will be deleted.
29-Jun-2026 04:31:52.831 INFO [main] org.apache.jasper.servlet.TldScanner.scanJars At least one JAR was scanned for TLDs yet contained no TLDs. Enable debug logging for this logger for a complete list of JARs that were scanned but no TLDs were found in them. Skipping unneeded JARs during scanning can improve startup time and JSP compilation time.
29-Jun-2026 04:31:53.209 INFO [main] org.apache.catalina.startup.HostConfig.deployWAR Deployment of web application archive [/usr/local/tomcat/webapps/lpu-reservation-system.war] has finished in [2,814] ms
29-Jun-2026 04:31:53.211 INFO [main] org.apache.coyote.AbstractProtocol.start Starting ProtocolHandler ["http-nio-8080"]
29-Jun-2026 04:31:53.237 INFO [main] org.apache.catalina.startup.Catalina.start Server startup in [2895] milliseconds
29-Jun-2026 04:32:51.269 INFO [Thread-1] org.apache.coyote.AbstractProtocol.pause Pausing ProtocolHandler ["http-nio-8080"]
29-Jun-2026 04:32:51.277 INFO [Thread-1] org.apache.catalina.core.StandardService.stopInternal Stopping service [Catalina]
29-Jun-2026 04:32:54.005 INFO [main] org.apache.catalina.startup.VersionLoggerListener.log Server version name:   Apache Tomcat/11.0.22
29-Jun-2026 04:32:54.009 INFO [main] org.apache.catalina.startup.VersionLoggerListener.log Server built:          May 1 2026 18:29:05 UTC
29-Jun-2026 04:32:54.010 INFO [main] org.apache.catalina.startup.VersionLoggerListener.log Server version number: 11.0.22.0
29-Jun-2026 04:32:54.010 INFO [main] org.apache.catalina.startup.VersionLoggerListener.log OS Name:               Linux
29-Jun-2026 04:32:54.013 INFO [main] org.apache.catalina.startup.VersionLoggerListener.log OS Version:            6.12.76-linuxkit
29-Jun-2026 04:32:54.014 INFO [main] org.apache.catalina.startup.VersionLoggerListener.log Architecture:          aarch64
29-Jun-2026 04:32:54.014 INFO [main] org.apache.catalina.startup.VersionLoggerListener.log Java Home:             /opt/java/openjdk
29-Jun-2026 04:32:54.014 INFO [main] org.apache.catalina.startup.VersionLoggerListener.log JVM Version:           21.0.11+10-LTS
29-Jun-2026 04:32:54.014 INFO [main] org.apache.catalina.startup.VersionLoggerListener.log JVM Vendor:            Eclipse Adoptium
29-Jun-2026 04:32:54.015 INFO [main] org.apache.catalina.startup.VersionLoggerListener.log CATALINA_BASE:         /usr/local/tomcat
29-Jun-2026 04:32:54.017 INFO [main] org.apache.catalina.startup.VersionLoggerListener.log CATALINA_HOME:         /usr/local/tomcat
29-Jun-2026 04:32:54.022 INFO [main] org.apache.catalina.startup.VersionLoggerListener.log Command line argument: -Djava.util.logging.config.file=/usr/local/tomcat/conf/logging.properties
29-Jun-2026 04:32:54.026 INFO [main] org.apache.catalina.startup.VersionLoggerListener.log Command line argument: -Djava.util.logging.manager=org.apache.juli.ClassLoaderLogManager
29-Jun-2026 04:32:54.027 INFO [main] org.apache.catalina.startup.VersionLoggerListener.log Command line argument: -Djdk.tls.ephemeralDHKeySize=2048
29-Jun-2026 04:32:54.027 INFO [main] org.apache.catalina.startup.VersionLoggerListener.log Command line argument: -Dorg.apache.catalina.security.SecurityListener.UMASK=0027
29-Jun-2026 04:32:54.027 INFO [main] org.apache.catalina.startup.VersionLoggerListener.log Command line argument: --add-opens=java.base/java.lang=ALL-UNNAMED
29-Jun-2026 04:32:54.027 INFO [main] org.apache.catalina.startup.VersionLoggerListener.log Command line argument: --add-opens=java.base/java.lang.reflect=ALL-UNNAMED
29-Jun-2026 04:32:54.027 INFO [main] org.apache.catalina.startup.VersionLoggerListener.log Command line argument: --add-opens=java.base/java.io=ALL-UNNAMED
29-Jun-2026 04:32:54.027 INFO [main] org.apache.catalina.startup.VersionLoggerListener.log Command line argument: --add-opens=java.base/java.util=ALL-UNNAMED
29-Jun-2026 04:32:54.027 INFO [main] org.apache.catalina.startup.VersionLoggerListener.log Command line argument: --add-opens=java.base/java.util.concurrent=ALL-UNNAMED
29-Jun-2026 04:32:54.027 INFO [main] org.apache.catalina.startup.VersionLoggerListener.log Command line argument: --add-opens=java.rmi/sun.rmi.transport=ALL-UNNAMED
29-Jun-2026 04:32:54.027 INFO [main] org.apache.catalina.startup.VersionLoggerListener.log Command line argument: --enable-native-access=ALL-UNNAMED
29-Jun-2026 04:32:54.027 INFO [main] org.apache.catalina.startup.VersionLoggerListener.log Command line argument: -Dcatalina.base=/usr/local/tomcat
29-Jun-2026 04:32:54.027 INFO [main] org.apache.catalina.startup.VersionLoggerListener.log Command line argument: -Dcatalina.home=/usr/local/tomcat
29-Jun-2026 04:32:54.027 INFO [main] org.apache.catalina.startup.VersionLoggerListener.log Command line argument: -Djava.io.tmpdir=/usr/local/tomcat/temp
29-Jun-2026 04:32:54.034 INFO [main] org.apache.catalina.core.AprLifecycleListener.lifecycleEvent Loaded Apache Tomcat Native library [2.0.14] using APR version [1.7.2].
29-Jun-2026 04:32:54.039 INFO [main] org.apache.catalina.core.AprLifecycleListener.initializeSSL OpenSSL successfully initialized [OpenSSL 3.0.13 30 Jan 2024]
29-Jun-2026 04:32:54.276 INFO [main] org.apache.coyote.AbstractProtocol.init Initializing ProtocolHandler ["http-nio-8080"]
29-Jun-2026 04:32:54.292 INFO [main] org.apache.catalina.startup.Catalina.load Server initialization in [440] milliseconds
29-Jun-2026 04:32:54.323 INFO [main] org.apache.catalina.core.StandardService.startInternal Starting service [Catalina]
29-Jun-2026 04:32:54.323 INFO [main] org.apache.catalina.core.StandardEngine.startInternal Starting Servlet engine: [Apache Tomcat/11.0.22]
29-Jun-2026 04:32:54.350 INFO [main] org.apache.catalina.startup.HostConfig.deployWAR Deploying web application archive [/usr/local/tomcat/webapps/lpu-reservation-system.war]
29-Jun-2026 04:32:54.367 INFO [main] org.apache.catalina.startup.ExpandWar.expand An expanded directory [/usr/local/tomcat/webapps/lpu-reservation-system] was found with a last modified time that did not match the associated WAR. It will be deleted.
29-Jun-2026 04:32:57.324 INFO [main] org.apache.jasper.servlet.TldScanner.scanJars At least one JAR was scanned for TLDs yet contained no TLDs. Enable debug logging for this logger for a complete list of JARs that were scanned but no TLDs were found in them. Skipping unneeded JARs during scanning can improve startup time and JSP compilation time.
29-Jun-2026 04:32:57.740 INFO [main] org.apache.catalina.startup.HostConfig.deployWAR Deployment of web application archive [/usr/local/tomcat/webapps/lpu-reservation-system.war] has finished in [3,389] ms
29-Jun-2026 04:32:57.742 INFO [main] org.apache.coyote.AbstractProtocol.start Starting ProtocolHandler ["http-nio-8080"]
29-Jun-2026 04:32:57.753 INFO [main] org.apache.catalina.startup.Catalina.start Server startup in [3458] milliseconds
29-Jun-2026 04:39:28.545 INFO [Thread-1] org.apache.coyote.AbstractProtocol.pause Pausing ProtocolHandler ["http-nio-8080"]
29-Jun-2026 04:39:28.553 INFO [Thread-1] org.apache.catalina.core.StandardService.stopInternal Stopping service [Catalina]
29-Jun-2026 04:39:31.920 INFO [main] org.apache.catalina.startup.VersionLoggerListener.log Server version name:   Apache Tomcat/11.0.22
29-Jun-2026 04:39:31.932 INFO [main] org.apache.catalina.startup.VersionLoggerListener.log Server built:          May 1 2026 18:29:05 UTC
29-Jun-2026 04:39:31.933 INFO [main] org.apache.catalina.startup.VersionLoggerListener.log Server version number: 11.0.22.0
29-Jun-2026 04:39:31.933 INFO [main] org.apache.catalina.startup.VersionLoggerListener.log OS Name:               Linux
29-Jun-2026 04:39:31.933 INFO [main] org.apache.catalina.startup.VersionLoggerListener.log OS Version:            6.12.76-linuxkit
29-Jun-2026 04:39:31.933 INFO [main] org.apache.catalina.startup.VersionLoggerListener.log Architecture:          aarch64
29-Jun-2026 04:39:31.933 INFO [main] org.apache.catalina.startup.VersionLoggerListener.log Java Home:             /opt/java/openjdk
29-Jun-2026 04:39:31.934 INFO [main] org.apache.catalina.startup.VersionLoggerListener.log JVM Version:           21.0.11+10-LTS
29-Jun-2026 04:39:31.934 INFO [main] org.apache.catalina.startup.VersionLoggerListener.log JVM Vendor:            Eclipse Adoptium
29-Jun-2026 04:39:31.934 INFO [main] org.apache.catalina.startup.VersionLoggerListener.log CATALINA_BASE:         /usr/local/tomcat
29-Jun-2026 04:39:31.934 INFO [main] org.apache.catalina.startup.VersionLoggerListener.log CATALINA_HOME:         /usr/local/tomcat
29-Jun-2026 04:39:31.949 INFO [main] org.apache.catalina.startup.VersionLoggerListener.log Command line argument: -Djava.util.logging.config.file=/usr/local/tomcat/conf/logging.properties
29-Jun-2026 04:39:31.949 INFO [main] org.apache.catalina.startup.VersionLoggerListener.log Command line argument: -Djava.util.logging.manager=org.apache.juli.ClassLoaderLogManager
29-Jun-2026 04:39:31.952 INFO [main] org.apache.catalina.startup.VersionLoggerListener.log Command line argument: -Djdk.tls.ephemeralDHKeySize=2048
29-Jun-2026 04:39:31.952 INFO [main] org.apache.catalina.startup.VersionLoggerListener.log Command line argument: -Dorg.apache.catalina.security.SecurityListener.UMASK=0027
29-Jun-2026 04:39:31.952 INFO [main] org.apache.catalina.startup.VersionLoggerListener.log Command line argument: --add-opens=java.base/java.lang=ALL-UNNAMED
29-Jun-2026 04:39:31.952 INFO [main] org.apache.catalina.startup.VersionLoggerListener.log Command line argument: --add-opens=java.base/java.lang.reflect=ALL-UNNAMED
29-Jun-2026 04:39:31.952 INFO [main] org.apache.catalina.startup.VersionLoggerListener.log Command line argument: --add-opens=java.base/java.io=ALL-UNNAMED
29-Jun-2026 04:39:31.952 INFO [main] org.apache.catalina.startup.VersionLoggerListener.log Command line argument: --add-opens=java.base/java.util=ALL-UNNAMED
29-Jun-2026 04:39:31.952 INFO [main] org.apache.catalina.startup.VersionLoggerListener.log Command line argument: --add-opens=java.base/java.util.concurrent=ALL-UNNAMED
29-Jun-2026 04:39:31.952 INFO [main] org.apache.catalina.startup.VersionLoggerListener.log Command line argument: --add-opens=java.rmi/sun.rmi.transport=ALL-UNNAMED
29-Jun-2026 04:39:31.952 INFO [main] org.apache.catalina.startup.VersionLoggerListener.log Command line argument: --enable-native-access=ALL-UNNAMED
29-Jun-2026 04:39:31.952 INFO [main] org.apache.catalina.startup.VersionLoggerListener.log Command line argument: -Dcatalina.base=/usr/local/tomcat
29-Jun-2026 04:39:31.952 INFO [main] org.apache.catalina.startup.VersionLoggerListener.log Command line argument: -Dcatalina.home=/usr/local/tomcat
29-Jun-2026 04:39:31.953 INFO [main] org.apache.catalina.startup.VersionLoggerListener.log Command line argument: -Djava.io.tmpdir=/usr/local/tomcat/temp
29-Jun-2026 04:39:31.959 INFO [main] org.apache.catalina.core.AprLifecycleListener.lifecycleEvent Loaded Apache Tomcat Native library [2.0.14] using APR version [1.7.2].
29-Jun-2026 04:39:31.965 INFO [main] org.apache.catalina.core.AprLifecycleListener.initializeSSL OpenSSL successfully initialized [OpenSSL 3.0.13 30 Jan 2024]
29-Jun-2026 04:39:32.286 INFO [main] org.apache.coyote.AbstractProtocol.init Initializing ProtocolHandler ["http-nio-8080"]
29-Jun-2026 04:39:32.308 INFO [main] org.apache.catalina.startup.Catalina.load Server initialization in [658] milliseconds
29-Jun-2026 04:39:32.368 INFO [main] org.apache.catalina.core.StandardService.startInternal Starting service [Catalina]
29-Jun-2026 04:39:32.369 INFO [main] org.apache.catalina.core.StandardEngine.startInternal Starting Servlet engine: [Apache Tomcat/11.0.22]
29-Jun-2026 04:39:32.393 INFO [main] org.apache.catalina.startup.HostConfig.deployWAR Deploying web application archive [/usr/local/tomcat/webapps/lpu-reservation-system.war]
29-Jun-2026 04:39:32.405 INFO [main] org.apache.catalina.startup.ExpandWar.expand An expanded directory [/usr/local/tomcat/webapps/lpu-reservation-system] was found with a last modified time that did not match the associated WAR. It will be deleted.
29-Jun-2026 04:39:36.012 INFO [main] org.apache.jasper.servlet.TldScanner.scanJars At least one JAR was scanned for TLDs yet contained no TLDs. Enable debug logging for this logger for a complete list of JARs that were scanned but no TLDs were found in them. Skipping unneeded JARs during scanning can improve startup time and JSP compilation time.
29-Jun-2026 04:39:36.420 INFO [main] org.apache.catalina.startup.HostConfig.deployWAR Deployment of web application archive [/usr/local/tomcat/webapps/lpu-reservation-system.war] has finished in [4,027] ms
29-Jun-2026 04:39:36.423 INFO [main] org.apache.coyote.AbstractProtocol.start Starting ProtocolHandler ["http-nio-8080"]
29-Jun-2026 04:39:36.449 INFO [main] org.apache.catalina.startup.Catalina.start Server startup in [4140] milliseconds
29-Jun-2026 04:41:51.752 INFO [Thread-1] org.apache.coyote.AbstractProtocol.pause Pausing ProtocolHandler ["http-nio-8080"]
29-Jun-2026 04:41:51.761 INFO [Thread-1] org.apache.catalina.core.StandardService.stopInternal Stopping service [Catalina]
29-Jun-2026 04:44:12.051 INFO [main] org.apache.catalina.startup.VersionLoggerListener.log Server version name:   Apache Tomcat/11.0.22
29-Jun-2026 04:44:12.057 INFO [main] org.apache.catalina.startup.VersionLoggerListener.log Server built:          May 1 2026 18:29:05 UTC
29-Jun-2026 04:44:12.057 INFO [main] org.apache.catalina.startup.VersionLoggerListener.log Server version number: 11.0.22.0
29-Jun-2026 04:44:12.057 INFO [main] org.apache.catalina.startup.VersionLoggerListener.log OS Name:               Linux
29-Jun-2026 04:44:12.057 INFO [main] org.apache.catalina.startup.VersionLoggerListener.log OS Version:            6.12.76-linuxkit
29-Jun-2026 04:44:12.057 INFO [main] org.apache.catalina.startup.VersionLoggerListener.log Architecture:          aarch64
29-Jun-2026 04:44:12.057 INFO [main] org.apache.catalina.startup.VersionLoggerListener.log Java Home:             /opt/java/openjdk
29-Jun-2026 04:44:12.057 INFO [main] org.apache.catalina.startup.VersionLoggerListener.log JVM Version:           21.0.11+10-LTS
29-Jun-2026 04:44:12.057 INFO [main] org.apache.catalina.startup.VersionLoggerListener.log JVM Vendor:            Eclipse Adoptium
29-Jun-2026 04:44:12.058 INFO [main] org.apache.catalina.startup.VersionLoggerListener.log CATALINA_BASE:         /usr/local/tomcat
29-Jun-2026 04:44:12.059 INFO [main] org.apache.catalina.startup.VersionLoggerListener.log CATALINA_HOME:         /usr/local/tomcat
29-Jun-2026 04:44:12.069 INFO [main] org.apache.catalina.startup.VersionLoggerListener.log Command line argument: -Djava.util.logging.config.file=/usr/local/tomcat/conf/logging.properties
29-Jun-2026 04:44:12.069 INFO [main] org.apache.catalina.startup.VersionLoggerListener.log Command line argument: -Djava.util.logging.manager=org.apache.juli.ClassLoaderLogManager
29-Jun-2026 04:44:12.069 INFO [main] org.apache.catalina.startup.VersionLoggerListener.log Command line argument: -Djdk.tls.ephemeralDHKeySize=2048
29-Jun-2026 04:44:12.069 INFO [main] org.apache.catalina.startup.VersionLoggerListener.log Command line argument: -Dorg.apache.catalina.security.SecurityListener.UMASK=0027
29-Jun-2026 04:44:12.069 INFO [main] org.apache.catalina.startup.VersionLoggerListener.log Command line argument: --add-opens=java.base/java.lang=ALL-UNNAMED
29-Jun-2026 04:44:12.069 INFO [main] org.apache.catalina.startup.VersionLoggerListener.log Command line argument: --add-opens=java.base/java.lang.reflect=ALL-UNNAMED
29-Jun-2026 04:44:12.070 INFO [main] org.apache.catalina.startup.VersionLoggerListener.log Command line argument: --add-opens=java.base/java.io=ALL-UNNAMED
29-Jun-2026 04:44:12.070 INFO [main] org.apache.catalina.startup.VersionLoggerListener.log Command line argument: --add-opens=java.base/java.util=ALL-UNNAMED
29-Jun-2026 04:44:12.070 INFO [main] org.apache.catalina.startup.VersionLoggerListener.log Command line argument: --add-opens=java.base/java.util.concurrent=ALL-UNNAMED
29-Jun-2026 04:44:12.070 INFO [main] org.apache.catalina.startup.VersionLoggerListener.log Command line argument: --add-opens=java.rmi/sun.rmi.transport=ALL-UNNAMED
29-Jun-2026 04:44:12.070 INFO [main] org.apache.catalina.startup.VersionLoggerListener.log Command line argument: --enable-native-access=ALL-UNNAMED
29-Jun-2026 04:44:12.070 INFO [main] org.apache.catalina.startup.VersionLoggerListener.log Command line argument: -Dcatalina.base=/usr/local/tomcat
29-Jun-2026 04:44:12.070 INFO [main] org.apache.catalina.startup.VersionLoggerListener.log Command line argument: -Dcatalina.home=/usr/local/tomcat
29-Jun-2026 04:44:12.070 INFO [main] org.apache.catalina.startup.VersionLoggerListener.log Command line argument: -Djava.io.tmpdir=/usr/local/tomcat/temp
29-Jun-2026 04:44:12.074 INFO [main] org.apache.catalina.core.AprLifecycleListener.lifecycleEvent Loaded Apache Tomcat Native library [2.0.14] using APR version [1.7.2].
29-Jun-2026 04:44:12.078 INFO [main] org.apache.catalina.core.AprLifecycleListener.initializeSSL OpenSSL successfully initialized [OpenSSL 3.0.13 30 Jan 2024]
29-Jun-2026 04:44:12.242 INFO [main] org.apache.coyote.AbstractProtocol.init Initializing ProtocolHandler ["http-nio-8080"]
29-Jun-2026 04:44:12.250 INFO [main] org.apache.catalina.startup.Catalina.load Server initialization in [371] milliseconds
29-Jun-2026 04:44:12.277 INFO [main] org.apache.catalina.core.StandardService.startInternal Starting service [Catalina]
29-Jun-2026 04:44:12.277 INFO [main] org.apache.catalina.core.StandardEngine.startInternal Starting Servlet engine: [Apache Tomcat/11.0.22]
29-Jun-2026 04:44:12.299 INFO [main] org.apache.catalina.startup.HostConfig.deployWAR Deploying web application archive [/usr/local/tomcat/webapps/lpu-reservation-system.war]
29-Jun-2026 04:44:12.313 INFO [main] org.apache.catalina.startup.ExpandWar.expand An expanded directory [/usr/local/tomcat/webapps/lpu-reservation-system] was found with a last modified time that did not match the associated WAR. It will be deleted.
29-Jun-2026 04:44:14.615 INFO [main] org.apache.jasper.servlet.TldScanner.scanJars At least one JAR was scanned for TLDs yet contained no TLDs. Enable debug logging for this logger for a complete list of JARs that were scanned but no TLDs were found in them. Skipping unneeded JARs during scanning can improve startup time and JSP compilation time.
29-Jun-2026 04:44:14.945 INFO [main] org.apache.catalina.startup.HostConfig.deployWAR Deployment of web application archive [/usr/local/tomcat/webapps/lpu-reservation-system.war] has finished in [2,647] ms
29-Jun-2026 04:44:14.948 INFO [main] org.apache.coyote.AbstractProtocol.start Starting ProtocolHandler ["http-nio-8080"]
29-Jun-2026 04:44:14.952 INFO [main] org.apache.catalina.startup.Catalina.start Server startup in [2701] milliseconds
29-Jun-2026 04:48:05.724 INFO [Thread-1] org.apache.coyote.AbstractProtocol.pause Pausing ProtocolHandler ["http-nio-8080"]
29-Jun-2026 04:48:05.727 INFO [Thread-1] org.apache.catalina.core.StandardService.stopInternal Stopping service [Catalina]
29-Jun-2026 04:52:11.425 INFO [main] org.apache.catalina.startup.VersionLoggerListener.log Server version name:   Apache Tomcat/11.0.22
29-Jun-2026 04:52:11.429 INFO [main] org.apache.catalina.startup.VersionLoggerListener.log Server built:          May 1 2026 18:29:05 UTC
29-Jun-2026 04:52:11.429 INFO [main] org.apache.catalina.startup.VersionLoggerListener.log Server version number: 11.0.22.0
29-Jun-2026 04:52:11.429 INFO [main] org.apache.catalina.startup.VersionLoggerListener.log OS Name:               Linux
29-Jun-2026 04:52:11.430 INFO [main] org.apache.catalina.startup.VersionLoggerListener.log OS Version:            6.12.76-linuxkit
29-Jun-2026 04:52:11.430 INFO [main] org.apache.catalina.startup.VersionLoggerListener.log Architecture:          aarch64
29-Jun-2026 04:52:11.431 INFO [main] org.apache.catalina.startup.VersionLoggerListener.log Java Home:             /opt/java/openjdk
29-Jun-2026 04:52:11.431 INFO [main] org.apache.catalina.startup.VersionLoggerListener.log JVM Version:           21.0.11+10-LTS
29-Jun-2026 04:52:11.431 INFO [main] org.apache.catalina.startup.VersionLoggerListener.log JVM Vendor:            Eclipse Adoptium
29-Jun-2026 04:52:11.431 INFO [main] org.apache.catalina.startup.VersionLoggerListener.log CATALINA_BASE:         /usr/local/tomcat
29-Jun-2026 04:52:11.431 INFO [main] org.apache.catalina.startup.VersionLoggerListener.log CATALINA_HOME:         /usr/local/tomcat
29-Jun-2026 04:52:11.441 INFO [main] org.apache.catalina.startup.VersionLoggerListener.log Command line argument: -Djava.util.logging.config.file=/usr/local/tomcat/conf/logging.properties
29-Jun-2026 04:52:11.441 INFO [main] org.apache.catalina.startup.VersionLoggerListener.log Command line argument: -Djava.util.logging.manager=org.apache.juli.ClassLoaderLogManager
29-Jun-2026 04:52:11.441 INFO [main] org.apache.catalina.startup.VersionLoggerListener.log Command line argument: -Djdk.tls.ephemeralDHKeySize=2048
29-Jun-2026 04:52:11.441 INFO [main] org.apache.catalina.startup.VersionLoggerListener.log Command line argument: -Dorg.apache.catalina.security.SecurityListener.UMASK=0027
29-Jun-2026 04:52:11.441 INFO [main] org.apache.catalina.startup.VersionLoggerListener.log Command line argument: --add-opens=java.base/java.lang=ALL-UNNAMED
29-Jun-2026 04:52:11.441 INFO [main] org.apache.catalina.startup.VersionLoggerListener.log Command line argument: --add-opens=java.base/java.lang.reflect=ALL-UNNAMED
29-Jun-2026 04:52:11.442 INFO [main] org.apache.catalina.startup.VersionLoggerListener.log Command line argument: --add-opens=java.base/java.io=ALL-UNNAMED
29-Jun-2026 04:52:11.442 INFO [main] org.apache.catalina.startup.VersionLoggerListener.log Command line argument: --add-opens=java.base/java.util=ALL-UNNAMED
29-Jun-2026 04:52:11.442 INFO [main] org.apache.catalina.startup.VersionLoggerListener.log Command line argument: --add-opens=java.base/java.util.concurrent=ALL-UNNAMED
29-Jun-2026 04:52:11.442 INFO [main] org.apache.catalina.startup.VersionLoggerListener.log Command line argument: --add-opens=java.rmi/sun.rmi.transport=ALL-UNNAMED
29-Jun-2026 04:52:11.442 INFO [main] org.apache.catalina.startup.VersionLoggerListener.log Command line argument: --enable-native-access=ALL-UNNAMED
29-Jun-2026 04:52:11.442 INFO [main] org.apache.catalina.startup.VersionLoggerListener.log Command line argument: -Dcatalina.base=/usr/local/tomcat
29-Jun-2026 04:52:11.442 INFO [main] org.apache.catalina.startup.VersionLoggerListener.log Command line argument: -Dcatalina.home=/usr/local/tomcat
29-Jun-2026 04:52:11.442 INFO [main] org.apache.catalina.startup.VersionLoggerListener.log Command line argument: -Djava.io.tmpdir=/usr/local/tomcat/temp
29-Jun-2026 04:52:11.445 INFO [main] org.apache.catalina.core.AprLifecycleListener.lifecycleEvent Loaded Apache Tomcat Native library [2.0.14] using APR version [1.7.2].
29-Jun-2026 04:52:11.448 INFO [main] org.apache.catalina.core.AprLifecycleListener.initializeSSL OpenSSL successfully initialized [OpenSSL 3.0.13 30 Jan 2024]
29-Jun-2026 04:52:11.670 INFO [main] org.apache.coyote.AbstractProtocol.init Initializing ProtocolHandler ["http-nio-8080"]
29-Jun-2026 04:52:11.689 INFO [main] org.apache.catalina.startup.Catalina.load Server initialization in [486] milliseconds
29-Jun-2026 04:52:11.720 INFO [main] org.apache.catalina.core.StandardService.startInternal Starting service [Catalina]
29-Jun-2026 04:52:11.721 INFO [main] org.apache.catalina.core.StandardEngine.startInternal Starting Servlet engine: [Apache Tomcat/11.0.22]
29-Jun-2026 04:52:11.736 INFO [main] org.apache.catalina.startup.HostConfig.deployWAR Deploying web application archive [/usr/local/tomcat/webapps/lpu-reservation-system.war]
29-Jun-2026 04:52:11.749 INFO [main] org.apache.catalina.startup.ExpandWar.expand An expanded directory [/usr/local/tomcat/webapps/lpu-reservation-system] was found with a last modified time that did not match the associated WAR. It will be deleted.
29-Jun-2026 04:52:14.167 INFO [main] org.apache.jasper.servlet.TldScanner.scanJars At least one JAR was scanned for TLDs yet contained no TLDs. Enable debug logging for this logger for a complete list of JARs that were scanned but no TLDs were found in them. Skipping unneeded JARs during scanning can improve startup time and JSP compilation time.
29-Jun-2026 04:52:14.557 INFO [main] org.apache.catalina.startup.HostConfig.deployWAR Deployment of web application archive [/usr/local/tomcat/webapps/lpu-reservation-system.war] has finished in [2,821] ms
29-Jun-2026 04:52:14.559 INFO [main] org.apache.coyote.AbstractProtocol.start Starting ProtocolHandler ["http-nio-8080"]
29-Jun-2026 04:52:14.568 INFO [main] org.apache.catalina.startup.Catalina.start Server startup in [2878] milliseconds
29-Jun-2026 04:56:16.431 INFO [Thread-1] org.apache.coyote.AbstractProtocol.pause Pausing ProtocolHandler ["http-nio-8080"]
29-Jun-2026 04:56:16.448 INFO [Thread-1] org.apache.catalina.core.StandardService.stopInternal Stopping service [Catalina]
29-Jun-2026 04:56:19.023 INFO [main] org.apache.catalina.startup.VersionLoggerListener.log Server version name:   Apache Tomcat/11.0.22
29-Jun-2026 04:56:19.030 INFO [main] org.apache.catalina.startup.VersionLoggerListener.log Server built:          May 1 2026 18:29:05 UTC
29-Jun-2026 04:56:19.030 INFO [main] org.apache.catalina.startup.VersionLoggerListener.log Server version number: 11.0.22.0
29-Jun-2026 04:56:19.030 INFO [main] org.apache.catalina.startup.VersionLoggerListener.log OS Name:               Linux
29-Jun-2026 04:56:19.030 INFO [main] org.apache.catalina.startup.VersionLoggerListener.log OS Version:            6.12.76-linuxkit
29-Jun-2026 04:56:19.030 INFO [main] org.apache.catalina.startup.VersionLoggerListener.log Architecture:          aarch64
29-Jun-2026 04:56:19.030 INFO [main] org.apache.catalina.startup.VersionLoggerListener.log Java Home:             /opt/java/openjdk
29-Jun-2026 04:56:19.031 INFO [main] org.apache.catalina.startup.VersionLoggerListener.log JVM Version:           21.0.11+10-LTS
29-Jun-2026 04:56:19.031 INFO [main] org.apache.catalina.startup.VersionLoggerListener.log JVM Vendor:            Eclipse Adoptium
29-Jun-2026 04:56:19.031 INFO [main] org.apache.catalina.startup.VersionLoggerListener.log CATALINA_BASE:         /usr/local/tomcat
29-Jun-2026 04:56:19.031 INFO [main] org.apache.catalina.startup.VersionLoggerListener.log CATALINA_HOME:         /usr/local/tomcat
29-Jun-2026 04:56:19.044 INFO [main] org.apache.catalina.startup.VersionLoggerListener.log Command line argument: -Djava.util.logging.config.file=/usr/local/tomcat/conf/logging.properties
29-Jun-2026 04:56:19.045 INFO [main] org.apache.catalina.startup.VersionLoggerListener.log Command line argument: -Djava.util.logging.manager=org.apache.juli.ClassLoaderLogManager
29-Jun-2026 04:56:19.045 INFO [main] org.apache.catalina.startup.VersionLoggerListener.log Command line argument: -Djdk.tls.ephemeralDHKeySize=2048
29-Jun-2026 04:56:19.045 INFO [main] org.apache.catalina.startup.VersionLoggerListener.log Command line argument: -Dorg.apache.catalina.security.SecurityListener.UMASK=0027
29-Jun-2026 04:56:19.046 INFO [main] org.apache.catalina.startup.VersionLoggerListener.log Command line argument: --add-opens=java.base/java.lang=ALL-UNNAMED
29-Jun-2026 04:56:19.046 INFO [main] org.apache.catalina.startup.VersionLoggerListener.log Command line argument: --add-opens=java.base/java.lang.reflect=ALL-UNNAMED
29-Jun-2026 04:56:19.046 INFO [main] org.apache.catalina.startup.VersionLoggerListener.log Command line argument: --add-opens=java.base/java.io=ALL-UNNAMED
29-Jun-2026 04:56:19.046 INFO [main] org.apache.catalina.startup.VersionLoggerListener.log Command line argument: --add-opens=java.base/java.util=ALL-UNNAMED
29-Jun-2026 04:56:19.046 INFO [main] org.apache.catalina.startup.VersionLoggerListener.log Command line argument: --add-opens=java.base/java.util.concurrent=ALL-UNNAMED
29-Jun-2026 04:56:19.046 INFO [main] org.apache.catalina.startup.VersionLoggerListener.log Command line argument: --add-opens=java.rmi/sun.rmi.transport=ALL-UNNAMED
29-Jun-2026 04:56:19.046 INFO [main] org.apache.catalina.startup.VersionLoggerListener.log Command line argument: --enable-native-access=ALL-UNNAMED
29-Jun-2026 04:56:19.046 INFO [main] org.apache.catalina.startup.VersionLoggerListener.log Command line argument: -Dcatalina.base=/usr/local/tomcat
29-Jun-2026 04:56:19.046 INFO [main] org.apache.catalina.startup.VersionLoggerListener.log Command line argument: -Dcatalina.home=/usr/local/tomcat
29-Jun-2026 04:56:19.046 INFO [main] org.apache.catalina.startup.VersionLoggerListener.log Command line argument: -Djava.io.tmpdir=/usr/local/tomcat/temp
29-Jun-2026 04:56:19.050 INFO [main] org.apache.catalina.core.AprLifecycleListener.lifecycleEvent Loaded Apache Tomcat Native library [2.0.14] using APR version [1.7.2].
29-Jun-2026 04:56:19.054 INFO [main] org.apache.catalina.core.AprLifecycleListener.initializeSSL OpenSSL successfully initialized [OpenSSL 3.0.13 30 Jan 2024]
29-Jun-2026 04:56:19.277 INFO [main] org.apache.coyote.AbstractProtocol.init Initializing ProtocolHandler ["http-nio-8080"]
29-Jun-2026 04:56:19.293 INFO [main] org.apache.catalina.startup.Catalina.load Server initialization in [447] milliseconds
29-Jun-2026 04:56:19.318 INFO [main] org.apache.catalina.core.StandardService.startInternal Starting service [Catalina]
29-Jun-2026 04:56:19.318 INFO [main] org.apache.catalina.core.StandardEngine.startInternal Starting Servlet engine: [Apache Tomcat/11.0.22]
29-Jun-2026 04:56:19.335 INFO [main] org.apache.catalina.startup.HostConfig.deployWAR Deploying web application archive [/usr/local/tomcat/webapps/lpu-reservation-system.war]
29-Jun-2026 04:56:19.348 INFO [main] org.apache.catalina.startup.ExpandWar.expand An expanded directory [/usr/local/tomcat/webapps/lpu-reservation-system] was found with a last modified time that did not match the associated WAR. It will be deleted.
29-Jun-2026 04:56:21.886 INFO [main] org.apache.jasper.servlet.TldScanner.scanJars At least one JAR was scanned for TLDs yet contained no TLDs. Enable debug logging for this logger for a complete list of JARs that were scanned but no TLDs were found in them. Skipping unneeded JARs during scanning can improve startup time and JSP compilation time.
29-Jun-2026 04:56:22.708 INFO [main] org.apache.catalina.startup.HostConfig.deployWAR Deployment of web application archive [/usr/local/tomcat/webapps/lpu-reservation-system.war] has finished in [3,372] ms
29-Jun-2026 04:56:22.712 INFO [main] org.apache.coyote.AbstractProtocol.start Starting ProtocolHandler ["http-nio-8080"]
29-Jun-2026 04:56:22.727 INFO [main] org.apache.catalina.startup.Catalina.start Server startup in [3433] milliseconds
29-Jun-2026 04:57:13.599 INFO [Thread-1] org.apache.coyote.AbstractProtocol.pause Pausing ProtocolHandler ["http-nio-8080"]
29-Jun-2026 04:57:13.612 INFO [Thread-1] org.apache.catalina.core.StandardService.stopInternal Stopping service [Catalina]
29-Jun-2026 04:57:16.490 INFO [main] org.apache.catalina.startup.VersionLoggerListener.log Server version name:   Apache Tomcat/11.0.22
29-Jun-2026 04:57:16.494 INFO [main] org.apache.catalina.startup.VersionLoggerListener.log Server built:          May 1 2026 18:29:05 UTC
29-Jun-2026 04:57:16.495 INFO [main] org.apache.catalina.startup.VersionLoggerListener.log Server version number: 11.0.22.0
29-Jun-2026 04:57:16.495 INFO [main] org.apache.catalina.startup.VersionLoggerListener.log OS Name:               Linux
29-Jun-2026 04:57:16.495 INFO [main] org.apache.catalina.startup.VersionLoggerListener.log OS Version:            6.12.76-linuxkit
29-Jun-2026 04:57:16.495 INFO [main] org.apache.catalina.startup.VersionLoggerListener.log Architecture:          aarch64
29-Jun-2026 04:57:16.495 INFO [main] org.apache.catalina.startup.VersionLoggerListener.log Java Home:             /opt/java/openjdk
29-Jun-2026 04:57:16.495 INFO [main] org.apache.catalina.startup.VersionLoggerListener.log JVM Version:           21.0.11+10-LTS
29-Jun-2026 04:57:16.495 INFO [main] org.apache.catalina.startup.VersionLoggerListener.log JVM Vendor:            Eclipse Adoptium
29-Jun-2026 04:57:16.495 INFO [main] org.apache.catalina.startup.VersionLoggerListener.log CATALINA_BASE:         /usr/local/tomcat
29-Jun-2026 04:57:16.495 INFO [main] org.apache.catalina.startup.VersionLoggerListener.log CATALINA_HOME:         /usr/local/tomcat
29-Jun-2026 04:57:16.501 INFO [main] org.apache.catalina.startup.VersionLoggerListener.log Command line argument: -Djava.util.logging.config.file=/usr/local/tomcat/conf/logging.properties
29-Jun-2026 04:57:16.501 INFO [main] org.apache.catalina.startup.VersionLoggerListener.log Command line argument: -Djava.util.logging.manager=org.apache.juli.ClassLoaderLogManager
29-Jun-2026 04:57:16.501 INFO [main] org.apache.catalina.startup.VersionLoggerListener.log Command line argument: -Djdk.tls.ephemeralDHKeySize=2048
29-Jun-2026 04:57:16.501 INFO [main] org.apache.catalina.startup.VersionLoggerListener.log Command line argument: -Dorg.apache.catalina.security.SecurityListener.UMASK=0027
29-Jun-2026 04:57:16.501 INFO [main] org.apache.catalina.startup.VersionLoggerListener.log Command line argument: --add-opens=java.base/java.lang=ALL-UNNAMED
29-Jun-2026 04:57:16.503 INFO [main] org.apache.catalina.startup.VersionLoggerListener.log Command line argument: --add-opens=java.base/java.lang.reflect=ALL-UNNAMED
29-Jun-2026 04:57:16.503 INFO [main] org.apache.catalina.startup.VersionLoggerListener.log Command line argument: --add-opens=java.base/java.io=ALL-UNNAMED
29-Jun-2026 04:57:16.503 INFO [main] org.apache.catalina.startup.VersionLoggerListener.log Command line argument: --add-opens=java.base/java.util=ALL-UNNAMED
29-Jun-2026 04:57:16.503 INFO [main] org.apache.catalina.startup.VersionLoggerListener.log Command line argument: --add-opens=java.base/java.util.concurrent=ALL-UNNAMED
29-Jun-2026 04:57:16.503 INFO [main] org.apache.catalina.startup.VersionLoggerListener.log Command line argument: --add-opens=java.rmi/sun.rmi.transport=ALL-UNNAMED
29-Jun-2026 04:57:16.503 INFO [main] org.apache.catalina.startup.VersionLoggerListener.log Command line argument: --enable-native-access=ALL-UNNAMED
29-Jun-2026 04:57:16.503 INFO [main] org.apache.catalina.startup.VersionLoggerListener.log Command line argument: -Dcatalina.base=/usr/local/tomcat
29-Jun-2026 04:57:16.503 INFO [main] org.apache.catalina.startup.VersionLoggerListener.log Command line argument: -Dcatalina.home=/usr/local/tomcat
29-Jun-2026 04:57:16.503 INFO [main] org.apache.catalina.startup.VersionLoggerListener.log Command line argument: -Djava.io.tmpdir=/usr/local/tomcat/temp
29-Jun-2026 04:57:16.506 INFO [main] org.apache.catalina.core.AprLifecycleListener.lifecycleEvent Loaded Apache Tomcat Native library [2.0.14] using APR version [1.7.2].
29-Jun-2026 04:57:16.510 INFO [main] org.apache.catalina.core.AprLifecycleListener.initializeSSL OpenSSL successfully initialized [OpenSSL 3.0.13 30 Jan 2024]
29-Jun-2026 04:57:16.705 INFO [main] org.apache.coyote.AbstractProtocol.init Initializing ProtocolHandler ["http-nio-8080"]
29-Jun-2026 04:57:16.728 INFO [main] org.apache.catalina.startup.Catalina.load Server initialization in [427] milliseconds
29-Jun-2026 04:57:16.756 INFO [main] org.apache.catalina.core.StandardService.startInternal Starting service [Catalina]
29-Jun-2026 04:57:16.757 INFO [main] org.apache.catalina.core.StandardEngine.startInternal Starting Servlet engine: [Apache Tomcat/11.0.22]
29-Jun-2026 04:57:16.772 INFO [main] org.apache.catalina.startup.HostConfig.deployWAR Deploying web application archive [/usr/local/tomcat/webapps/lpu-reservation-system.war]
29-Jun-2026 04:57:16.785 INFO [main] org.apache.catalina.startup.ExpandWar.expand An expanded directory [/usr/local/tomcat/webapps/lpu-reservation-system] was found with a last modified time that did not match the associated WAR. It will be deleted.
29-Jun-2026 04:57:19.412 INFO [main] org.apache.jasper.servlet.TldScanner.scanJars At least one JAR was scanned for TLDs yet contained no TLDs. Enable debug logging for this logger for a complete list of JARs that were scanned but no TLDs were found in them. Skipping unneeded JARs during scanning can improve startup time and JSP compilation time.
29-Jun-2026 04:57:19.812 INFO [main] org.apache.catalina.startup.HostConfig.deployWAR Deployment of web application archive [/usr/local/tomcat/webapps/lpu-reservation-system.war] has finished in [3,039] ms
29-Jun-2026 04:57:19.814 INFO [main] org.apache.coyote.AbstractProtocol.start Starting ProtocolHandler ["http-nio-8080"]
29-Jun-2026 04:57:19.825 INFO [main] org.apache.catalina.startup.Catalina.start Server startup in [3097] milliseconds
29-Jun-2026 04:58:00.801 INFO [Thread-1] org.apache.coyote.AbstractProtocol.pause Pausing ProtocolHandler ["http-nio-8080"]
29-Jun-2026 04:58:00.815 INFO [Thread-1] org.apache.catalina.core.StandardService.stopInternal Stopping service [Catalina]
29-Jun-2026 04:58:03.798 INFO [main] org.apache.catalina.startup.VersionLoggerListener.log Server version name:   Apache Tomcat/11.0.22
29-Jun-2026 04:58:03.804 INFO [main] org.apache.catalina.startup.VersionLoggerListener.log Server built:          May 1 2026 18:29:05 UTC
29-Jun-2026 04:58:03.804 INFO [main] org.apache.catalina.startup.VersionLoggerListener.log Server version number: 11.0.22.0
29-Jun-2026 04:58:03.805 INFO [main] org.apache.catalina.startup.VersionLoggerListener.log OS Name:               Linux
29-Jun-2026 04:58:03.805 INFO [main] org.apache.catalina.startup.VersionLoggerListener.log OS Version:            6.12.76-linuxkit
29-Jun-2026 04:58:03.805 INFO [main] org.apache.catalina.startup.VersionLoggerListener.log Architecture:          aarch64
29-Jun-2026 04:58:03.805 INFO [main] org.apache.catalina.startup.VersionLoggerListener.log Java Home:             /opt/java/openjdk
29-Jun-2026 04:58:03.805 INFO [main] org.apache.catalina.startup.VersionLoggerListener.log JVM Version:           21.0.11+10-LTS
29-Jun-2026 04:58:03.805 INFO [main] org.apache.catalina.startup.VersionLoggerListener.log JVM Vendor:            Eclipse Adoptium
29-Jun-2026 04:58:03.805 INFO [main] org.apache.catalina.startup.VersionLoggerListener.log CATALINA_BASE:         /usr/local/tomcat
29-Jun-2026 04:58:03.805 INFO [main] org.apache.catalina.startup.VersionLoggerListener.log CATALINA_HOME:         /usr/local/tomcat
29-Jun-2026 04:58:03.819 INFO [main] org.apache.catalina.startup.VersionLoggerListener.log Command line argument: -Djava.util.logging.config.file=/usr/local/tomcat/conf/logging.properties
29-Jun-2026 04:58:03.819 INFO [main] org.apache.catalina.startup.VersionLoggerListener.log Command line argument: -Djava.util.logging.manager=org.apache.juli.ClassLoaderLogManager
29-Jun-2026 04:58:03.824 INFO [main] org.apache.catalina.startup.VersionLoggerListener.log Command line argument: -Djdk.tls.ephemeralDHKeySize=2048
29-Jun-2026 04:58:03.824 INFO [main] org.apache.catalina.startup.VersionLoggerListener.log Command line argument: -Dorg.apache.catalina.security.SecurityListener.UMASK=0027
29-Jun-2026 04:58:03.824 INFO [main] org.apache.catalina.startup.VersionLoggerListener.log Command line argument: --add-opens=java.base/java.lang=ALL-UNNAMED
29-Jun-2026 04:58:03.824 INFO [main] org.apache.catalina.startup.VersionLoggerListener.log Command line argument: --add-opens=java.base/java.lang.reflect=ALL-UNNAMED
29-Jun-2026 04:58:03.824 INFO [main] org.apache.catalina.startup.VersionLoggerListener.log Command line argument: --add-opens=java.base/java.io=ALL-UNNAMED
29-Jun-2026 04:58:03.824 INFO [main] org.apache.catalina.startup.VersionLoggerListener.log Command line argument: --add-opens=java.base/java.util=ALL-UNNAMED
29-Jun-2026 04:58:03.825 INFO [main] org.apache.catalina.startup.VersionLoggerListener.log Command line argument: --add-opens=java.base/java.util.concurrent=ALL-UNNAMED
29-Jun-2026 04:58:03.825 INFO [main] org.apache.catalina.startup.VersionLoggerListener.log Command line argument: --add-opens=java.rmi/sun.rmi.transport=ALL-UNNAMED
29-Jun-2026 04:58:03.825 INFO [main] org.apache.catalina.startup.VersionLoggerListener.log Command line argument: --enable-native-access=ALL-UNNAMED
29-Jun-2026 04:58:03.825 INFO [main] org.apache.catalina.startup.VersionLoggerListener.log Command line argument: -Dcatalina.base=/usr/local/tomcat
29-Jun-2026 04:58:03.825 INFO [main] org.apache.catalina.startup.VersionLoggerListener.log Command line argument: -Dcatalina.home=/usr/local/tomcat
29-Jun-2026 04:58:03.825 INFO [main] org.apache.catalina.startup.VersionLoggerListener.log Command line argument: -Djava.io.tmpdir=/usr/local/tomcat/temp
29-Jun-2026 04:58:03.828 INFO [main] org.apache.catalina.core.AprLifecycleListener.lifecycleEvent Loaded Apache Tomcat Native library [2.0.14] using APR version [1.7.2].
29-Jun-2026 04:58:03.835 INFO [main] org.apache.catalina.core.AprLifecycleListener.initializeSSL OpenSSL successfully initialized [OpenSSL 3.0.13 30 Jan 2024]
29-Jun-2026 04:58:04.089 INFO [main] org.apache.coyote.AbstractProtocol.init Initializing ProtocolHandler ["http-nio-8080"]
29-Jun-2026 04:58:04.104 INFO [main] org.apache.catalina.startup.Catalina.load Server initialization in [485] milliseconds
29-Jun-2026 04:58:04.138 INFO [main] org.apache.catalina.core.StandardService.startInternal Starting service [Catalina]
29-Jun-2026 04:58:04.139 INFO [main] org.apache.catalina.core.StandardEngine.startInternal Starting Servlet engine: [Apache Tomcat/11.0.22]
29-Jun-2026 04:58:04.163 INFO [main] org.apache.catalina.startup.HostConfig.deployWAR Deploying web application archive [/usr/local/tomcat/webapps/lpu-reservation-system.war]
29-Jun-2026 04:58:04.178 INFO [main] org.apache.catalina.startup.ExpandWar.expand An expanded directory [/usr/local/tomcat/webapps/lpu-reservation-system] was found with a last modified time that did not match the associated WAR. It will be deleted.
29-Jun-2026 04:58:06.984 INFO [main] org.apache.jasper.servlet.TldScanner.scanJars At least one JAR was scanned for TLDs yet contained no TLDs. Enable debug logging for this logger for a complete list of JARs that were scanned but no TLDs were found in them. Skipping unneeded JARs during scanning can improve startup time and JSP compilation time.
29-Jun-2026 04:58:07.382 INFO [main] org.apache.catalina.startup.HostConfig.deployWAR Deployment of web application archive [/usr/local/tomcat/webapps/lpu-reservation-system.war] has finished in [3,218] ms
29-Jun-2026 04:58:07.385 INFO [main] org.apache.coyote.AbstractProtocol.start Starting ProtocolHandler ["http-nio-8080"]
29-Jun-2026 04:58:07.404 INFO [main] org.apache.catalina.startup.Catalina.start Server startup in [3299] milliseconds
29-Jun-2026 05:01:44.108 INFO [Thread-1] org.apache.coyote.AbstractProtocol.pause Pausing ProtocolHandler ["http-nio-8080"]
29-Jun-2026 05:01:44.118 INFO [Thread-1] org.apache.catalina.core.StandardService.stopInternal Stopping service [Catalina]
29-Jun-2026 05:01:46.927 INFO [main] org.apache.catalina.startup.VersionLoggerListener.log Server version name:   Apache Tomcat/11.0.22
29-Jun-2026 05:01:46.935 INFO [main] org.apache.catalina.startup.VersionLoggerListener.log Server built:          May 1 2026 18:29:05 UTC
29-Jun-2026 05:01:46.935 INFO [main] org.apache.catalina.startup.VersionLoggerListener.log Server version number: 11.0.22.0
29-Jun-2026 05:01:46.936 INFO [main] org.apache.catalina.startup.VersionLoggerListener.log OS Name:               Linux
29-Jun-2026 05:01:46.936 INFO [main] org.apache.catalina.startup.VersionLoggerListener.log OS Version:            6.12.76-linuxkit
29-Jun-2026 05:01:46.936 INFO [main] org.apache.catalina.startup.VersionLoggerListener.log Architecture:          aarch64
29-Jun-2026 05:01:46.936 INFO [main] org.apache.catalina.startup.VersionLoggerListener.log Java Home:             /opt/java/openjdk
29-Jun-2026 05:01:46.936 INFO [main] org.apache.catalina.startup.VersionLoggerListener.log JVM Version:           21.0.11+10-LTS
29-Jun-2026 05:01:46.936 INFO [main] org.apache.catalina.startup.VersionLoggerListener.log JVM Vendor:            Eclipse Adoptium
29-Jun-2026 05:01:46.936 INFO [main] org.apache.catalina.startup.VersionLoggerListener.log CATALINA_BASE:         /usr/local/tomcat
29-Jun-2026 05:01:46.936 INFO [main] org.apache.catalina.startup.VersionLoggerListener.log CATALINA_HOME:         /usr/local/tomcat
29-Jun-2026 05:01:46.945 INFO [main] org.apache.catalina.startup.VersionLoggerListener.log Command line argument: -Djava.util.logging.config.file=/usr/local/tomcat/conf/logging.properties
29-Jun-2026 05:01:46.945 INFO [main] org.apache.catalina.startup.VersionLoggerListener.log Command line argument: -Djava.util.logging.manager=org.apache.juli.ClassLoaderLogManager
29-Jun-2026 05:01:46.945 INFO [main] org.apache.catalina.startup.VersionLoggerListener.log Command line argument: -Djdk.tls.ephemeralDHKeySize=2048
29-Jun-2026 05:01:46.948 INFO [main] org.apache.catalina.startup.VersionLoggerListener.log Command line argument: -Dorg.apache.catalina.security.SecurityListener.UMASK=0027
29-Jun-2026 05:01:46.948 INFO [main] org.apache.catalina.startup.VersionLoggerListener.log Command line argument: --add-opens=java.base/java.lang=ALL-UNNAMED
29-Jun-2026 05:01:46.948 INFO [main] org.apache.catalina.startup.VersionLoggerListener.log Command line argument: --add-opens=java.base/java.lang.reflect=ALL-UNNAMED
29-Jun-2026 05:01:46.949 INFO [main] org.apache.catalina.startup.VersionLoggerListener.log Command line argument: --add-opens=java.base/java.io=ALL-UNNAMED
29-Jun-2026 05:01:46.949 INFO [main] org.apache.catalina.startup.VersionLoggerListener.log Command line argument: --add-opens=java.base/java.util=ALL-UNNAMED
29-Jun-2026 05:01:46.949 INFO [main] org.apache.catalina.startup.VersionLoggerListener.log Command line argument: --add-opens=java.base/java.util.concurrent=ALL-UNNAMED
29-Jun-2026 05:01:46.949 INFO [main] org.apache.catalina.startup.VersionLoggerListener.log Command line argument: --add-opens=java.rmi/sun.rmi.transport=ALL-UNNAMED
29-Jun-2026 05:01:46.949 INFO [main] org.apache.catalina.startup.VersionLoggerListener.log Command line argument: --enable-native-access=ALL-UNNAMED
29-Jun-2026 05:01:46.949 INFO [main] org.apache.catalina.startup.VersionLoggerListener.log Command line argument: -Dcatalina.base=/usr/local/tomcat
29-Jun-2026 05:01:46.949 INFO [main] org.apache.catalina.startup.VersionLoggerListener.log Command line argument: -Dcatalina.home=/usr/local/tomcat
29-Jun-2026 05:01:46.949 INFO [main] org.apache.catalina.startup.VersionLoggerListener.log Command line argument: -Djava.io.tmpdir=/usr/local/tomcat/temp
29-Jun-2026 05:01:46.955 INFO [main] org.apache.catalina.core.AprLifecycleListener.lifecycleEvent Loaded Apache Tomcat Native library [2.0.14] using APR version [1.7.2].
29-Jun-2026 05:01:46.958 INFO [main] org.apache.catalina.core.AprLifecycleListener.initializeSSL OpenSSL successfully initialized [OpenSSL 3.0.13 30 Jan 2024]
29-Jun-2026 05:01:47.154 INFO [main] org.apache.coyote.AbstractProtocol.init Initializing ProtocolHandler ["http-nio-8080"]
29-Jun-2026 05:01:47.169 INFO [main] org.apache.catalina.startup.Catalina.load Server initialization in [403] milliseconds
29-Jun-2026 05:01:47.195 INFO [main] org.apache.catalina.core.StandardService.startInternal Starting service [Catalina]
29-Jun-2026 05:01:47.195 INFO [main] org.apache.catalina.core.StandardEngine.startInternal Starting Servlet engine: [Apache Tomcat/11.0.22]
29-Jun-2026 05:01:47.224 INFO [main] org.apache.catalina.startup.HostConfig.deployWAR Deploying web application archive [/usr/local/tomcat/webapps/lpu-reservation-system.war]
29-Jun-2026 05:01:47.240 INFO [main] org.apache.catalina.startup.ExpandWar.expand An expanded directory [/usr/local/tomcat/webapps/lpu-reservation-system] was found with a last modified time that did not match the associated WAR. It will be deleted.
29-Jun-2026 05:01:50.159 INFO [main] org.apache.jasper.servlet.TldScanner.scanJars At least one JAR was scanned for TLDs yet contained no TLDs. Enable debug logging for this logger for a complete list of JARs that were scanned but no TLDs were found in them. Skipping unneeded JARs during scanning can improve startup time and JSP compilation time.
29-Jun-2026 05:01:50.559 INFO [main] org.apache.catalina.startup.HostConfig.deployWAR Deployment of web application archive [/usr/local/tomcat/webapps/lpu-reservation-system.war] has finished in [3,336] ms
29-Jun-2026 05:01:50.562 INFO [main] org.apache.coyote.AbstractProtocol.start Starting ProtocolHandler ["http-nio-8080"]
29-Jun-2026 05:01:50.575 INFO [main] org.apache.catalina.startup.Catalina.start Server startup in [3403] milliseconds
29-Jun-2026 05:02:20.629 INFO [Catalina-utility-1] org.apache.catalina.startup.HostConfig.undeploy Undeploying context [/lpu-reservation-system]
29-Jun-2026 05:02:20.725 INFO [Catalina-utility-1] org.apache.catalina.startup.HostConfig.deployWAR Deploying web application archive [/usr/local/tomcat/webapps/lpu-reservation-system-0.0.1-SNAPSHOT.war]
29-Jun-2026 05:02:22.539 INFO [Catalina-utility-1] org.apache.jasper.servlet.TldScanner.scanJars At least one JAR was scanned for TLDs yet contained no TLDs. Enable debug logging for this logger for a complete list of JARs that were scanned but no TLDs were found in them. Skipping unneeded JARs during scanning can improve startup time and JSP compilation time.
29-Jun-2026 05:02:22.799 INFO [Catalina-utility-1] org.apache.catalina.startup.HostConfig.deployWAR Deployment of web application archive [/usr/local/tomcat/webapps/lpu-reservation-system-0.0.1-SNAPSHOT.war] has finished in [2,073] ms
29-Jun-2026 05:02:32.812 INFO [Catalina-utility-1] org.apache.catalina.startup.HostConfig.undeploy Undeploying context [/lpu-reservation-system-0.0.1-SNAPSHOT]
29-Jun-2026 05:02:32.876 INFO [Catalina-utility-1] org.apache.catalina.startup.HostConfig.deployWAR Deploying web application archive [/usr/local/tomcat/webapps/lpu-reservation-system.war]
29-Jun-2026 05:02:34.598 INFO [Catalina-utility-1] org.apache.jasper.servlet.TldScanner.scanJars At least one JAR was scanned for TLDs yet contained no TLDs. Enable debug logging for this logger for a complete list of JARs that were scanned but no TLDs were found in them. Skipping unneeded JARs during scanning can improve startup time and JSP compilation time.
29-Jun-2026 05:02:34.828 INFO [Catalina-utility-1] org.apache.catalina.startup.HostConfig.deployWAR Deployment of web application archive [/usr/local/tomcat/webapps/lpu-reservation-system.war] has finished in [1,952] ms
29-Jun-2026 05:05:39.221 INFO [Thread-1] org.apache.coyote.AbstractProtocol.pause Pausing ProtocolHandler ["http-nio-8080"]
29-Jun-2026 05:05:39.252 INFO [Thread-1] org.apache.catalina.core.StandardService.stopInternal Stopping service [Catalina]
29-Jun-2026 05:05:42.126 INFO [main] org.apache.catalina.startup.VersionLoggerListener.log Server version name:   Apache Tomcat/11.0.22
29-Jun-2026 05:05:42.136 INFO [main] org.apache.catalina.startup.VersionLoggerListener.log Server built:          May 1 2026 18:29:05 UTC
29-Jun-2026 05:05:42.136 INFO [main] org.apache.catalina.startup.VersionLoggerListener.log Server version number: 11.0.22.0
29-Jun-2026 05:05:42.136 INFO [main] org.apache.catalina.startup.VersionLoggerListener.log OS Name:               Linux
29-Jun-2026 05:05:42.136 INFO [main] org.apache.catalina.startup.VersionLoggerListener.log OS Version:            6.12.76-linuxkit
29-Jun-2026 05:05:42.136 INFO [main] org.apache.catalina.startup.VersionLoggerListener.log Architecture:          aarch64
29-Jun-2026 05:05:42.137 INFO [main] org.apache.catalina.startup.VersionLoggerListener.log Java Home:             /opt/java/openjdk
29-Jun-2026 05:05:42.137 INFO [main] org.apache.catalina.startup.VersionLoggerListener.log JVM Version:           21.0.11+10-LTS
29-Jun-2026 05:05:42.137 INFO [main] org.apache.catalina.startup.VersionLoggerListener.log JVM Vendor:            Eclipse Adoptium
29-Jun-2026 05:05:42.137 INFO [main] org.apache.catalina.startup.VersionLoggerListener.log CATALINA_BASE:         /usr/local/tomcat
29-Jun-2026 05:05:42.137 INFO [main] org.apache.catalina.startup.VersionLoggerListener.log CATALINA_HOME:         /usr/local/tomcat
29-Jun-2026 05:05:42.147 INFO [main] org.apache.catalina.startup.VersionLoggerListener.log Command line argument: -Djava.util.logging.config.file=/usr/local/tomcat/conf/logging.properties
29-Jun-2026 05:05:42.147 INFO [main] org.apache.catalina.startup.VersionLoggerListener.log Command line argument: -Djava.util.logging.manager=org.apache.juli.ClassLoaderLogManager
29-Jun-2026 05:05:42.147 INFO [main] org.apache.catalina.startup.VersionLoggerListener.log Command line argument: -Djdk.tls.ephemeralDHKeySize=2048
29-Jun-2026 05:05:42.147 INFO [main] org.apache.catalina.startup.VersionLoggerListener.log Command line argument: -Dorg.apache.catalina.security.SecurityListener.UMASK=0027
29-Jun-2026 05:05:42.150 INFO [main] org.apache.catalina.startup.VersionLoggerListener.log Command line argument: --add-opens=java.base/java.lang=ALL-UNNAMED
29-Jun-2026 05:05:42.150 INFO [main] org.apache.catalina.startup.VersionLoggerListener.log Command line argument: --add-opens=java.base/java.lang.reflect=ALL-UNNAMED
29-Jun-2026 05:05:42.150 INFO [main] org.apache.catalina.startup.VersionLoggerListener.log Command line argument: --add-opens=java.base/java.io=ALL-UNNAMED
29-Jun-2026 05:05:42.150 INFO [main] org.apache.catalina.startup.VersionLoggerListener.log Command line argument: --add-opens=java.base/java.util=ALL-UNNAMED
29-Jun-2026 05:05:42.150 INFO [main] org.apache.catalina.startup.VersionLoggerListener.log Command line argument: --add-opens=java.base/java.util.concurrent=ALL-UNNAMED
29-Jun-2026 05:05:42.150 INFO [main] org.apache.catalina.startup.VersionLoggerListener.log Command line argument: --add-opens=java.rmi/sun.rmi.transport=ALL-UNNAMED
29-Jun-2026 05:05:42.150 INFO [main] org.apache.catalina.startup.VersionLoggerListener.log Command line argument: --enable-native-access=ALL-UNNAMED
29-Jun-2026 05:05:42.150 INFO [main] org.apache.catalina.startup.VersionLoggerListener.log Command line argument: -Dcatalina.base=/usr/local/tomcat
29-Jun-2026 05:05:42.150 INFO [main] org.apache.catalina.startup.VersionLoggerListener.log Command line argument: -Dcatalina.home=/usr/local/tomcat
29-Jun-2026 05:05:42.150 INFO [main] org.apache.catalina.startup.VersionLoggerListener.log Command line argument: -Djava.io.tmpdir=/usr/local/tomcat/temp
29-Jun-2026 05:05:42.154 INFO [main] org.apache.catalina.core.AprLifecycleListener.lifecycleEvent Loaded Apache Tomcat Native library [2.0.14] using APR version [1.7.2].
29-Jun-2026 05:05:42.157 INFO [main] org.apache.catalina.core.AprLifecycleListener.initializeSSL OpenSSL successfully initialized [OpenSSL 3.0.13 30 Jan 2024]
29-Jun-2026 05:05:42.370 INFO [main] org.apache.coyote.AbstractProtocol.init Initializing ProtocolHandler ["http-nio-8080"]
29-Jun-2026 05:05:42.386 INFO [main] org.apache.catalina.startup.Catalina.load Server initialization in [473] milliseconds
29-Jun-2026 05:05:42.413 INFO [main] org.apache.catalina.core.StandardService.startInternal Starting service [Catalina]
29-Jun-2026 05:05:42.413 INFO [main] org.apache.catalina.core.StandardEngine.startInternal Starting Servlet engine: [Apache Tomcat/11.0.22]
29-Jun-2026 05:05:42.433 INFO [main] org.apache.catalina.startup.HostConfig.deployWAR Deploying web application archive [/usr/local/tomcat/webapps/lpu-reservation-system.war]
29-Jun-2026 05:05:42.445 INFO [main] org.apache.catalina.startup.ExpandWar.expand An expanded directory [/usr/local/tomcat/webapps/lpu-reservation-system] was found with a last modified time that did not match the associated WAR. It will be deleted.
29-Jun-2026 05:05:45.340 INFO [main] org.apache.jasper.servlet.TldScanner.scanJars At least one JAR was scanned for TLDs yet contained no TLDs. Enable debug logging for this logger for a complete list of JARs that were scanned but no TLDs were found in them. Skipping unneeded JARs during scanning can improve startup time and JSP compilation time.
29-Jun-2026 05:05:45.720 INFO [main] org.apache.catalina.startup.HostConfig.deployWAR Deployment of web application archive [/usr/local/tomcat/webapps/lpu-reservation-system.war] has finished in [3,287] ms
29-Jun-2026 05:05:45.722 INFO [main] org.apache.coyote.AbstractProtocol.start Starting ProtocolHandler ["http-nio-8080"]
29-Jun-2026 05:05:45.735 INFO [main] org.apache.catalina.startup.Catalina.start Server startup in [3346] milliseconds
29-Jun-2026 05:07:43.015 INFO [Thread-1] org.apache.coyote.AbstractProtocol.pause Pausing ProtocolHandler ["http-nio-8080"]
29-Jun-2026 05:07:43.023 INFO [Thread-1] org.apache.catalina.core.StandardService.stopInternal Stopping service [Catalina]
29-Jun-2026 05:07:46.280 INFO [main] org.apache.catalina.startup.VersionLoggerListener.log Server version name:   Apache Tomcat/11.0.22
29-Jun-2026 05:07:46.290 INFO [main] org.apache.catalina.startup.VersionLoggerListener.log Server built:          May 1 2026 18:29:05 UTC
29-Jun-2026 05:07:46.290 INFO [main] org.apache.catalina.startup.VersionLoggerListener.log Server version number: 11.0.22.0
29-Jun-2026 05:07:46.290 INFO [main] org.apache.catalina.startup.VersionLoggerListener.log OS Name:               Linux
29-Jun-2026 05:07:46.291 INFO [main] org.apache.catalina.startup.VersionLoggerListener.log OS Version:            6.12.76-linuxkit
29-Jun-2026 05:07:46.291 INFO [main] org.apache.catalina.startup.VersionLoggerListener.log Architecture:          aarch64
29-Jun-2026 05:07:46.291 INFO [main] org.apache.catalina.startup.VersionLoggerListener.log Java Home:             /opt/java/openjdk
29-Jun-2026 05:07:46.291 INFO [main] org.apache.catalina.startup.VersionLoggerListener.log JVM Version:           21.0.11+10-LTS
29-Jun-2026 05:07:46.291 INFO [main] org.apache.catalina.startup.VersionLoggerListener.log JVM Vendor:            Eclipse Adoptium
29-Jun-2026 05:07:46.291 INFO [main] org.apache.catalina.startup.VersionLoggerListener.log CATALINA_BASE:         /usr/local/tomcat
29-Jun-2026 05:07:46.291 INFO [main] org.apache.catalina.startup.VersionLoggerListener.log CATALINA_HOME:         /usr/local/tomcat
29-Jun-2026 05:07:46.301 INFO [main] org.apache.catalina.startup.VersionLoggerListener.log Command line argument: -Djava.util.logging.config.file=/usr/local/tomcat/conf/logging.properties
29-Jun-2026 05:07:46.302 INFO [main] org.apache.catalina.startup.VersionLoggerListener.log Command line argument: -Djava.util.logging.manager=org.apache.juli.ClassLoaderLogManager
29-Jun-2026 05:07:46.303 INFO [main] org.apache.catalina.startup.VersionLoggerListener.log Command line argument: -Djdk.tls.ephemeralDHKeySize=2048
29-Jun-2026 05:07:46.303 INFO [main] org.apache.catalina.startup.VersionLoggerListener.log Command line argument: -Dorg.apache.catalina.security.SecurityListener.UMASK=0027
29-Jun-2026 05:07:46.304 INFO [main] org.apache.catalina.startup.VersionLoggerListener.log Command line argument: --add-opens=java.base/java.lang=ALL-UNNAMED
29-Jun-2026 05:07:46.304 INFO [main] org.apache.catalina.startup.VersionLoggerListener.log Command line argument: --add-opens=java.base/java.lang.reflect=ALL-UNNAMED
29-Jun-2026 05:07:46.306 INFO [main] org.apache.catalina.startup.VersionLoggerListener.log Command line argument: --add-opens=java.base/java.io=ALL-UNNAMED
29-Jun-2026 05:07:46.306 INFO [main] org.apache.catalina.startup.VersionLoggerListener.log Command line argument: --add-opens=java.base/java.util=ALL-UNNAMED
29-Jun-2026 05:07:46.306 INFO [main] org.apache.catalina.startup.VersionLoggerListener.log Command line argument: --add-opens=java.base/java.util.concurrent=ALL-UNNAMED
29-Jun-2026 05:07:46.307 INFO [main] org.apache.catalina.startup.VersionLoggerListener.log Command line argument: --add-opens=java.rmi/sun.rmi.transport=ALL-UNNAMED
29-Jun-2026 05:07:46.307 INFO [main] org.apache.catalina.startup.VersionLoggerListener.log Command line argument: --enable-native-access=ALL-UNNAMED
29-Jun-2026 05:07:46.307 INFO [main] org.apache.catalina.startup.VersionLoggerListener.log Command line argument: -Dcatalina.base=/usr/local/tomcat
29-Jun-2026 05:07:46.307 INFO [main] org.apache.catalina.startup.VersionLoggerListener.log Command line argument: -Dcatalina.home=/usr/local/tomcat
29-Jun-2026 05:07:46.307 INFO [main] org.apache.catalina.startup.VersionLoggerListener.log Command line argument: -Djava.io.tmpdir=/usr/local/tomcat/temp
29-Jun-2026 05:07:46.310 INFO [main] org.apache.catalina.core.AprLifecycleListener.lifecycleEvent Loaded Apache Tomcat Native library [2.0.14] using APR version [1.7.2].
29-Jun-2026 05:07:46.315 INFO [main] org.apache.catalina.core.AprLifecycleListener.initializeSSL OpenSSL successfully initialized [OpenSSL 3.0.13 30 Jan 2024]
29-Jun-2026 05:07:46.552 INFO [main] org.apache.coyote.AbstractProtocol.init Initializing ProtocolHandler ["http-nio-8080"]
29-Jun-2026 05:07:46.583 INFO [main] org.apache.catalina.startup.Catalina.load Server initialization in [507] milliseconds
29-Jun-2026 05:07:46.630 INFO [main] org.apache.catalina.core.StandardService.startInternal Starting service [Catalina]
29-Jun-2026 05:07:46.630 INFO [main] org.apache.catalina.core.StandardEngine.startInternal Starting Servlet engine: [Apache Tomcat/11.0.22]
29-Jun-2026 05:07:46.652 INFO [main] org.apache.catalina.startup.HostConfig.deployWAR Deploying web application archive [/usr/local/tomcat/webapps/lpu-reservation-system.war]
29-Jun-2026 05:07:46.663 INFO [main] org.apache.catalina.startup.ExpandWar.expand An expanded directory [/usr/local/tomcat/webapps/lpu-reservation-system] was found with a last modified time that did not match the associated WAR. It will be deleted.
29-Jun-2026 05:07:49.612 INFO [main] org.apache.jasper.servlet.TldScanner.scanJars At least one JAR was scanned for TLDs yet contained no TLDs. Enable debug logging for this logger for a complete list of JARs that were scanned but no TLDs were found in them. Skipping unneeded JARs during scanning can improve startup time and JSP compilation time.
29-Jun-2026 05:07:50.047 INFO [main] org.apache.catalina.startup.HostConfig.deployWAR Deployment of web application archive [/usr/local/tomcat/webapps/lpu-reservation-system.war] has finished in [3,395] ms
29-Jun-2026 05:07:50.050 INFO [main] org.apache.coyote.AbstractProtocol.start Starting ProtocolHandler ["http-nio-8080"]
29-Jun-2026 05:07:50.065 INFO [main] org.apache.catalina.startup.Catalina.start Server startup in [3481] milliseconds
29-Jun-2026 05:09:43.334 INFO [Thread-1] org.apache.coyote.AbstractProtocol.pause Pausing ProtocolHandler ["http-nio-8080"]
29-Jun-2026 05:09:43.345 INFO [Thread-1] org.apache.catalina.core.StandardService.stopInternal Stopping service [Catalina]
29-Jun-2026 05:09:46.052 INFO [main] org.apache.catalina.startup.VersionLoggerListener.log Server version name:   Apache Tomcat/11.0.22
29-Jun-2026 05:09:46.060 INFO [main] org.apache.catalina.startup.VersionLoggerListener.log Server built:          May 1 2026 18:29:05 UTC
29-Jun-2026 05:09:46.060 INFO [main] org.apache.catalina.startup.VersionLoggerListener.log Server version number: 11.0.22.0
29-Jun-2026 05:09:46.060 INFO [main] org.apache.catalina.startup.VersionLoggerListener.log OS Name:               Linux
29-Jun-2026 05:09:46.060 INFO [main] org.apache.catalina.startup.VersionLoggerListener.log OS Version:            6.12.76-linuxkit
29-Jun-2026 05:09:46.061 INFO [main] org.apache.catalina.startup.VersionLoggerListener.log Architecture:          aarch64
29-Jun-2026 05:09:46.061 INFO [main] org.apache.catalina.startup.VersionLoggerListener.log Java Home:             /opt/java/openjdk
29-Jun-2026 05:09:46.061 INFO [main] org.apache.catalina.startup.VersionLoggerListener.log JVM Version:           21.0.11+10-LTS
29-Jun-2026 05:09:46.061 INFO [main] org.apache.catalina.startup.VersionLoggerListener.log JVM Vendor:            Eclipse Adoptium
29-Jun-2026 05:09:46.061 INFO [main] org.apache.catalina.startup.VersionLoggerListener.log CATALINA_BASE:         /usr/local/tomcat
29-Jun-2026 05:09:46.061 INFO [main] org.apache.catalina.startup.VersionLoggerListener.log CATALINA_HOME:         /usr/local/tomcat
29-Jun-2026 05:09:46.075 INFO [main] org.apache.catalina.startup.VersionLoggerListener.log Command line argument: -Djava.util.logging.config.file=/usr/local/tomcat/conf/logging.properties
29-Jun-2026 05:09:46.076 INFO [main] org.apache.catalina.startup.VersionLoggerListener.log Command line argument: -Djava.util.logging.manager=org.apache.juli.ClassLoaderLogManager
29-Jun-2026 05:09:46.076 INFO [main] org.apache.catalina.startup.VersionLoggerListener.log Command line argument: -Djdk.tls.ephemeralDHKeySize=2048
29-Jun-2026 05:09:46.076 INFO [main] org.apache.catalina.startup.VersionLoggerListener.log Command line argument: -Dorg.apache.catalina.security.SecurityListener.UMASK=0027
29-Jun-2026 05:09:46.076 INFO [main] org.apache.catalina.startup.VersionLoggerListener.log Command line argument: --add-opens=java.base/java.lang=ALL-UNNAMED
29-Jun-2026 05:09:46.076 INFO [main] org.apache.catalina.startup.VersionLoggerListener.log Command line argument: --add-opens=java.base/java.lang.reflect=ALL-UNNAMED
29-Jun-2026 05:09:46.076 INFO [main] org.apache.catalina.startup.VersionLoggerListener.log Command line argument: --add-opens=java.base/java.io=ALL-UNNAMED
29-Jun-2026 05:09:46.076 INFO [main] org.apache.catalina.startup.VersionLoggerListener.log Command line argument: --add-opens=java.base/java.util=ALL-UNNAMED
29-Jun-2026 05:09:46.077 INFO [main] org.apache.catalina.startup.VersionLoggerListener.log Command line argument: --add-opens=java.base/java.util.concurrent=ALL-UNNAMED
29-Jun-2026 05:09:46.077 INFO [main] org.apache.catalina.startup.VersionLoggerListener.log Command line argument: --add-opens=java.rmi/sun.rmi.transport=ALL-UNNAMED
29-Jun-2026 05:09:46.077 INFO [main] org.apache.catalina.startup.VersionLoggerListener.log Command line argument: --enable-native-access=ALL-UNNAMED
29-Jun-2026 05:09:46.077 INFO [main] org.apache.catalina.startup.VersionLoggerListener.log Command line argument: -Dcatalina.base=/usr/local/tomcat
29-Jun-2026 05:09:46.077 INFO [main] org.apache.catalina.startup.VersionLoggerListener.log Command line argument: -Dcatalina.home=/usr/local/tomcat
29-Jun-2026 05:09:46.077 INFO [main] org.apache.catalina.startup.VersionLoggerListener.log Command line argument: -Djava.io.tmpdir=/usr/local/tomcat/temp
29-Jun-2026 05:09:46.081 INFO [main] org.apache.catalina.core.AprLifecycleListener.lifecycleEvent Loaded Apache Tomcat Native library [2.0.14] using APR version [1.7.2].
29-Jun-2026 05:09:46.088 INFO [main] org.apache.catalina.core.AprLifecycleListener.initializeSSL OpenSSL successfully initialized [OpenSSL 3.0.13 30 Jan 2024]
29-Jun-2026 05:09:46.351 INFO [main] org.apache.coyote.AbstractProtocol.init Initializing ProtocolHandler ["http-nio-8080"]
29-Jun-2026 05:09:46.375 INFO [main] org.apache.catalina.startup.Catalina.load Server initialization in [507] milliseconds
29-Jun-2026 05:09:46.419 INFO [main] org.apache.catalina.core.StandardService.startInternal Starting service [Catalina]
29-Jun-2026 05:09:46.419 INFO [main] org.apache.catalina.core.StandardEngine.startInternal Starting Servlet engine: [Apache Tomcat/11.0.22]
29-Jun-2026 05:09:46.442 INFO [main] org.apache.catalina.startup.HostConfig.deployWAR Deploying web application archive [/usr/local/tomcat/webapps/lpu-reservation-system.war]
29-Jun-2026 05:09:49.308 INFO [main] org.apache.jasper.servlet.TldScanner.scanJars At least one JAR was scanned for TLDs yet contained no TLDs. Enable debug logging for this logger for a complete list of JARs that were scanned but no TLDs were found in them. Skipping unneeded JARs during scanning can improve startup time and JSP compilation time.
29-Jun-2026 05:09:49.756 INFO [main] org.apache.catalina.startup.HostConfig.deployWAR Deployment of web application archive [/usr/local/tomcat/webapps/lpu-reservation-system.war] has finished in [3,313] ms
29-Jun-2026 05:09:49.758 INFO [main] org.apache.coyote.AbstractProtocol.start Starting ProtocolHandler ["http-nio-8080"]
29-Jun-2026 05:09:49.767 INFO [main] org.apache.catalina.startup.Catalina.start Server startup in [3392] milliseconds
29-Jun-2026 05:13:05.207 INFO [Thread-1] org.apache.coyote.AbstractProtocol.pause Pausing ProtocolHandler ["http-nio-8080"]
29-Jun-2026 05:13:05.222 INFO [Thread-1] org.apache.catalina.core.StandardService.stopInternal Stopping service [Catalina]
29-Jun-2026 05:13:08.434 INFO [main] org.apache.catalina.startup.VersionLoggerListener.log Server version name:   Apache Tomcat/11.0.22
29-Jun-2026 05:13:08.441 INFO [main] org.apache.catalina.startup.VersionLoggerListener.log Server built:          May 1 2026 18:29:05 UTC
29-Jun-2026 05:13:08.441 INFO [main] org.apache.catalina.startup.VersionLoggerListener.log Server version number: 11.0.22.0
29-Jun-2026 05:13:08.441 INFO [main] org.apache.catalina.startup.VersionLoggerListener.log OS Name:               Linux
29-Jun-2026 05:13:08.441 INFO [main] org.apache.catalina.startup.VersionLoggerListener.log OS Version:            6.12.76-linuxkit
29-Jun-2026 05:13:08.441 INFO [main] org.apache.catalina.startup.VersionLoggerListener.log Architecture:          aarch64
29-Jun-2026 05:13:08.442 INFO [main] org.apache.catalina.startup.VersionLoggerListener.log Java Home:             /opt/java/openjdk
29-Jun-2026 05:13:08.442 INFO [main] org.apache.catalina.startup.VersionLoggerListener.log JVM Version:           21.0.11+10-LTS
29-Jun-2026 05:13:08.442 INFO [main] org.apache.catalina.startup.VersionLoggerListener.log JVM Vendor:            Eclipse Adoptium
29-Jun-2026 05:13:08.442 INFO [main] org.apache.catalina.startup.VersionLoggerListener.log CATALINA_BASE:         /usr/local/tomcat
29-Jun-2026 05:13:08.442 INFO [main] org.apache.catalina.startup.VersionLoggerListener.log CATALINA_HOME:         /usr/local/tomcat
29-Jun-2026 05:13:08.450 INFO [main] org.apache.catalina.startup.VersionLoggerListener.log Command line argument: -Djava.util.logging.config.file=/usr/local/tomcat/conf/logging.properties
29-Jun-2026 05:13:08.456 INFO [main] org.apache.catalina.startup.VersionLoggerListener.log Command line argument: -Djava.util.logging.manager=org.apache.juli.ClassLoaderLogManager
29-Jun-2026 05:13:08.456 INFO [main] org.apache.catalina.startup.VersionLoggerListener.log Command line argument: -Djdk.tls.ephemeralDHKeySize=2048
29-Jun-2026 05:13:08.456 INFO [main] org.apache.catalina.startup.VersionLoggerListener.log Command line argument: -Dorg.apache.catalina.security.SecurityListener.UMASK=0027
29-Jun-2026 05:13:08.456 INFO [main] org.apache.catalina.startup.VersionLoggerListener.log Command line argument: --add-opens=java.base/java.lang=ALL-UNNAMED
29-Jun-2026 05:13:08.456 INFO [main] org.apache.catalina.startup.VersionLoggerListener.log Command line argument: --add-opens=java.base/java.lang.reflect=ALL-UNNAMED
29-Jun-2026 05:13:08.456 INFO [main] org.apache.catalina.startup.VersionLoggerListener.log Command line argument: --add-opens=java.base/java.io=ALL-UNNAMED
29-Jun-2026 05:13:08.456 INFO [main] org.apache.catalina.startup.VersionLoggerListener.log Command line argument: --add-opens=java.base/java.util=ALL-UNNAMED
29-Jun-2026 05:13:08.456 INFO [main] org.apache.catalina.startup.VersionLoggerListener.log Command line argument: --add-opens=java.base/java.util.concurrent=ALL-UNNAMED
29-Jun-2026 05:13:08.456 INFO [main] org.apache.catalina.startup.VersionLoggerListener.log Command line argument: --add-opens=java.rmi/sun.rmi.transport=ALL-UNNAMED
29-Jun-2026 05:13:08.456 INFO [main] org.apache.catalina.startup.VersionLoggerListener.log Command line argument: --enable-native-access=ALL-UNNAMED
29-Jun-2026 05:13:08.457 INFO [main] org.apache.catalina.startup.VersionLoggerListener.log Command line argument: -Dcatalina.base=/usr/local/tomcat
29-Jun-2026 05:13:08.457 INFO [main] org.apache.catalina.startup.VersionLoggerListener.log Command line argument: -Dcatalina.home=/usr/local/tomcat
29-Jun-2026 05:13:08.457 INFO [main] org.apache.catalina.startup.VersionLoggerListener.log Command line argument: -Djava.io.tmpdir=/usr/local/tomcat/temp
29-Jun-2026 05:13:08.463 INFO [main] org.apache.catalina.core.AprLifecycleListener.lifecycleEvent Loaded Apache Tomcat Native library [2.0.14] using APR version [1.7.2].
29-Jun-2026 05:13:08.471 INFO [main] org.apache.catalina.core.AprLifecycleListener.initializeSSL OpenSSL successfully initialized [OpenSSL 3.0.13 30 Jan 2024]
29-Jun-2026 05:13:08.725 INFO [main] org.apache.coyote.AbstractProtocol.init Initializing ProtocolHandler ["http-nio-8080"]
29-Jun-2026 05:13:08.799 INFO [main] org.apache.catalina.startup.Catalina.load Server initialization in [605] milliseconds
29-Jun-2026 05:13:08.853 INFO [main] org.apache.catalina.core.StandardService.startInternal Starting service [Catalina]
29-Jun-2026 05:13:08.853 INFO [main] org.apache.catalina.core.StandardEngine.startInternal Starting Servlet engine: [Apache Tomcat/11.0.22]
29-Jun-2026 05:13:08.876 INFO [main] org.apache.catalina.startup.HostConfig.deployWAR Deploying web application archive [/usr/local/tomcat/webapps/lpu-reservation-system.war]
29-Jun-2026 05:13:12.584 INFO [main] org.apache.jasper.servlet.TldScanner.scanJars At least one JAR was scanned for TLDs yet contained no TLDs. Enable debug logging for this logger for a complete list of JARs that were scanned but no TLDs were found in them. Skipping unneeded JARs during scanning can improve startup time and JSP compilation time.
29-Jun-2026 05:13:13.043 INFO [main] org.apache.catalina.startup.HostConfig.deployWAR Deployment of web application archive [/usr/local/tomcat/webapps/lpu-reservation-system.war] has finished in [4,167] ms
29-Jun-2026 05:13:13.051 INFO [main] org.apache.coyote.AbstractProtocol.start Starting ProtocolHandler ["http-nio-8080"]
29-Jun-2026 05:13:13.064 INFO [main] org.apache.catalina.startup.Catalina.start Server startup in [4262] milliseconds
29-Jun-2026 05:17:02.483 INFO [Catalina-utility-1] org.apache.catalina.startup.HostConfig.undeploy Undeploying context [/lpu-reservation-system]
29-Jun-2026 05:17:02.523 WARNING [Catalina-utility-1] org.apache.catalina.loader.WebappClassLoaderBase.clearReferencesJdbc The web application [lpu-reservation-system] registered the JDBC driver [org.postgresql.Driver] but failed to unregister it when the web application was stopped. To prevent a memory leak, the JDBC Driver has been forcibly unregistered.
29-Jun-2026 05:17:02.562 INFO [Catalina-utility-1] org.apache.catalina.startup.HostConfig.deployWAR Deploying web application archive [/usr/local/tomcat/webapps/lpu-reservation-system-0.0.1-SNAPSHOT.war]
29-Jun-2026 05:17:04.443 INFO [Catalina-utility-1] org.apache.jasper.servlet.TldScanner.scanJars At least one JAR was scanned for TLDs yet contained no TLDs. Enable debug logging for this logger for a complete list of JARs that were scanned but no TLDs were found in them. Skipping unneeded JARs during scanning can improve startup time and JSP compilation time.
29-Jun-2026 05:17:04.730 INFO [Catalina-utility-1] org.apache.catalina.startup.HostConfig.deployWAR Deployment of web application archive [/usr/local/tomcat/webapps/lpu-reservation-system-0.0.1-SNAPSHOT.war] has finished in [2,168] ms
29-Jun-2026 05:17:10.913 INFO [Thread-1] org.apache.coyote.AbstractProtocol.pause Pausing ProtocolHandler ["http-nio-8080"]
29-Jun-2026 05:17:10.922 INFO [Thread-1] org.apache.catalina.core.StandardService.stopInternal Stopping service [Catalina]
29-Jun-2026 05:17:10.966 INFO [Thread-1] org.apache.coyote.AbstractProtocol.stop Stopping ProtocolHandler ["http-nio-8080"]
29-Jun-2026 05:17:10.993 INFO [Thread-1] org.apache.coyote.AbstractProtocol.destroy Destroying ProtocolHandler ["http-nio-8080"]
29-Jun-2026 05:17:12.775 INFO [main] org.apache.catalina.startup.VersionLoggerListener.log Server version name:   Apache Tomcat/11.0.22
29-Jun-2026 05:17:12.779 INFO [main] org.apache.catalina.startup.VersionLoggerListener.log Server built:          May 1 2026 18:29:05 UTC
29-Jun-2026 05:17:12.779 INFO [main] org.apache.catalina.startup.VersionLoggerListener.log Server version number: 11.0.22.0
29-Jun-2026 05:17:12.779 INFO [main] org.apache.catalina.startup.VersionLoggerListener.log OS Name:               Linux
29-Jun-2026 05:17:12.779 INFO [main] org.apache.catalina.startup.VersionLoggerListener.log OS Version:            6.12.76-linuxkit
29-Jun-2026 05:17:12.780 INFO [main] org.apache.catalina.startup.VersionLoggerListener.log Architecture:          aarch64
29-Jun-2026 05:17:12.780 INFO [main] org.apache.catalina.startup.VersionLoggerListener.log Java Home:             /opt/java/openjdk
29-Jun-2026 05:17:12.780 INFO [main] org.apache.catalina.startup.VersionLoggerListener.log JVM Version:           21.0.11+10-LTS
29-Jun-2026 05:17:12.780 INFO [main] org.apache.catalina.startup.VersionLoggerListener.log JVM Vendor:            Eclipse Adoptium
29-Jun-2026 05:17:12.780 INFO [main] org.apache.catalina.startup.VersionLoggerListener.log CATALINA_BASE:         /usr/local/tomcat
29-Jun-2026 05:17:12.780 INFO [main] org.apache.catalina.startup.VersionLoggerListener.log CATALINA_HOME:         /usr/local/tomcat
29-Jun-2026 05:17:12.789 INFO [main] org.apache.catalina.startup.VersionLoggerListener.log Command line argument: -Djava.util.logging.config.file=/usr/local/tomcat/conf/logging.properties
29-Jun-2026 05:17:12.790 INFO [main] org.apache.catalina.startup.VersionLoggerListener.log Command line argument: -Djava.util.logging.manager=org.apache.juli.ClassLoaderLogManager
29-Jun-2026 05:17:12.791 INFO [main] org.apache.catalina.startup.VersionLoggerListener.log Command line argument: -Djdk.tls.ephemeralDHKeySize=2048
29-Jun-2026 05:17:12.791 INFO [main] org.apache.catalina.startup.VersionLoggerListener.log Command line argument: -Dorg.apache.catalina.security.SecurityListener.UMASK=0027
29-Jun-2026 05:17:12.792 INFO [main] org.apache.catalina.startup.VersionLoggerListener.log Command line argument: --add-opens=java.base/java.lang=ALL-UNNAMED
29-Jun-2026 05:17:12.792 INFO [main] org.apache.catalina.startup.VersionLoggerListener.log Command line argument: --add-opens=java.base/java.lang.reflect=ALL-UNNAMED
29-Jun-2026 05:17:12.792 INFO [main] org.apache.catalina.startup.VersionLoggerListener.log Command line argument: --add-opens=java.base/java.io=ALL-UNNAMED
29-Jun-2026 05:17:12.792 INFO [main] org.apache.catalina.startup.VersionLoggerListener.log Command line argument: --add-opens=java.base/java.util=ALL-UNNAMED
29-Jun-2026 05:17:12.792 INFO [main] org.apache.catalina.startup.VersionLoggerListener.log Command line argument: --add-opens=java.base/java.util.concurrent=ALL-UNNAMED
29-Jun-2026 05:17:12.792 INFO [main] org.apache.catalina.startup.VersionLoggerListener.log Command line argument: --add-opens=java.rmi/sun.rmi.transport=ALL-UNNAMED
29-Jun-2026 05:17:12.792 INFO [main] org.apache.catalina.startup.VersionLoggerListener.log Command line argument: --enable-native-access=ALL-UNNAMED
29-Jun-2026 05:17:12.792 INFO [main] org.apache.catalina.startup.VersionLoggerListener.log Command line argument: -Dcatalina.base=/usr/local/tomcat
29-Jun-2026 05:17:12.792 INFO [main] org.apache.catalina.startup.VersionLoggerListener.log Command line argument: -Dcatalina.home=/usr/local/tomcat
29-Jun-2026 05:17:12.792 INFO [main] org.apache.catalina.startup.VersionLoggerListener.log Command line argument: -Djava.io.tmpdir=/usr/local/tomcat/temp
29-Jun-2026 05:17:12.795 INFO [main] org.apache.catalina.core.AprLifecycleListener.lifecycleEvent Loaded Apache Tomcat Native library [2.0.14] using APR version [1.7.2].
29-Jun-2026 05:17:12.798 INFO [main] org.apache.catalina.core.AprLifecycleListener.initializeSSL OpenSSL successfully initialized [OpenSSL 3.0.13 30 Jan 2024]
29-Jun-2026 05:17:13.017 INFO [main] org.apache.coyote.AbstractProtocol.init Initializing ProtocolHandler ["http-nio-8080"]
29-Jun-2026 05:17:13.034 INFO [main] org.apache.catalina.startup.Catalina.load Server initialization in [409] milliseconds
29-Jun-2026 05:17:13.067 INFO [main] org.apache.catalina.core.StandardService.startInternal Starting service [Catalina]
29-Jun-2026 05:17:13.067 INFO [main] org.apache.catalina.core.StandardEngine.startInternal Starting Servlet engine: [Apache Tomcat/11.0.22]
29-Jun-2026 05:17:13.094 INFO [main] org.apache.catalina.startup.HostConfig.deployWAR Deploying web application archive [/usr/local/tomcat/webapps/lpu-reservation-system.war]
29-Jun-2026 05:17:15.950 INFO [main] org.apache.jasper.servlet.TldScanner.scanJars At least one JAR was scanned for TLDs yet contained no TLDs. Enable debug logging for this logger for a complete list of JARs that were scanned but no TLDs were found in them. Skipping unneeded JARs during scanning can improve startup time and JSP compilation time.
29-Jun-2026 05:17:16.360 INFO [main] org.apache.catalina.startup.HostConfig.deployWAR Deployment of web application archive [/usr/local/tomcat/webapps/lpu-reservation-system.war] has finished in [3,267] ms
29-Jun-2026 05:17:16.363 INFO [main] org.apache.coyote.AbstractProtocol.start Starting ProtocolHandler ["http-nio-8080"]
29-Jun-2026 05:17:16.376 INFO [main] org.apache.catalina.startup.Catalina.start Server startup in [3341] milliseconds
29-Jun-2026 05:18:07.471 INFO [Thread-1] org.apache.coyote.AbstractProtocol.pause Pausing ProtocolHandler ["http-nio-8080"]
29-Jun-2026 05:18:07.482 INFO [Thread-1] org.apache.catalina.core.StandardService.stopInternal Stopping service [Catalina]
29-Jun-2026 05:18:07.609 WARNING [Thread-1] org.apache.catalina.loader.WebappClassLoaderBase.clearReferencesJdbc The web application [lpu-reservation-system] registered the JDBC driver [org.postgresql.Driver] but failed to unregister it when the web application was stopped. To prevent a memory leak, the JDBC Driver has been forcibly unregistered.
29-Jun-2026 05:18:07.610 WARNING [Thread-1] org.apache.catalina.loader.WebappClassLoaderBase.clearReferencesThreads The web application [lpu-reservation-system] appears to have started a thread named [Resource Destroyer in BasicResourcePool.close()] but has failed to stop it. This is very likely to create a memory leak. Stack trace of thread:
 java.base/java.io.RandomAccessFile.open0(Native Method)
 java.base/java.io.RandomAccessFile.open(RandomAccessFile.java:356)
 java.base/java.io.RandomAccessFile.<init>(RandomAccessFile.java:273)
 java.base/java.io.RandomAccessFile.<init>(RandomAccessFile.java:223)
 java.base/java.util.zip.ZipFile$Source.<init>(ZipFile.java:1492)
 java.base/java.util.zip.ZipFile$Source.get(ZipFile.java:1458)
 java.base/java.util.zip.ZipFile$CleanableResource.<init>(ZipFile.java:724)
 java.base/java.util.zip.ZipFile.<init>(ZipFile.java:251)
 java.base/java.util.zip.ZipFile.<init>(ZipFile.java:180)
 java.base/java.util.jar.JarFile.<init>(JarFile.java:345)
 org.apache.catalina.webresources.AbstractArchiveResourceSet.openJarFile(AbstractArchiveResourceSet.java:367)
 org.apache.catalina.webresources.AbstractSingleArchiveResourceSet.getArchiveEntry(AbstractSingleArchiveResourceSet.java:95)
 org.apache.catalina.webresources.AbstractArchiveResourceSet.getResource(AbstractArchiveResourceSet.java:286)
 org.apache.catalina.webresources.StandardRoot.getResourceInternal(StandardRoot.java:273)
 org.apache.catalina.webresources.Cache.getResource(Cache.java:64)
 org.apache.catalina.webresources.StandardRoot.getResource(StandardRoot.java:212)
 org.apache.catalina.webresources.StandardRoot.getClassLoaderResource(StandardRoot.java:221)
 org.apache.catalina.loader.WebappClassLoaderBase.findClassInternal(WebappClassLoaderBase.java:2065)
 org.apache.catalina.loader.WebappClassLoaderBase.findClass(WebappClassLoaderBase.java:693)
 org.apache.catalina.loader.WebappClassLoaderBase.loadClass(WebappClassLoaderBase.java:1186)
 org.apache.catalina.loader.WebappClassLoaderBase.loadClass(WebappClassLoaderBase.java:1056)
 com.mchange.v2.resourcepool.BasicResourcePool.destroyResource(BasicResourcePool.java:1130)
 com.mchange.v2.resourcepool.BasicResourcePool.destroyResource(BasicResourcePool.java:1100)
 com.mchange.v2.resourcepool.BasicResourcePool.access$100(BasicResourcePool.java:44)
 com.mchange.v2.resourcepool.BasicResourcePool$5.run(BasicResourcePool.java:1354)
29-Jun-2026 05:18:07.668 INFO [Thread-1] org.apache.coyote.AbstractProtocol.stop Stopping ProtocolHandler ["http-nio-8080"]
29-Jun-2026 05:18:07.672 INFO [Resource Destroyer in BasicResourcePool.close()] org.apache.catalina.loader.WebappClassLoaderBase.checkStateForResourceLoading Illegal access: this web application instance has been stopped already. Could not load [com.mchange.v2.resourcepool.BasicResourcePool$1DestroyResourceTask]. The following stack trace is thrown for debugging purposes as well as to attempt to terminate the thread which caused the illegal access.
	java.lang.IllegalStateException: Illegal access: this web application instance has been stopped already. Could not load [com.mchange.v2.resourcepool.BasicResourcePool$1DestroyResourceTask]. The following stack trace is thrown for debugging purposes as well as to attempt to terminate the thread which caused the illegal access.
		at org.apache.catalina.loader.WebappClassLoaderBase.checkStateForResourceLoading(WebappClassLoaderBase.java:1244)
		at org.apache.catalina.loader.WebappClassLoaderBase.checkStateForClassLoading(WebappClassLoaderBase.java:1233)
		at org.apache.catalina.loader.WebappClassLoaderBase.loadClass(WebappClassLoaderBase.java:1089)
		at org.apache.catalina.loader.WebappClassLoaderBase.loadClass(WebappClassLoaderBase.java:1056)
		at com.mchange.v2.resourcepool.BasicResourcePool.destroyResource(BasicResourcePool.java:1130)
		at com.mchange.v2.resourcepool.BasicResourcePool.destroyResource(BasicResourcePool.java:1100)
		at com.mchange.v2.resourcepool.BasicResourcePool.access$100(BasicResourcePool.java:44)
		at com.mchange.v2.resourcepool.BasicResourcePool$5.run(BasicResourcePool.java:1354)
29-Jun-2026 05:18:07.698 INFO [Thread-1] org.apache.coyote.AbstractProtocol.destroy Destroying ProtocolHandler ["http-nio-8080"]
29-Jun-2026 23:31:57.106 INFO [main] org.apache.catalina.startup.VersionLoggerListener.log Server version name:   Apache Tomcat/11.0.22
29-Jun-2026 23:31:57.109 INFO [main] org.apache.catalina.startup.VersionLoggerListener.log Server built:          May 1 2026 18:29:05 UTC
29-Jun-2026 23:31:57.110 INFO [main] org.apache.catalina.startup.VersionLoggerListener.log Server version number: 11.0.22.0
29-Jun-2026 23:31:57.110 INFO [main] org.apache.catalina.startup.VersionLoggerListener.log OS Name:               Linux
29-Jun-2026 23:31:57.110 INFO [main] org.apache.catalina.startup.VersionLoggerListener.log OS Version:            6.12.76-linuxkit
29-Jun-2026 23:31:57.110 INFO [main] org.apache.catalina.startup.VersionLoggerListener.log Architecture:          aarch64
29-Jun-2026 23:31:57.110 INFO [main] org.apache.catalina.startup.VersionLoggerListener.log Java Home:             /opt/java/openjdk
29-Jun-2026 23:31:57.110 INFO [main] org.apache.catalina.startup.VersionLoggerListener.log JVM Version:           21.0.11+10-LTS
29-Jun-2026 23:31:57.110 INFO [main] org.apache.catalina.startup.VersionLoggerListener.log JVM Vendor:            Eclipse Adoptium
29-Jun-2026 23:31:57.110 INFO [main] org.apache.catalina.startup.VersionLoggerListener.log CATALINA_BASE:         /usr/local/tomcat
29-Jun-2026 23:31:57.110 INFO [main] org.apache.catalina.startup.VersionLoggerListener.log CATALINA_HOME:         /usr/local/tomcat
29-Jun-2026 23:31:57.119 INFO [main] org.apache.catalina.startup.VersionLoggerListener.log Command line argument: -Djava.util.logging.config.file=/usr/local/tomcat/conf/logging.properties
29-Jun-2026 23:31:57.119 INFO [main] org.apache.catalina.startup.VersionLoggerListener.log Command line argument: -Djava.util.logging.manager=org.apache.juli.ClassLoaderLogManager
29-Jun-2026 23:31:57.119 INFO [main] org.apache.catalina.startup.VersionLoggerListener.log Command line argument: -Djdk.tls.ephemeralDHKeySize=2048
29-Jun-2026 23:31:57.119 INFO [main] org.apache.catalina.startup.VersionLoggerListener.log Command line argument: -Dorg.apache.catalina.security.SecurityListener.UMASK=0027
29-Jun-2026 23:31:57.120 INFO [main] org.apache.catalina.startup.VersionLoggerListener.log Command line argument: --add-opens=java.base/java.lang=ALL-UNNAMED
29-Jun-2026 23:31:57.120 INFO [main] org.apache.catalina.startup.VersionLoggerListener.log Command line argument: --add-opens=java.base/java.lang.reflect=ALL-UNNAMED
29-Jun-2026 23:31:57.120 INFO [main] org.apache.catalina.startup.VersionLoggerListener.log Command line argument: --add-opens=java.base/java.io=ALL-UNNAMED
29-Jun-2026 23:31:57.120 INFO [main] org.apache.catalina.startup.VersionLoggerListener.log Command line argument: --add-opens=java.base/java.util=ALL-UNNAMED
29-Jun-2026 23:31:57.120 INFO [main] org.apache.catalina.startup.VersionLoggerListener.log Command line argument: --add-opens=java.base/java.util.concurrent=ALL-UNNAMED
29-Jun-2026 23:31:57.120 INFO [main] org.apache.catalina.startup.VersionLoggerListener.log Command line argument: --add-opens=java.rmi/sun.rmi.transport=ALL-UNNAMED
29-Jun-2026 23:31:57.120 INFO [main] org.apache.catalina.startup.VersionLoggerListener.log Command line argument: --enable-native-access=ALL-UNNAMED
29-Jun-2026 23:31:57.120 INFO [main] org.apache.catalina.startup.VersionLoggerListener.log Command line argument: -Dcatalina.base=/usr/local/tomcat
29-Jun-2026 23:31:57.120 INFO [main] org.apache.catalina.startup.VersionLoggerListener.log Command line argument: -Dcatalina.home=/usr/local/tomcat
29-Jun-2026 23:31:57.120 INFO [main] org.apache.catalina.startup.VersionLoggerListener.log Command line argument: -Djava.io.tmpdir=/usr/local/tomcat/temp
29-Jun-2026 23:31:57.127 INFO [main] org.apache.catalina.core.AprLifecycleListener.lifecycleEvent Loaded Apache Tomcat Native library [2.0.14] using APR version [1.7.2].
29-Jun-2026 23:31:57.134 INFO [main] org.apache.catalina.core.AprLifecycleListener.initializeSSL OpenSSL successfully initialized [OpenSSL 3.0.13 30 Jan 2024]
29-Jun-2026 23:31:57.294 INFO [main] org.apache.coyote.AbstractProtocol.init Initializing ProtocolHandler ["http-nio-8080"]
29-Jun-2026 23:31:57.310 INFO [main] org.apache.catalina.startup.Catalina.load Server initialization in [319] milliseconds
29-Jun-2026 23:31:57.355 INFO [main] org.apache.catalina.core.StandardService.startInternal Starting service [Catalina]
29-Jun-2026 23:31:57.356 INFO [main] org.apache.catalina.core.StandardEngine.startInternal Starting Servlet engine: [Apache Tomcat/11.0.22]
29-Jun-2026 23:31:57.371 INFO [main] org.apache.catalina.startup.HostConfig.deployWAR Deploying web application archive [/usr/local/tomcat/webapps/lpu-reservation-system.war]
29-Jun-2026 23:31:57.379 INFO [main] org.apache.catalina.startup.ExpandWar.expand An expanded directory [/usr/local/tomcat/webapps/lpu-reservation-system] was found with a last modified time that did not match the associated WAR. It will be deleted.
29-Jun-2026 23:31:59.636 INFO [main] org.apache.jasper.servlet.TldScanner.scanJars At least one JAR was scanned for TLDs yet contained no TLDs. Enable debug logging for this logger for a complete list of JARs that were scanned but no TLDs were found in them. Skipping unneeded JARs during scanning can improve startup time and JSP compilation time.
29-Jun-2026 23:31:59.988 INFO [main] org.apache.catalina.startup.HostConfig.deployWAR Deployment of web application archive [/usr/local/tomcat/webapps/lpu-reservation-system.war] has finished in [2,616] ms
29-Jun-2026 23:31:59.990 INFO [main] org.apache.coyote.AbstractProtocol.start Starting ProtocolHandler ["http-nio-8080"]
29-Jun-2026 23:32:00.002 INFO [main] org.apache.catalina.startup.Catalina.start Server startup in [2690] milliseconds
29-Jun-2026 23:36:40.081 INFO [Thread-1] org.apache.coyote.AbstractProtocol.pause Pausing ProtocolHandler ["http-nio-8080"]
29-Jun-2026 23:36:40.108 INFO [Thread-1] org.apache.catalina.core.StandardService.stopInternal Stopping service [Catalina]
29-Jun-2026 23:36:40.125 INFO [Thread-1] org.apache.coyote.AbstractProtocol.stop Stopping ProtocolHandler ["http-nio-8080"]
29-Jun-2026 23:36:40.128 INFO [Thread-1] org.apache.coyote.AbstractProtocol.destroy Destroying ProtocolHandler ["http-nio-8080"]
29-Jun-2026 23:37:31.070 INFO [main] org.apache.catalina.startup.VersionLoggerListener.log Server version name:   Apache Tomcat/11.0.22
29-Jun-2026 23:37:31.080 INFO [main] org.apache.catalina.startup.VersionLoggerListener.log Server built:          May 1 2026 18:29:05 UTC
29-Jun-2026 23:37:31.081 INFO [main] org.apache.catalina.startup.VersionLoggerListener.log Server version number: 11.0.22.0
29-Jun-2026 23:37:31.081 INFO [main] org.apache.catalina.startup.VersionLoggerListener.log OS Name:               Linux
29-Jun-2026 23:37:31.081 INFO [main] org.apache.catalina.startup.VersionLoggerListener.log OS Version:            6.12.76-linuxkit
29-Jun-2026 23:37:31.081 INFO [main] org.apache.catalina.startup.VersionLoggerListener.log Architecture:          aarch64
29-Jun-2026 23:37:31.082 INFO [main] org.apache.catalina.startup.VersionLoggerListener.log Java Home:             /opt/java/openjdk
29-Jun-2026 23:37:31.083 INFO [main] org.apache.catalina.startup.VersionLoggerListener.log JVM Version:           21.0.11+10-LTS
29-Jun-2026 23:37:31.083 INFO [main] org.apache.catalina.startup.VersionLoggerListener.log JVM Vendor:            Eclipse Adoptium
29-Jun-2026 23:37:31.083 INFO [main] org.apache.catalina.startup.VersionLoggerListener.log CATALINA_BASE:         /usr/local/tomcat
29-Jun-2026 23:37:31.083 INFO [main] org.apache.catalina.startup.VersionLoggerListener.log CATALINA_HOME:         /usr/local/tomcat
29-Jun-2026 23:37:31.100 INFO [main] org.apache.catalina.startup.VersionLoggerListener.log Command line argument: -Djava.util.logging.config.file=/usr/local/tomcat/conf/logging.properties
29-Jun-2026 23:37:31.101 INFO [main] org.apache.catalina.startup.VersionLoggerListener.log Command line argument: -Djava.util.logging.manager=org.apache.juli.ClassLoaderLogManager
29-Jun-2026 23:37:31.102 INFO [main] org.apache.catalina.startup.VersionLoggerListener.log Command line argument: -Djdk.tls.ephemeralDHKeySize=2048
29-Jun-2026 23:37:31.102 INFO [main] org.apache.catalina.startup.VersionLoggerListener.log Command line argument: -Dorg.apache.catalina.security.SecurityListener.UMASK=0027
29-Jun-2026 23:37:31.102 INFO [main] org.apache.catalina.startup.VersionLoggerListener.log Command line argument: --add-opens=java.base/java.lang=ALL-UNNAMED
29-Jun-2026 23:37:31.108 INFO [main] org.apache.catalina.startup.VersionLoggerListener.log Command line argument: --add-opens=java.base/java.lang.reflect=ALL-UNNAMED
29-Jun-2026 23:37:31.108 INFO [main] org.apache.catalina.startup.VersionLoggerListener.log Command line argument: --add-opens=java.base/java.io=ALL-UNNAMED
29-Jun-2026 23:37:31.108 INFO [main] org.apache.catalina.startup.VersionLoggerListener.log Command line argument: --add-opens=java.base/java.util=ALL-UNNAMED
29-Jun-2026 23:37:31.108 INFO [main] org.apache.catalina.startup.VersionLoggerListener.log Command line argument: --add-opens=java.base/java.util.concurrent=ALL-UNNAMED
29-Jun-2026 23:37:31.108 INFO [main] org.apache.catalina.startup.VersionLoggerListener.log Command line argument: --add-opens=java.rmi/sun.rmi.transport=ALL-UNNAMED
29-Jun-2026 23:37:31.109 INFO [main] org.apache.catalina.startup.VersionLoggerListener.log Command line argument: --enable-native-access=ALL-UNNAMED
29-Jun-2026 23:37:31.109 INFO [main] org.apache.catalina.startup.VersionLoggerListener.log Command line argument: -Dcatalina.base=/usr/local/tomcat
29-Jun-2026 23:37:31.111 INFO [main] org.apache.catalina.startup.VersionLoggerListener.log Command line argument: -Dcatalina.home=/usr/local/tomcat
29-Jun-2026 23:37:31.111 INFO [main] org.apache.catalina.startup.VersionLoggerListener.log Command line argument: -Djava.io.tmpdir=/usr/local/tomcat/temp
29-Jun-2026 23:37:31.130 INFO [main] org.apache.catalina.core.AprLifecycleListener.lifecycleEvent Loaded Apache Tomcat Native library [2.0.14] using APR version [1.7.2].
29-Jun-2026 23:37:31.143 INFO [main] org.apache.catalina.core.AprLifecycleListener.initializeSSL OpenSSL successfully initialized [OpenSSL 3.0.13 30 Jan 2024]
29-Jun-2026 23:37:31.375 INFO [main] org.apache.coyote.AbstractProtocol.init Initializing ProtocolHandler ["http-nio-8080"]
29-Jun-2026 23:37:31.391 INFO [main] org.apache.catalina.startup.Catalina.load Server initialization in [965] milliseconds
29-Jun-2026 23:37:31.425 INFO [main] org.apache.catalina.core.StandardService.startInternal Starting service [Catalina]
29-Jun-2026 23:37:31.425 INFO [main] org.apache.catalina.core.StandardEngine.startInternal Starting Servlet engine: [Apache Tomcat/11.0.22]
29-Jun-2026 23:37:31.443 INFO [main] org.apache.catalina.startup.HostConfig.deployWAR Deploying web application archive [/usr/local/tomcat/webapps/lpu-reservation-system.war]
29-Jun-2026 23:37:31.457 INFO [main] org.apache.catalina.startup.ExpandWar.expand An expanded directory [/usr/local/tomcat/webapps/lpu-reservation-system] was found with a last modified time that did not match the associated WAR. It will be deleted.
29-Jun-2026 23:37:34.114 INFO [main] org.apache.jasper.servlet.TldScanner.scanJars At least one JAR was scanned for TLDs yet contained no TLDs. Enable debug logging for this logger for a complete list of JARs that were scanned but no TLDs were found in them. Skipping unneeded JARs during scanning can improve startup time and JSP compilation time.
29-Jun-2026 23:37:34.834 INFO [main] org.apache.catalina.startup.HostConfig.deployWAR Deployment of web application archive [/usr/local/tomcat/webapps/lpu-reservation-system.war] has finished in [3,390] ms
29-Jun-2026 23:37:34.838 INFO [main] org.apache.coyote.AbstractProtocol.start Starting ProtocolHandler ["http-nio-8080"]
29-Jun-2026 23:37:34.861 INFO [main] org.apache.catalina.startup.Catalina.start Server startup in [3468] milliseconds
29-Jun-2026 23:45:18.209 INFO [Thread-1] org.apache.coyote.AbstractProtocol.pause Pausing ProtocolHandler ["http-nio-8080"]
29-Jun-2026 23:45:18.372 INFO [Thread-1] org.apache.catalina.core.StandardService.stopInternal Stopping service [Catalina]
29-Jun-2026 23:45:18.614 INFO [Thread-1] org.apache.coyote.AbstractProtocol.stop Stopping ProtocolHandler ["http-nio-8080"]
29-Jun-2026 23:45:18.664 INFO [Thread-1] org.apache.coyote.AbstractProtocol.destroy Destroying ProtocolHandler ["http-nio-8080"]
29-Jun-2026 23:45:24.524 INFO [main] org.apache.catalina.startup.VersionLoggerListener.log Server version name:   Apache Tomcat/11.0.22
29-Jun-2026 23:45:24.529 INFO [main] org.apache.catalina.startup.VersionLoggerListener.log Server built:          May 1 2026 18:29:05 UTC
29-Jun-2026 23:45:24.529 INFO [main] org.apache.catalina.startup.VersionLoggerListener.log Server version number: 11.0.22.0
29-Jun-2026 23:45:24.530 INFO [main] org.apache.catalina.startup.VersionLoggerListener.log OS Name:               Linux
29-Jun-2026 23:45:24.530 INFO [main] org.apache.catalina.startup.VersionLoggerListener.log OS Version:            6.12.76-linuxkit
29-Jun-2026 23:45:24.530 INFO [main] org.apache.catalina.startup.VersionLoggerListener.log Architecture:          aarch64
29-Jun-2026 23:45:24.531 INFO [main] org.apache.catalina.startup.VersionLoggerListener.log Java Home:             /opt/java/openjdk
29-Jun-2026 23:45:24.531 INFO [main] org.apache.catalina.startup.VersionLoggerListener.log JVM Version:           21.0.11+10-LTS
29-Jun-2026 23:45:24.531 INFO [main] org.apache.catalina.startup.VersionLoggerListener.log JVM Vendor:            Eclipse Adoptium
29-Jun-2026 23:45:24.531 INFO [main] org.apache.catalina.startup.VersionLoggerListener.log CATALINA_BASE:         /usr/local/tomcat
29-Jun-2026 23:45:24.531 INFO [main] org.apache.catalina.startup.VersionLoggerListener.log CATALINA_HOME:         /usr/local/tomcat
29-Jun-2026 23:45:24.553 INFO [main] org.apache.catalina.startup.VersionLoggerListener.log Command line argument: -Djava.util.logging.config.file=/usr/local/tomcat/conf/logging.properties
29-Jun-2026 23:45:24.553 INFO [main] org.apache.catalina.startup.VersionLoggerListener.log Command line argument: -Djava.util.logging.manager=org.apache.juli.ClassLoaderLogManager
29-Jun-2026 23:45:24.553 INFO [main] org.apache.catalina.startup.VersionLoggerListener.log Command line argument: -Djdk.tls.ephemeralDHKeySize=2048
29-Jun-2026 23:45:24.554 INFO [main] org.apache.catalina.startup.VersionLoggerListener.log Command line argument: -Dorg.apache.catalina.security.SecurityListener.UMASK=0027
29-Jun-2026 23:45:24.554 INFO [main] org.apache.catalina.startup.VersionLoggerListener.log Command line argument: --add-opens=java.base/java.lang=ALL-UNNAMED
29-Jun-2026 23:45:24.554 INFO [main] org.apache.catalina.startup.VersionLoggerListener.log Command line argument: --add-opens=java.base/java.lang.reflect=ALL-UNNAMED
29-Jun-2026 23:45:24.554 INFO [main] org.apache.catalina.startup.VersionLoggerListener.log Command line argument: --add-opens=java.base/java.io=ALL-UNNAMED
29-Jun-2026 23:45:24.554 INFO [main] org.apache.catalina.startup.VersionLoggerListener.log Command line argument: --add-opens=java.base/java.util=ALL-UNNAMED
29-Jun-2026 23:45:24.554 INFO [main] org.apache.catalina.startup.VersionLoggerListener.log Command line argument: --add-opens=java.base/java.util.concurrent=ALL-UNNAMED
29-Jun-2026 23:45:24.554 INFO [main] org.apache.catalina.startup.VersionLoggerListener.log Command line argument: --add-opens=java.rmi/sun.rmi.transport=ALL-UNNAMED
29-Jun-2026 23:45:24.554 INFO [main] org.apache.catalina.startup.VersionLoggerListener.log Command line argument: --enable-native-access=ALL-UNNAMED
29-Jun-2026 23:45:24.554 INFO [main] org.apache.catalina.startup.VersionLoggerListener.log Command line argument: -Dcatalina.base=/usr/local/tomcat
29-Jun-2026 23:45:24.554 INFO [main] org.apache.catalina.startup.VersionLoggerListener.log Command line argument: -Dcatalina.home=/usr/local/tomcat
29-Jun-2026 23:45:24.554 INFO [main] org.apache.catalina.startup.VersionLoggerListener.log Command line argument: -Djava.io.tmpdir=/usr/local/tomcat/temp
29-Jun-2026 23:45:24.563 INFO [main] org.apache.catalina.core.AprLifecycleListener.lifecycleEvent Loaded Apache Tomcat Native library [2.0.14] using APR version [1.7.2].
29-Jun-2026 23:45:24.572 INFO [main] org.apache.catalina.core.AprLifecycleListener.initializeSSL OpenSSL successfully initialized [OpenSSL 3.0.13 30 Jan 2024]
29-Jun-2026 23:45:24.922 INFO [main] org.apache.coyote.AbstractProtocol.init Initializing ProtocolHandler ["http-nio-8080"]
29-Jun-2026 23:45:24.952 INFO [main] org.apache.catalina.startup.Catalina.load Server initialization in [661] milliseconds
29-Jun-2026 23:45:25.002 INFO [main] org.apache.catalina.core.StandardService.startInternal Starting service [Catalina]
29-Jun-2026 23:45:25.002 INFO [main] org.apache.catalina.core.StandardEngine.startInternal Starting Servlet engine: [Apache Tomcat/11.0.22]
29-Jun-2026 23:45:25.039 INFO [main] org.apache.catalina.startup.HostConfig.deployWAR Deploying web application archive [/usr/local/tomcat/webapps/lpu-reservation-system.war]
29-Jun-2026 23:45:25.056 INFO [main] org.apache.catalina.startup.ExpandWar.expand An expanded directory [/usr/local/tomcat/webapps/lpu-reservation-system] was found with a last modified time that did not match the associated WAR. It will be deleted.
29-Jun-2026 23:45:33.080 INFO [main] org.apache.jasper.servlet.TldScanner.scanJars At least one JAR was scanned for TLDs yet contained no TLDs. Enable debug logging for this logger for a complete list of JARs that were scanned but no TLDs were found in them. Skipping unneeded JARs during scanning can improve startup time and JSP compilation time.
29-Jun-2026 23:45:34.095 INFO [main] org.apache.catalina.startup.HostConfig.deployWAR Deployment of web application archive [/usr/local/tomcat/webapps/lpu-reservation-system.war] has finished in [9,056] ms
29-Jun-2026 23:45:34.109 INFO [main] org.apache.coyote.AbstractProtocol.start Starting ProtocolHandler ["http-nio-8080"]
29-Jun-2026 23:45:34.123 INFO [main] org.apache.catalina.startup.Catalina.start Server startup in [9170] milliseconds
29-Jun-2026 23:52:29.476 INFO [Thread-1] org.apache.coyote.AbstractProtocol.pause Pausing ProtocolHandler ["http-nio-8080"]
29-Jun-2026 23:52:29.936 INFO [Thread-1] org.apache.catalina.core.StandardService.stopInternal Stopping service [Catalina]
29-Jun-2026 23:52:30.266 INFO [Thread-1] org.apache.coyote.AbstractProtocol.stop Stopping ProtocolHandler ["http-nio-8080"]
29-Jun-2026 23:52:30.305 INFO [Thread-1] org.apache.coyote.AbstractProtocol.destroy Destroying ProtocolHandler ["http-nio-8080"]
29-Jun-2026 23:52:33.971 INFO [main] org.apache.catalina.startup.VersionLoggerListener.log Server version name:   Apache Tomcat/11.0.22
29-Jun-2026 23:52:33.977 INFO [main] org.apache.catalina.startup.VersionLoggerListener.log Server built:          May 1 2026 18:29:05 UTC
29-Jun-2026 23:52:33.977 INFO [main] org.apache.catalina.startup.VersionLoggerListener.log Server version number: 11.0.22.0
29-Jun-2026 23:52:33.977 INFO [main] org.apache.catalina.startup.VersionLoggerListener.log OS Name:               Linux
29-Jun-2026 23:52:33.977 INFO [main] org.apache.catalina.startup.VersionLoggerListener.log OS Version:            6.12.76-linuxkit
29-Jun-2026 23:52:33.977 INFO [main] org.apache.catalina.startup.VersionLoggerListener.log Architecture:          aarch64
29-Jun-2026 23:52:33.977 INFO [main] org.apache.catalina.startup.VersionLoggerListener.log Java Home:             /opt/java/openjdk
29-Jun-2026 23:52:33.977 INFO [main] org.apache.catalina.startup.VersionLoggerListener.log JVM Version:           21.0.11+10-LTS
29-Jun-2026 23:52:33.977 INFO [main] org.apache.catalina.startup.VersionLoggerListener.log JVM Vendor:            Eclipse Adoptium
29-Jun-2026 23:52:33.981 INFO [main] org.apache.catalina.startup.VersionLoggerListener.log CATALINA_BASE:         /usr/local/tomcat
29-Jun-2026 23:52:33.981 INFO [main] org.apache.catalina.startup.VersionLoggerListener.log CATALINA_HOME:         /usr/local/tomcat
29-Jun-2026 23:52:33.995 INFO [main] org.apache.catalina.startup.VersionLoggerListener.log Command line argument: -Djava.util.logging.config.file=/usr/local/tomcat/conf/logging.properties
29-Jun-2026 23:52:33.996 INFO [main] org.apache.catalina.startup.VersionLoggerListener.log Command line argument: -Djava.util.logging.manager=org.apache.juli.ClassLoaderLogManager
29-Jun-2026 23:52:33.996 INFO [main] org.apache.catalina.startup.VersionLoggerListener.log Command line argument: -Djdk.tls.ephemeralDHKeySize=2048
29-Jun-2026 23:52:33.996 INFO [main] org.apache.catalina.startup.VersionLoggerListener.log Command line argument: -Dorg.apache.catalina.security.SecurityListener.UMASK=0027
29-Jun-2026 23:52:33.996 INFO [main] org.apache.catalina.startup.VersionLoggerListener.log Command line argument: --add-opens=java.base/java.lang=ALL-UNNAMED
29-Jun-2026 23:52:33.996 INFO [main] org.apache.catalina.startup.VersionLoggerListener.log Command line argument: --add-opens=java.base/java.lang.reflect=ALL-UNNAMED
29-Jun-2026 23:52:33.996 INFO [main] org.apache.catalina.startup.VersionLoggerListener.log Command line argument: --add-opens=java.base/java.io=ALL-UNNAMED
29-Jun-2026 23:52:33.996 INFO [main] org.apache.catalina.startup.VersionLoggerListener.log Command line argument: --add-opens=java.base/java.util=ALL-UNNAMED
29-Jun-2026 23:52:33.996 INFO [main] org.apache.catalina.startup.VersionLoggerListener.log Command line argument: --add-opens=java.base/java.util.concurrent=ALL-UNNAMED
29-Jun-2026 23:52:33.999 INFO [main] org.apache.catalina.startup.VersionLoggerListener.log Command line argument: --add-opens=java.rmi/sun.rmi.transport=ALL-UNNAMED
29-Jun-2026 23:52:33.999 INFO [main] org.apache.catalina.startup.VersionLoggerListener.log Command line argument: --enable-native-access=ALL-UNNAMED
29-Jun-2026 23:52:33.999 INFO [main] org.apache.catalina.startup.VersionLoggerListener.log Command line argument: -Dcatalina.base=/usr/local/tomcat
29-Jun-2026 23:52:33.999 INFO [main] org.apache.catalina.startup.VersionLoggerListener.log Command line argument: -Dcatalina.home=/usr/local/tomcat
29-Jun-2026 23:52:33.999 INFO [main] org.apache.catalina.startup.VersionLoggerListener.log Command line argument: -Djava.io.tmpdir=/usr/local/tomcat/temp
29-Jun-2026 23:52:34.007 INFO [main] org.apache.catalina.core.AprLifecycleListener.lifecycleEvent Loaded Apache Tomcat Native library [2.0.14] using APR version [1.7.2].
29-Jun-2026 23:52:34.018 INFO [main] org.apache.catalina.core.AprLifecycleListener.initializeSSL OpenSSL successfully initialized [OpenSSL 3.0.13 30 Jan 2024]
29-Jun-2026 23:52:34.452 INFO [main] org.apache.coyote.AbstractProtocol.init Initializing ProtocolHandler ["http-nio-8080"]
29-Jun-2026 23:52:34.490 INFO [main] org.apache.catalina.startup.Catalina.load Server initialization in [716] milliseconds
29-Jun-2026 23:52:34.589 INFO [main] org.apache.catalina.core.StandardService.startInternal Starting service [Catalina]
29-Jun-2026 23:52:34.589 INFO [main] org.apache.catalina.core.StandardEngine.startInternal Starting Servlet engine: [Apache Tomcat/11.0.22]
29-Jun-2026 23:52:34.626 INFO [main] org.apache.catalina.startup.HostConfig.deployWAR Deploying web application archive [/usr/local/tomcat/webapps/lpu-reservation-system.war]
29-Jun-2026 23:52:34.649 INFO [main] org.apache.catalina.startup.ExpandWar.expand An expanded directory [/usr/local/tomcat/webapps/lpu-reservation-system] was found with a last modified time that did not match the associated WAR. It will be deleted.
29-Jun-2026 23:52:43.370 INFO [main] org.apache.jasper.servlet.TldScanner.scanJars At least one JAR was scanned for TLDs yet contained no TLDs. Enable debug logging for this logger for a complete list of JARs that were scanned but no TLDs were found in them. Skipping unneeded JARs during scanning can improve startup time and JSP compilation time.
29-Jun-2026 23:52:44.955 INFO [main] org.apache.catalina.startup.HostConfig.deployWAR Deployment of web application archive [/usr/local/tomcat/webapps/lpu-reservation-system.war] has finished in [10,327] ms
29-Jun-2026 23:52:44.978 INFO [main] org.apache.coyote.AbstractProtocol.start Starting ProtocolHandler ["http-nio-8080"]
29-Jun-2026 23:52:45.137 INFO [main] org.apache.catalina.startup.Catalina.start Server startup in [10644] milliseconds
29-Jun-2026 23:55:23.010 INFO [Thread-1] org.apache.coyote.AbstractProtocol.pause Pausing ProtocolHandler ["http-nio-8080"]
29-Jun-2026 23:55:23.478 INFO [Thread-1] org.apache.catalina.core.StandardService.stopInternal Stopping service [Catalina]
29-Jun-2026 23:55:27.309 INFO [main] org.apache.catalina.startup.VersionLoggerListener.log Server version name:   Apache Tomcat/11.0.22
29-Jun-2026 23:55:27.318 INFO [main] org.apache.catalina.startup.VersionLoggerListener.log Server built:          May 1 2026 18:29:05 UTC
29-Jun-2026 23:55:27.318 INFO [main] org.apache.catalina.startup.VersionLoggerListener.log Server version number: 11.0.22.0
29-Jun-2026 23:55:27.319 INFO [main] org.apache.catalina.startup.VersionLoggerListener.log OS Name:               Linux
29-Jun-2026 23:55:27.319 INFO [main] org.apache.catalina.startup.VersionLoggerListener.log OS Version:            6.12.76-linuxkit
29-Jun-2026 23:55:27.319 INFO [main] org.apache.catalina.startup.VersionLoggerListener.log Architecture:          aarch64
29-Jun-2026 23:55:27.319 INFO [main] org.apache.catalina.startup.VersionLoggerListener.log Java Home:             /opt/java/openjdk
29-Jun-2026 23:55:27.319 INFO [main] org.apache.catalina.startup.VersionLoggerListener.log JVM Version:           21.0.11+10-LTS
29-Jun-2026 23:55:27.319 INFO [main] org.apache.catalina.startup.VersionLoggerListener.log JVM Vendor:            Eclipse Adoptium
29-Jun-2026 23:55:27.319 INFO [main] org.apache.catalina.startup.VersionLoggerListener.log CATALINA_BASE:         /usr/local/tomcat
29-Jun-2026 23:55:27.320 INFO [main] org.apache.catalina.startup.VersionLoggerListener.log CATALINA_HOME:         /usr/local/tomcat
29-Jun-2026 23:55:27.338 INFO [main] org.apache.catalina.startup.VersionLoggerListener.log Command line argument: -Djava.util.logging.config.file=/usr/local/tomcat/conf/logging.properties
29-Jun-2026 23:55:27.338 INFO [main] org.apache.catalina.startup.VersionLoggerListener.log Command line argument: -Djava.util.logging.manager=org.apache.juli.ClassLoaderLogManager
29-Jun-2026 23:55:27.339 INFO [main] org.apache.catalina.startup.VersionLoggerListener.log Command line argument: -Djdk.tls.ephemeralDHKeySize=2048
29-Jun-2026 23:55:27.339 INFO [main] org.apache.catalina.startup.VersionLoggerListener.log Command line argument: -Dorg.apache.catalina.security.SecurityListener.UMASK=0027
29-Jun-2026 23:55:27.339 INFO [main] org.apache.catalina.startup.VersionLoggerListener.log Command line argument: --add-opens=java.base/java.lang=ALL-UNNAMED
29-Jun-2026 23:55:27.339 INFO [main] org.apache.catalina.startup.VersionLoggerListener.log Command line argument: --add-opens=java.base/java.lang.reflect=ALL-UNNAMED
29-Jun-2026 23:55:27.339 INFO [main] org.apache.catalina.startup.VersionLoggerListener.log Command line argument: --add-opens=java.base/java.io=ALL-UNNAMED
29-Jun-2026 23:55:27.339 INFO [main] org.apache.catalina.startup.VersionLoggerListener.log Command line argument: --add-opens=java.base/java.util=ALL-UNNAMED
29-Jun-2026 23:55:27.339 INFO [main] org.apache.catalina.startup.VersionLoggerListener.log Command line argument: --add-opens=java.base/java.util.concurrent=ALL-UNNAMED
29-Jun-2026 23:55:27.339 INFO [main] org.apache.catalina.startup.VersionLoggerListener.log Command line argument: --add-opens=java.rmi/sun.rmi.transport=ALL-UNNAMED
29-Jun-2026 23:55:27.339 INFO [main] org.apache.catalina.startup.VersionLoggerListener.log Command line argument: --enable-native-access=ALL-UNNAMED
29-Jun-2026 23:55:27.339 INFO [main] org.apache.catalina.startup.VersionLoggerListener.log Command line argument: -Dcatalina.base=/usr/local/tomcat
29-Jun-2026 23:55:27.339 INFO [main] org.apache.catalina.startup.VersionLoggerListener.log Command line argument: -Dcatalina.home=/usr/local/tomcat
29-Jun-2026 23:55:27.339 INFO [main] org.apache.catalina.startup.VersionLoggerListener.log Command line argument: -Djava.io.tmpdir=/usr/local/tomcat/temp
29-Jun-2026 23:55:27.353 INFO [main] org.apache.catalina.core.AprLifecycleListener.lifecycleEvent Loaded Apache Tomcat Native library [2.0.14] using APR version [1.7.2].
29-Jun-2026 23:55:27.366 INFO [main] org.apache.catalina.core.AprLifecycleListener.initializeSSL OpenSSL successfully initialized [OpenSSL 3.0.13 30 Jan 2024]
29-Jun-2026 23:55:27.745 INFO [main] org.apache.coyote.AbstractProtocol.init Initializing ProtocolHandler ["http-nio-8080"]
29-Jun-2026 23:55:27.788 INFO [main] org.apache.catalina.startup.Catalina.load Server initialization in [723] milliseconds
29-Jun-2026 23:55:27.842 INFO [main] org.apache.catalina.core.StandardService.startInternal Starting service [Catalina]
29-Jun-2026 23:55:27.843 INFO [main] org.apache.catalina.core.StandardEngine.startInternal Starting Servlet engine: [Apache Tomcat/11.0.22]
29-Jun-2026 23:55:28.047 INFO [main] org.apache.catalina.startup.HostConfig.deployWAR Deploying web application archive [/usr/local/tomcat/webapps/lpu-reservation-system.war]
29-Jun-2026 23:55:28.108 INFO [main] org.apache.catalina.startup.ExpandWar.expand An expanded directory [/usr/local/tomcat/webapps/lpu-reservation-system] was found with a last modified time that did not match the associated WAR. It will be deleted.
29-Jun-2026 23:55:36.337 INFO [main] org.apache.jasper.servlet.TldScanner.scanJars At least one JAR was scanned for TLDs yet contained no TLDs. Enable debug logging for this logger for a complete list of JARs that were scanned but no TLDs were found in them. Skipping unneeded JARs during scanning can improve startup time and JSP compilation time.
29-Jun-2026 23:55:37.308 INFO [main] org.apache.catalina.startup.HostConfig.deployWAR Deployment of web application archive [/usr/local/tomcat/webapps/lpu-reservation-system.war] has finished in [9,260] ms
29-Jun-2026 23:55:37.321 INFO [main] org.apache.coyote.AbstractProtocol.start Starting ProtocolHandler ["http-nio-8080"]
29-Jun-2026 23:55:37.375 INFO [main] org.apache.catalina.startup.Catalina.start Server startup in [9584] milliseconds
29-Jun-2026 23:57:31.301 INFO [Thread-1] org.apache.coyote.AbstractProtocol.pause Pausing ProtocolHandler ["http-nio-8080"]
29-Jun-2026 23:57:31.323 INFO [Thread-1] org.apache.catalina.core.StandardService.stopInternal Stopping service [Catalina]
29-Jun-2026 23:57:31.416 WARNING [Thread-1] org.apache.catalina.loader.WebappClassLoaderBase.clearReferencesJdbc The web application [lpu-reservation-system] registered the JDBC driver [org.postgresql.Driver] but failed to unregister it when the web application was stopped. To prevent a memory leak, the JDBC Driver has been forcibly unregistered.
29-Jun-2026 23:57:31.421 WARNING [Thread-1] org.apache.catalina.loader.WebappClassLoaderBase.clearReferencesThreads The web application [lpu-reservation-system] appears to have started a thread named [Resource Destroyer in BasicResourcePool.close()] but has failed to stop it. This is very likely to create a memory leak. Stack trace of thread:
 java.base/java.io.RandomAccessFile.open0(Native Method)
 java.base/java.io.RandomAccessFile.open(RandomAccessFile.java:356)
 java.base/java.io.RandomAccessFile.<init>(RandomAccessFile.java:273)
 java.base/java.io.RandomAccessFile.<init>(RandomAccessFile.java:223)
 java.base/java.util.zip.ZipFile$Source.<init>(ZipFile.java:1492)
 java.base/java.util.zip.ZipFile$Source.get(ZipFile.java:1458)
 java.base/java.util.zip.ZipFile$CleanableResource.<init>(ZipFile.java:724)
 java.base/java.util.zip.ZipFile.<init>(ZipFile.java:251)
 java.base/java.util.zip.ZipFile.<init>(ZipFile.java:180)
 java.base/java.util.jar.JarFile.<init>(JarFile.java:345)
 org.apache.catalina.webresources.AbstractArchiveResourceSet.openJarFile(AbstractArchiveResourceSet.java:367)
 org.apache.catalina.webresources.AbstractSingleArchiveResourceSet.getArchiveEntry(AbstractSingleArchiveResourceSet.java:95)
 org.apache.catalina.webresources.AbstractArchiveResourceSet.getResource(AbstractArchiveResourceSet.java:286)
 org.apache.catalina.webresources.StandardRoot.getResourceInternal(StandardRoot.java:273)
 org.apache.catalina.webresources.Cache.getResource(Cache.java:64)
 org.apache.catalina.webresources.StandardRoot.getResource(StandardRoot.java:212)
 org.apache.catalina.webresources.StandardRoot.getClassLoaderResource(StandardRoot.java:221)
 org.apache.catalina.loader.WebappClassLoaderBase.findClassInternal(WebappClassLoaderBase.java:2065)
 org.apache.catalina.loader.WebappClassLoaderBase.findClass(WebappClassLoaderBase.java:693)
 org.apache.catalina.loader.WebappClassLoaderBase.loadClass(WebappClassLoaderBase.java:1186)
 org.apache.catalina.loader.WebappClassLoaderBase.loadClass(WebappClassLoaderBase.java:1056)
 com.mchange.v2.resourcepool.BasicResourcePool.destroyResource(BasicResourcePool.java:1130)
 com.mchange.v2.resourcepool.BasicResourcePool.destroyResource(BasicResourcePool.java:1100)
 com.mchange.v2.resourcepool.BasicResourcePool.access$100(BasicResourcePool.java:44)
 com.mchange.v2.resourcepool.BasicResourcePool$5.run(BasicResourcePool.java:1354)
29-Jun-2026 23:57:31.494 INFO [Thread-1] org.apache.coyote.AbstractProtocol.stop Stopping ProtocolHandler ["http-nio-8080"]
29-Jun-2026 23:57:31.495 INFO [Resource Destroyer in BasicResourcePool.close()] org.apache.catalina.loader.WebappClassLoaderBase.checkStateForResourceLoading Illegal access: this web application instance has been stopped already. Could not load [com.mchange.v2.resourcepool.BasicResourcePool$1DestroyResourceTask]. The following stack trace is thrown for debugging purposes as well as to attempt to terminate the thread which caused the illegal access.
	java.lang.IllegalStateException: Illegal access: this web application instance has been stopped already. Could not load [com.mchange.v2.resourcepool.BasicResourcePool$1DestroyResourceTask]. The following stack trace is thrown for debugging purposes as well as to attempt to terminate the thread which caused the illegal access.
		at org.apache.catalina.loader.WebappClassLoaderBase.checkStateForResourceLoading(WebappClassLoaderBase.java:1244)
		at org.apache.catalina.loader.WebappClassLoaderBase.checkStateForClassLoading(WebappClassLoaderBase.java:1233)
		at org.apache.catalina.loader.WebappClassLoaderBase.loadClass(WebappClassLoaderBase.java:1089)
		at org.apache.catalina.loader.WebappClassLoaderBase.loadClass(WebappClassLoaderBase.java:1056)
		at com.mchange.v2.resourcepool.BasicResourcePool.destroyResource(BasicResourcePool.java:1130)
		at com.mchange.v2.resourcepool.BasicResourcePool.destroyResource(BasicResourcePool.java:1100)
		at com.mchange.v2.resourcepool.BasicResourcePool.access$100(BasicResourcePool.java:44)
		at com.mchange.v2.resourcepool.BasicResourcePool$5.run(BasicResourcePool.java:1354)
29-Jun-2026 23:57:31.516 INFO [Thread-1] org.apache.coyote.AbstractProtocol.destroy Destroying ProtocolHandler ["http-nio-8080"]
29-Jun-2026 23:57:50.202 INFO [main] org.apache.catalina.startup.VersionLoggerListener.log Server version name:   Apache Tomcat/11.0.22
29-Jun-2026 23:57:50.207 INFO [main] org.apache.catalina.startup.VersionLoggerListener.log Server built:          May 1 2026 18:29:05 UTC
29-Jun-2026 23:57:50.207 INFO [main] org.apache.catalina.startup.VersionLoggerListener.log Server version number: 11.0.22.0
29-Jun-2026 23:57:50.207 INFO [main] org.apache.catalina.startup.VersionLoggerListener.log OS Name:               Linux
29-Jun-2026 23:57:50.207 INFO [main] org.apache.catalina.startup.VersionLoggerListener.log OS Version:            6.12.76-linuxkit
29-Jun-2026 23:57:50.207 INFO [main] org.apache.catalina.startup.VersionLoggerListener.log Architecture:          aarch64
29-Jun-2026 23:57:50.207 INFO [main] org.apache.catalina.startup.VersionLoggerListener.log Java Home:             /opt/java/openjdk
29-Jun-2026 23:57:50.207 INFO [main] org.apache.catalina.startup.VersionLoggerListener.log JVM Version:           21.0.11+10-LTS
29-Jun-2026 23:57:50.207 INFO [main] org.apache.catalina.startup.VersionLoggerListener.log JVM Vendor:            Eclipse Adoptium
29-Jun-2026 23:57:50.207 INFO [main] org.apache.catalina.startup.VersionLoggerListener.log CATALINA_BASE:         /usr/local/tomcat
29-Jun-2026 23:57:50.207 INFO [main] org.apache.catalina.startup.VersionLoggerListener.log CATALINA_HOME:         /usr/local/tomcat
29-Jun-2026 23:57:50.218 INFO [main] org.apache.catalina.startup.VersionLoggerListener.log Command line argument: -Djava.util.logging.config.file=/usr/local/tomcat/conf/logging.properties
29-Jun-2026 23:57:50.218 INFO [main] org.apache.catalina.startup.VersionLoggerListener.log Command line argument: -Djava.util.logging.manager=org.apache.juli.ClassLoaderLogManager
29-Jun-2026 23:57:50.220 INFO [main] org.apache.catalina.startup.VersionLoggerListener.log Command line argument: -Djdk.tls.ephemeralDHKeySize=2048
29-Jun-2026 23:57:50.220 INFO [main] org.apache.catalina.startup.VersionLoggerListener.log Command line argument: -Dorg.apache.catalina.security.SecurityListener.UMASK=0027
29-Jun-2026 23:57:50.220 INFO [main] org.apache.catalina.startup.VersionLoggerListener.log Command line argument: --add-opens=java.base/java.lang=ALL-UNNAMED
29-Jun-2026 23:57:50.220 INFO [main] org.apache.catalina.startup.VersionLoggerListener.log Command line argument: --add-opens=java.base/java.lang.reflect=ALL-UNNAMED
29-Jun-2026 23:57:50.220 INFO [main] org.apache.catalina.startup.VersionLoggerListener.log Command line argument: --add-opens=java.base/java.io=ALL-UNNAMED
29-Jun-2026 23:57:50.220 INFO [main] org.apache.catalina.startup.VersionLoggerListener.log Command line argument: --add-opens=java.base/java.util=ALL-UNNAMED
29-Jun-2026 23:57:50.220 INFO [main] org.apache.catalina.startup.VersionLoggerListener.log Command line argument: --add-opens=java.base/java.util.concurrent=ALL-UNNAMED
29-Jun-2026 23:57:50.220 INFO [main] org.apache.catalina.startup.VersionLoggerListener.log Command line argument: --add-opens=java.rmi/sun.rmi.transport=ALL-UNNAMED
29-Jun-2026 23:57:50.220 INFO [main] org.apache.catalina.startup.VersionLoggerListener.log Command line argument: --enable-native-access=ALL-UNNAMED
29-Jun-2026 23:57:50.220 INFO [main] org.apache.catalina.startup.VersionLoggerListener.log Command line argument: -Dcatalina.base=/usr/local/tomcat
29-Jun-2026 23:57:50.220 INFO [main] org.apache.catalina.startup.VersionLoggerListener.log Command line argument: -Dcatalina.home=/usr/local/tomcat
29-Jun-2026 23:57:50.220 INFO [main] org.apache.catalina.startup.VersionLoggerListener.log Command line argument: -Djava.io.tmpdir=/usr/local/tomcat/temp
29-Jun-2026 23:57:50.229 INFO [main] org.apache.catalina.core.AprLifecycleListener.lifecycleEvent Loaded Apache Tomcat Native library [2.0.14] using APR version [1.7.2].
29-Jun-2026 23:57:50.235 INFO [main] org.apache.catalina.core.AprLifecycleListener.initializeSSL OpenSSL successfully initialized [OpenSSL 3.0.13 30 Jan 2024]
29-Jun-2026 23:57:50.490 INFO [main] org.apache.coyote.AbstractProtocol.init Initializing ProtocolHandler ["http-nio-8080"]
29-Jun-2026 23:57:50.526 INFO [main] org.apache.catalina.startup.Catalina.load Server initialization in [440] milliseconds
29-Jun-2026 23:57:50.564 INFO [main] org.apache.catalina.core.StandardService.startInternal Starting service [Catalina]
29-Jun-2026 23:57:50.565 INFO [main] org.apache.catalina.core.StandardEngine.startInternal Starting Servlet engine: [Apache Tomcat/11.0.22]
29-Jun-2026 23:57:50.583 INFO [main] org.apache.catalina.startup.HostConfig.deployWAR Deploying web application archive [/usr/local/tomcat/webapps/lpu-reservation-system.war]
29-Jun-2026 23:57:50.598 INFO [main] org.apache.catalina.startup.ExpandWar.expand An expanded directory [/usr/local/tomcat/webapps/lpu-reservation-system] was found with a last modified time that did not match the associated WAR. It will be deleted.
29-Jun-2026 23:57:55.733 INFO [main] org.apache.jasper.servlet.TldScanner.scanJars At least one JAR was scanned for TLDs yet contained no TLDs. Enable debug logging for this logger for a complete list of JARs that were scanned but no TLDs were found in them. Skipping unneeded JARs during scanning can improve startup time and JSP compilation time.
29-Jun-2026 23:57:56.623 INFO [main] org.apache.catalina.startup.HostConfig.deployWAR Deployment of web application archive [/usr/local/tomcat/webapps/lpu-reservation-system.war] has finished in [6,038] ms
29-Jun-2026 23:57:56.640 INFO [main] org.apache.coyote.AbstractProtocol.start Starting ProtocolHandler ["http-nio-8080"]
29-Jun-2026 23:57:56.731 INFO [main] org.apache.catalina.startup.Catalina.start Server startup in [6203] milliseconds
