04-Jul-2026 00:34:56.827 INFO [main] org.apache.catalina.startup.VersionLoggerListener.log Server version name:   Apache Tomcat/11.0.22
04-Jul-2026 00:34:56.834 INFO [main] org.apache.catalina.startup.VersionLoggerListener.log Server built:          May 1 2026 18:29:05 UTC
04-Jul-2026 00:34:56.834 INFO [main] org.apache.catalina.startup.VersionLoggerListener.log Server version number: 11.0.22.0
04-Jul-2026 00:34:56.835 INFO [main] org.apache.catalina.startup.VersionLoggerListener.log OS Name:               Linux
04-Jul-2026 00:34:56.835 INFO [main] org.apache.catalina.startup.VersionLoggerListener.log OS Version:            6.12.76-linuxkit
04-Jul-2026 00:34:56.835 INFO [main] org.apache.catalina.startup.VersionLoggerListener.log Architecture:          aarch64
04-Jul-2026 00:34:56.835 INFO [main] org.apache.catalina.startup.VersionLoggerListener.log Java Home:             /opt/java/openjdk
04-Jul-2026 00:34:56.835 INFO [main] org.apache.catalina.startup.VersionLoggerListener.log JVM Version:           21.0.11+10-LTS
04-Jul-2026 00:34:56.835 INFO [main] org.apache.catalina.startup.VersionLoggerListener.log JVM Vendor:            Eclipse Adoptium
04-Jul-2026 00:34:56.835 INFO [main] org.apache.catalina.startup.VersionLoggerListener.log CATALINA_BASE:         /usr/local/tomcat
04-Jul-2026 00:34:56.835 INFO [main] org.apache.catalina.startup.VersionLoggerListener.log CATALINA_HOME:         /usr/local/tomcat
04-Jul-2026 00:34:56.854 INFO [main] org.apache.catalina.startup.VersionLoggerListener.log Command line argument: -Djava.util.logging.config.file=/usr/local/tomcat/conf/logging.properties
04-Jul-2026 00:34:56.854 INFO [main] org.apache.catalina.startup.VersionLoggerListener.log Command line argument: -Djava.util.logging.manager=org.apache.juli.ClassLoaderLogManager
04-Jul-2026 00:34:56.854 INFO [main] org.apache.catalina.startup.VersionLoggerListener.log Command line argument: -Djdk.tls.ephemeralDHKeySize=2048
04-Jul-2026 00:34:56.854 INFO [main] org.apache.catalina.startup.VersionLoggerListener.log Command line argument: -Dorg.apache.catalina.security.SecurityListener.UMASK=0027
04-Jul-2026 00:34:56.855 INFO [main] org.apache.catalina.startup.VersionLoggerListener.log Command line argument: --add-opens=java.base/java.lang=ALL-UNNAMED
04-Jul-2026 00:34:56.855 INFO [main] org.apache.catalina.startup.VersionLoggerListener.log Command line argument: --add-opens=java.base/java.lang.reflect=ALL-UNNAMED
04-Jul-2026 00:34:56.855 INFO [main] org.apache.catalina.startup.VersionLoggerListener.log Command line argument: --add-opens=java.base/java.io=ALL-UNNAMED
04-Jul-2026 00:34:56.856 INFO [main] org.apache.catalina.startup.VersionLoggerListener.log Command line argument: --add-opens=java.base/java.util=ALL-UNNAMED
04-Jul-2026 00:34:56.856 INFO [main] org.apache.catalina.startup.VersionLoggerListener.log Command line argument: --add-opens=java.base/java.util.concurrent=ALL-UNNAMED
04-Jul-2026 00:34:56.856 INFO [main] org.apache.catalina.startup.VersionLoggerListener.log Command line argument: --add-opens=java.rmi/sun.rmi.transport=ALL-UNNAMED
04-Jul-2026 00:34:56.856 INFO [main] org.apache.catalina.startup.VersionLoggerListener.log Command line argument: --enable-native-access=ALL-UNNAMED
04-Jul-2026 00:34:56.856 INFO [main] org.apache.catalina.startup.VersionLoggerListener.log Command line argument: -Dcatalina.base=/usr/local/tomcat
04-Jul-2026 00:34:56.856 INFO [main] org.apache.catalina.startup.VersionLoggerListener.log Command line argument: -Dcatalina.home=/usr/local/tomcat
04-Jul-2026 00:34:56.856 INFO [main] org.apache.catalina.startup.VersionLoggerListener.log Command line argument: -Djava.io.tmpdir=/usr/local/tomcat/temp
04-Jul-2026 00:34:56.874 INFO [main] org.apache.catalina.core.AprLifecycleListener.lifecycleEvent Loaded Apache Tomcat Native library [2.0.14] using APR version [1.7.2].
04-Jul-2026 00:34:56.893 INFO [main] org.apache.catalina.core.AprLifecycleListener.initializeSSL OpenSSL successfully initialized [OpenSSL 3.0.13 30 Jan 2024]
04-Jul-2026 00:34:57.624 INFO [main] org.apache.coyote.AbstractProtocol.init Initializing ProtocolHandler ["http-nio-8080"]
04-Jul-2026 00:34:57.746 INFO [main] org.apache.catalina.startup.Catalina.load Server initialization in [1151] milliseconds
04-Jul-2026 00:34:57.961 INFO [main] org.apache.catalina.core.StandardService.startInternal Starting service [Catalina]
04-Jul-2026 00:34:57.962 INFO [main] org.apache.catalina.core.StandardEngine.startInternal Starting Servlet engine: [Apache Tomcat/11.0.22]
04-Jul-2026 00:34:58.054 INFO [main] org.apache.catalina.startup.HostConfig.deployWAR Deploying web application archive [/usr/local/tomcat/webapps/lpu-reservation-system.war]
04-Jul-2026 00:34:58.116 INFO [main] org.apache.catalina.startup.ExpandWar.expand An expanded directory [/usr/local/tomcat/webapps/lpu-reservation-system] was found with a last modified time that did not match the associated WAR. It will be deleted.
04-Jul-2026 00:35:04.358 INFO [main] org.apache.jasper.servlet.TldScanner.scanJars At least one JAR was scanned for TLDs yet contained no TLDs. Enable debug logging for this logger for a complete list of JARs that were scanned but no TLDs were found in them. Skipping unneeded JARs during scanning can improve startup time and JSP compilation time.
04-Jul-2026 00:35:05.346 INFO [main] org.apache.catalina.startup.HostConfig.deployWAR Deployment of web application archive [/usr/local/tomcat/webapps/lpu-reservation-system.war] has finished in [7,291] ms
04-Jul-2026 00:35:05.348 INFO [main] org.apache.catalina.startup.HostConfig.deployDirectory Deploying web application directory [/usr/local/tomcat/webapps/uploads]
04-Jul-2026 00:35:05.366 INFO [main] org.apache.catalina.startup.HostConfig.deployDirectory Deployment of web application directory [/usr/local/tomcat/webapps/uploads] has finished in [18] ms
04-Jul-2026 00:35:05.371 INFO [main] org.apache.coyote.AbstractProtocol.start Starting ProtocolHandler ["http-nio-8080"]
04-Jul-2026 00:35:05.401 INFO [main] org.apache.catalina.startup.Catalina.start Server startup in [7651] milliseconds
04-Jul-2026 00:35:57.573 INFO [Thread-1] org.apache.coyote.AbstractProtocol.pause Pausing ProtocolHandler ["http-nio-8080"]
04-Jul-2026 00:35:57.595 INFO [Thread-1] org.apache.catalina.core.StandardService.stopInternal Stopping service [Catalina]
04-Jul-2026 00:35:57.639 INFO [Thread-1] org.apache.coyote.AbstractProtocol.stop Stopping ProtocolHandler ["http-nio-8080"]
04-Jul-2026 00:35:57.649 INFO [Thread-1] org.apache.coyote.AbstractProtocol.destroy Destroying ProtocolHandler ["http-nio-8080"]
04-Jul-2026 00:36:22.362 INFO [main] org.apache.catalina.startup.VersionLoggerListener.log Server version name:   Apache Tomcat/11.0.22
04-Jul-2026 00:36:22.367 INFO [main] org.apache.catalina.startup.VersionLoggerListener.log Server built:          May 1 2026 18:29:05 UTC
04-Jul-2026 00:36:22.367 INFO [main] org.apache.catalina.startup.VersionLoggerListener.log Server version number: 11.0.22.0
04-Jul-2026 00:36:22.368 INFO [main] org.apache.catalina.startup.VersionLoggerListener.log OS Name:               Linux
04-Jul-2026 00:36:22.368 INFO [main] org.apache.catalina.startup.VersionLoggerListener.log OS Version:            6.12.76-linuxkit
04-Jul-2026 00:36:22.368 INFO [main] org.apache.catalina.startup.VersionLoggerListener.log Architecture:          aarch64
04-Jul-2026 00:36:22.368 INFO [main] org.apache.catalina.startup.VersionLoggerListener.log Java Home:             /opt/java/openjdk
04-Jul-2026 00:36:22.368 INFO [main] org.apache.catalina.startup.VersionLoggerListener.log JVM Version:           21.0.11+10-LTS
04-Jul-2026 00:36:22.368 INFO [main] org.apache.catalina.startup.VersionLoggerListener.log JVM Vendor:            Eclipse Adoptium
04-Jul-2026 00:36:22.368 INFO [main] org.apache.catalina.startup.VersionLoggerListener.log CATALINA_BASE:         /usr/local/tomcat
04-Jul-2026 00:36:22.368 INFO [main] org.apache.catalina.startup.VersionLoggerListener.log CATALINA_HOME:         /usr/local/tomcat
04-Jul-2026 00:36:22.377 INFO [main] org.apache.catalina.startup.VersionLoggerListener.log Command line argument: -Djava.util.logging.config.file=/usr/local/tomcat/conf/logging.properties
04-Jul-2026 00:36:22.377 INFO [main] org.apache.catalina.startup.VersionLoggerListener.log Command line argument: -Djava.util.logging.manager=org.apache.juli.ClassLoaderLogManager
04-Jul-2026 00:36:22.377 INFO [main] org.apache.catalina.startup.VersionLoggerListener.log Command line argument: -Djdk.tls.ephemeralDHKeySize=2048
04-Jul-2026 00:36:22.377 INFO [main] org.apache.catalina.startup.VersionLoggerListener.log Command line argument: -Dorg.apache.catalina.security.SecurityListener.UMASK=0027
04-Jul-2026 00:36:22.377 INFO [main] org.apache.catalina.startup.VersionLoggerListener.log Command line argument: --add-opens=java.base/java.lang=ALL-UNNAMED
04-Jul-2026 00:36:22.377 INFO [main] org.apache.catalina.startup.VersionLoggerListener.log Command line argument: --add-opens=java.base/java.lang.reflect=ALL-UNNAMED
04-Jul-2026 00:36:22.377 INFO [main] org.apache.catalina.startup.VersionLoggerListener.log Command line argument: --add-opens=java.base/java.io=ALL-UNNAMED
04-Jul-2026 00:36:22.377 INFO [main] org.apache.catalina.startup.VersionLoggerListener.log Command line argument: --add-opens=java.base/java.util=ALL-UNNAMED
04-Jul-2026 00:36:22.378 INFO [main] org.apache.catalina.startup.VersionLoggerListener.log Command line argument: --add-opens=java.base/java.util.concurrent=ALL-UNNAMED
04-Jul-2026 00:36:22.378 INFO [main] org.apache.catalina.startup.VersionLoggerListener.log Command line argument: --add-opens=java.rmi/sun.rmi.transport=ALL-UNNAMED
04-Jul-2026 00:36:22.378 INFO [main] org.apache.catalina.startup.VersionLoggerListener.log Command line argument: --enable-native-access=ALL-UNNAMED
04-Jul-2026 00:36:22.378 INFO [main] org.apache.catalina.startup.VersionLoggerListener.log Command line argument: -Dcatalina.base=/usr/local/tomcat
04-Jul-2026 00:36:22.378 INFO [main] org.apache.catalina.startup.VersionLoggerListener.log Command line argument: -Dcatalina.home=/usr/local/tomcat
04-Jul-2026 00:36:22.378 INFO [main] org.apache.catalina.startup.VersionLoggerListener.log Command line argument: -Djava.io.tmpdir=/usr/local/tomcat/temp
04-Jul-2026 00:36:22.381 INFO [main] org.apache.catalina.core.AprLifecycleListener.lifecycleEvent Loaded Apache Tomcat Native library [2.0.14] using APR version [1.7.2].
04-Jul-2026 00:36:22.384 INFO [main] org.apache.catalina.core.AprLifecycleListener.initializeSSL OpenSSL successfully initialized [OpenSSL 3.0.13 30 Jan 2024]
04-Jul-2026 00:36:22.586 INFO [main] org.apache.coyote.AbstractProtocol.init Initializing ProtocolHandler ["http-nio-8080"]
04-Jul-2026 00:36:22.610 INFO [main] org.apache.catalina.startup.Catalina.load Server initialization in [396] milliseconds
04-Jul-2026 00:36:22.641 INFO [main] org.apache.catalina.core.StandardService.startInternal Starting service [Catalina]
04-Jul-2026 00:36:22.641 INFO [main] org.apache.catalina.core.StandardEngine.startInternal Starting Servlet engine: [Apache Tomcat/11.0.22]
04-Jul-2026 00:36:22.689 INFO [main] org.apache.catalina.startup.HostConfig.deployWAR Deploying web application archive [/usr/local/tomcat/webapps/lpu-reservation-system.war]
04-Jul-2026 00:36:22.715 INFO [main] org.apache.catalina.startup.ExpandWar.expand An expanded directory [/usr/local/tomcat/webapps/lpu-reservation-system] was found with a last modified time that did not match the associated WAR. It will be deleted.
04-Jul-2026 00:36:25.984 INFO [main] org.apache.jasper.servlet.TldScanner.scanJars At least one JAR was scanned for TLDs yet contained no TLDs. Enable debug logging for this logger for a complete list of JARs that were scanned but no TLDs were found in them. Skipping unneeded JARs during scanning can improve startup time and JSP compilation time.
04-Jul-2026 00:36:26.417 INFO [main] org.apache.catalina.startup.HostConfig.deployWAR Deployment of web application archive [/usr/local/tomcat/webapps/lpu-reservation-system.war] has finished in [3,728] ms
04-Jul-2026 00:36:26.419 INFO [main] org.apache.catalina.startup.HostConfig.deployDirectory Deploying web application directory [/usr/local/tomcat/webapps/uploads]
04-Jul-2026 00:36:26.448 INFO [main] org.apache.catalina.startup.HostConfig.deployDirectory Deployment of web application directory [/usr/local/tomcat/webapps/uploads] has finished in [29] ms
04-Jul-2026 00:36:26.453 INFO [main] org.apache.coyote.AbstractProtocol.start Starting ProtocolHandler ["http-nio-8080"]
04-Jul-2026 00:36:26.468 INFO [main] org.apache.catalina.startup.Catalina.start Server startup in [3854] milliseconds
04-Jul-2026 00:39:23.021 INFO [Thread-1] org.apache.coyote.AbstractProtocol.pause Pausing ProtocolHandler ["http-nio-8080"]
04-Jul-2026 00:39:23.038 INFO [Thread-1] org.apache.catalina.core.StandardService.stopInternal Stopping service [Catalina]
04-Jul-2026 00:39:23.066 INFO [Thread-1] org.apache.coyote.AbstractProtocol.stop Stopping ProtocolHandler ["http-nio-8080"]
04-Jul-2026 00:39:23.073 INFO [Thread-1] org.apache.coyote.AbstractProtocol.destroy Destroying ProtocolHandler ["http-nio-8080"]
04-Jul-2026 00:39:30.118 INFO [main] org.apache.catalina.startup.VersionLoggerListener.log Server version name:   Apache Tomcat/11.0.22
04-Jul-2026 00:39:30.127 INFO [main] org.apache.catalina.startup.VersionLoggerListener.log Server built:          May 1 2026 18:29:05 UTC
04-Jul-2026 00:39:30.127 INFO [main] org.apache.catalina.startup.VersionLoggerListener.log Server version number: 11.0.22.0
04-Jul-2026 00:39:30.128 INFO [main] org.apache.catalina.startup.VersionLoggerListener.log OS Name:               Linux
04-Jul-2026 00:39:30.128 INFO [main] org.apache.catalina.startup.VersionLoggerListener.log OS Version:            6.12.76-linuxkit
04-Jul-2026 00:39:30.129 INFO [main] org.apache.catalina.startup.VersionLoggerListener.log Architecture:          aarch64
04-Jul-2026 00:39:30.129 INFO [main] org.apache.catalina.startup.VersionLoggerListener.log Java Home:             /opt/java/openjdk
04-Jul-2026 00:39:30.129 INFO [main] org.apache.catalina.startup.VersionLoggerListener.log JVM Version:           21.0.11+10-LTS
04-Jul-2026 00:39:30.129 INFO [main] org.apache.catalina.startup.VersionLoggerListener.log JVM Vendor:            Eclipse Adoptium
04-Jul-2026 00:39:30.129 INFO [main] org.apache.catalina.startup.VersionLoggerListener.log CATALINA_BASE:         /usr/local/tomcat
04-Jul-2026 00:39:30.131 INFO [main] org.apache.catalina.startup.VersionLoggerListener.log CATALINA_HOME:         /usr/local/tomcat
04-Jul-2026 00:39:30.136 INFO [main] org.apache.catalina.startup.VersionLoggerListener.log Command line argument: -Djava.util.logging.config.file=/usr/local/tomcat/conf/logging.properties
04-Jul-2026 00:39:30.138 INFO [main] org.apache.catalina.startup.VersionLoggerListener.log Command line argument: -Djava.util.logging.manager=org.apache.juli.ClassLoaderLogManager
04-Jul-2026 00:39:30.138 INFO [main] org.apache.catalina.startup.VersionLoggerListener.log Command line argument: -Djdk.tls.ephemeralDHKeySize=2048
04-Jul-2026 00:39:30.138 INFO [main] org.apache.catalina.startup.VersionLoggerListener.log Command line argument: -Dorg.apache.catalina.security.SecurityListener.UMASK=0027
04-Jul-2026 00:39:30.139 INFO [main] org.apache.catalina.startup.VersionLoggerListener.log Command line argument: --add-opens=java.base/java.lang=ALL-UNNAMED
04-Jul-2026 00:39:30.139 INFO [main] org.apache.catalina.startup.VersionLoggerListener.log Command line argument: --add-opens=java.base/java.lang.reflect=ALL-UNNAMED
04-Jul-2026 00:39:30.139 INFO [main] org.apache.catalina.startup.VersionLoggerListener.log Command line argument: --add-opens=java.base/java.io=ALL-UNNAMED
04-Jul-2026 00:39:30.139 INFO [main] org.apache.catalina.startup.VersionLoggerListener.log Command line argument: --add-opens=java.base/java.util=ALL-UNNAMED
04-Jul-2026 00:39:30.139 INFO [main] org.apache.catalina.startup.VersionLoggerListener.log Command line argument: --add-opens=java.base/java.util.concurrent=ALL-UNNAMED
04-Jul-2026 00:39:30.139 INFO [main] org.apache.catalina.startup.VersionLoggerListener.log Command line argument: --add-opens=java.rmi/sun.rmi.transport=ALL-UNNAMED
04-Jul-2026 00:39:30.139 INFO [main] org.apache.catalina.startup.VersionLoggerListener.log Command line argument: --enable-native-access=ALL-UNNAMED
04-Jul-2026 00:39:30.139 INFO [main] org.apache.catalina.startup.VersionLoggerListener.log Command line argument: -Dcatalina.base=/usr/local/tomcat
04-Jul-2026 00:39:30.139 INFO [main] org.apache.catalina.startup.VersionLoggerListener.log Command line argument: -Dcatalina.home=/usr/local/tomcat
04-Jul-2026 00:39:30.139 INFO [main] org.apache.catalina.startup.VersionLoggerListener.log Command line argument: -Djava.io.tmpdir=/usr/local/tomcat/temp
04-Jul-2026 00:39:30.145 INFO [main] org.apache.catalina.core.AprLifecycleListener.lifecycleEvent Loaded Apache Tomcat Native library [2.0.14] using APR version [1.7.2].
04-Jul-2026 00:39:30.149 INFO [main] org.apache.catalina.core.AprLifecycleListener.initializeSSL OpenSSL successfully initialized [OpenSSL 3.0.13 30 Jan 2024]
04-Jul-2026 00:39:30.330 INFO [main] org.apache.coyote.AbstractProtocol.init Initializing ProtocolHandler ["http-nio-8080"]
04-Jul-2026 00:39:30.339 INFO [main] org.apache.catalina.startup.Catalina.load Server initialization in [415] milliseconds
04-Jul-2026 00:39:30.364 INFO [main] org.apache.catalina.core.StandardService.startInternal Starting service [Catalina]
04-Jul-2026 00:39:30.364 INFO [main] org.apache.catalina.core.StandardEngine.startInternal Starting Servlet engine: [Apache Tomcat/11.0.22]
04-Jul-2026 00:39:30.423 INFO [main] org.apache.catalina.startup.HostConfig.deployWAR Deploying web application archive [/usr/local/tomcat/webapps/lpu-reservation-system.war]
04-Jul-2026 00:39:30.455 INFO [main] org.apache.catalina.startup.ExpandWar.expand An expanded directory [/usr/local/tomcat/webapps/lpu-reservation-system] was found with a last modified time that did not match the associated WAR. It will be deleted.
04-Jul-2026 00:39:33.728 INFO [main] org.apache.jasper.servlet.TldScanner.scanJars At least one JAR was scanned for TLDs yet contained no TLDs. Enable debug logging for this logger for a complete list of JARs that were scanned but no TLDs were found in them. Skipping unneeded JARs during scanning can improve startup time and JSP compilation time.
04-Jul-2026 00:39:34.228 INFO [main] org.apache.catalina.startup.HostConfig.deployWAR Deployment of web application archive [/usr/local/tomcat/webapps/lpu-reservation-system.war] has finished in [3,805] ms
04-Jul-2026 00:39:34.230 INFO [main] org.apache.catalina.startup.HostConfig.deployDirectory Deploying web application directory [/usr/local/tomcat/webapps/uploads]
04-Jul-2026 00:39:34.245 INFO [main] org.apache.catalina.startup.HostConfig.deployDirectory Deployment of web application directory [/usr/local/tomcat/webapps/uploads] has finished in [15] ms
04-Jul-2026 00:39:34.248 INFO [main] org.apache.coyote.AbstractProtocol.start Starting ProtocolHandler ["http-nio-8080"]
04-Jul-2026 00:39:34.267 INFO [main] org.apache.catalina.startup.Catalina.start Server startup in [3927] milliseconds
04-Jul-2026 00:39:55.104 INFO [Thread-1] org.apache.coyote.AbstractProtocol.pause Pausing ProtocolHandler ["http-nio-8080"]
04-Jul-2026 00:39:55.112 INFO [Thread-1] org.apache.catalina.core.StandardService.stopInternal Stopping service [Catalina]
04-Jul-2026 00:39:55.129 INFO [Thread-1] org.apache.coyote.AbstractProtocol.stop Stopping ProtocolHandler ["http-nio-8080"]
04-Jul-2026 00:39:55.136 INFO [Thread-1] org.apache.coyote.AbstractProtocol.destroy Destroying ProtocolHandler ["http-nio-8080"]
04-Jul-2026 00:42:38.288 INFO [main] org.apache.catalina.startup.VersionLoggerListener.log Server version name:   Apache Tomcat/11.0.22
04-Jul-2026 00:42:38.292 INFO [main] org.apache.catalina.startup.VersionLoggerListener.log Server built:          May 1 2026 18:29:05 UTC
04-Jul-2026 00:42:38.292 INFO [main] org.apache.catalina.startup.VersionLoggerListener.log Server version number: 11.0.22.0
04-Jul-2026 00:42:38.292 INFO [main] org.apache.catalina.startup.VersionLoggerListener.log OS Name:               Linux
04-Jul-2026 00:42:38.292 INFO [main] org.apache.catalina.startup.VersionLoggerListener.log OS Version:            6.12.76-linuxkit
04-Jul-2026 00:42:38.292 INFO [main] org.apache.catalina.startup.VersionLoggerListener.log Architecture:          aarch64
04-Jul-2026 00:42:38.293 INFO [main] org.apache.catalina.startup.VersionLoggerListener.log Java Home:             /opt/java/openjdk
04-Jul-2026 00:42:38.293 INFO [main] org.apache.catalina.startup.VersionLoggerListener.log JVM Version:           21.0.11+10-LTS
04-Jul-2026 00:42:38.293 INFO [main] org.apache.catalina.startup.VersionLoggerListener.log JVM Vendor:            Eclipse Adoptium
04-Jul-2026 00:42:38.293 INFO [main] org.apache.catalina.startup.VersionLoggerListener.log CATALINA_BASE:         /usr/local/tomcat
04-Jul-2026 00:42:38.293 INFO [main] org.apache.catalina.startup.VersionLoggerListener.log CATALINA_HOME:         /usr/local/tomcat
04-Jul-2026 00:42:38.306 INFO [main] org.apache.catalina.startup.VersionLoggerListener.log Command line argument: -Djava.util.logging.config.file=/usr/local/tomcat/conf/logging.properties
04-Jul-2026 00:42:38.306 INFO [main] org.apache.catalina.startup.VersionLoggerListener.log Command line argument: -Djava.util.logging.manager=org.apache.juli.ClassLoaderLogManager
04-Jul-2026 00:42:38.307 INFO [main] org.apache.catalina.startup.VersionLoggerListener.log Command line argument: -Djdk.tls.ephemeralDHKeySize=2048
04-Jul-2026 00:42:38.307 INFO [main] org.apache.catalina.startup.VersionLoggerListener.log Command line argument: -Dorg.apache.catalina.security.SecurityListener.UMASK=0027
04-Jul-2026 00:42:38.307 INFO [main] org.apache.catalina.startup.VersionLoggerListener.log Command line argument: --add-opens=java.base/java.lang=ALL-UNNAMED
04-Jul-2026 00:42:38.307 INFO [main] org.apache.catalina.startup.VersionLoggerListener.log Command line argument: --add-opens=java.base/java.lang.reflect=ALL-UNNAMED
04-Jul-2026 00:42:38.307 INFO [main] org.apache.catalina.startup.VersionLoggerListener.log Command line argument: --add-opens=java.base/java.io=ALL-UNNAMED
04-Jul-2026 00:42:38.307 INFO [main] org.apache.catalina.startup.VersionLoggerListener.log Command line argument: --add-opens=java.base/java.util=ALL-UNNAMED
04-Jul-2026 00:42:38.307 INFO [main] org.apache.catalina.startup.VersionLoggerListener.log Command line argument: --add-opens=java.base/java.util.concurrent=ALL-UNNAMED
04-Jul-2026 00:42:38.307 INFO [main] org.apache.catalina.startup.VersionLoggerListener.log Command line argument: --add-opens=java.rmi/sun.rmi.transport=ALL-UNNAMED
04-Jul-2026 00:42:38.308 INFO [main] org.apache.catalina.startup.VersionLoggerListener.log Command line argument: --enable-native-access=ALL-UNNAMED
04-Jul-2026 00:42:38.308 INFO [main] org.apache.catalina.startup.VersionLoggerListener.log Command line argument: -Dcatalina.base=/usr/local/tomcat
04-Jul-2026 00:42:38.309 INFO [main] org.apache.catalina.startup.VersionLoggerListener.log Command line argument: -Dcatalina.home=/usr/local/tomcat
04-Jul-2026 00:42:38.309 INFO [main] org.apache.catalina.startup.VersionLoggerListener.log Command line argument: -Djava.io.tmpdir=/usr/local/tomcat/temp
04-Jul-2026 00:42:38.311 INFO [main] org.apache.catalina.core.AprLifecycleListener.lifecycleEvent Loaded Apache Tomcat Native library [2.0.14] using APR version [1.7.2].
04-Jul-2026 00:42:38.319 INFO [main] org.apache.catalina.core.AprLifecycleListener.initializeSSL OpenSSL successfully initialized [OpenSSL 3.0.13 30 Jan 2024]
04-Jul-2026 00:42:38.508 INFO [main] org.apache.coyote.AbstractProtocol.init Initializing ProtocolHandler ["http-nio-8080"]
04-Jul-2026 00:42:38.523 INFO [main] org.apache.catalina.startup.Catalina.load Server initialization in [387] milliseconds
04-Jul-2026 00:42:38.565 INFO [main] org.apache.catalina.core.StandardService.startInternal Starting service [Catalina]
04-Jul-2026 00:42:38.566 INFO [main] org.apache.catalina.core.StandardEngine.startInternal Starting Servlet engine: [Apache Tomcat/11.0.22]
04-Jul-2026 00:42:38.620 INFO [main] org.apache.catalina.startup.HostConfig.deployWAR Deploying web application archive [/usr/local/tomcat/webapps/lpu-reservation-system.war]
04-Jul-2026 00:42:38.634 INFO [main] org.apache.catalina.startup.ExpandWar.expand An expanded directory [/usr/local/tomcat/webapps/lpu-reservation-system] was found with a last modified time that did not match the associated WAR. It will be deleted.
04-Jul-2026 00:42:42.848 INFO [main] org.apache.jasper.servlet.TldScanner.scanJars At least one JAR was scanned for TLDs yet contained no TLDs. Enable debug logging for this logger for a complete list of JARs that were scanned but no TLDs were found in them. Skipping unneeded JARs during scanning can improve startup time and JSP compilation time.
04-Jul-2026 00:42:43.441 INFO [main] org.apache.catalina.startup.HostConfig.deployWAR Deployment of web application archive [/usr/local/tomcat/webapps/lpu-reservation-system.war] has finished in [4,820] ms
04-Jul-2026 00:42:43.442 INFO [main] org.apache.catalina.startup.HostConfig.deployDirectory Deploying web application directory [/usr/local/tomcat/webapps/uploads]
04-Jul-2026 00:42:43.459 INFO [main] org.apache.catalina.startup.HostConfig.deployDirectory Deployment of web application directory [/usr/local/tomcat/webapps/uploads] has finished in [17] ms
04-Jul-2026 00:42:43.462 INFO [main] org.apache.coyote.AbstractProtocol.start Starting ProtocolHandler ["http-nio-8080"]
04-Jul-2026 00:42:43.475 INFO [main] org.apache.catalina.startup.Catalina.start Server startup in [4952] milliseconds
04-Jul-2026 02:40:30.110 INFO [Thread-1] org.apache.coyote.AbstractProtocol.pause Pausing ProtocolHandler ["http-nio-8080"]
04-Jul-2026 02:40:30.405 INFO [Thread-1] org.apache.catalina.core.StandardService.stopInternal Stopping service [Catalina]
04-Jul-2026 13:08:01.471 INFO [main] org.apache.catalina.startup.VersionLoggerListener.log Server version name:   Apache Tomcat/11.0.22
04-Jul-2026 13:08:01.511 INFO [main] org.apache.catalina.startup.VersionLoggerListener.log Server built:          May 1 2026 18:29:05 UTC
04-Jul-2026 13:08:01.512 INFO [main] org.apache.catalina.startup.VersionLoggerListener.log Server version number: 11.0.22.0
04-Jul-2026 13:08:01.512 INFO [main] org.apache.catalina.startup.VersionLoggerListener.log OS Name:               Linux
04-Jul-2026 13:08:01.512 INFO [main] org.apache.catalina.startup.VersionLoggerListener.log OS Version:            6.12.76-linuxkit
04-Jul-2026 13:08:01.512 INFO [main] org.apache.catalina.startup.VersionLoggerListener.log Architecture:          aarch64
04-Jul-2026 13:08:01.512 INFO [main] org.apache.catalina.startup.VersionLoggerListener.log Java Home:             /opt/java/openjdk
04-Jul-2026 13:08:01.512 INFO [main] org.apache.catalina.startup.VersionLoggerListener.log JVM Version:           21.0.11+10-LTS
04-Jul-2026 13:08:01.512 INFO [main] org.apache.catalina.startup.VersionLoggerListener.log JVM Vendor:            Eclipse Adoptium
04-Jul-2026 13:08:01.513 INFO [main] org.apache.catalina.startup.VersionLoggerListener.log CATALINA_BASE:         /usr/local/tomcat
04-Jul-2026 13:08:01.513 INFO [main] org.apache.catalina.startup.VersionLoggerListener.log CATALINA_HOME:         /usr/local/tomcat
04-Jul-2026 13:08:01.592 INFO [main] org.apache.catalina.startup.VersionLoggerListener.log Command line argument: -Djava.util.logging.config.file=/usr/local/tomcat/conf/logging.properties
04-Jul-2026 13:08:01.592 INFO [main] org.apache.catalina.startup.VersionLoggerListener.log Command line argument: -Djava.util.logging.manager=org.apache.juli.ClassLoaderLogManager
04-Jul-2026 13:08:01.592 INFO [main] org.apache.catalina.startup.VersionLoggerListener.log Command line argument: -Djdk.tls.ephemeralDHKeySize=2048
04-Jul-2026 13:08:01.592 INFO [main] org.apache.catalina.startup.VersionLoggerListener.log Command line argument: -Dorg.apache.catalina.security.SecurityListener.UMASK=0027
04-Jul-2026 13:08:01.592 INFO [main] org.apache.catalina.startup.VersionLoggerListener.log Command line argument: --add-opens=java.base/java.lang=ALL-UNNAMED
04-Jul-2026 13:08:01.593 INFO [main] org.apache.catalina.startup.VersionLoggerListener.log Command line argument: --add-opens=java.base/java.lang.reflect=ALL-UNNAMED
04-Jul-2026 13:08:01.593 INFO [main] org.apache.catalina.startup.VersionLoggerListener.log Command line argument: --add-opens=java.base/java.io=ALL-UNNAMED
04-Jul-2026 13:08:01.593 INFO [main] org.apache.catalina.startup.VersionLoggerListener.log Command line argument: --add-opens=java.base/java.util=ALL-UNNAMED
04-Jul-2026 13:08:01.594 INFO [main] org.apache.catalina.startup.VersionLoggerListener.log Command line argument: --add-opens=java.base/java.util.concurrent=ALL-UNNAMED
04-Jul-2026 13:08:01.594 INFO [main] org.apache.catalina.startup.VersionLoggerListener.log Command line argument: --add-opens=java.rmi/sun.rmi.transport=ALL-UNNAMED
04-Jul-2026 13:08:01.594 INFO [main] org.apache.catalina.startup.VersionLoggerListener.log Command line argument: --enable-native-access=ALL-UNNAMED
04-Jul-2026 13:08:01.594 INFO [main] org.apache.catalina.startup.VersionLoggerListener.log Command line argument: -Dcatalina.base=/usr/local/tomcat
04-Jul-2026 13:08:01.594 INFO [main] org.apache.catalina.startup.VersionLoggerListener.log Command line argument: -Dcatalina.home=/usr/local/tomcat
04-Jul-2026 13:08:01.594 INFO [main] org.apache.catalina.startup.VersionLoggerListener.log Command line argument: -Djava.io.tmpdir=/usr/local/tomcat/temp
04-Jul-2026 13:08:01.697 INFO [main] org.apache.catalina.core.AprLifecycleListener.lifecycleEvent Loaded Apache Tomcat Native library [2.0.14] using APR version [1.7.2].
04-Jul-2026 13:08:01.748 INFO [main] org.apache.catalina.core.AprLifecycleListener.initializeSSL OpenSSL successfully initialized [OpenSSL 3.0.13 30 Jan 2024]
04-Jul-2026 13:08:02.556 INFO [main] org.apache.coyote.AbstractProtocol.init Initializing ProtocolHandler ["http-nio-8080"]
04-Jul-2026 13:08:02.672 INFO [main] org.apache.catalina.startup.Catalina.load Server initialization in [2035] milliseconds
04-Jul-2026 13:08:02.817 INFO [main] org.apache.catalina.core.StandardService.startInternal Starting service [Catalina]
04-Jul-2026 13:08:02.817 INFO [main] org.apache.catalina.core.StandardEngine.startInternal Starting Servlet engine: [Apache Tomcat/11.0.22]
04-Jul-2026 13:08:02.927 INFO [main] org.apache.catalina.startup.HostConfig.deployWAR Deploying web application archive [/usr/local/tomcat/webapps/lpu-reservation-system.war]
04-Jul-2026 13:08:02.987 INFO [main] org.apache.catalina.startup.ExpandWar.expand An expanded directory [/usr/local/tomcat/webapps/lpu-reservation-system] was found with a last modified time that did not match the associated WAR. It will be deleted.
04-Jul-2026 13:08:58.340 INFO [main] org.apache.jasper.servlet.TldScanner.scanJars At least one JAR was scanned for TLDs yet contained no TLDs. Enable debug logging for this logger for a complete list of JARs that were scanned but no TLDs were found in them. Skipping unneeded JARs during scanning can improve startup time and JSP compilation time.
04-Jul-2026 13:09:04.058 INFO [main] org.apache.catalina.startup.HostConfig.deployWAR Deployment of web application archive [/usr/local/tomcat/webapps/lpu-reservation-system.war] has finished in [61,112] ms
04-Jul-2026 13:09:04.073 INFO [main] org.apache.catalina.startup.HostConfig.deployDirectory Deploying web application directory [/usr/local/tomcat/webapps/uploads]
04-Jul-2026 13:09:04.148 INFO [main] org.apache.catalina.startup.HostConfig.deployDirectory Deployment of web application directory [/usr/local/tomcat/webapps/uploads] has finished in [75] ms
04-Jul-2026 13:09:04.164 INFO [main] org.apache.coyote.AbstractProtocol.start Starting ProtocolHandler ["http-nio-8080"]
04-Jul-2026 13:09:04.297 INFO [main] org.apache.catalina.startup.Catalina.start Server startup in [61634] milliseconds
04-Jul-2026 13:39:37.794 INFO [Catalina-utility-2] org.apache.catalina.startup.HostConfig.undeploy Undeploying context [/lpu-reservation-system]
04-Jul-2026 13:39:38.081 WARNING [Catalina-utility-2] org.apache.catalina.loader.WebappClassLoaderBase.clearReferencesJdbc The web application [lpu-reservation-system] registered the JDBC driver [org.postgresql.Driver] but failed to unregister it when the web application was stopped. To prevent a memory leak, the JDBC Driver has been forcibly unregistered.
04-Jul-2026 13:39:38.091 WARNING [Catalina-utility-2] org.apache.catalina.loader.WebappClassLoaderBase.clearReferencesThreads The web application [lpu-reservation-system] appears to have started a thread named [Resource Destroyer in BasicResourcePool.close()] but has failed to stop it. This is very likely to create a memory leak. Stack trace of thread:
 java.base/java.io.RandomAccessFile.readBytes0(Native Method)
 java.base/java.io.RandomAccessFile.readBytes(RandomAccessFile.java:400)
 java.base/java.io.RandomAccessFile.read(RandomAccessFile.java:434)
 java.base/java.io.RandomAccessFile.readFully(RandomAccessFile.java:498)
 java.base/java.util.zip.ZipFile$Source.readFullyAt(ZipFile.java:1528)
 java.base/java.util.zip.ZipFile$Source.initCEN(ZipFile.java:1679)
 java.base/java.util.zip.ZipFile$Source.<init>(ZipFile.java:1495)
 java.base/java.util.zip.ZipFile$Source.get(ZipFile.java:1458)
 java.base/java.util.zip.ZipFile$CleanableResource.<init>(ZipFile.java:724)
 java.base/java.util.zip.ZipFile.<init>(ZipFile.java:251)
 java.base/java.util.zip.ZipFile.<init>(ZipFile.java:180)
 java.base/java.util.jar.JarFile.<init>(JarFile.java:345)
 org.apache.catalina.webresources.AbstractArchiveResourceSet.openJarFile(AbstractArchiveResourceSet.java:367)
 org.apache.catalina.webresources.AbstractSingleArchiveResourceSet.getArchiveEntry(AbstractSingleArchiveResourceSet.java:95)
 org.apache.catalina.webresources.AbstractArchiveResourceSet.getResource(AbstractArchiveResourceSet.java:281)
 org.apache.catalina.webresources.StandardRoot.getResourceInternal(StandardRoot.java:273)
 org.apache.catalina.webresources.Cache.getResource(Cache.java:64)
 org.apache.catalina.webresources.StandardRoot.getResource(StandardRoot.java:212)
 org.apache.catalina.webresources.StandardRoot.getClassLoaderResource(StandardRoot.java:221)
 org.apache.catalina.loader.WebappClassLoaderBase.findClassInternal(WebappClassLoaderBase.java:2065)
 org.apache.catalina.loader.WebappClassLoaderBase.findClass(WebappClassLoaderBase.java:693)
 org.apache.catalina.loader.WebappClassLoaderBase.loadClass(WebappClassLoaderBase.java:1186)
 org.apache.catalina.loader.WebappClassLoaderBase.loadClass(WebappClassLoaderBase.java:1056)
 com.mchange.v2.resourcepool.BasicResourcePool.destroyResource(BasicResourcePool.java:1130)
 com.mchange.v2.resourcepool.BasicResourcePool.destroyResource(BasicResourcePool.java:1100)
 com.mchange.v2.resourcepool.BasicResourcePool.access$100(BasicResourcePool.java:44)
 com.mchange.v2.resourcepool.BasicResourcePool$5.run(BasicResourcePool.java:1354)
04-Jul-2026 13:39:38.156 INFO [Resource Destroyer in BasicResourcePool.close()] org.apache.catalina.loader.WebappClassLoaderBase.checkStateForResourceLoading Illegal access: this web application instance has been stopped already. Could not load [com.mchange.v2.resourcepool.BasicResourcePool$1DestroyResourceTask]. The following stack trace is thrown for debugging purposes as well as to attempt to terminate the thread which caused the illegal access.
	java.lang.IllegalStateException: Illegal access: this web application instance has been stopped already. Could not load [com.mchange.v2.resourcepool.BasicResourcePool$1DestroyResourceTask]. The following stack trace is thrown for debugging purposes as well as to attempt to terminate the thread which caused the illegal access.
		at org.apache.catalina.loader.WebappClassLoaderBase.checkStateForResourceLoading(WebappClassLoaderBase.java:1244)
		at org.apache.catalina.loader.WebappClassLoaderBase.checkStateForClassLoading(WebappClassLoaderBase.java:1233)
		at org.apache.catalina.loader.WebappClassLoaderBase.loadClass(WebappClassLoaderBase.java:1089)
		at org.apache.catalina.loader.WebappClassLoaderBase.loadClass(WebappClassLoaderBase.java:1056)
		at com.mchange.v2.resourcepool.BasicResourcePool.destroyResource(BasicResourcePool.java:1130)
		at com.mchange.v2.resourcepool.BasicResourcePool.destroyResource(BasicResourcePool.java:1100)
		at com.mchange.v2.resourcepool.BasicResourcePool.access$100(BasicResourcePool.java:44)
		at com.mchange.v2.resourcepool.BasicResourcePool$5.run(BasicResourcePool.java:1354)
04-Jul-2026 13:39:38.376 INFO [Catalina-utility-2] org.apache.catalina.startup.HostConfig.deployWAR Deploying web application archive [/usr/local/tomcat/webapps/lpu-reservation-system-0.0.1-SNAPSHOT.war]
04-Jul-2026 13:39:41.950 INFO [Catalina-utility-2] org.apache.jasper.servlet.TldScanner.scanJars At least one JAR was scanned for TLDs yet contained no TLDs. Enable debug logging for this logger for a complete list of JARs that were scanned but no TLDs were found in them. Skipping unneeded JARs during scanning can improve startup time and JSP compilation time.
04-Jul-2026 13:39:42.382 INFO [Catalina-utility-2] org.apache.catalina.startup.HostConfig.deployWAR Deployment of web application archive [/usr/local/tomcat/webapps/lpu-reservation-system-0.0.1-SNAPSHOT.war] has finished in [4,005] ms
04-Jul-2026 13:39:52.408 INFO [Catalina-utility-2] org.apache.catalina.startup.HostConfig.undeploy Undeploying context [/lpu-reservation-system-0.0.1-SNAPSHOT]
04-Jul-2026 13:39:52.478 INFO [Catalina-utility-2] org.apache.catalina.startup.HostConfig.deployWAR Deploying web application archive [/usr/local/tomcat/webapps/lpu-reservation-system.war]
04-Jul-2026 13:39:57.082 INFO [Catalina-utility-2] org.apache.jasper.servlet.TldScanner.scanJars At least one JAR was scanned for TLDs yet contained no TLDs. Enable debug logging for this logger for a complete list of JARs that were scanned but no TLDs were found in them. Skipping unneeded JARs during scanning can improve startup time and JSP compilation time.
04-Jul-2026 13:39:57.903 INFO [Catalina-utility-2] org.apache.catalina.startup.HostConfig.deployWAR Deployment of web application archive [/usr/local/tomcat/webapps/lpu-reservation-system.war] has finished in [5,424] ms
04-Jul-2026 13:41:10.207 INFO [Thread-1] org.apache.coyote.AbstractProtocol.pause Pausing ProtocolHandler ["http-nio-8080"]
04-Jul-2026 13:41:10.222 INFO [Thread-1] org.apache.catalina.core.StandardService.stopInternal Stopping service [Catalina]
04-Jul-2026 13:41:10.397 WARNING [Thread-1] org.apache.catalina.loader.WebappClassLoaderBase.clearReferencesJdbc The web application [lpu-reservation-system] registered the JDBC driver [org.postgresql.Driver] but failed to unregister it when the web application was stopped. To prevent a memory leak, the JDBC Driver has been forcibly unregistered.
04-Jul-2026 13:41:10.399 WARNING [Thread-1] org.apache.catalina.loader.WebappClassLoaderBase.clearReferencesThreads The web application [lpu-reservation-system] appears to have started a thread named [Resource Destroyer in BasicResourcePool.close()] but has failed to stop it. This is very likely to create a memory leak. Stack trace of thread:
 java.base/java.io.RandomAccessFile.readBytes0(Native Method)
 java.base/java.io.RandomAccessFile.readBytes(RandomAccessFile.java:400)
 java.base/java.io.RandomAccessFile.read(RandomAccessFile.java:434)
 java.base/java.io.RandomAccessFile.readFully(RandomAccessFile.java:498)
 java.base/java.util.zip.ZipFile$Source.readFullyAt(ZipFile.java:1528)
 java.base/java.util.zip.ZipFile$Source.initCEN(ZipFile.java:1679)
 java.base/java.util.zip.ZipFile$Source.<init>(ZipFile.java:1495)
 java.base/java.util.zip.ZipFile$Source.get(ZipFile.java:1458)
 java.base/java.util.zip.ZipFile$CleanableResource.<init>(ZipFile.java:724)
 java.base/java.util.zip.ZipFile.<init>(ZipFile.java:251)
 java.base/java.util.zip.ZipFile.<init>(ZipFile.java:180)
 java.base/java.util.jar.JarFile.<init>(JarFile.java:345)
 org.apache.catalina.webresources.AbstractArchiveResourceSet.openJarFile(AbstractArchiveResourceSet.java:367)
 org.apache.catalina.webresources.AbstractSingleArchiveResourceSet.getArchiveEntry(AbstractSingleArchiveResourceSet.java:95)
 org.apache.catalina.webresources.AbstractArchiveResourceSet.getResource(AbstractArchiveResourceSet.java:286)
 org.apache.catalina.webresources.StandardRoot.getResourceInternal(StandardRoot.java:273)
 org.apache.catalina.webresources.Cache.getResource(Cache.java:64)
 org.apache.catalina.webresources.StandardRoot.getResource(StandardRoot.java:212)
 org.apache.catalina.webresources.StandardRoot.getClassLoaderResource(StandardRoot.java:221)
 org.apache.catalina.loader.WebappClassLoaderBase.findClassInternal(WebappClassLoaderBase.java:2065)
 org.apache.catalina.loader.WebappClassLoaderBase.findClass(WebappClassLoaderBase.java:693)
 org.apache.catalina.loader.WebappClassLoaderBase.loadClass(WebappClassLoaderBase.java:1186)
 org.apache.catalina.loader.WebappClassLoaderBase.loadClass(WebappClassLoaderBase.java:1056)
 com.mchange.v2.resourcepool.BasicResourcePool.destroyResource(BasicResourcePool.java:1130)
 com.mchange.v2.resourcepool.BasicResourcePool.destroyResource(BasicResourcePool.java:1100)
 com.mchange.v2.resourcepool.BasicResourcePool.access$100(BasicResourcePool.java:44)
 com.mchange.v2.resourcepool.BasicResourcePool$5.run(BasicResourcePool.java:1354)
04-Jul-2026 13:41:10.431 INFO [Resource Destroyer in BasicResourcePool.close()] org.apache.catalina.loader.WebappClassLoaderBase.checkStateForResourceLoading Illegal access: this web application instance has been stopped already. Could not load [com.mchange.v2.resourcepool.BasicResourcePool$1DestroyResourceTask]. The following stack trace is thrown for debugging purposes as well as to attempt to terminate the thread which caused the illegal access.
	java.lang.IllegalStateException: Illegal access: this web application instance has been stopped already. Could not load [com.mchange.v2.resourcepool.BasicResourcePool$1DestroyResourceTask]. The following stack trace is thrown for debugging purposes as well as to attempt to terminate the thread which caused the illegal access.
		at org.apache.catalina.loader.WebappClassLoaderBase.checkStateForResourceLoading(WebappClassLoaderBase.java:1244)
		at org.apache.catalina.loader.WebappClassLoaderBase.checkStateForClassLoading(WebappClassLoaderBase.java:1233)
		at org.apache.catalina.loader.WebappClassLoaderBase.loadClass(WebappClassLoaderBase.java:1089)
		at org.apache.catalina.loader.WebappClassLoaderBase.loadClass(WebappClassLoaderBase.java:1056)
		at com.mchange.v2.resourcepool.BasicResourcePool.destroyResource(BasicResourcePool.java:1130)
		at com.mchange.v2.resourcepool.BasicResourcePool.destroyResource(BasicResourcePool.java:1100)
		at com.mchange.v2.resourcepool.BasicResourcePool.access$100(BasicResourcePool.java:44)
		at com.mchange.v2.resourcepool.BasicResourcePool$5.run(BasicResourcePool.java:1354)
04-Jul-2026 13:41:10.441 INFO [Thread-1] org.apache.coyote.AbstractProtocol.stop Stopping ProtocolHandler ["http-nio-8080"]
04-Jul-2026 13:41:10.461 INFO [Thread-1] org.apache.coyote.AbstractProtocol.destroy Destroying ProtocolHandler ["http-nio-8080"]
04-Jul-2026 13:41:19.224 INFO [main] org.apache.catalina.startup.VersionLoggerListener.log Server version name:   Apache Tomcat/11.0.22
04-Jul-2026 13:41:19.240 INFO [main] org.apache.catalina.startup.VersionLoggerListener.log Server built:          May 1 2026 18:29:05 UTC
04-Jul-2026 13:41:19.240 INFO [main] org.apache.catalina.startup.VersionLoggerListener.log Server version number: 11.0.22.0
04-Jul-2026 13:41:19.240 INFO [main] org.apache.catalina.startup.VersionLoggerListener.log OS Name:               Linux
04-Jul-2026 13:41:19.240 INFO [main] org.apache.catalina.startup.VersionLoggerListener.log OS Version:            6.12.76-linuxkit
04-Jul-2026 13:41:19.241 INFO [main] org.apache.catalina.startup.VersionLoggerListener.log Architecture:          aarch64
04-Jul-2026 13:41:19.241 INFO [main] org.apache.catalina.startup.VersionLoggerListener.log Java Home:             /opt/java/openjdk
04-Jul-2026 13:41:19.243 INFO [main] org.apache.catalina.startup.VersionLoggerListener.log JVM Version:           21.0.11+10-LTS
04-Jul-2026 13:41:19.243 INFO [main] org.apache.catalina.startup.VersionLoggerListener.log JVM Vendor:            Eclipse Adoptium
04-Jul-2026 13:41:19.243 INFO [main] org.apache.catalina.startup.VersionLoggerListener.log CATALINA_BASE:         /usr/local/tomcat
04-Jul-2026 13:41:19.243 INFO [main] org.apache.catalina.startup.VersionLoggerListener.log CATALINA_HOME:         /usr/local/tomcat
04-Jul-2026 13:41:19.269 INFO [main] org.apache.catalina.startup.VersionLoggerListener.log Command line argument: -Djava.util.logging.config.file=/usr/local/tomcat/conf/logging.properties
04-Jul-2026 13:41:19.269 INFO [main] org.apache.catalina.startup.VersionLoggerListener.log Command line argument: -Djava.util.logging.manager=org.apache.juli.ClassLoaderLogManager
04-Jul-2026 13:41:19.270 INFO [main] org.apache.catalina.startup.VersionLoggerListener.log Command line argument: -Djdk.tls.ephemeralDHKeySize=2048
04-Jul-2026 13:41:19.270 INFO [main] org.apache.catalina.startup.VersionLoggerListener.log Command line argument: -Dorg.apache.catalina.security.SecurityListener.UMASK=0027
04-Jul-2026 13:41:19.270 INFO [main] org.apache.catalina.startup.VersionLoggerListener.log Command line argument: --add-opens=java.base/java.lang=ALL-UNNAMED
04-Jul-2026 13:41:19.270 INFO [main] org.apache.catalina.startup.VersionLoggerListener.log Command line argument: --add-opens=java.base/java.lang.reflect=ALL-UNNAMED
04-Jul-2026 13:41:19.270 INFO [main] org.apache.catalina.startup.VersionLoggerListener.log Command line argument: --add-opens=java.base/java.io=ALL-UNNAMED
04-Jul-2026 13:41:19.270 INFO [main] org.apache.catalina.startup.VersionLoggerListener.log Command line argument: --add-opens=java.base/java.util=ALL-UNNAMED
04-Jul-2026 13:41:19.271 INFO [main] org.apache.catalina.startup.VersionLoggerListener.log Command line argument: --add-opens=java.base/java.util.concurrent=ALL-UNNAMED
04-Jul-2026 13:41:19.271 INFO [main] org.apache.catalina.startup.VersionLoggerListener.log Command line argument: --add-opens=java.rmi/sun.rmi.transport=ALL-UNNAMED
04-Jul-2026 13:41:19.271 INFO [main] org.apache.catalina.startup.VersionLoggerListener.log Command line argument: --enable-native-access=ALL-UNNAMED
04-Jul-2026 13:41:19.271 INFO [main] org.apache.catalina.startup.VersionLoggerListener.log Command line argument: -Dcatalina.base=/usr/local/tomcat
04-Jul-2026 13:41:19.271 INFO [main] org.apache.catalina.startup.VersionLoggerListener.log Command line argument: -Dcatalina.home=/usr/local/tomcat
04-Jul-2026 13:41:19.271 INFO [main] org.apache.catalina.startup.VersionLoggerListener.log Command line argument: -Djava.io.tmpdir=/usr/local/tomcat/temp
04-Jul-2026 13:41:19.278 INFO [main] org.apache.catalina.core.AprLifecycleListener.lifecycleEvent Loaded Apache Tomcat Native library [2.0.14] using APR version [1.7.2].
04-Jul-2026 13:41:19.288 INFO [main] org.apache.catalina.core.AprLifecycleListener.initializeSSL OpenSSL successfully initialized [OpenSSL 3.0.13 30 Jan 2024]
04-Jul-2026 13:41:19.544 INFO [main] org.apache.coyote.AbstractProtocol.init Initializing ProtocolHandler ["http-nio-8080"]
04-Jul-2026 13:41:19.583 INFO [main] org.apache.catalina.startup.Catalina.load Server initialization in [543] milliseconds
04-Jul-2026 13:41:19.642 INFO [main] org.apache.catalina.core.StandardService.startInternal Starting service [Catalina]
04-Jul-2026 13:41:19.642 INFO [main] org.apache.catalina.core.StandardEngine.startInternal Starting Servlet engine: [Apache Tomcat/11.0.22]
04-Jul-2026 13:41:19.692 INFO [main] org.apache.catalina.startup.HostConfig.deployWAR Deploying web application archive [/usr/local/tomcat/webapps/lpu-reservation-system.war]
04-Jul-2026 13:41:19.714 INFO [main] org.apache.catalina.startup.ExpandWar.expand An expanded directory [/usr/local/tomcat/webapps/lpu-reservation-system] was found with a last modified time that did not match the associated WAR. It will be deleted.
04-Jul-2026 13:41:26.084 INFO [main] org.apache.jasper.servlet.TldScanner.scanJars At least one JAR was scanned for TLDs yet contained no TLDs. Enable debug logging for this logger for a complete list of JARs that were scanned but no TLDs were found in them. Skipping unneeded JARs during scanning can improve startup time and JSP compilation time.
04-Jul-2026 13:41:27.378 INFO [main] org.apache.catalina.startup.HostConfig.deployWAR Deployment of web application archive [/usr/local/tomcat/webapps/lpu-reservation-system.war] has finished in [7,678] ms
04-Jul-2026 13:41:27.382 INFO [main] org.apache.catalina.startup.HostConfig.deployDirectory Deploying web application directory [/usr/local/tomcat/webapps/uploads]
04-Jul-2026 13:41:27.407 INFO [main] org.apache.catalina.startup.HostConfig.deployDirectory Deployment of web application directory [/usr/local/tomcat/webapps/uploads] has finished in [25] ms
04-Jul-2026 13:41:27.418 INFO [main] org.apache.coyote.AbstractProtocol.start Starting ProtocolHandler ["http-nio-8080"]
04-Jul-2026 13:41:27.497 INFO [main] org.apache.catalina.startup.Catalina.start Server startup in [7911] milliseconds
04-Jul-2026 13:48:58.298 INFO [Catalina-utility-1] org.apache.catalina.startup.HostConfig.undeploy Undeploying context [/lpu-reservation-system]
04-Jul-2026 13:48:58.429 WARNING [Catalina-utility-1] org.apache.catalina.loader.WebappClassLoaderBase.clearReferencesJdbc The web application [lpu-reservation-system] registered the JDBC driver [org.postgresql.Driver] but failed to unregister it when the web application was stopped. To prevent a memory leak, the JDBC Driver has been forcibly unregistered.
04-Jul-2026 13:48:58.477 INFO [Catalina-utility-1] org.apache.catalina.startup.HostConfig.deployWAR Deploying web application archive [/usr/local/tomcat/webapps/lpu-reservation-system-0.0.1-SNAPSHOT.war]
04-Jul-2026 13:49:03.191 INFO [Catalina-utility-1] org.apache.jasper.servlet.TldScanner.scanJars At least one JAR was scanned for TLDs yet contained no TLDs. Enable debug logging for this logger for a complete list of JARs that were scanned but no TLDs were found in them. Skipping unneeded JARs during scanning can improve startup time and JSP compilation time.
04-Jul-2026 13:49:03.533 INFO [Catalina-utility-1] org.apache.catalina.startup.HostConfig.deployWAR Deployment of web application archive [/usr/local/tomcat/webapps/lpu-reservation-system-0.0.1-SNAPSHOT.war] has finished in [5,056] ms
04-Jul-2026 13:49:13.549 INFO [Catalina-utility-2] org.apache.catalina.startup.HostConfig.undeploy Undeploying context [/lpu-reservation-system-0.0.1-SNAPSHOT]
04-Jul-2026 13:49:13.603 INFO [Catalina-utility-2] org.apache.catalina.startup.HostConfig.deployWAR Deploying web application archive [/usr/local/tomcat/webapps/lpu-reservation-system.war]
04-Jul-2026 13:49:18.695 INFO [Catalina-utility-2] org.apache.jasper.servlet.TldScanner.scanJars At least one JAR was scanned for TLDs yet contained no TLDs. Enable debug logging for this logger for a complete list of JARs that were scanned but no TLDs were found in them. Skipping unneeded JARs during scanning can improve startup time and JSP compilation time.
04-Jul-2026 13:49:19.599 INFO [Catalina-utility-2] org.apache.catalina.startup.HostConfig.deployWAR Deployment of web application archive [/usr/local/tomcat/webapps/lpu-reservation-system.war] has finished in [5,996] ms
04-Jul-2026 14:06:22.093 INFO [Catalina-utility-2] org.apache.catalina.startup.HostConfig.undeploy Undeploying context [/lpu-reservation-system]
04-Jul-2026 14:06:22.402 WARNING [Catalina-utility-2] org.apache.catalina.loader.WebappClassLoaderBase.clearReferencesJdbc The web application [lpu-reservation-system] registered the JDBC driver [org.postgresql.Driver] but failed to unregister it when the web application was stopped. To prevent a memory leak, the JDBC Driver has been forcibly unregistered.
04-Jul-2026 14:06:42.496 INFO [Catalina-utility-2] org.apache.catalina.startup.HostConfig.deployWAR Deploying web application archive [/usr/local/tomcat/webapps/lpu-reservation-system-0.0.1-SNAPSHOT.war]
04-Jul-2026 14:06:48.234 INFO [Catalina-utility-2] org.apache.jasper.servlet.TldScanner.scanJars At least one JAR was scanned for TLDs yet contained no TLDs. Enable debug logging for this logger for a complete list of JARs that were scanned but no TLDs were found in them. Skipping unneeded JARs during scanning can improve startup time and JSP compilation time.
04-Jul-2026 14:06:48.950 INFO [Catalina-utility-2] org.apache.catalina.startup.HostConfig.deployWAR Deployment of web application archive [/usr/local/tomcat/webapps/lpu-reservation-system-0.0.1-SNAPSHOT.war] has finished in [6,454] ms
04-Jul-2026 14:06:58.972 INFO [Catalina-utility-2] org.apache.catalina.startup.HostConfig.undeploy Undeploying context [/lpu-reservation-system-0.0.1-SNAPSHOT]
04-Jul-2026 14:06:59.037 INFO [Catalina-utility-2] org.apache.catalina.startup.HostConfig.deployWAR Deploying web application archive [/usr/local/tomcat/webapps/lpu-reservation-system.war]
04-Jul-2026 14:07:05.042 INFO [Catalina-utility-2] org.apache.jasper.servlet.TldScanner.scanJars At least one JAR was scanned for TLDs yet contained no TLDs. Enable debug logging for this logger for a complete list of JARs that were scanned but no TLDs were found in them. Skipping unneeded JARs during scanning can improve startup time and JSP compilation time.
04-Jul-2026 14:07:05.655 INFO [Catalina-utility-2] org.apache.catalina.startup.HostConfig.deployWAR Deployment of web application archive [/usr/local/tomcat/webapps/lpu-reservation-system.war] has finished in [6,619] ms
04-Jul-2026 14:24:38.541 INFO [Catalina-utility-2] org.apache.catalina.startup.HostConfig.undeploy Undeploying context [/lpu-reservation-system]
04-Jul-2026 14:24:38.879 WARNING [Catalina-utility-2] org.apache.catalina.loader.WebappClassLoaderBase.clearReferencesJdbc The web application [lpu-reservation-system] registered the JDBC driver [org.postgresql.Driver] but failed to unregister it when the web application was stopped. To prevent a memory leak, the JDBC Driver has been forcibly unregistered.
04-Jul-2026 14:24:38.929 INFO [Catalina-utility-2] org.apache.catalina.startup.HostConfig.deployWAR Deploying web application archive [/usr/local/tomcat/webapps/lpu-reservation-system-0.0.1-SNAPSHOT.war]
04-Jul-2026 14:24:45.487 INFO [Catalina-utility-2] org.apache.jasper.servlet.TldScanner.scanJars At least one JAR was scanned for TLDs yet contained no TLDs. Enable debug logging for this logger for a complete list of JARs that were scanned but no TLDs were found in them. Skipping unneeded JARs during scanning can improve startup time and JSP compilation time.
04-Jul-2026 14:24:45.813 INFO [Catalina-utility-2] org.apache.catalina.startup.HostConfig.deployWAR Deployment of web application archive [/usr/local/tomcat/webapps/lpu-reservation-system-0.0.1-SNAPSHOT.war] has finished in [6,882] ms
04-Jul-2026 14:24:55.836 INFO [Catalina-utility-1] org.apache.catalina.startup.HostConfig.undeploy Undeploying context [/lpu-reservation-system-0.0.1-SNAPSHOT]
04-Jul-2026 14:24:55.874 INFO [Catalina-utility-1] org.apache.catalina.startup.HostConfig.deployWAR Deploying web application archive [/usr/local/tomcat/webapps/lpu-reservation-system.war]
04-Jul-2026 14:24:59.466 INFO [Catalina-utility-1] org.apache.jasper.servlet.TldScanner.scanJars At least one JAR was scanned for TLDs yet contained no TLDs. Enable debug logging for this logger for a complete list of JARs that were scanned but no TLDs were found in them. Skipping unneeded JARs during scanning can improve startup time and JSP compilation time.
04-Jul-2026 14:25:00.827 INFO [Catalina-utility-1] org.apache.catalina.startup.HostConfig.deployWAR Deployment of web application archive [/usr/local/tomcat/webapps/lpu-reservation-system.war] has finished in [4,951] ms
04-Jul-2026 15:00:37.046 INFO [Thread-1] org.apache.coyote.AbstractProtocol.pause Pausing ProtocolHandler ["http-nio-8080"]
04-Jul-2026 15:00:37.210 INFO [Thread-1] org.apache.catalina.core.StandardService.stopInternal Stopping service [Catalina]
04-Jul-2026 15:00:47.322 INFO [main] org.apache.catalina.startup.VersionLoggerListener.log Server version name:   Apache Tomcat/11.0.22
04-Jul-2026 15:00:47.327 INFO [main] org.apache.catalina.startup.VersionLoggerListener.log Server built:          May 1 2026 18:29:05 UTC
04-Jul-2026 15:00:47.327 INFO [main] org.apache.catalina.startup.VersionLoggerListener.log Server version number: 11.0.22.0
04-Jul-2026 15:00:47.328 INFO [main] org.apache.catalina.startup.VersionLoggerListener.log OS Name:               Linux
04-Jul-2026 15:00:47.328 INFO [main] org.apache.catalina.startup.VersionLoggerListener.log OS Version:            6.12.76-linuxkit
04-Jul-2026 15:00:47.328 INFO [main] org.apache.catalina.startup.VersionLoggerListener.log Architecture:          aarch64
04-Jul-2026 15:00:47.328 INFO [main] org.apache.catalina.startup.VersionLoggerListener.log Java Home:             /opt/java/openjdk
04-Jul-2026 15:00:47.328 INFO [main] org.apache.catalina.startup.VersionLoggerListener.log JVM Version:           21.0.11+10-LTS
04-Jul-2026 15:00:47.328 INFO [main] org.apache.catalina.startup.VersionLoggerListener.log JVM Vendor:            Eclipse Adoptium
04-Jul-2026 15:00:47.328 INFO [main] org.apache.catalina.startup.VersionLoggerListener.log CATALINA_BASE:         /usr/local/tomcat
04-Jul-2026 15:00:47.328 INFO [main] org.apache.catalina.startup.VersionLoggerListener.log CATALINA_HOME:         /usr/local/tomcat
04-Jul-2026 15:00:47.346 INFO [main] org.apache.catalina.startup.VersionLoggerListener.log Command line argument: -Djava.util.logging.config.file=/usr/local/tomcat/conf/logging.properties
04-Jul-2026 15:00:47.347 INFO [main] org.apache.catalina.startup.VersionLoggerListener.log Command line argument: -Djava.util.logging.manager=org.apache.juli.ClassLoaderLogManager
04-Jul-2026 15:00:47.347 INFO [main] org.apache.catalina.startup.VersionLoggerListener.log Command line argument: -Djdk.tls.ephemeralDHKeySize=2048
04-Jul-2026 15:00:47.347 INFO [main] org.apache.catalina.startup.VersionLoggerListener.log Command line argument: -Dorg.apache.catalina.security.SecurityListener.UMASK=0027
04-Jul-2026 15:00:47.347 INFO [main] org.apache.catalina.startup.VersionLoggerListener.log Command line argument: --add-opens=java.base/java.lang=ALL-UNNAMED
04-Jul-2026 15:00:47.347 INFO [main] org.apache.catalina.startup.VersionLoggerListener.log Command line argument: --add-opens=java.base/java.lang.reflect=ALL-UNNAMED
04-Jul-2026 15:00:47.347 INFO [main] org.apache.catalina.startup.VersionLoggerListener.log Command line argument: --add-opens=java.base/java.io=ALL-UNNAMED
04-Jul-2026 15:00:47.347 INFO [main] org.apache.catalina.startup.VersionLoggerListener.log Command line argument: --add-opens=java.base/java.util=ALL-UNNAMED
04-Jul-2026 15:00:47.347 INFO [main] org.apache.catalina.startup.VersionLoggerListener.log Command line argument: --add-opens=java.base/java.util.concurrent=ALL-UNNAMED
04-Jul-2026 15:00:47.348 INFO [main] org.apache.catalina.startup.VersionLoggerListener.log Command line argument: --add-opens=java.rmi/sun.rmi.transport=ALL-UNNAMED
04-Jul-2026 15:00:47.348 INFO [main] org.apache.catalina.startup.VersionLoggerListener.log Command line argument: --enable-native-access=ALL-UNNAMED
04-Jul-2026 15:00:47.348 INFO [main] org.apache.catalina.startup.VersionLoggerListener.log Command line argument: -Dcatalina.base=/usr/local/tomcat
04-Jul-2026 15:00:47.348 INFO [main] org.apache.catalina.startup.VersionLoggerListener.log Command line argument: -Dcatalina.home=/usr/local/tomcat
04-Jul-2026 15:00:47.348 INFO [main] org.apache.catalina.startup.VersionLoggerListener.log Command line argument: -Djava.io.tmpdir=/usr/local/tomcat/temp
04-Jul-2026 15:00:47.369 INFO [main] org.apache.catalina.core.AprLifecycleListener.lifecycleEvent Loaded Apache Tomcat Native library [2.0.14] using APR version [1.7.2].
04-Jul-2026 15:00:47.395 INFO [main] org.apache.catalina.core.AprLifecycleListener.initializeSSL OpenSSL successfully initialized [OpenSSL 3.0.13 30 Jan 2024]
04-Jul-2026 15:00:47.702 INFO [main] org.apache.coyote.AbstractProtocol.init Initializing ProtocolHandler ["http-nio-8080"]
04-Jul-2026 15:00:47.731 INFO [main] org.apache.catalina.startup.Catalina.load Server initialization in [625] milliseconds
04-Jul-2026 15:00:47.781 INFO [main] org.apache.catalina.core.StandardService.startInternal Starting service [Catalina]
04-Jul-2026 15:00:47.781 INFO [main] org.apache.catalina.core.StandardEngine.startInternal Starting Servlet engine: [Apache Tomcat/11.0.22]
04-Jul-2026 15:00:47.854 INFO [main] org.apache.catalina.startup.HostConfig.deployWAR Deploying web application archive [/usr/local/tomcat/webapps/lpu-reservation-system.war]
04-Jul-2026 15:00:47.875 INFO [main] org.apache.catalina.startup.ExpandWar.expand An expanded directory [/usr/local/tomcat/webapps/lpu-reservation-system] was found with a last modified time that did not match the associated WAR. It will be deleted.
04-Jul-2026 15:00:53.933 INFO [main] org.apache.jasper.servlet.TldScanner.scanJars At least one JAR was scanned for TLDs yet contained no TLDs. Enable debug logging for this logger for a complete list of JARs that were scanned but no TLDs were found in them. Skipping unneeded JARs during scanning can improve startup time and JSP compilation time.
04-Jul-2026 15:00:54.916 INFO [main] org.apache.catalina.startup.HostConfig.deployWAR Deployment of web application archive [/usr/local/tomcat/webapps/lpu-reservation-system.war] has finished in [7,059] ms
04-Jul-2026 15:00:54.922 INFO [main] org.apache.catalina.startup.HostConfig.deployDirectory Deploying web application directory [/usr/local/tomcat/webapps/uploads]
04-Jul-2026 15:00:54.940 INFO [main] org.apache.catalina.startup.HostConfig.deployDirectory Deployment of web application directory [/usr/local/tomcat/webapps/uploads] has finished in [18] ms
04-Jul-2026 15:00:54.947 INFO [main] org.apache.coyote.AbstractProtocol.start Starting ProtocolHandler ["http-nio-8080"]
04-Jul-2026 15:00:55.008 INFO [main] org.apache.catalina.startup.Catalina.start Server startup in [7273] milliseconds
04-Jul-2026 15:02:55.208 INFO [Catalina-utility-1] org.apache.catalina.startup.HostConfig.undeploy Undeploying context [/lpu-reservation-system]
04-Jul-2026 15:03:05.333 INFO [Catalina-utility-2] org.apache.catalina.startup.HostConfig.deployWAR Deploying web application archive [/usr/local/tomcat/webapps/lpu-reservation-system.war]
04-Jul-2026 15:03:10.669 INFO [Catalina-utility-2] org.apache.jasper.servlet.TldScanner.scanJars At least one JAR was scanned for TLDs yet contained no TLDs. Enable debug logging for this logger for a complete list of JARs that were scanned but no TLDs were found in them. Skipping unneeded JARs during scanning can improve startup time and JSP compilation time.
04-Jul-2026 15:03:11.326 INFO [Catalina-utility-2] org.apache.catalina.startup.HostConfig.deployWAR Deployment of web application archive [/usr/local/tomcat/webapps/lpu-reservation-system.war] has finished in [5,995] ms
04-Jul-2026 15:07:32.000 INFO [Catalina-utility-1] org.apache.catalina.startup.HostConfig.undeploy Undeploying context [/lpu-reservation-system]
04-Jul-2026 15:07:32.201 WARNING [Catalina-utility-1] org.apache.catalina.loader.WebappClassLoaderBase.clearReferencesJdbc The web application [lpu-reservation-system] registered the JDBC driver [org.postgresql.Driver] but failed to unregister it when the web application was stopped. To prevent a memory leak, the JDBC Driver has been forcibly unregistered.
04-Jul-2026 15:07:52.288 INFO [Catalina-utility-1] org.apache.catalina.startup.HostConfig.deployWAR Deploying web application archive [/usr/local/tomcat/webapps/lpu-reservation-system-0.0.1-SNAPSHOT.war]
04-Jul-2026 15:07:55.660 INFO [Catalina-utility-1] org.apache.jasper.servlet.TldScanner.scanJars At least one JAR was scanned for TLDs yet contained no TLDs. Enable debug logging for this logger for a complete list of JARs that were scanned but no TLDs were found in them. Skipping unneeded JARs during scanning can improve startup time and JSP compilation time.
04-Jul-2026 15:07:55.992 INFO [Catalina-utility-1] org.apache.catalina.startup.HostConfig.deployWAR Deployment of web application archive [/usr/local/tomcat/webapps/lpu-reservation-system-0.0.1-SNAPSHOT.war] has finished in [3,705] ms
04-Jul-2026 15:08:06.028 INFO [Catalina-utility-1] org.apache.catalina.startup.HostConfig.undeploy Undeploying context [/lpu-reservation-system-0.0.1-SNAPSHOT]
04-Jul-2026 15:08:06.113 INFO [Catalina-utility-1] org.apache.catalina.startup.HostConfig.deployWAR Deploying web application archive [/usr/local/tomcat/webapps/lpu-reservation-system.war]
04-Jul-2026 15:08:12.066 INFO [Catalina-utility-1] org.apache.jasper.servlet.TldScanner.scanJars At least one JAR was scanned for TLDs yet contained no TLDs. Enable debug logging for this logger for a complete list of JARs that were scanned but no TLDs were found in them. Skipping unneeded JARs during scanning can improve startup time and JSP compilation time.
04-Jul-2026 15:08:13.058 INFO [Catalina-utility-1] org.apache.catalina.startup.HostConfig.deployWAR Deployment of web application archive [/usr/local/tomcat/webapps/lpu-reservation-system.war] has finished in [6,944] ms
04-Jul-2026 22:50:27.781 INFO [Catalina-utility-1] org.apache.catalina.startup.HostConfig.undeploy Undeploying context [/lpu-reservation-system]
04-Jul-2026 22:50:28.096 WARNING [Catalina-utility-1] org.apache.catalina.loader.WebappClassLoaderBase.clearReferencesJdbc The web application [lpu-reservation-system] registered the JDBC driver [org.postgresql.Driver] but failed to unregister it when the web application was stopped. To prevent a memory leak, the JDBC Driver has been forcibly unregistered.
04-Jul-2026 22:50:28.153 INFO [Catalina-utility-1] org.apache.catalina.startup.HostConfig.deployWAR Deploying web application archive [/usr/local/tomcat/webapps/lpu-reservation-system-0.0.1-SNAPSHOT.war]
04-Jul-2026 22:50:31.089 SEVERE [Catalina-utility-1] org.apache.catalina.startup.ContextConfig.beforeStart Exception fixing docBase for context [/lpu-reservation-system-0.0.1-SNAPSHOT]
	java.io.IOException: Unable to set the last modified time for [/usr/local/tomcat/webapps/lpu-reservation-system-0.0.1-SNAPSHOT/WEB-INF/lib/hibernate-core-7.4.1.Final.jar]
		at org.apache.catalina.startup.ExpandWar.expand(ExpandWar.java:154)
		at org.apache.catalina.startup.ContextConfig.fixDocBase(ContextConfig.java:808)
		at org.apache.catalina.startup.ContextConfig.beforeStart(ContextConfig.java:944)
		at org.apache.catalina.startup.ContextConfig.lifecycleEvent(ContextConfig.java:289)
		at org.apache.catalina.util.LifecycleBase.fireLifecycleEvent(LifecycleBase.java:109)
		at org.apache.catalina.util.LifecycleBase.setStateInternal(LifecycleBase.java:389)
		at org.apache.catalina.util.LifecycleBase.start(LifecycleBase.java:163)
		at org.apache.catalina.core.ContainerBase.addChild(ContainerBase.java:564)
		at org.apache.catalina.core.StandardHost.addChild(StandardHost.java:663)
		at org.apache.catalina.startup.HostConfig.deployWAR(HostConfig.java:923)
		at org.apache.catalina.startup.HostConfig$DeployWar.run(HostConfig.java:1839)
		at java.base/java.util.concurrent.Executors$RunnableAdapter.call(Executors.java:572)
		at java.base/java.util.concurrent.FutureTask.run(FutureTask.java:317)
		at org.apache.tomcat.util.threads.InlineExecutorService.execute(InlineExecutorService.java:81)
		at java.base/java.util.concurrent.AbstractExecutorService.submit(AbstractExecutorService.java:123)
		at org.apache.catalina.startup.HostConfig.deployWARs(HostConfig.java:727)
		at org.apache.catalina.startup.HostConfig.deployApps(HostConfig.java:378)
		at org.apache.catalina.startup.HostConfig.check(HostConfig.java:1628)
		at org.apache.catalina.startup.HostConfig.lifecycleEvent(HostConfig.java:260)
		at org.apache.catalina.util.LifecycleBase.fireLifecycleEvent(LifecycleBase.java:109)
		at org.apache.catalina.core.ContainerBase.backgroundProcess(ContainerBase.java:938)
		at org.apache.catalina.core.ContainerBase$ContainerBackgroundProcessor.processChildren(ContainerBase.java:1137)
		at org.apache.catalina.core.ContainerBase$ContainerBackgroundProcessor.processChildren(ContainerBase.java:1141)
		at org.apache.catalina.core.ContainerBase$ContainerBackgroundProcessor.run(ContainerBase.java:1119)
		at java.base/java.util.concurrent.Executors$RunnableAdapter.call(Executors.java:572)
		at java.base/java.util.concurrent.FutureTask.runAndReset(FutureTask.java:358)
		at java.base/java.util.concurrent.ScheduledThreadPoolExecutor$ScheduledFutureTask.run(ScheduledThreadPoolExecutor.java:305)
		at java.base/java.util.concurrent.ThreadPoolExecutor.runWorker(ThreadPoolExecutor.java:1144)
		at java.base/java.util.concurrent.ThreadPoolExecutor$Worker.run(ThreadPoolExecutor.java:642)
		at org.apache.tomcat.util.threads.TaskThread$WrappingRunnable.run(TaskThread.java:57)
		at java.base/java.lang.Thread.run(Thread.java:1583)
04-Jul-2026 22:50:31.124 SEVERE [Catalina-utility-1] org.apache.catalina.startup.HostConfig.deployWAR Error deploying web application archive [/usr/local/tomcat/webapps/lpu-reservation-system-0.0.1-SNAPSHOT.war]
	java.lang.IllegalStateException: Error starting child
		at org.apache.catalina.core.ContainerBase.addChild(ContainerBase.java:567)
		at org.apache.catalina.core.StandardHost.addChild(StandardHost.java:663)
		at org.apache.catalina.startup.HostConfig.deployWAR(HostConfig.java:923)
		at org.apache.catalina.startup.HostConfig$DeployWar.run(HostConfig.java:1839)
		at java.base/java.util.concurrent.Executors$RunnableAdapter.call(Executors.java:572)
		at java.base/java.util.concurrent.FutureTask.run(FutureTask.java:317)
		at org.apache.tomcat.util.threads.InlineExecutorService.execute(InlineExecutorService.java:81)
		at java.base/java.util.concurrent.AbstractExecutorService.submit(AbstractExecutorService.java:123)
		at org.apache.catalina.startup.HostConfig.deployWARs(HostConfig.java:727)
		at org.apache.catalina.startup.HostConfig.deployApps(HostConfig.java:378)
		at org.apache.catalina.startup.HostConfig.check(HostConfig.java:1628)
		at org.apache.catalina.startup.HostConfig.lifecycleEvent(HostConfig.java:260)
		at org.apache.catalina.util.LifecycleBase.fireLifecycleEvent(LifecycleBase.java:109)
		at org.apache.catalina.core.ContainerBase.backgroundProcess(ContainerBase.java:938)
		at org.apache.catalina.core.ContainerBase$ContainerBackgroundProcessor.processChildren(ContainerBase.java:1137)
		at org.apache.catalina.core.ContainerBase$ContainerBackgroundProcessor.processChildren(ContainerBase.java:1141)
		at org.apache.catalina.core.ContainerBase$ContainerBackgroundProcessor.run(ContainerBase.java:1119)
		at java.base/java.util.concurrent.Executors$RunnableAdapter.call(Executors.java:572)
		at java.base/java.util.concurrent.FutureTask.runAndReset(FutureTask.java:358)
		at java.base/java.util.concurrent.ScheduledThreadPoolExecutor$ScheduledFutureTask.run(ScheduledThreadPoolExecutor.java:305)
		at java.base/java.util.concurrent.ThreadPoolExecutor.runWorker(ThreadPoolExecutor.java:1144)
		at java.base/java.util.concurrent.ThreadPoolExecutor$Worker.run(ThreadPoolExecutor.java:642)
		at org.apache.tomcat.util.threads.TaskThread$WrappingRunnable.run(TaskThread.java:57)
		at java.base/java.lang.Thread.run(Thread.java:1583)
	Caused by: org.apache.catalina.LifecycleException: Failed to start component [org.apache.catalina.webresources.StandardRoot@453e0cc9]
		at org.apache.catalina.util.LifecycleBase.handleSubClassException(LifecycleBase.java:404)
		at org.apache.catalina.util.LifecycleBase.start(LifecycleBase.java:179)
		at org.apache.catalina.core.StandardContext.resourcesStart(StandardContext.java:4119)
		at org.apache.catalina.core.StandardContext.startInternal(StandardContext.java:4241)
		at org.apache.catalina.util.LifecycleBase.start(LifecycleBase.java:164)
		at org.apache.catalina.core.ContainerBase.addChild(ContainerBase.java:564)
		... 23 more
	Caused by: java.lang.IllegalArgumentException: The main resource set specified [/usr/local/tomcat/webapps/lpu-reservation-system-0.0.1-SNAPSHOT.war] is not a directory or war file, or is not readable (it does not exist or permissions to access it are missing)
		at org.apache.catalina.webresources.StandardRoot.createMainResourceSet(StandardRoot.java:749)
		at org.apache.catalina.webresources.StandardRoot.startInternal(StandardRoot.java:706)
		at org.apache.catalina.util.LifecycleBase.start(LifecycleBase.java:164)
		... 27 more
04-Jul-2026 22:50:31.145 INFO [Catalina-utility-1] org.apache.catalina.startup.HostConfig.deployWAR Deployment of web application archive [/usr/local/tomcat/webapps/lpu-reservation-system-0.0.1-SNAPSHOT.war] has finished in [2,979] ms
04-Jul-2026 22:50:41.160 INFO [Catalina-utility-1] org.apache.catalina.startup.HostConfig.undeploy Undeploying context [/lpu-reservation-system-0.0.1-SNAPSHOT]
04-Jul-2026 22:50:41.270 INFO [Catalina-utility-1] org.apache.catalina.startup.HostConfig.deployWAR Deploying web application archive [/usr/local/tomcat/webapps/lpu-reservation-system.war]
04-Jul-2026 22:50:53.211 INFO [Catalina-utility-1] org.apache.jasper.servlet.TldScanner.scanJars At least one JAR was scanned for TLDs yet contained no TLDs. Enable debug logging for this logger for a complete list of JARs that were scanned but no TLDs were found in them. Skipping unneeded JARs during scanning can improve startup time and JSP compilation time.
04-Jul-2026 22:50:54.092 INFO [Catalina-utility-1] org.apache.catalina.startup.HostConfig.deployWAR Deployment of web application archive [/usr/local/tomcat/webapps/lpu-reservation-system.war] has finished in [12,823] ms
04-Jul-2026 22:57:45.024 INFO [Catalina-utility-1] org.apache.catalina.startup.HostConfig.undeploy Undeploying context [/lpu-reservation-system]
04-Jul-2026 22:57:45.262 WARNING [Catalina-utility-1] org.apache.catalina.loader.WebappClassLoaderBase.clearReferencesJdbc The web application [lpu-reservation-system] registered the JDBC driver [org.postgresql.Driver] but failed to unregister it when the web application was stopped. To prevent a memory leak, the JDBC Driver has been forcibly unregistered.
04-Jul-2026 22:57:45.289 INFO [Catalina-utility-1] org.apache.catalina.startup.HostConfig.deployWAR Deploying web application archive [/usr/local/tomcat/webapps/lpu-reservation-system.war]
04-Jul-2026 22:57:53.536 INFO [Catalina-utility-1] org.apache.jasper.servlet.TldScanner.scanJars At least one JAR was scanned for TLDs yet contained no TLDs. Enable debug logging for this logger for a complete list of JARs that were scanned but no TLDs were found in them. Skipping unneeded JARs during scanning can improve startup time and JSP compilation time.
04-Jul-2026 22:57:54.170 INFO [Catalina-utility-1] org.apache.catalina.startup.HostConfig.deployWAR Deployment of web application archive [/usr/local/tomcat/webapps/lpu-reservation-system.war] has finished in [8,881] ms
04-Jul-2026 23:04:55.061 INFO [Catalina-utility-1] org.apache.catalina.startup.HostConfig.undeploy Undeploying context [/lpu-reservation-system]
04-Jul-2026 23:04:55.391 WARNING [Catalina-utility-1] org.apache.catalina.loader.WebappClassLoaderBase.clearReferencesJdbc The web application [lpu-reservation-system] registered the JDBC driver [org.postgresql.Driver] but failed to unregister it when the web application was stopped. To prevent a memory leak, the JDBC Driver has been forcibly unregistered.
04-Jul-2026 23:04:55.430 INFO [Catalina-utility-1] org.apache.catalina.startup.HostConfig.deployWAR Deploying web application archive [/usr/local/tomcat/webapps/lpu-reservation-system-0.0.1-SNAPSHOT.war]
04-Jul-2026 23:04:59.996 SEVERE [Catalina-utility-1] org.apache.catalina.startup.ContextConfig.processAnnotationsJar Unable to process Jar [file:/usr/local/tomcat/webapps/lpu-reservation-system-0.0.1-SNAPSHOT/WEB-INF/lib/spring-instrument-7.0.6.jar] for annotations
	java.nio.file.NoSuchFileException: /usr/local/tomcat/webapps/lpu-reservation-system-0.0.1-SNAPSHOT/WEB-INF/lib/spring-instrument-7.0.6.jar
		at java.base/sun.nio.fs.UnixException.translateToIOException(UnixException.java:92)
		at java.base/sun.nio.fs.UnixException.rethrowAsIOException(UnixException.java:106)
		at java.base/sun.nio.fs.UnixException.rethrowAsIOException(UnixException.java:111)
		at java.base/sun.nio.fs.UnixFileAttributeViews$Basic.readAttributes(UnixFileAttributeViews.java:55)
		at java.base/sun.nio.fs.UnixFileSystemProvider.readAttributes(UnixFileSystemProvider.java:171)
		at java.base/sun.nio.fs.LinuxFileSystemProvider.readAttributes(LinuxFileSystemProvider.java:99)
		at java.base/java.nio.file.Files.readAttributes(Files.java:1854)
		at java.base/java.util.zip.ZipFile$Source.get(ZipFile.java:1445)
		at java.base/java.util.zip.ZipFile$CleanableResource.<init>(ZipFile.java:724)
		at java.base/java.util.zip.ZipFile.<init>(ZipFile.java:251)
		at java.base/java.util.zip.ZipFile.<init>(ZipFile.java:180)
		at java.base/java.util.jar.JarFile.<init>(JarFile.java:345)
		at org.apache.tomcat.util.scan.JarFileUrlJar.<init>(JarFileUrlJar.java:64)
		at org.apache.tomcat.util.scan.JarFactory.newInstance(JarFactory.java:50)
		at org.apache.catalina.startup.ContextConfig.processAnnotationsJar(ContextConfig.java:2178)
		at org.apache.catalina.startup.ContextConfig.processAnnotationsUrl(ContextConfig.java:2161)
		at org.apache.catalina.startup.ContextConfig.scanWebXmlFragment(ContextConfig.java:2070)
		at org.apache.catalina.startup.ContextConfig.processAnnotations(ContextConfig.java:2050)
		at org.apache.catalina.startup.ContextConfig.processClasses(ContextConfig.java:1366)
		at org.apache.catalina.startup.ContextConfig.webConfig(ContextConfig.java:1267)
		at org.apache.catalina.startup.ContextConfig.configureStart(ContextConfig.java:968)
		at org.apache.catalina.startup.ContextConfig.lifecycleEvent(ContextConfig.java:288)
		at org.apache.catalina.util.LifecycleBase.fireLifecycleEvent(LifecycleBase.java:109)
		at org.apache.catalina.core.StandardContext.startInternal(StandardContext.java:4338)
		at org.apache.catalina.util.LifecycleBase.start(LifecycleBase.java:164)
		at org.apache.catalina.core.ContainerBase.addChild(ContainerBase.java:564)
		at org.apache.catalina.core.StandardHost.addChild(StandardHost.java:663)
		at org.apache.catalina.startup.HostConfig.deployWAR(HostConfig.java:923)
		at org.apache.catalina.startup.HostConfig$DeployWar.run(HostConfig.java:1839)
		at java.base/java.util.concurrent.Executors$RunnableAdapter.call(Executors.java:572)
		at java.base/java.util.concurrent.FutureTask.run(FutureTask.java:317)
		at org.apache.tomcat.util.threads.InlineExecutorService.execute(InlineExecutorService.java:81)
		at java.base/java.util.concurrent.AbstractExecutorService.submit(AbstractExecutorService.java:123)
		at org.apache.catalina.startup.HostConfig.deployWARs(HostConfig.java:727)
		at org.apache.catalina.startup.HostConfig.deployApps(HostConfig.java:378)
		at org.apache.catalina.startup.HostConfig.check(HostConfig.java:1628)
		at org.apache.catalina.startup.HostConfig.lifecycleEvent(HostConfig.java:260)
		at org.apache.catalina.util.LifecycleBase.fireLifecycleEvent(LifecycleBase.java:109)
		at org.apache.catalina.core.ContainerBase.backgroundProcess(ContainerBase.java:938)
		at org.apache.catalina.core.ContainerBase$ContainerBackgroundProcessor.processChildren(ContainerBase.java:1137)
		at org.apache.catalina.core.ContainerBase$ContainerBackgroundProcessor.processChildren(ContainerBase.java:1141)
		at org.apache.catalina.core.ContainerBase$ContainerBackgroundProcessor.run(ContainerBase.java:1119)
		at java.base/java.util.concurrent.Executors$RunnableAdapter.call(Executors.java:572)
		at java.base/java.util.concurrent.FutureTask.runAndReset(FutureTask.java:358)
		at java.base/java.util.concurrent.ScheduledThreadPoolExecutor$ScheduledFutureTask.run(ScheduledThreadPoolExecutor.java:305)
		at java.base/java.util.concurrent.ThreadPoolExecutor.runWorker(ThreadPoolExecutor.java:1144)
		at java.base/java.util.concurrent.ThreadPoolExecutor$Worker.run(ThreadPoolExecutor.java:642)
		at org.apache.tomcat.util.threads.TaskThread$WrappingRunnable.run(TaskThread.java:57)
		at java.base/java.lang.Thread.run(Thread.java:1583)
04-Jul-2026 23:05:00.002 SEVERE [Catalina-utility-1] org.apache.catalina.startup.ContextConfig.processAnnotationsJar Unable to process Jar [file:/usr/local/tomcat/webapps/lpu-reservation-system-0.0.1-SNAPSHOT/WEB-INF/lib/mchange-commons-java-0.2.19.jar] for annotations
	java.nio.file.NoSuchFileException: /usr/local/tomcat/webapps/lpu-reservation-system-0.0.1-SNAPSHOT/WEB-INF/lib/mchange-commons-java-0.2.19.jar
		at java.base/sun.nio.fs.UnixException.translateToIOException(UnixException.java:92)
		at java.base/sun.nio.fs.UnixException.rethrowAsIOException(UnixException.java:106)
		at java.base/sun.nio.fs.UnixException.rethrowAsIOException(UnixException.java:111)
		at java.base/sun.nio.fs.UnixFileAttributeViews$Basic.readAttributes(UnixFileAttributeViews.java:55)
		at java.base/sun.nio.fs.UnixFileSystemProvider.readAttributes(UnixFileSystemProvider.java:171)
		at java.base/sun.nio.fs.LinuxFileSystemProvider.readAttributes(LinuxFileSystemProvider.java:99)
		at java.base/java.nio.file.Files.readAttributes(Files.java:1854)
		at java.base/java.util.zip.ZipFile$Source.get(ZipFile.java:1445)
		at java.base/java.util.zip.ZipFile$CleanableResource.<init>(ZipFile.java:724)
		at java.base/java.util.zip.ZipFile.<init>(ZipFile.java:251)
		at java.base/java.util.zip.ZipFile.<init>(ZipFile.java:180)
		at java.base/java.util.jar.JarFile.<init>(JarFile.java:345)
		at org.apache.tomcat.util.scan.JarFileUrlJar.<init>(JarFileUrlJar.java:64)
		at org.apache.tomcat.util.scan.JarFactory.newInstance(JarFactory.java:50)
		at org.apache.catalina.startup.ContextConfig.processAnnotationsJar(ContextConfig.java:2178)
		at org.apache.catalina.startup.ContextConfig.processAnnotationsUrl(ContextConfig.java:2161)
		at org.apache.catalina.startup.ContextConfig.scanWebXmlFragment(ContextConfig.java:2070)
		at org.apache.catalina.startup.ContextConfig.processAnnotations(ContextConfig.java:2050)
		at org.apache.catalina.startup.ContextConfig.processClasses(ContextConfig.java:1366)
		at org.apache.catalina.startup.ContextConfig.webConfig(ContextConfig.java:1267)
		at org.apache.catalina.startup.ContextConfig.configureStart(ContextConfig.java:968)
		at org.apache.catalina.startup.ContextConfig.lifecycleEvent(ContextConfig.java:288)
		at org.apache.catalina.util.LifecycleBase.fireLifecycleEvent(LifecycleBase.java:109)
		at org.apache.catalina.core.StandardContext.startInternal(StandardContext.java:4338)
		at org.apache.catalina.util.LifecycleBase.start(LifecycleBase.java:164)
		at org.apache.catalina.core.ContainerBase.addChild(ContainerBase.java:564)
		at org.apache.catalina.core.StandardHost.addChild(StandardHost.java:663)
		at org.apache.catalina.startup.HostConfig.deployWAR(HostConfig.java:923)
		at org.apache.catalina.startup.HostConfig$DeployWar.run(HostConfig.java:1839)
		at java.base/java.util.concurrent.Executors$RunnableAdapter.call(Executors.java:572)
		at java.base/java.util.concurrent.FutureTask.run(FutureTask.java:317)
		at org.apache.tomcat.util.threads.InlineExecutorService.execute(InlineExecutorService.java:81)
		at java.base/java.util.concurrent.AbstractExecutorService.submit(AbstractExecutorService.java:123)
		at org.apache.catalina.startup.HostConfig.deployWARs(HostConfig.java:727)
		at org.apache.catalina.startup.HostConfig.deployApps(HostConfig.java:378)
		at org.apache.catalina.startup.HostConfig.check(HostConfig.java:1628)
		at org.apache.catalina.startup.HostConfig.lifecycleEvent(HostConfig.java:260)
		at org.apache.catalina.util.LifecycleBase.fireLifecycleEvent(LifecycleBase.java:109)
		at org.apache.catalina.core.ContainerBase.backgroundProcess(ContainerBase.java:938)
		at org.apache.catalina.core.ContainerBase$ContainerBackgroundProcessor.processChildren(ContainerBase.java:1137)
		at org.apache.catalina.core.ContainerBase$ContainerBackgroundProcessor.processChildren(ContainerBase.java:1141)
		at org.apache.catalina.core.ContainerBase$ContainerBackgroundProcessor.run(ContainerBase.java:1119)
		at java.base/java.util.concurrent.Executors$RunnableAdapter.call(Executors.java:572)
		at java.base/java.util.concurrent.FutureTask.runAndReset(FutureTask.java:358)
		at java.base/java.util.concurrent.ScheduledThreadPoolExecutor$ScheduledFutureTask.run(ScheduledThreadPoolExecutor.java:305)
		at java.base/java.util.concurrent.ThreadPoolExecutor.runWorker(ThreadPoolExecutor.java:1144)
		at java.base/java.util.concurrent.ThreadPoolExecutor$Worker.run(ThreadPoolExecutor.java:642)
		at org.apache.tomcat.util.threads.TaskThread$WrappingRunnable.run(TaskThread.java:57)
		at java.base/java.lang.Thread.run(Thread.java:1583)
04-Jul-2026 23:05:00.006 SEVERE [Catalina-utility-1] org.apache.catalina.startup.ContextConfig.processAnnotationsJar Unable to process Jar [file:/usr/local/tomcat/webapps/lpu-reservation-system-0.0.1-SNAPSHOT/WEB-INF/lib/opentest4j-1.3.0.jar] for annotations
	java.nio.file.NoSuchFileException: /usr/local/tomcat/webapps/lpu-reservation-system-0.0.1-SNAPSHOT/WEB-INF/lib/opentest4j-1.3.0.jar
		at java.base/sun.nio.fs.UnixException.translateToIOException(UnixException.java:92)
		at java.base/sun.nio.fs.UnixException.rethrowAsIOException(UnixException.java:106)
		at java.base/sun.nio.fs.UnixException.rethrowAsIOException(UnixException.java:111)
		at java.base/sun.nio.fs.UnixFileAttributeViews$Basic.readAttributes(UnixFileAttributeViews.java:55)
		at java.base/sun.nio.fs.UnixFileSystemProvider.readAttributes(UnixFileSystemProvider.java:171)
		at java.base/sun.nio.fs.LinuxFileSystemProvider.readAttributes(LinuxFileSystemProvider.java:99)
		at java.base/java.nio.file.Files.readAttributes(Files.java:1854)
		at java.base/java.util.zip.ZipFile$Source.get(ZipFile.java:1445)
		at java.base/java.util.zip.ZipFile$CleanableResource.<init>(ZipFile.java:724)
		at java.base/java.util.zip.ZipFile.<init>(ZipFile.java:251)
		at java.base/java.util.zip.ZipFile.<init>(ZipFile.java:180)
		at java.base/java.util.jar.JarFile.<init>(JarFile.java:345)
		at org.apache.tomcat.util.scan.JarFileUrlJar.<init>(JarFileUrlJar.java:64)
		at org.apache.tomcat.util.scan.JarFactory.newInstance(JarFactory.java:50)
		at org.apache.catalina.startup.ContextConfig.processAnnotationsJar(ContextConfig.java:2178)
		at org.apache.catalina.startup.ContextConfig.processAnnotationsUrl(ContextConfig.java:2161)
		at org.apache.catalina.startup.ContextConfig.scanWebXmlFragment(ContextConfig.java:2070)
		at org.apache.catalina.startup.ContextConfig.processAnnotations(ContextConfig.java:2050)
		at org.apache.catalina.startup.ContextConfig.processClasses(ContextConfig.java:1366)
		at org.apache.catalina.startup.ContextConfig.webConfig(ContextConfig.java:1267)
		at org.apache.catalina.startup.ContextConfig.configureStart(ContextConfig.java:968)
		at org.apache.catalina.startup.ContextConfig.lifecycleEvent(ContextConfig.java:288)
		at org.apache.catalina.util.LifecycleBase.fireLifecycleEvent(LifecycleBase.java:109)
		at org.apache.catalina.core.StandardContext.startInternal(StandardContext.java:4338)
		at org.apache.catalina.util.LifecycleBase.start(LifecycleBase.java:164)
		at org.apache.catalina.core.ContainerBase.addChild(ContainerBase.java:564)
		at org.apache.catalina.core.StandardHost.addChild(StandardHost.java:663)
		at org.apache.catalina.startup.HostConfig.deployWAR(HostConfig.java:923)
		at org.apache.catalina.startup.HostConfig$DeployWar.run(HostConfig.java:1839)
		at java.base/java.util.concurrent.Executors$RunnableAdapter.call(Executors.java:572)
		at java.base/java.util.concurrent.FutureTask.run(FutureTask.java:317)
		at org.apache.tomcat.util.threads.InlineExecutorService.execute(InlineExecutorService.java:81)
		at java.base/java.util.concurrent.AbstractExecutorService.submit(AbstractExecutorService.java:123)
		at org.apache.catalina.startup.HostConfig.deployWARs(HostConfig.java:727)
		at org.apache.catalina.startup.HostConfig.deployApps(HostConfig.java:378)
		at org.apache.catalina.startup.HostConfig.check(HostConfig.java:1628)
		at org.apache.catalina.startup.HostConfig.lifecycleEvent(HostConfig.java:260)
		at org.apache.catalina.util.LifecycleBase.fireLifecycleEvent(LifecycleBase.java:109)
		at org.apache.catalina.core.ContainerBase.backgroundProcess(ContainerBase.java:938)
		at org.apache.catalina.core.ContainerBase$ContainerBackgroundProcessor.processChildren(ContainerBase.java:1137)
		at org.apache.catalina.core.ContainerBase$ContainerBackgroundProcessor.processChildren(ContainerBase.java:1141)
		at org.apache.catalina.core.ContainerBase$ContainerBackgroundProcessor.run(ContainerBase.java:1119)
		at java.base/java.util.concurrent.Executors$RunnableAdapter.call(Executors.java:572)
		at java.base/java.util.concurrent.FutureTask.runAndReset(FutureTask.java:358)
		at java.base/java.util.concurrent.ScheduledThreadPoolExecutor$ScheduledFutureTask.run(ScheduledThreadPoolExecutor.java:305)
		at java.base/java.util.concurrent.ThreadPoolExecutor.runWorker(ThreadPoolExecutor.java:1144)
		at java.base/java.util.concurrent.ThreadPoolExecutor$Worker.run(ThreadPoolExecutor.java:642)
		at org.apache.tomcat.util.threads.TaskThread$WrappingRunnable.run(TaskThread.java:57)
		at java.base/java.lang.Thread.run(Thread.java:1583)
04-Jul-2026 23:05:00.011 SEVERE [Catalina-utility-1] org.apache.catalina.startup.ContextConfig.processAnnotationsJar Unable to process Jar [file:/usr/local/tomcat/webapps/lpu-reservation-system-0.0.1-SNAPSHOT/WEB-INF/lib/spring-messaging-7.0.6.jar] for annotations
	java.nio.file.NoSuchFileException: /usr/local/tomcat/webapps/lpu-reservation-system-0.0.1-SNAPSHOT/WEB-INF/lib/spring-messaging-7.0.6.jar
		at java.base/sun.nio.fs.UnixException.translateToIOException(UnixException.java:92)
		at java.base/sun.nio.fs.UnixException.rethrowAsIOException(UnixException.java:106)
		at java.base/sun.nio.fs.UnixException.rethrowAsIOException(UnixException.java:111)
		at java.base/sun.nio.fs.UnixFileAttributeViews$Basic.readAttributes(UnixFileAttributeViews.java:55)
		at java.base/sun.nio.fs.UnixFileSystemProvider.readAttributes(UnixFileSystemProvider.java:171)
		at java.base/sun.nio.fs.LinuxFileSystemProvider.readAttributes(LinuxFileSystemProvider.java:99)
		at java.base/java.nio.file.Files.readAttributes(Files.java:1854)
		at java.base/java.util.zip.ZipFile$Source.get(ZipFile.java:1445)
		at java.base/java.util.zip.ZipFile$CleanableResource.<init>(ZipFile.java:724)
		at java.base/java.util.zip.ZipFile.<init>(ZipFile.java:251)
		at java.base/java.util.zip.ZipFile.<init>(ZipFile.java:180)
		at java.base/java.util.jar.JarFile.<init>(JarFile.java:345)
		at org.apache.tomcat.util.scan.JarFileUrlJar.<init>(JarFileUrlJar.java:64)
		at org.apache.tomcat.util.scan.JarFactory.newInstance(JarFactory.java:50)
		at org.apache.catalina.startup.ContextConfig.processAnnotationsJar(ContextConfig.java:2178)
		at org.apache.catalina.startup.ContextConfig.processAnnotationsUrl(ContextConfig.java:2161)
		at org.apache.catalina.startup.ContextConfig.scanWebXmlFragment(ContextConfig.java:2070)
		at org.apache.catalina.startup.ContextConfig.processAnnotations(ContextConfig.java:2050)
		at org.apache.catalina.startup.ContextConfig.processClasses(ContextConfig.java:1366)
		at org.apache.catalina.startup.ContextConfig.webConfig(ContextConfig.java:1267)
		at org.apache.catalina.startup.ContextConfig.configureStart(ContextConfig.java:968)
		at org.apache.catalina.startup.ContextConfig.lifecycleEvent(ContextConfig.java:288)
		at org.apache.catalina.util.LifecycleBase.fireLifecycleEvent(LifecycleBase.java:109)
		at org.apache.catalina.core.StandardContext.startInternal(StandardContext.java:4338)
		at org.apache.catalina.util.LifecycleBase.start(LifecycleBase.java:164)
		at org.apache.catalina.core.ContainerBase.addChild(ContainerBase.java:564)
		at org.apache.catalina.core.StandardHost.addChild(StandardHost.java:663)
		at org.apache.catalina.startup.HostConfig.deployWAR(HostConfig.java:923)
		at org.apache.catalina.startup.HostConfig$DeployWar.run(HostConfig.java:1839)
		at java.base/java.util.concurrent.Executors$RunnableAdapter.call(Executors.java:572)
		at java.base/java.util.concurrent.FutureTask.run(FutureTask.java:317)
		at org.apache.tomcat.util.threads.InlineExecutorService.execute(InlineExecutorService.java:81)
		at java.base/java.util.concurrent.AbstractExecutorService.submit(AbstractExecutorService.java:123)
		at org.apache.catalina.startup.HostConfig.deployWARs(HostConfig.java:727)
		at org.apache.catalina.startup.HostConfig.deployApps(HostConfig.java:378)
		at org.apache.catalina.startup.HostConfig.check(HostConfig.java:1628)
		at org.apache.catalina.startup.HostConfig.lifecycleEvent(HostConfig.java:260)
		at org.apache.catalina.util.LifecycleBase.fireLifecycleEvent(LifecycleBase.java:109)
		at org.apache.catalina.core.ContainerBase.backgroundProcess(ContainerBase.java:938)
		at org.apache.catalina.core.ContainerBase$ContainerBackgroundProcessor.processChildren(ContainerBase.java:1137)
		at org.apache.catalina.core.ContainerBase$ContainerBackgroundProcessor.processChildren(ContainerBase.java:1141)
		at org.apache.catalina.core.ContainerBase$ContainerBackgroundProcessor.run(ContainerBase.java:1119)
		at java.base/java.util.concurrent.Executors$RunnableAdapter.call(Executors.java:572)
		at java.base/java.util.concurrent.FutureTask.runAndReset(FutureTask.java:358)
		at java.base/java.util.concurrent.ScheduledThreadPoolExecutor$ScheduledFutureTask.run(ScheduledThreadPoolExecutor.java:305)
		at java.base/java.util.concurrent.ThreadPoolExecutor.runWorker(ThreadPoolExecutor.java:1144)
		at java.base/java.util.concurrent.ThreadPoolExecutor$Worker.run(ThreadPoolExecutor.java:642)
		at org.apache.tomcat.util.threads.TaskThread$WrappingRunnable.run(TaskThread.java:57)
		at java.base/java.lang.Thread.run(Thread.java:1583)
04-Jul-2026 23:05:00.027 SEVERE [Catalina-utility-1] org.apache.catalina.startup.ContextConfig.processAnnotationsJar Unable to process Jar [file:/usr/local/tomcat/webapps/lpu-reservation-system-0.0.1-SNAPSHOT/WEB-INF/lib/thumbnailator-0.4.20.jar] for annotations
	java.nio.file.NoSuchFileException: /usr/local/tomcat/webapps/lpu-reservation-system-0.0.1-SNAPSHOT/WEB-INF/lib/thumbnailator-0.4.20.jar
		at java.base/sun.nio.fs.UnixException.translateToIOException(UnixException.java:92)
		at java.base/sun.nio.fs.UnixException.rethrowAsIOException(UnixException.java:106)
		at java.base/sun.nio.fs.UnixException.rethrowAsIOException(UnixException.java:111)
		at java.base/sun.nio.fs.UnixFileAttributeViews$Basic.readAttributes(UnixFileAttributeViews.java:55)
		at java.base/sun.nio.fs.UnixFileSystemProvider.readAttributes(UnixFileSystemProvider.java:171)
		at java.base/sun.nio.fs.LinuxFileSystemProvider.readAttributes(LinuxFileSystemProvider.java:99)
		at java.base/java.nio.file.Files.readAttributes(Files.java:1854)
		at java.base/java.util.zip.ZipFile$Source.get(ZipFile.java:1445)
		at java.base/java.util.zip.ZipFile$CleanableResource.<init>(ZipFile.java:724)
		at java.base/java.util.zip.ZipFile.<init>(ZipFile.java:251)
		at java.base/java.util.zip.ZipFile.<init>(ZipFile.java:180)
		at java.base/java.util.jar.JarFile.<init>(JarFile.java:345)
		at org.apache.tomcat.util.scan.JarFileUrlJar.<init>(JarFileUrlJar.java:64)
		at org.apache.tomcat.util.scan.JarFactory.newInstance(JarFactory.java:50)
		at org.apache.catalina.startup.ContextConfig.processAnnotationsJar(ContextConfig.java:2178)
		at org.apache.catalina.startup.ContextConfig.processAnnotationsUrl(ContextConfig.java:2161)
		at org.apache.catalina.startup.ContextConfig.scanWebXmlFragment(ContextConfig.java:2070)
		at org.apache.catalina.startup.ContextConfig.processAnnotations(ContextConfig.java:2050)
		at org.apache.catalina.startup.ContextConfig.processClasses(ContextConfig.java:1366)
		at org.apache.catalina.startup.ContextConfig.webConfig(ContextConfig.java:1267)
		at org.apache.catalina.startup.ContextConfig.configureStart(ContextConfig.java:968)
		at org.apache.catalina.startup.ContextConfig.lifecycleEvent(ContextConfig.java:288)
		at org.apache.catalina.util.LifecycleBase.fireLifecycleEvent(LifecycleBase.java:109)
		at org.apache.catalina.core.StandardContext.startInternal(StandardContext.java:4338)
		at org.apache.catalina.util.LifecycleBase.start(LifecycleBase.java:164)
		at org.apache.catalina.core.ContainerBase.addChild(ContainerBase.java:564)
		at org.apache.catalina.core.StandardHost.addChild(StandardHost.java:663)
		at org.apache.catalina.startup.HostConfig.deployWAR(HostConfig.java:923)
		at org.apache.catalina.startup.HostConfig$DeployWar.run(HostConfig.java:1839)
		at java.base/java.util.concurrent.Executors$RunnableAdapter.call(Executors.java:572)
		at java.base/java.util.concurrent.FutureTask.run(FutureTask.java:317)
		at org.apache.tomcat.util.threads.InlineExecutorService.execute(InlineExecutorService.java:81)
		at java.base/java.util.concurrent.AbstractExecutorService.submit(AbstractExecutorService.java:123)
		at org.apache.catalina.startup.HostConfig.deployWARs(HostConfig.java:727)
		at org.apache.catalina.startup.HostConfig.deployApps(HostConfig.java:378)
		at org.apache.catalina.startup.HostConfig.check(HostConfig.java:1628)
		at org.apache.catalina.startup.HostConfig.lifecycleEvent(HostConfig.java:260)
		at org.apache.catalina.util.LifecycleBase.fireLifecycleEvent(LifecycleBase.java:109)
		at org.apache.catalina.core.ContainerBase.backgroundProcess(ContainerBase.java:938)
		at org.apache.catalina.core.ContainerBase$ContainerBackgroundProcessor.processChildren(ContainerBase.java:1137)
		at org.apache.catalina.core.ContainerBase$ContainerBackgroundProcessor.processChildren(ContainerBase.java:1141)
		at org.apache.catalina.core.ContainerBase$ContainerBackgroundProcessor.run(ContainerBase.java:1119)
		at java.base/java.util.concurrent.Executors$RunnableAdapter.call(Executors.java:572)
		at java.base/java.util.concurrent.FutureTask.runAndReset(FutureTask.java:358)
		at java.base/java.util.concurrent.ScheduledThreadPoolExecutor$ScheduledFutureTask.run(ScheduledThreadPoolExecutor.java:305)
		at java.base/java.util.concurrent.ThreadPoolExecutor.runWorker(ThreadPoolExecutor.java:1144)
		at java.base/java.util.concurrent.ThreadPoolExecutor$Worker.run(ThreadPoolExecutor.java:642)
		at org.apache.tomcat.util.threads.TaskThread$WrappingRunnable.run(TaskThread.java:57)
		at java.base/java.lang.Thread.run(Thread.java:1583)
04-Jul-2026 23:05:00.039 SEVERE [Catalina-utility-1] org.apache.catalina.startup.ContextConfig.processAnnotationsJar Unable to process Jar [file:/usr/local/tomcat/webapps/lpu-reservation-system-0.0.1-SNAPSHOT/WEB-INF/lib/byte-buddy-1.17.6.jar] for annotations
	java.nio.file.NoSuchFileException: /usr/local/tomcat/webapps/lpu-reservation-system-0.0.1-SNAPSHOT/WEB-INF/lib/byte-buddy-1.17.6.jar
		at java.base/sun.nio.fs.UnixException.translateToIOException(UnixException.java:92)
		at java.base/sun.nio.fs.UnixException.rethrowAsIOException(UnixException.java:106)
		at java.base/sun.nio.fs.UnixException.rethrowAsIOException(UnixException.java:111)
		at java.base/sun.nio.fs.UnixFileAttributeViews$Basic.readAttributes(UnixFileAttributeViews.java:55)
		at java.base/sun.nio.fs.UnixFileSystemProvider.readAttributes(UnixFileSystemProvider.java:171)
		at java.base/sun.nio.fs.LinuxFileSystemProvider.readAttributes(LinuxFileSystemProvider.java:99)
		at java.base/java.nio.file.Files.readAttributes(Files.java:1854)
		at java.base/java.util.zip.ZipFile$Source.get(ZipFile.java:1445)
		at java.base/java.util.zip.ZipFile$CleanableResource.<init>(ZipFile.java:724)
		at java.base/java.util.zip.ZipFile.<init>(ZipFile.java:251)
		at java.base/java.util.zip.ZipFile.<init>(ZipFile.java:180)
		at java.base/java.util.jar.JarFile.<init>(JarFile.java:345)
		at org.apache.tomcat.util.scan.JarFileUrlJar.<init>(JarFileUrlJar.java:64)
		at org.apache.tomcat.util.scan.JarFactory.newInstance(JarFactory.java:50)
		at org.apache.catalina.startup.ContextConfig.processAnnotationsJar(ContextConfig.java:2178)
		at org.apache.catalina.startup.ContextConfig.processAnnotationsUrl(ContextConfig.java:2161)
		at org.apache.catalina.startup.ContextConfig.scanWebXmlFragment(ContextConfig.java:2070)
		at org.apache.catalina.startup.ContextConfig.processAnnotations(ContextConfig.java:2050)
		at org.apache.catalina.startup.ContextConfig.processClasses(ContextConfig.java:1366)
		at org.apache.catalina.startup.ContextConfig.webConfig(ContextConfig.java:1267)
		at org.apache.catalina.startup.ContextConfig.configureStart(ContextConfig.java:968)
		at org.apache.catalina.startup.ContextConfig.lifecycleEvent(ContextConfig.java:288)
		at org.apache.catalina.util.LifecycleBase.fireLifecycleEvent(LifecycleBase.java:109)
		at org.apache.catalina.core.StandardContext.startInternal(StandardContext.java:4338)
		at org.apache.catalina.util.LifecycleBase.start(LifecycleBase.java:164)
		at org.apache.catalina.core.ContainerBase.addChild(ContainerBase.java:564)
		at org.apache.catalina.core.StandardHost.addChild(StandardHost.java:663)
		at org.apache.catalina.startup.HostConfig.deployWAR(HostConfig.java:923)
		at org.apache.catalina.startup.HostConfig$DeployWar.run(HostConfig.java:1839)
		at java.base/java.util.concurrent.Executors$RunnableAdapter.call(Executors.java:572)
		at java.base/java.util.concurrent.FutureTask.run(FutureTask.java:317)
		at org.apache.tomcat.util.threads.InlineExecutorService.execute(InlineExecutorService.java:81)
		at java.base/java.util.concurrent.AbstractExecutorService.submit(AbstractExecutorService.java:123)
		at org.apache.catalina.startup.HostConfig.deployWARs(HostConfig.java:727)
		at org.apache.catalina.startup.HostConfig.deployApps(HostConfig.java:378)
		at org.apache.catalina.startup.HostConfig.check(HostConfig.java:1628)
		at org.apache.catalina.startup.HostConfig.lifecycleEvent(HostConfig.java:260)
		at org.apache.catalina.util.LifecycleBase.fireLifecycleEvent(LifecycleBase.java:109)
		at org.apache.catalina.core.ContainerBase.backgroundProcess(ContainerBase.java:938)
		at org.apache.catalina.core.ContainerBase$ContainerBackgroundProcessor.processChildren(ContainerBase.java:1137)
		at org.apache.catalina.core.ContainerBase$ContainerBackgroundProcessor.processChildren(ContainerBase.java:1141)
		at org.apache.catalina.core.ContainerBase$ContainerBackgroundProcessor.run(ContainerBase.java:1119)
		at java.base/java.util.concurrent.Executors$RunnableAdapter.call(Executors.java:572)
		at java.base/java.util.concurrent.FutureTask.runAndReset(FutureTask.java:358)
		at java.base/java.util.concurrent.ScheduledThreadPoolExecutor$ScheduledFutureTask.run(ScheduledThreadPoolExecutor.java:305)
		at java.base/java.util.concurrent.ThreadPoolExecutor.runWorker(ThreadPoolExecutor.java:1144)
		at java.base/java.util.concurrent.ThreadPoolExecutor$Worker.run(ThreadPoolExecutor.java:642)
		at org.apache.tomcat.util.threads.TaskThread$WrappingRunnable.run(TaskThread.java:57)
		at java.base/java.lang.Thread.run(Thread.java:1583)
04-Jul-2026 23:05:00.058 SEVERE [Catalina-utility-1] org.apache.catalina.startup.ContextConfig.processAnnotationsJar Unable to process Jar [file:/usr/local/tomcat/webapps/lpu-reservation-system-0.0.1-SNAPSHOT/WEB-INF/lib/spring-orm-7.0.6.jar] for annotations
	java.nio.file.NoSuchFileException: /usr/local/tomcat/webapps/lpu-reservation-system-0.0.1-SNAPSHOT/WEB-INF/lib/spring-orm-7.0.6.jar
		at java.base/sun.nio.fs.UnixException.translateToIOException(UnixException.java:92)
		at java.base/sun.nio.fs.UnixException.rethrowAsIOException(UnixException.java:106)
		at java.base/sun.nio.fs.UnixException.rethrowAsIOException(UnixException.java:111)
		at java.base/sun.nio.fs.UnixFileAttributeViews$Basic.readAttributes(UnixFileAttributeViews.java:55)
		at java.base/sun.nio.fs.UnixFileSystemProvider.readAttributes(UnixFileSystemProvider.java:171)
		at java.base/sun.nio.fs.LinuxFileSystemProvider.readAttributes(LinuxFileSystemProvider.java:99)
		at java.base/java.nio.file.Files.readAttributes(Files.java:1854)
		at java.base/java.util.zip.ZipFile$Source.get(ZipFile.java:1445)
		at java.base/java.util.zip.ZipFile$CleanableResource.<init>(ZipFile.java:724)
		at java.base/java.util.zip.ZipFile.<init>(ZipFile.java:251)
		at java.base/java.util.zip.ZipFile.<init>(ZipFile.java:180)
		at java.base/java.util.jar.JarFile.<init>(JarFile.java:345)
		at org.apache.tomcat.util.scan.JarFileUrlJar.<init>(JarFileUrlJar.java:64)
		at org.apache.tomcat.util.scan.JarFactory.newInstance(JarFactory.java:50)
		at org.apache.catalina.startup.ContextConfig.processAnnotationsJar(ContextConfig.java:2178)
		at org.apache.catalina.startup.ContextConfig.processAnnotationsUrl(ContextConfig.java:2161)
		at org.apache.catalina.startup.ContextConfig.scanWebXmlFragment(ContextConfig.java:2070)
		at org.apache.catalina.startup.ContextConfig.processAnnotations(ContextConfig.java:2050)
		at org.apache.catalina.startup.ContextConfig.processClasses(ContextConfig.java:1366)
		at org.apache.catalina.startup.ContextConfig.webConfig(ContextConfig.java:1267)
		at org.apache.catalina.startup.ContextConfig.configureStart(ContextConfig.java:968)
		at org.apache.catalina.startup.ContextConfig.lifecycleEvent(ContextConfig.java:288)
		at org.apache.catalina.util.LifecycleBase.fireLifecycleEvent(LifecycleBase.java:109)
		at org.apache.catalina.core.StandardContext.startInternal(StandardContext.java:4338)
		at org.apache.catalina.util.LifecycleBase.start(LifecycleBase.java:164)
		at org.apache.catalina.core.ContainerBase.addChild(ContainerBase.java:564)
		at org.apache.catalina.core.StandardHost.addChild(StandardHost.java:663)
		at org.apache.catalina.startup.HostConfig.deployWAR(HostConfig.java:923)
		at org.apache.catalina.startup.HostConfig$DeployWar.run(HostConfig.java:1839)
		at java.base/java.util.concurrent.Executors$RunnableAdapter.call(Executors.java:572)
		at java.base/java.util.concurrent.FutureTask.run(FutureTask.java:317)
		at org.apache.tomcat.util.threads.InlineExecutorService.execute(InlineExecutorService.java:81)
		at java.base/java.util.concurrent.AbstractExecutorService.submit(AbstractExecutorService.java:123)
		at org.apache.catalina.startup.HostConfig.deployWARs(HostConfig.java:727)
		at org.apache.catalina.startup.HostConfig.deployApps(HostConfig.java:378)
		at org.apache.catalina.startup.HostConfig.check(HostConfig.java:1628)
		at org.apache.catalina.startup.HostConfig.lifecycleEvent(HostConfig.java:260)
		at org.apache.catalina.util.LifecycleBase.fireLifecycleEvent(LifecycleBase.java:109)
		at org.apache.catalina.core.ContainerBase.backgroundProcess(ContainerBase.java:938)
		at org.apache.catalina.core.ContainerBase$ContainerBackgroundProcessor.processChildren(ContainerBase.java:1137)
		at org.apache.catalina.core.ContainerBase$ContainerBackgroundProcessor.processChildren(ContainerBase.java:1141)
		at org.apache.catalina.core.ContainerBase$ContainerBackgroundProcessor.run(ContainerBase.java:1119)
		at java.base/java.util.concurrent.Executors$RunnableAdapter.call(Executors.java:572)
		at java.base/java.util.concurrent.FutureTask.runAndReset(FutureTask.java:358)
		at java.base/java.util.concurrent.ScheduledThreadPoolExecutor$ScheduledFutureTask.run(ScheduledThreadPoolExecutor.java:305)
		at java.base/java.util.concurrent.ThreadPoolExecutor.runWorker(ThreadPoolExecutor.java:1144)
		at java.base/java.util.concurrent.ThreadPoolExecutor$Worker.run(ThreadPoolExecutor.java:642)
		at org.apache.tomcat.util.threads.TaskThread$WrappingRunnable.run(TaskThread.java:57)
		at java.base/java.lang.Thread.run(Thread.java:1583)
04-Jul-2026 23:05:00.061 SEVERE [Catalina-utility-1] org.apache.catalina.startup.ContextConfig.processAnnotationsJar Unable to process Jar [file:/usr/local/tomcat/webapps/lpu-reservation-system-0.0.1-SNAPSHOT/WEB-INF/lib/javassist-3.29.0-GA.jar] for annotations
	java.nio.file.NoSuchFileException: /usr/local/tomcat/webapps/lpu-reservation-system-0.0.1-SNAPSHOT/WEB-INF/lib/javassist-3.29.0-GA.jar
		at java.base/sun.nio.fs.UnixException.translateToIOException(UnixException.java:92)
		at java.base/sun.nio.fs.UnixException.rethrowAsIOException(UnixException.java:106)
		at java.base/sun.nio.fs.UnixException.rethrowAsIOException(UnixException.java:111)
		at java.base/sun.nio.fs.UnixFileAttributeViews$Basic.readAttributes(UnixFileAttributeViews.java:55)
		at java.base/sun.nio.fs.UnixFileSystemProvider.readAttributes(UnixFileSystemProvider.java:171)
		at java.base/sun.nio.fs.LinuxFileSystemProvider.readAttributes(LinuxFileSystemProvider.java:99)
		at java.base/java.nio.file.Files.readAttributes(Files.java:1854)
		at java.base/java.util.zip.ZipFile$Source.get(ZipFile.java:1445)
		at java.base/java.util.zip.ZipFile$CleanableResource.<init>(ZipFile.java:724)
		at java.base/java.util.zip.ZipFile.<init>(ZipFile.java:251)
		at java.base/java.util.zip.ZipFile.<init>(ZipFile.java:180)
		at java.base/java.util.jar.JarFile.<init>(JarFile.java:345)
		at org.apache.tomcat.util.scan.JarFileUrlJar.<init>(JarFileUrlJar.java:64)
		at org.apache.tomcat.util.scan.JarFactory.newInstance(JarFactory.java:50)
		at org.apache.catalina.startup.ContextConfig.processAnnotationsJar(ContextConfig.java:2178)
		at org.apache.catalina.startup.ContextConfig.processAnnotationsUrl(ContextConfig.java:2161)
		at org.apache.catalina.startup.ContextConfig.scanWebXmlFragment(ContextConfig.java:2070)
		at org.apache.catalina.startup.ContextConfig.processAnnotations(ContextConfig.java:2050)
		at org.apache.catalina.startup.ContextConfig.processClasses(ContextConfig.java:1366)
		at org.apache.catalina.startup.ContextConfig.webConfig(ContextConfig.java:1267)
		at org.apache.catalina.startup.ContextConfig.configureStart(ContextConfig.java:968)
		at org.apache.catalina.startup.ContextConfig.lifecycleEvent(ContextConfig.java:288)
		at org.apache.catalina.util.LifecycleBase.fireLifecycleEvent(LifecycleBase.java:109)
		at org.apache.catalina.core.StandardContext.startInternal(StandardContext.java:4338)
		at org.apache.catalina.util.LifecycleBase.start(LifecycleBase.java:164)
		at org.apache.catalina.core.ContainerBase.addChild(ContainerBase.java:564)
		at org.apache.catalina.core.StandardHost.addChild(StandardHost.java:663)
		at org.apache.catalina.startup.HostConfig.deployWAR(HostConfig.java:923)
		at org.apache.catalina.startup.HostConfig$DeployWar.run(HostConfig.java:1839)
		at java.base/java.util.concurrent.Executors$RunnableAdapter.call(Executors.java:572)
		at java.base/java.util.concurrent.FutureTask.run(FutureTask.java:317)
		at org.apache.tomcat.util.threads.InlineExecutorService.execute(InlineExecutorService.java:81)
		at java.base/java.util.concurrent.AbstractExecutorService.submit(AbstractExecutorService.java:123)
		at org.apache.catalina.startup.HostConfig.deployWARs(HostConfig.java:727)
		at org.apache.catalina.startup.HostConfig.deployApps(HostConfig.java:378)
		at org.apache.catalina.startup.HostConfig.check(HostConfig.java:1628)
		at org.apache.catalina.startup.HostConfig.lifecycleEvent(HostConfig.java:260)
		at org.apache.catalina.util.LifecycleBase.fireLifecycleEvent(LifecycleBase.java:109)
		at org.apache.catalina.core.ContainerBase.backgroundProcess(ContainerBase.java:938)
		at org.apache.catalina.core.ContainerBase$ContainerBackgroundProcessor.processChildren(ContainerBase.java:1137)
		at org.apache.catalina.core.ContainerBase$ContainerBackgroundProcessor.processChildren(ContainerBase.java:1141)
		at org.apache.catalina.core.ContainerBase$ContainerBackgroundProcessor.run(ContainerBase.java:1119)
		at java.base/java.util.concurrent.Executors$RunnableAdapter.call(Executors.java:572)
		at java.base/java.util.concurrent.FutureTask.runAndReset(FutureTask.java:358)
		at java.base/java.util.concurrent.ScheduledThreadPoolExecutor$ScheduledFutureTask.run(ScheduledThreadPoolExecutor.java:305)
		at java.base/java.util.concurrent.ThreadPoolExecutor.runWorker(ThreadPoolExecutor.java:1144)
		at java.base/java.util.concurrent.ThreadPoolExecutor$Worker.run(ThreadPoolExecutor.java:642)
		at org.apache.tomcat.util.threads.TaskThread$WrappingRunnable.run(TaskThread.java:57)
		at java.base/java.lang.Thread.run(Thread.java:1583)
04-Jul-2026 23:05:00.067 SEVERE [Catalina-utility-1] org.apache.catalina.startup.ContextConfig.processAnnotationsJar Unable to process Jar [file:/usr/local/tomcat/webapps/lpu-reservation-system-0.0.1-SNAPSHOT/WEB-INF/lib/jakarta.servlet-api-6.0.0.jar] for annotations
	java.nio.file.NoSuchFileException: /usr/local/tomcat/webapps/lpu-reservation-system-0.0.1-SNAPSHOT/WEB-INF/lib/jakarta.servlet-api-6.0.0.jar
		at java.base/sun.nio.fs.UnixException.translateToIOException(UnixException.java:92)
		at java.base/sun.nio.fs.UnixException.rethrowAsIOException(UnixException.java:106)
		at java.base/sun.nio.fs.UnixException.rethrowAsIOException(UnixException.java:111)
		at java.base/sun.nio.fs.UnixFileAttributeViews$Basic.readAttributes(UnixFileAttributeViews.java:55)
		at java.base/sun.nio.fs.UnixFileSystemProvider.readAttributes(UnixFileSystemProvider.java:171)
		at java.base/sun.nio.fs.LinuxFileSystemProvider.readAttributes(LinuxFileSystemProvider.java:99)
		at java.base/java.nio.file.Files.readAttributes(Files.java:1854)
		at java.base/java.util.zip.ZipFile$Source.get(ZipFile.java:1445)
		at java.base/java.util.zip.ZipFile$CleanableResource.<init>(ZipFile.java:724)
		at java.base/java.util.zip.ZipFile.<init>(ZipFile.java:251)
		at java.base/java.util.zip.ZipFile.<init>(ZipFile.java:180)
		at java.base/java.util.jar.JarFile.<init>(JarFile.java:345)
		at org.apache.tomcat.util.scan.JarFileUrlJar.<init>(JarFileUrlJar.java:64)
		at org.apache.tomcat.util.scan.JarFactory.newInstance(JarFactory.java:50)
		at org.apache.catalina.startup.ContextConfig.processAnnotationsJar(ContextConfig.java:2178)
		at org.apache.catalina.startup.ContextConfig.processAnnotationsUrl(ContextConfig.java:2161)
		at org.apache.catalina.startup.ContextConfig.scanWebXmlFragment(ContextConfig.java:2070)
		at org.apache.catalina.startup.ContextConfig.processAnnotations(ContextConfig.java:2050)
		at org.apache.catalina.startup.ContextConfig.processClasses(ContextConfig.java:1366)
		at org.apache.catalina.startup.ContextConfig.webConfig(ContextConfig.java:1267)
		at org.apache.catalina.startup.ContextConfig.configureStart(ContextConfig.java:968)
		at org.apache.catalina.startup.ContextConfig.lifecycleEvent(ContextConfig.java:288)
		at org.apache.catalina.util.LifecycleBase.fireLifecycleEvent(LifecycleBase.java:109)
		at org.apache.catalina.core.StandardContext.startInternal(StandardContext.java:4338)
		at org.apache.catalina.util.LifecycleBase.start(LifecycleBase.java:164)
		at org.apache.catalina.core.ContainerBase.addChild(ContainerBase.java:564)
		at org.apache.catalina.core.StandardHost.addChild(StandardHost.java:663)
		at org.apache.catalina.startup.HostConfig.deployWAR(HostConfig.java:923)
		at org.apache.catalina.startup.HostConfig$DeployWar.run(HostConfig.java:1839)
		at java.base/java.util.concurrent.Executors$RunnableAdapter.call(Executors.java:572)
		at java.base/java.util.concurrent.FutureTask.run(FutureTask.java:317)
		at org.apache.tomcat.util.threads.InlineExecutorService.execute(InlineExecutorService.java:81)
		at java.base/java.util.concurrent.AbstractExecutorService.submit(AbstractExecutorService.java:123)
		at org.apache.catalina.startup.HostConfig.deployWARs(HostConfig.java:727)
		at org.apache.catalina.startup.HostConfig.deployApps(HostConfig.java:378)
		at org.apache.catalina.startup.HostConfig.check(HostConfig.java:1628)
		at org.apache.catalina.startup.HostConfig.lifecycleEvent(HostConfig.java:260)
		at org.apache.catalina.util.LifecycleBase.fireLifecycleEvent(LifecycleBase.java:109)
		at org.apache.catalina.core.ContainerBase.backgroundProcess(ContainerBase.java:938)
		at org.apache.catalina.core.ContainerBase$ContainerBackgroundProcessor.processChildren(ContainerBase.java:1137)
		at org.apache.catalina.core.ContainerBase$ContainerBackgroundProcessor.processChildren(ContainerBase.java:1141)
		at org.apache.catalina.core.ContainerBase$ContainerBackgroundProcessor.run(ContainerBase.java:1119)
		at java.base/java.util.concurrent.Executors$RunnableAdapter.call(Executors.java:572)
		at java.base/java.util.concurrent.FutureTask.runAndReset(FutureTask.java:358)
		at java.base/java.util.concurrent.ScheduledThreadPoolExecutor$ScheduledFutureTask.run(ScheduledThreadPoolExecutor.java:305)
		at java.base/java.util.concurrent.ThreadPoolExecutor.runWorker(ThreadPoolExecutor.java:1144)
		at java.base/java.util.concurrent.ThreadPoolExecutor$Worker.run(ThreadPoolExecutor.java:642)
		at org.apache.tomcat.util.threads.TaskThread$WrappingRunnable.run(TaskThread.java:57)
		at java.base/java.lang.Thread.run(Thread.java:1583)
04-Jul-2026 23:05:00.070 SEVERE [Catalina-utility-1] org.apache.catalina.startup.ContextConfig.processAnnotationsJar Unable to process Jar [file:/usr/local/tomcat/webapps/lpu-reservation-system-0.0.1-SNAPSHOT/WEB-INF/lib/spring-context-support-7.0.6.jar] for annotations
	java.nio.file.NoSuchFileException: /usr/local/tomcat/webapps/lpu-reservation-system-0.0.1-SNAPSHOT/WEB-INF/lib/spring-context-support-7.0.6.jar
		at java.base/sun.nio.fs.UnixException.translateToIOException(UnixException.java:92)
		at java.base/sun.nio.fs.UnixException.rethrowAsIOException(UnixException.java:106)
		at java.base/sun.nio.fs.UnixException.rethrowAsIOException(UnixException.java:111)
		at java.base/sun.nio.fs.UnixFileAttributeViews$Basic.readAttributes(UnixFileAttributeViews.java:55)
		at java.base/sun.nio.fs.UnixFileSystemProvider.readAttributes(UnixFileSystemProvider.java:171)
		at java.base/sun.nio.fs.LinuxFileSystemProvider.readAttributes(LinuxFileSystemProvider.java:99)
		at java.base/java.nio.file.Files.readAttributes(Files.java:1854)
		at java.base/java.util.zip.ZipFile$Source.get(ZipFile.java:1445)
		at java.base/java.util.zip.ZipFile$CleanableResource.<init>(ZipFile.java:724)
		at java.base/java.util.zip.ZipFile.<init>(ZipFile.java:251)
		at java.base/java.util.zip.ZipFile.<init>(ZipFile.java:180)
		at java.base/java.util.jar.JarFile.<init>(JarFile.java:345)
		at org.apache.tomcat.util.scan.JarFileUrlJar.<init>(JarFileUrlJar.java:64)
		at org.apache.tomcat.util.scan.JarFactory.newInstance(JarFactory.java:50)
		at org.apache.catalina.startup.ContextConfig.processAnnotationsJar(ContextConfig.java:2178)
		at org.apache.catalina.startup.ContextConfig.processAnnotationsUrl(ContextConfig.java:2161)
		at org.apache.catalina.startup.ContextConfig.scanWebXmlFragment(ContextConfig.java:2070)
		at org.apache.catalina.startup.ContextConfig.processAnnotations(ContextConfig.java:2050)
		at org.apache.catalina.startup.ContextConfig.processClasses(ContextConfig.java:1366)
		at org.apache.catalina.startup.ContextConfig.webConfig(ContextConfig.java:1267)
		at org.apache.catalina.startup.ContextConfig.configureStart(ContextConfig.java:968)
		at org.apache.catalina.startup.ContextConfig.lifecycleEvent(ContextConfig.java:288)
		at org.apache.catalina.util.LifecycleBase.fireLifecycleEvent(LifecycleBase.java:109)
		at org.apache.catalina.core.StandardContext.startInternal(StandardContext.java:4338)
		at org.apache.catalina.util.LifecycleBase.start(LifecycleBase.java:164)
		at org.apache.catalina.core.ContainerBase.addChild(ContainerBase.java:564)
		at org.apache.catalina.core.StandardHost.addChild(StandardHost.java:663)
		at org.apache.catalina.startup.HostConfig.deployWAR(HostConfig.java:923)
		at org.apache.catalina.startup.HostConfig$DeployWar.run(HostConfig.java:1839)
		at java.base/java.util.concurrent.Executors$RunnableAdapter.call(Executors.java:572)
		at java.base/java.util.concurrent.FutureTask.run(FutureTask.java:317)
		at org.apache.tomcat.util.threads.InlineExecutorService.execute(InlineExecutorService.java:81)
		at java.base/java.util.concurrent.AbstractExecutorService.submit(AbstractExecutorService.java:123)
		at org.apache.catalina.startup.HostConfig.deployWARs(HostConfig.java:727)
		at org.apache.catalina.startup.HostConfig.deployApps(HostConfig.java:378)
		at org.apache.catalina.startup.HostConfig.check(HostConfig.java:1628)
		at org.apache.catalina.startup.HostConfig.lifecycleEvent(HostConfig.java:260)
		at org.apache.catalina.util.LifecycleBase.fireLifecycleEvent(LifecycleBase.java:109)
		at org.apache.catalina.core.ContainerBase.backgroundProcess(ContainerBase.java:938)
		at org.apache.catalina.core.ContainerBase$ContainerBackgroundProcessor.processChildren(ContainerBase.java:1137)
		at org.apache.catalina.core.ContainerBase$ContainerBackgroundProcessor.processChildren(ContainerBase.java:1141)
		at org.apache.catalina.core.ContainerBase$ContainerBackgroundProcessor.run(ContainerBase.java:1119)
		at java.base/java.util.concurrent.Executors$RunnableAdapter.call(Executors.java:572)
		at java.base/java.util.concurrent.FutureTask.runAndReset(FutureTask.java:358)
		at java.base/java.util.concurrent.ScheduledThreadPoolExecutor$ScheduledFutureTask.run(ScheduledThreadPoolExecutor.java:305)
		at java.base/java.util.concurrent.ThreadPoolExecutor.runWorker(ThreadPoolExecutor.java:1144)
		at java.base/java.util.concurrent.ThreadPoolExecutor$Worker.run(ThreadPoolExecutor.java:642)
		at org.apache.tomcat.util.threads.TaskThread$WrappingRunnable.run(TaskThread.java:57)
		at java.base/java.lang.Thread.run(Thread.java:1583)
04-Jul-2026 23:05:00.076 SEVERE [Catalina-utility-1] org.apache.catalina.startup.ContextConfig.processAnnotationsJar Unable to process Jar [file:/usr/local/tomcat/webapps/lpu-reservation-system-0.0.1-SNAPSHOT/WEB-INF/lib/unbescape-1.1.6.RELEASE.jar] for annotations
	java.nio.file.NoSuchFileException: /usr/local/tomcat/webapps/lpu-reservation-system-0.0.1-SNAPSHOT/WEB-INF/lib/unbescape-1.1.6.RELEASE.jar
		at java.base/sun.nio.fs.UnixException.translateToIOException(UnixException.java:92)
		at java.base/sun.nio.fs.UnixException.rethrowAsIOException(UnixException.java:106)
		at java.base/sun.nio.fs.UnixException.rethrowAsIOException(UnixException.java:111)
		at java.base/sun.nio.fs.UnixFileAttributeViews$Basic.readAttributes(UnixFileAttributeViews.java:55)
		at java.base/sun.nio.fs.UnixFileSystemProvider.readAttributes(UnixFileSystemProvider.java:171)
		at java.base/sun.nio.fs.LinuxFileSystemProvider.readAttributes(LinuxFileSystemProvider.java:99)
		at java.base/java.nio.file.Files.readAttributes(Files.java:1854)
		at java.base/java.util.zip.ZipFile$Source.get(ZipFile.java:1445)
		at java.base/java.util.zip.ZipFile$CleanableResource.<init>(ZipFile.java:724)
		at java.base/java.util.zip.ZipFile.<init>(ZipFile.java:251)
		at java.base/java.util.zip.ZipFile.<init>(ZipFile.java:180)
		at java.base/java.util.jar.JarFile.<init>(JarFile.java:345)
		at org.apache.tomcat.util.scan.JarFileUrlJar.<init>(JarFileUrlJar.java:64)
		at org.apache.tomcat.util.scan.JarFactory.newInstance(JarFactory.java:50)
		at org.apache.catalina.startup.ContextConfig.processAnnotationsJar(ContextConfig.java:2178)
		at org.apache.catalina.startup.ContextConfig.processAnnotationsUrl(ContextConfig.java:2161)
		at org.apache.catalina.startup.ContextConfig.scanWebXmlFragment(ContextConfig.java:2070)
		at org.apache.catalina.startup.ContextConfig.processAnnotations(ContextConfig.java:2050)
		at org.apache.catalina.startup.ContextConfig.processClasses(ContextConfig.java:1366)
		at org.apache.catalina.startup.ContextConfig.webConfig(ContextConfig.java:1267)
		at org.apache.catalina.startup.ContextConfig.configureStart(ContextConfig.java:968)
		at org.apache.catalina.startup.ContextConfig.lifecycleEvent(ContextConfig.java:288)
		at org.apache.catalina.util.LifecycleBase.fireLifecycleEvent(LifecycleBase.java:109)
		at org.apache.catalina.core.StandardContext.startInternal(StandardContext.java:4338)
		at org.apache.catalina.util.LifecycleBase.start(LifecycleBase.java:164)
		at org.apache.catalina.core.ContainerBase.addChild(ContainerBase.java:564)
		at org.apache.catalina.core.StandardHost.addChild(StandardHost.java:663)
		at org.apache.catalina.startup.HostConfig.deployWAR(HostConfig.java:923)
		at org.apache.catalina.startup.HostConfig$DeployWar.run(HostConfig.java:1839)
		at java.base/java.util.concurrent.Executors$RunnableAdapter.call(Executors.java:572)
		at java.base/java.util.concurrent.FutureTask.run(FutureTask.java:317)
		at org.apache.tomcat.util.threads.InlineExecutorService.execute(InlineExecutorService.java:81)
		at java.base/java.util.concurrent.AbstractExecutorService.submit(AbstractExecutorService.java:123)
		at org.apache.catalina.startup.HostConfig.deployWARs(HostConfig.java:727)
		at org.apache.catalina.startup.HostConfig.deployApps(HostConfig.java:378)
		at org.apache.catalina.startup.HostConfig.check(HostConfig.java:1628)
		at org.apache.catalina.startup.HostConfig.lifecycleEvent(HostConfig.java:260)
		at org.apache.catalina.util.LifecycleBase.fireLifecycleEvent(LifecycleBase.java:109)
		at org.apache.catalina.core.ContainerBase.backgroundProcess(ContainerBase.java:938)
		at org.apache.catalina.core.ContainerBase$ContainerBackgroundProcessor.processChildren(ContainerBase.java:1137)
		at org.apache.catalina.core.ContainerBase$ContainerBackgroundProcessor.processChildren(ContainerBase.java:1141)
		at org.apache.catalina.core.ContainerBase$ContainerBackgroundProcessor.run(ContainerBase.java:1119)
		at java.base/java.util.concurrent.Executors$RunnableAdapter.call(Executors.java:572)
		at java.base/java.util.concurrent.FutureTask.runAndReset(FutureTask.java:358)
		at java.base/java.util.concurrent.ScheduledThreadPoolExecutor$ScheduledFutureTask.run(ScheduledThreadPoolExecutor.java:305)
		at java.base/java.util.concurrent.ThreadPoolExecutor.runWorker(ThreadPoolExecutor.java:1144)
		at java.base/java.util.concurrent.ThreadPoolExecutor$Worker.run(ThreadPoolExecutor.java:642)
		at org.apache.tomcat.util.threads.TaskThread$WrappingRunnable.run(TaskThread.java:57)
		at java.base/java.lang.Thread.run(Thread.java:1583)
04-Jul-2026 23:05:00.081 SEVERE [Catalina-utility-1] org.apache.catalina.startup.ContextConfig.processAnnotationsJar Unable to process Jar [file:/usr/local/tomcat/webapps/lpu-reservation-system-0.0.1-SNAPSHOT/WEB-INF/lib/jakarta.inject-api-2.0.1.jar] for annotations
	java.nio.file.NoSuchFileException: /usr/local/tomcat/webapps/lpu-reservation-system-0.0.1-SNAPSHOT/WEB-INF/lib/jakarta.inject-api-2.0.1.jar
		at java.base/sun.nio.fs.UnixException.translateToIOException(UnixException.java:92)
		at java.base/sun.nio.fs.UnixException.rethrowAsIOException(UnixException.java:106)
		at java.base/sun.nio.fs.UnixException.rethrowAsIOException(UnixException.java:111)
		at java.base/sun.nio.fs.UnixFileAttributeViews$Basic.readAttributes(UnixFileAttributeViews.java:55)
		at java.base/sun.nio.fs.UnixFileSystemProvider.readAttributes(UnixFileSystemProvider.java:171)
		at java.base/sun.nio.fs.LinuxFileSystemProvider.readAttributes(LinuxFileSystemProvider.java:99)
		at java.base/java.nio.file.Files.readAttributes(Files.java:1854)
		at java.base/java.util.zip.ZipFile$Source.get(ZipFile.java:1445)
		at java.base/java.util.zip.ZipFile$CleanableResource.<init>(ZipFile.java:724)
		at java.base/java.util.zip.ZipFile.<init>(ZipFile.java:251)
		at java.base/java.util.zip.ZipFile.<init>(ZipFile.java:180)
		at java.base/java.util.jar.JarFile.<init>(JarFile.java:345)
		at org.apache.tomcat.util.scan.JarFileUrlJar.<init>(JarFileUrlJar.java:64)
		at org.apache.tomcat.util.scan.JarFactory.newInstance(JarFactory.java:50)
		at org.apache.catalina.startup.ContextConfig.processAnnotationsJar(ContextConfig.java:2178)
		at org.apache.catalina.startup.ContextConfig.processAnnotationsUrl(ContextConfig.java:2161)
		at org.apache.catalina.startup.ContextConfig.scanWebXmlFragment(ContextConfig.java:2070)
		at org.apache.catalina.startup.ContextConfig.processAnnotations(ContextConfig.java:2050)
		at org.apache.catalina.startup.ContextConfig.processClasses(ContextConfig.java:1366)
		at org.apache.catalina.startup.ContextConfig.webConfig(ContextConfig.java:1267)
		at org.apache.catalina.startup.ContextConfig.configureStart(ContextConfig.java:968)
		at org.apache.catalina.startup.ContextConfig.lifecycleEvent(ContextConfig.java:288)
		at org.apache.catalina.util.LifecycleBase.fireLifecycleEvent(LifecycleBase.java:109)
		at org.apache.catalina.core.StandardContext.startInternal(StandardContext.java:4338)
		at org.apache.catalina.util.LifecycleBase.start(LifecycleBase.java:164)
		at org.apache.catalina.core.ContainerBase.addChild(ContainerBase.java:564)
		at org.apache.catalina.core.StandardHost.addChild(StandardHost.java:663)
		at org.apache.catalina.startup.HostConfig.deployWAR(HostConfig.java:923)
		at org.apache.catalina.startup.HostConfig$DeployWar.run(HostConfig.java:1839)
		at java.base/java.util.concurrent.Executors$RunnableAdapter.call(Executors.java:572)
		at java.base/java.util.concurrent.FutureTask.run(FutureTask.java:317)
		at org.apache.tomcat.util.threads.InlineExecutorService.execute(InlineExecutorService.java:81)
		at java.base/java.util.concurrent.AbstractExecutorService.submit(AbstractExecutorService.java:123)
		at org.apache.catalina.startup.HostConfig.deployWARs(HostConfig.java:727)
		at org.apache.catalina.startup.HostConfig.deployApps(HostConfig.java:378)
		at org.apache.catalina.startup.HostConfig.check(HostConfig.java:1628)
		at org.apache.catalina.startup.HostConfig.lifecycleEvent(HostConfig.java:260)
		at org.apache.catalina.util.LifecycleBase.fireLifecycleEvent(LifecycleBase.java:109)
		at org.apache.catalina.core.ContainerBase.backgroundProcess(ContainerBase.java:938)
		at org.apache.catalina.core.ContainerBase$ContainerBackgroundProcessor.processChildren(ContainerBase.java:1137)
		at org.apache.catalina.core.ContainerBase$ContainerBackgroundProcessor.processChildren(ContainerBase.java:1141)
		at org.apache.catalina.core.ContainerBase$ContainerBackgroundProcessor.run(ContainerBase.java:1119)
		at java.base/java.util.concurrent.Executors$RunnableAdapter.call(Executors.java:572)
		at java.base/java.util.concurrent.FutureTask.runAndReset(FutureTask.java:358)
		at java.base/java.util.concurrent.ScheduledThreadPoolExecutor$ScheduledFutureTask.run(ScheduledThreadPoolExecutor.java:305)
		at java.base/java.util.concurrent.ThreadPoolExecutor.runWorker(ThreadPoolExecutor.java:1144)
		at java.base/java.util.concurrent.ThreadPoolExecutor$Worker.run(ThreadPoolExecutor.java:642)
		at org.apache.tomcat.util.threads.TaskThread$WrappingRunnable.run(TaskThread.java:57)
		at java.base/java.lang.Thread.run(Thread.java:1583)
04-Jul-2026 23:05:00.085 SEVERE [Catalina-utility-1] org.apache.catalina.startup.ContextConfig.processAnnotationsJar Unable to process Jar [file:/usr/local/tomcat/webapps/lpu-reservation-system-0.0.1-SNAPSHOT/WEB-INF/lib/spring-websocket-7.0.6.jar] for annotations
	java.nio.file.NoSuchFileException: /usr/local/tomcat/webapps/lpu-reservation-system-0.0.1-SNAPSHOT/WEB-INF/lib/spring-websocket-7.0.6.jar
		at java.base/sun.nio.fs.UnixException.translateToIOException(UnixException.java:92)
		at java.base/sun.nio.fs.UnixException.rethrowAsIOException(UnixException.java:106)
		at java.base/sun.nio.fs.UnixException.rethrowAsIOException(UnixException.java:111)
		at java.base/sun.nio.fs.UnixFileAttributeViews$Basic.readAttributes(UnixFileAttributeViews.java:55)
		at java.base/sun.nio.fs.UnixFileSystemProvider.readAttributes(UnixFileSystemProvider.java:171)
		at java.base/sun.nio.fs.LinuxFileSystemProvider.readAttributes(LinuxFileSystemProvider.java:99)
		at java.base/java.nio.file.Files.readAttributes(Files.java:1854)
		at java.base/java.util.zip.ZipFile$Source.get(ZipFile.java:1445)
		at java.base/java.util.zip.ZipFile$CleanableResource.<init>(ZipFile.java:724)
		at java.base/java.util.zip.ZipFile.<init>(ZipFile.java:251)
		at java.base/java.util.zip.ZipFile.<init>(ZipFile.java:180)
		at java.base/java.util.jar.JarFile.<init>(JarFile.java:345)
		at org.apache.tomcat.util.scan.JarFileUrlJar.<init>(JarFileUrlJar.java:64)
		at org.apache.tomcat.util.scan.JarFactory.newInstance(JarFactory.java:50)
		at org.apache.catalina.startup.ContextConfig.processAnnotationsJar(ContextConfig.java:2178)
		at org.apache.catalina.startup.ContextConfig.processAnnotationsUrl(ContextConfig.java:2161)
		at org.apache.catalina.startup.ContextConfig.scanWebXmlFragment(ContextConfig.java:2070)
		at org.apache.catalina.startup.ContextConfig.processAnnotations(ContextConfig.java:2050)
		at org.apache.catalina.startup.ContextConfig.processClasses(ContextConfig.java:1366)
		at org.apache.catalina.startup.ContextConfig.webConfig(ContextConfig.java:1267)
		at org.apache.catalina.startup.ContextConfig.configureStart(ContextConfig.java:968)
		at org.apache.catalina.startup.ContextConfig.lifecycleEvent(ContextConfig.java:288)
		at org.apache.catalina.util.LifecycleBase.fireLifecycleEvent(LifecycleBase.java:109)
		at org.apache.catalina.core.StandardContext.startInternal(StandardContext.java:4338)
		at org.apache.catalina.util.LifecycleBase.start(LifecycleBase.java:164)
		at org.apache.catalina.core.ContainerBase.addChild(ContainerBase.java:564)
		at org.apache.catalina.core.StandardHost.addChild(StandardHost.java:663)
		at org.apache.catalina.startup.HostConfig.deployWAR(HostConfig.java:923)
		at org.apache.catalina.startup.HostConfig$DeployWar.run(HostConfig.java:1839)
		at java.base/java.util.concurrent.Executors$RunnableAdapter.call(Executors.java:572)
		at java.base/java.util.concurrent.FutureTask.run(FutureTask.java:317)
		at org.apache.tomcat.util.threads.InlineExecutorService.execute(InlineExecutorService.java:81)
		at java.base/java.util.concurrent.AbstractExecutorService.submit(AbstractExecutorService.java:123)
		at org.apache.catalina.startup.HostConfig.deployWARs(HostConfig.java:727)
		at org.apache.catalina.startup.HostConfig.deployApps(HostConfig.java:378)
		at org.apache.catalina.startup.HostConfig.check(HostConfig.java:1628)
		at org.apache.catalina.startup.HostConfig.lifecycleEvent(HostConfig.java:260)
		at org.apache.catalina.util.LifecycleBase.fireLifecycleEvent(LifecycleBase.java:109)
		at org.apache.catalina.core.ContainerBase.backgroundProcess(ContainerBase.java:938)
		at org.apache.catalina.core.ContainerBase$ContainerBackgroundProcessor.processChildren(ContainerBase.java:1137)
		at org.apache.catalina.core.ContainerBase$ContainerBackgroundProcessor.processChildren(ContainerBase.java:1141)
		at org.apache.catalina.core.ContainerBase$ContainerBackgroundProcessor.run(ContainerBase.java:1119)
		at java.base/java.util.concurrent.Executors$RunnableAdapter.call(Executors.java:572)
		at java.base/java.util.concurrent.FutureTask.runAndReset(FutureTask.java:358)
		at java.base/java.util.concurrent.ScheduledThreadPoolExecutor$ScheduledFutureTask.run(ScheduledThreadPoolExecutor.java:305)
		at java.base/java.util.concurrent.ThreadPoolExecutor.runWorker(ThreadPoolExecutor.java:1144)
		at java.base/java.util.concurrent.ThreadPoolExecutor$Worker.run(ThreadPoolExecutor.java:642)
		at org.apache.tomcat.util.threads.TaskThread$WrappingRunnable.run(TaskThread.java:57)
		at java.base/java.lang.Thread.run(Thread.java:1583)
04-Jul-2026 23:05:00.089 SEVERE [Catalina-utility-1] org.apache.catalina.startup.ContextConfig.processAnnotationsJar Unable to process Jar [file:/usr/local/tomcat/webapps/lpu-reservation-system-0.0.1-SNAPSHOT/WEB-INF/lib/jackson-annotations-2.19.1.jar] for annotations
	java.nio.file.NoSuchFileException: /usr/local/tomcat/webapps/lpu-reservation-system-0.0.1-SNAPSHOT/WEB-INF/lib/jackson-annotations-2.19.1.jar
		at java.base/sun.nio.fs.UnixException.translateToIOException(UnixException.java:92)
		at java.base/sun.nio.fs.UnixException.rethrowAsIOException(UnixException.java:106)
		at java.base/sun.nio.fs.UnixException.rethrowAsIOException(UnixException.java:111)
		at java.base/sun.nio.fs.UnixFileAttributeViews$Basic.readAttributes(UnixFileAttributeViews.java:55)
		at java.base/sun.nio.fs.UnixFileSystemProvider.readAttributes(UnixFileSystemProvider.java:171)
		at java.base/sun.nio.fs.LinuxFileSystemProvider.readAttributes(LinuxFileSystemProvider.java:99)
		at java.base/java.nio.file.Files.readAttributes(Files.java:1854)
		at java.base/java.util.zip.ZipFile$Source.get(ZipFile.java:1445)
		at java.base/java.util.zip.ZipFile$CleanableResource.<init>(ZipFile.java:724)
		at java.base/java.util.zip.ZipFile.<init>(ZipFile.java:251)
		at java.base/java.util.zip.ZipFile.<init>(ZipFile.java:180)
		at java.base/java.util.jar.JarFile.<init>(JarFile.java:345)
		at org.apache.tomcat.util.scan.JarFileUrlJar.<init>(JarFileUrlJar.java:64)
		at org.apache.tomcat.util.scan.JarFactory.newInstance(JarFactory.java:50)
		at org.apache.catalina.startup.ContextConfig.processAnnotationsJar(ContextConfig.java:2178)
		at org.apache.catalina.startup.ContextConfig.processAnnotationsUrl(ContextConfig.java:2161)
		at org.apache.catalina.startup.ContextConfig.scanWebXmlFragment(ContextConfig.java:2070)
		at org.apache.catalina.startup.ContextConfig.processAnnotations(ContextConfig.java:2050)
		at org.apache.catalina.startup.ContextConfig.processClasses(ContextConfig.java:1366)
		at org.apache.catalina.startup.ContextConfig.webConfig(ContextConfig.java:1267)
		at org.apache.catalina.startup.ContextConfig.configureStart(ContextConfig.java:968)
		at org.apache.catalina.startup.ContextConfig.lifecycleEvent(ContextConfig.java:288)
		at org.apache.catalina.util.LifecycleBase.fireLifecycleEvent(LifecycleBase.java:109)
		at org.apache.catalina.core.StandardContext.startInternal(StandardContext.java:4338)
		at org.apache.catalina.util.LifecycleBase.start(LifecycleBase.java:164)
		at org.apache.catalina.core.ContainerBase.addChild(ContainerBase.java:564)
		at org.apache.catalina.core.StandardHost.addChild(StandardHost.java:663)
		at org.apache.catalina.startup.HostConfig.deployWAR(HostConfig.java:923)
		at org.apache.catalina.startup.HostConfig$DeployWar.run(HostConfig.java:1839)
		at java.base/java.util.concurrent.Executors$RunnableAdapter.call(Executors.java:572)
		at java.base/java.util.concurrent.FutureTask.run(FutureTask.java:317)
		at org.apache.tomcat.util.threads.InlineExecutorService.execute(InlineExecutorService.java:81)
		at java.base/java.util.concurrent.AbstractExecutorService.submit(AbstractExecutorService.java:123)
		at org.apache.catalina.startup.HostConfig.deployWARs(HostConfig.java:727)
		at org.apache.catalina.startup.HostConfig.deployApps(HostConfig.java:378)
		at org.apache.catalina.startup.HostConfig.check(HostConfig.java:1628)
		at org.apache.catalina.startup.HostConfig.lifecycleEvent(HostConfig.java:260)
		at org.apache.catalina.util.LifecycleBase.fireLifecycleEvent(LifecycleBase.java:109)
		at org.apache.catalina.core.ContainerBase.backgroundProcess(ContainerBase.java:938)
		at org.apache.catalina.core.ContainerBase$ContainerBackgroundProcessor.processChildren(ContainerBase.java:1137)
		at org.apache.catalina.core.ContainerBase$ContainerBackgroundProcessor.processChildren(ContainerBase.java:1141)
		at org.apache.catalina.core.ContainerBase$ContainerBackgroundProcessor.run(ContainerBase.java:1119)
		at java.base/java.util.concurrent.Executors$RunnableAdapter.call(Executors.java:572)
		at java.base/java.util.concurrent.FutureTask.runAndReset(FutureTask.java:358)
		at java.base/java.util.concurrent.ScheduledThreadPoolExecutor$ScheduledFutureTask.run(ScheduledThreadPoolExecutor.java:305)
		at java.base/java.util.concurrent.ThreadPoolExecutor.runWorker(ThreadPoolExecutor.java:1144)
		at java.base/java.util.concurrent.ThreadPoolExecutor$Worker.run(ThreadPoolExecutor.java:642)
		at org.apache.tomcat.util.threads.TaskThread$WrappingRunnable.run(TaskThread.java:57)
		at java.base/java.lang.Thread.run(Thread.java:1583)
04-Jul-2026 23:05:00.091 SEVERE [Catalina-utility-1] org.apache.catalina.startup.ContextConfig.processAnnotationsJar Unable to process Jar [file:/usr/local/tomcat/webapps/lpu-reservation-system-0.0.1-SNAPSHOT/WEB-INF/lib/jakarta.persistence-api-3.2.0.jar] for annotations
	java.nio.file.NoSuchFileException: /usr/local/tomcat/webapps/lpu-reservation-system-0.0.1-SNAPSHOT/WEB-INF/lib/jakarta.persistence-api-3.2.0.jar
		at java.base/sun.nio.fs.UnixException.translateToIOException(UnixException.java:92)
		at java.base/sun.nio.fs.UnixException.rethrowAsIOException(UnixException.java:106)
		at java.base/sun.nio.fs.UnixException.rethrowAsIOException(UnixException.java:111)
		at java.base/sun.nio.fs.UnixFileAttributeViews$Basic.readAttributes(UnixFileAttributeViews.java:55)
		at java.base/sun.nio.fs.UnixFileSystemProvider.readAttributes(UnixFileSystemProvider.java:171)
		at java.base/sun.nio.fs.LinuxFileSystemProvider.readAttributes(LinuxFileSystemProvider.java:99)
		at java.base/java.nio.file.Files.readAttributes(Files.java:1854)
		at java.base/java.util.zip.ZipFile$Source.get(ZipFile.java:1445)
		at java.base/java.util.zip.ZipFile$CleanableResource.<init>(ZipFile.java:724)
		at java.base/java.util.zip.ZipFile.<init>(ZipFile.java:251)
		at java.base/java.util.zip.ZipFile.<init>(ZipFile.java:180)
		at java.base/java.util.jar.JarFile.<init>(JarFile.java:345)
		at org.apache.tomcat.util.scan.JarFileUrlJar.<init>(JarFileUrlJar.java:64)
		at org.apache.tomcat.util.scan.JarFactory.newInstance(JarFactory.java:50)
		at org.apache.catalina.startup.ContextConfig.processAnnotationsJar(ContextConfig.java:2178)
		at org.apache.catalina.startup.ContextConfig.processAnnotationsUrl(ContextConfig.java:2161)
		at org.apache.catalina.startup.ContextConfig.scanWebXmlFragment(ContextConfig.java:2070)
		at org.apache.catalina.startup.ContextConfig.processAnnotations(ContextConfig.java:2050)
		at org.apache.catalina.startup.ContextConfig.processClasses(ContextConfig.java:1366)
		at org.apache.catalina.startup.ContextConfig.webConfig(ContextConfig.java:1267)
		at org.apache.catalina.startup.ContextConfig.configureStart(ContextConfig.java:968)
		at org.apache.catalina.startup.ContextConfig.lifecycleEvent(ContextConfig.java:288)
		at org.apache.catalina.util.LifecycleBase.fireLifecycleEvent(LifecycleBase.java:109)
		at org.apache.catalina.core.StandardContext.startInternal(StandardContext.java:4338)
		at org.apache.catalina.util.LifecycleBase.start(LifecycleBase.java:164)
		at org.apache.catalina.core.ContainerBase.addChild(ContainerBase.java:564)
		at org.apache.catalina.core.StandardHost.addChild(StandardHost.java:663)
		at org.apache.catalina.startup.HostConfig.deployWAR(HostConfig.java:923)
		at org.apache.catalina.startup.HostConfig$DeployWar.run(HostConfig.java:1839)
		at java.base/java.util.concurrent.Executors$RunnableAdapter.call(Executors.java:572)
		at java.base/java.util.concurrent.FutureTask.run(FutureTask.java:317)
		at org.apache.tomcat.util.threads.InlineExecutorService.execute(InlineExecutorService.java:81)
		at java.base/java.util.concurrent.AbstractExecutorService.submit(AbstractExecutorService.java:123)
		at org.apache.catalina.startup.HostConfig.deployWARs(HostConfig.java:727)
		at org.apache.catalina.startup.HostConfig.deployApps(HostConfig.java:378)
		at org.apache.catalina.startup.HostConfig.check(HostConfig.java:1628)
		at org.apache.catalina.startup.HostConfig.lifecycleEvent(HostConfig.java:260)
		at org.apache.catalina.util.LifecycleBase.fireLifecycleEvent(LifecycleBase.java:109)
		at org.apache.catalina.core.ContainerBase.backgroundProcess(ContainerBase.java:938)
		at org.apache.catalina.core.ContainerBase$ContainerBackgroundProcessor.processChildren(ContainerBase.java:1137)
		at org.apache.catalina.core.ContainerBase$ContainerBackgroundProcessor.processChildren(ContainerBase.java:1141)
		at org.apache.catalina.core.ContainerBase$ContainerBackgroundProcessor.run(ContainerBase.java:1119)
		at java.base/java.util.concurrent.Executors$RunnableAdapter.call(Executors.java:572)
		at java.base/java.util.concurrent.FutureTask.runAndReset(FutureTask.java:358)
		at java.base/java.util.concurrent.ScheduledThreadPoolExecutor$ScheduledFutureTask.run(ScheduledThreadPoolExecutor.java:305)
		at java.base/java.util.concurrent.ThreadPoolExecutor.runWorker(ThreadPoolExecutor.java:1144)
		at java.base/java.util.concurrent.ThreadPoolExecutor$Worker.run(ThreadPoolExecutor.java:642)
		at org.apache.tomcat.util.threads.TaskThread$WrappingRunnable.run(TaskThread.java:57)
		at java.base/java.lang.Thread.run(Thread.java:1583)
04-Jul-2026 23:05:00.092 SEVERE [Catalina-utility-1] org.apache.catalina.startup.ContextConfig.processAnnotationsJar Unable to process Jar [file:/usr/local/tomcat/webapps/lpu-reservation-system-0.0.1-SNAPSHOT/WEB-INF/lib/ehcache-transactions-3.11.1.jar] for annotations
	java.nio.file.NoSuchFileException: /usr/local/tomcat/webapps/lpu-reservation-system-0.0.1-SNAPSHOT/WEB-INF/lib/ehcache-transactions-3.11.1.jar
		at java.base/sun.nio.fs.UnixException.translateToIOException(UnixException.java:92)
		at java.base/sun.nio.fs.UnixException.rethrowAsIOException(UnixException.java:106)
		at java.base/sun.nio.fs.UnixException.rethrowAsIOException(UnixException.java:111)
		at java.base/sun.nio.fs.UnixFileAttributeViews$Basic.readAttributes(UnixFileAttributeViews.java:55)
		at java.base/sun.nio.fs.UnixFileSystemProvider.readAttributes(UnixFileSystemProvider.java:171)
		at java.base/sun.nio.fs.LinuxFileSystemProvider.readAttributes(LinuxFileSystemProvider.java:99)
		at java.base/java.nio.file.Files.readAttributes(Files.java:1854)
		at java.base/java.util.zip.ZipFile$Source.get(ZipFile.java:1445)
		at java.base/java.util.zip.ZipFile$CleanableResource.<init>(ZipFile.java:724)
		at java.base/java.util.zip.ZipFile.<init>(ZipFile.java:251)
		at java.base/java.util.zip.ZipFile.<init>(ZipFile.java:180)
		at java.base/java.util.jar.JarFile.<init>(JarFile.java:345)
		at org.apache.tomcat.util.scan.JarFileUrlJar.<init>(JarFileUrlJar.java:64)
		at org.apache.tomcat.util.scan.JarFactory.newInstance(JarFactory.java:50)
		at org.apache.catalina.startup.ContextConfig.processAnnotationsJar(ContextConfig.java:2178)
		at org.apache.catalina.startup.ContextConfig.processAnnotationsUrl(ContextConfig.java:2161)
		at org.apache.catalina.startup.ContextConfig.scanWebXmlFragment(ContextConfig.java:2070)
		at org.apache.catalina.startup.ContextConfig.processAnnotations(ContextConfig.java:2050)
		at org.apache.catalina.startup.ContextConfig.processClasses(ContextConfig.java:1366)
		at org.apache.catalina.startup.ContextConfig.webConfig(ContextConfig.java:1267)
		at org.apache.catalina.startup.ContextConfig.configureStart(ContextConfig.java:968)
		at org.apache.catalina.startup.ContextConfig.lifecycleEvent(ContextConfig.java:288)
		at org.apache.catalina.util.LifecycleBase.fireLifecycleEvent(LifecycleBase.java:109)
		at org.apache.catalina.core.StandardContext.startInternal(StandardContext.java:4338)
		at org.apache.catalina.util.LifecycleBase.start(LifecycleBase.java:164)
		at org.apache.catalina.core.ContainerBase.addChild(ContainerBase.java:564)
		at org.apache.catalina.core.StandardHost.addChild(StandardHost.java:663)
		at org.apache.catalina.startup.HostConfig.deployWAR(HostConfig.java:923)
		at org.apache.catalina.startup.HostConfig$DeployWar.run(HostConfig.java:1839)
		at java.base/java.util.concurrent.Executors$RunnableAdapter.call(Executors.java:572)
		at java.base/java.util.concurrent.FutureTask.run(FutureTask.java:317)
		at org.apache.tomcat.util.threads.InlineExecutorService.execute(InlineExecutorService.java:81)
		at java.base/java.util.concurrent.AbstractExecutorService.submit(AbstractExecutorService.java:123)
		at org.apache.catalina.startup.HostConfig.deployWARs(HostConfig.java:727)
		at org.apache.catalina.startup.HostConfig.deployApps(HostConfig.java:378)
		at org.apache.catalina.startup.HostConfig.check(HostConfig.java:1628)
		at org.apache.catalina.startup.HostConfig.lifecycleEvent(HostConfig.java:260)
		at org.apache.catalina.util.LifecycleBase.fireLifecycleEvent(LifecycleBase.java:109)
		at org.apache.catalina.core.ContainerBase.backgroundProcess(ContainerBase.java:938)
		at org.apache.catalina.core.ContainerBase$ContainerBackgroundProcessor.processChildren(ContainerBase.java:1137)
		at org.apache.catalina.core.ContainerBase$ContainerBackgroundProcessor.processChildren(ContainerBase.java:1141)
		at org.apache.catalina.core.ContainerBase$ContainerBackgroundProcessor.run(ContainerBase.java:1119)
		at java.base/java.util.concurrent.Executors$RunnableAdapter.call(Executors.java:572)
		at java.base/java.util.concurrent.FutureTask.runAndReset(FutureTask.java:358)
		at java.base/java.util.concurrent.ScheduledThreadPoolExecutor$ScheduledFutureTask.run(ScheduledThreadPoolExecutor.java:305)
		at java.base/java.util.concurrent.ThreadPoolExecutor.runWorker(ThreadPoolExecutor.java:1144)
		at java.base/java.util.concurrent.ThreadPoolExecutor$Worker.run(ThreadPoolExecutor.java:642)
		at org.apache.tomcat.util.threads.TaskThread$WrappingRunnable.run(TaskThread.java:57)
		at java.base/java.lang.Thread.run(Thread.java:1583)
04-Jul-2026 23:05:00.100 SEVERE [Catalina-utility-1] org.apache.catalina.startup.ContextConfig.processAnnotationsJar Unable to process Jar [file:/usr/local/tomcat/webapps/lpu-reservation-system-0.0.1-SNAPSHOT/WEB-INF/lib/spring-oxm-7.0.6.jar] for annotations
	java.nio.file.NoSuchFileException: /usr/local/tomcat/webapps/lpu-reservation-system-0.0.1-SNAPSHOT/WEB-INF/lib/spring-oxm-7.0.6.jar
		at java.base/sun.nio.fs.UnixException.translateToIOException(UnixException.java:92)
		at java.base/sun.nio.fs.UnixException.rethrowAsIOException(UnixException.java:106)
		at java.base/sun.nio.fs.UnixException.rethrowAsIOException(UnixException.java:111)
		at java.base/sun.nio.fs.UnixFileAttributeViews$Basic.readAttributes(UnixFileAttributeViews.java:55)
		at java.base/sun.nio.fs.UnixFileSystemProvider.readAttributes(UnixFileSystemProvider.java:171)
		at java.base/sun.nio.fs.LinuxFileSystemProvider.readAttributes(LinuxFileSystemProvider.java:99)
		at java.base/java.nio.file.Files.readAttributes(Files.java:1854)
		at java.base/java.util.zip.ZipFile$Source.get(ZipFile.java:1445)
		at java.base/java.util.zip.ZipFile$CleanableResource.<init>(ZipFile.java:724)
		at java.base/java.util.zip.ZipFile.<init>(ZipFile.java:251)
		at java.base/java.util.zip.ZipFile.<init>(ZipFile.java:180)
		at java.base/java.util.jar.JarFile.<init>(JarFile.java:345)
		at org.apache.tomcat.util.scan.JarFileUrlJar.<init>(JarFileUrlJar.java:64)
		at org.apache.tomcat.util.scan.JarFactory.newInstance(JarFactory.java:50)
		at org.apache.catalina.startup.ContextConfig.processAnnotationsJar(ContextConfig.java:2178)
		at org.apache.catalina.startup.ContextConfig.processAnnotationsUrl(ContextConfig.java:2161)
		at org.apache.catalina.startup.ContextConfig.scanWebXmlFragment(ContextConfig.java:2070)
		at org.apache.catalina.startup.ContextConfig.processAnnotations(ContextConfig.java:2050)
		at org.apache.catalina.startup.ContextConfig.processClasses(ContextConfig.java:1366)
		at org.apache.catalina.startup.ContextConfig.webConfig(ContextConfig.java:1267)
		at org.apache.catalina.startup.ContextConfig.configureStart(ContextConfig.java:968)
		at org.apache.catalina.startup.ContextConfig.lifecycleEvent(ContextConfig.java:288)
		at org.apache.catalina.util.LifecycleBase.fireLifecycleEvent(LifecycleBase.java:109)
		at org.apache.catalina.core.StandardContext.startInternal(StandardContext.java:4338)
		at org.apache.catalina.util.LifecycleBase.start(LifecycleBase.java:164)
		at org.apache.catalina.core.ContainerBase.addChild(ContainerBase.java:564)
		at org.apache.catalina.core.StandardHost.addChild(StandardHost.java:663)
		at org.apache.catalina.startup.HostConfig.deployWAR(HostConfig.java:923)
		at org.apache.catalina.startup.HostConfig$DeployWar.run(HostConfig.java:1839)
		at java.base/java.util.concurrent.Executors$RunnableAdapter.call(Executors.java:572)
		at java.base/java.util.concurrent.FutureTask.run(FutureTask.java:317)
		at org.apache.tomcat.util.threads.InlineExecutorService.execute(InlineExecutorService.java:81)
		at java.base/java.util.concurrent.AbstractExecutorService.submit(AbstractExecutorService.java:123)
		at org.apache.catalina.startup.HostConfig.deployWARs(HostConfig.java:727)
		at org.apache.catalina.startup.HostConfig.deployApps(HostConfig.java:378)
		at org.apache.catalina.startup.HostConfig.check(HostConfig.java:1628)
		at org.apache.catalina.startup.HostConfig.lifecycleEvent(HostConfig.java:260)
		at org.apache.catalina.util.LifecycleBase.fireLifecycleEvent(LifecycleBase.java:109)
		at org.apache.catalina.core.ContainerBase.backgroundProcess(ContainerBase.java:938)
		at org.apache.catalina.core.ContainerBase$ContainerBackgroundProcessor.processChildren(ContainerBase.java:1137)
		at org.apache.catalina.core.ContainerBase$ContainerBackgroundProcessor.processChildren(ContainerBase.java:1141)
		at org.apache.catalina.core.ContainerBase$ContainerBackgroundProcessor.run(ContainerBase.java:1119)
		at java.base/java.util.concurrent.Executors$RunnableAdapter.call(Executors.java:572)
		at java.base/java.util.concurrent.FutureTask.runAndReset(FutureTask.java:358)
		at java.base/java.util.concurrent.ScheduledThreadPoolExecutor$ScheduledFutureTask.run(ScheduledThreadPoolExecutor.java:305)
		at java.base/java.util.concurrent.ThreadPoolExecutor.runWorker(ThreadPoolExecutor.java:1144)
		at java.base/java.util.concurrent.ThreadPoolExecutor$Worker.run(ThreadPoolExecutor.java:642)
		at org.apache.tomcat.util.threads.TaskThread$WrappingRunnable.run(TaskThread.java:57)
		at java.base/java.lang.Thread.run(Thread.java:1583)
04-Jul-2026 23:05:00.104 SEVERE [Catalina-utility-1] org.apache.catalina.startup.ContextConfig.processAnnotationsJar Unable to process Jar [file:/usr/local/tomcat/webapps/lpu-reservation-system-0.0.1-SNAPSHOT/WEB-INF/lib/spring-expression-7.0.6.jar] for annotations
	java.nio.file.NoSuchFileException: /usr/local/tomcat/webapps/lpu-reservation-system-0.0.1-SNAPSHOT/WEB-INF/lib/spring-expression-7.0.6.jar
		at java.base/sun.nio.fs.UnixException.translateToIOException(UnixException.java:92)
		at java.base/sun.nio.fs.UnixException.rethrowAsIOException(UnixException.java:106)
		at java.base/sun.nio.fs.UnixException.rethrowAsIOException(UnixException.java:111)
		at java.base/sun.nio.fs.UnixFileAttributeViews$Basic.readAttributes(UnixFileAttributeViews.java:55)
		at java.base/sun.nio.fs.UnixFileSystemProvider.readAttributes(UnixFileSystemProvider.java:171)
		at java.base/sun.nio.fs.LinuxFileSystemProvider.readAttributes(LinuxFileSystemProvider.java:99)
		at java.base/java.nio.file.Files.readAttributes(Files.java:1854)
		at java.base/java.util.zip.ZipFile$Source.get(ZipFile.java:1445)
		at java.base/java.util.zip.ZipFile$CleanableResource.<init>(ZipFile.java:724)
		at java.base/java.util.zip.ZipFile.<init>(ZipFile.java:251)
		at java.base/java.util.zip.ZipFile.<init>(ZipFile.java:180)
		at java.base/java.util.jar.JarFile.<init>(JarFile.java:345)
		at org.apache.tomcat.util.scan.JarFileUrlJar.<init>(JarFileUrlJar.java:64)
		at org.apache.tomcat.util.scan.JarFactory.newInstance(JarFactory.java:50)
		at org.apache.catalina.startup.ContextConfig.processAnnotationsJar(ContextConfig.java:2178)
		at org.apache.catalina.startup.ContextConfig.processAnnotationsUrl(ContextConfig.java:2161)
		at org.apache.catalina.startup.ContextConfig.scanWebXmlFragment(ContextConfig.java:2070)
		at org.apache.catalina.startup.ContextConfig.processAnnotations(ContextConfig.java:2050)
		at org.apache.catalina.startup.ContextConfig.processClasses(ContextConfig.java:1366)
		at org.apache.catalina.startup.ContextConfig.webConfig(ContextConfig.java:1267)
		at org.apache.catalina.startup.ContextConfig.configureStart(ContextConfig.java:968)
		at org.apache.catalina.startup.ContextConfig.lifecycleEvent(ContextConfig.java:288)
		at org.apache.catalina.util.LifecycleBase.fireLifecycleEvent(LifecycleBase.java:109)
		at org.apache.catalina.core.StandardContext.startInternal(StandardContext.java:4338)
		at org.apache.catalina.util.LifecycleBase.start(LifecycleBase.java:164)
		at org.apache.catalina.core.ContainerBase.addChild(ContainerBase.java:564)
		at org.apache.catalina.core.StandardHost.addChild(StandardHost.java:663)
		at org.apache.catalina.startup.HostConfig.deployWAR(HostConfig.java:923)
		at org.apache.catalina.startup.HostConfig$DeployWar.run(HostConfig.java:1839)
		at java.base/java.util.concurrent.Executors$RunnableAdapter.call(Executors.java:572)
		at java.base/java.util.concurrent.FutureTask.run(FutureTask.java:317)
		at org.apache.tomcat.util.threads.InlineExecutorService.execute(InlineExecutorService.java:81)
		at java.base/java.util.concurrent.AbstractExecutorService.submit(AbstractExecutorService.java:123)
		at org.apache.catalina.startup.HostConfig.deployWARs(HostConfig.java:727)
		at org.apache.catalina.startup.HostConfig.deployApps(HostConfig.java:378)
		at org.apache.catalina.startup.HostConfig.check(HostConfig.java:1628)
		at org.apache.catalina.startup.HostConfig.lifecycleEvent(HostConfig.java:260)
		at org.apache.catalina.util.LifecycleBase.fireLifecycleEvent(LifecycleBase.java:109)
		at org.apache.catalina.core.ContainerBase.backgroundProcess(ContainerBase.java:938)
		at org.apache.catalina.core.ContainerBase$ContainerBackgroundProcessor.processChildren(ContainerBase.java:1137)
		at org.apache.catalina.core.ContainerBase$ContainerBackgroundProcessor.processChildren(ContainerBase.java:1141)
		at org.apache.catalina.core.ContainerBase$ContainerBackgroundProcessor.run(ContainerBase.java:1119)
		at java.base/java.util.concurrent.Executors$RunnableAdapter.call(Executors.java:572)
		at java.base/java.util.concurrent.FutureTask.runAndReset(FutureTask.java:358)
		at java.base/java.util.concurrent.ScheduledThreadPoolExecutor$ScheduledFutureTask.run(ScheduledThreadPoolExecutor.java:305)
		at java.base/java.util.concurrent.ThreadPoolExecutor.runWorker(ThreadPoolExecutor.java:1144)
		at java.base/java.util.concurrent.ThreadPoolExecutor$Worker.run(ThreadPoolExecutor.java:642)
		at org.apache.tomcat.util.threads.TaskThread$WrappingRunnable.run(TaskThread.java:57)
		at java.base/java.lang.Thread.run(Thread.java:1583)
04-Jul-2026 23:05:00.109 SEVERE [Catalina-utility-1] org.apache.catalina.startup.ContextConfig.processAnnotationsJar Unable to process Jar [file:/usr/local/tomcat/webapps/lpu-reservation-system-0.0.1-SNAPSHOT/WEB-INF/lib/spring-context-7.0.6.jar] for annotations
	java.nio.file.NoSuchFileException: /usr/local/tomcat/webapps/lpu-reservation-system-0.0.1-SNAPSHOT/WEB-INF/lib/spring-context-7.0.6.jar
		at java.base/sun.nio.fs.UnixException.translateToIOException(UnixException.java:92)
		at java.base/sun.nio.fs.UnixException.rethrowAsIOException(UnixException.java:106)
		at java.base/sun.nio.fs.UnixException.rethrowAsIOException(UnixException.java:111)
		at java.base/sun.nio.fs.UnixFileAttributeViews$Basic.readAttributes(UnixFileAttributeViews.java:55)
		at java.base/sun.nio.fs.UnixFileSystemProvider.readAttributes(UnixFileSystemProvider.java:171)
		at java.base/sun.nio.fs.LinuxFileSystemProvider.readAttributes(LinuxFileSystemProvider.java:99)
		at java.base/java.nio.file.Files.readAttributes(Files.java:1854)
		at java.base/java.util.zip.ZipFile$Source.get(ZipFile.java:1445)
		at java.base/java.util.zip.ZipFile$CleanableResource.<init>(ZipFile.java:724)
		at java.base/java.util.zip.ZipFile.<init>(ZipFile.java:251)
		at java.base/java.util.zip.ZipFile.<init>(ZipFile.java:180)
		at java.base/java.util.jar.JarFile.<init>(JarFile.java:345)
		at org.apache.tomcat.util.scan.JarFileUrlJar.<init>(JarFileUrlJar.java:64)
		at org.apache.tomcat.util.scan.JarFactory.newInstance(JarFactory.java:50)
		at org.apache.catalina.startup.ContextConfig.processAnnotationsJar(ContextConfig.java:2178)
		at org.apache.catalina.startup.ContextConfig.processAnnotationsUrl(ContextConfig.java:2161)
		at org.apache.catalina.startup.ContextConfig.scanWebXmlFragment(ContextConfig.java:2070)
		at org.apache.catalina.startup.ContextConfig.processAnnotations(ContextConfig.java:2050)
		at org.apache.catalina.startup.ContextConfig.processClasses(ContextConfig.java:1366)
		at org.apache.catalina.startup.ContextConfig.webConfig(ContextConfig.java:1267)
		at org.apache.catalina.startup.ContextConfig.configureStart(ContextConfig.java:968)
		at org.apache.catalina.startup.ContextConfig.lifecycleEvent(ContextConfig.java:288)
		at org.apache.catalina.util.LifecycleBase.fireLifecycleEvent(LifecycleBase.java:109)
		at org.apache.catalina.core.StandardContext.startInternal(StandardContext.java:4338)
		at org.apache.catalina.util.LifecycleBase.start(LifecycleBase.java:164)
		at org.apache.catalina.core.ContainerBase.addChild(ContainerBase.java:564)
		at org.apache.catalina.core.StandardHost.addChild(StandardHost.java:663)
		at org.apache.catalina.startup.HostConfig.deployWAR(HostConfig.java:923)
		at org.apache.catalina.startup.HostConfig$DeployWar.run(HostConfig.java:1839)
		at java.base/java.util.concurrent.Executors$RunnableAdapter.call(Executors.java:572)
		at java.base/java.util.concurrent.FutureTask.run(FutureTask.java:317)
		at org.apache.tomcat.util.threads.InlineExecutorService.execute(InlineExecutorService.java:81)
		at java.base/java.util.concurrent.AbstractExecutorService.submit(AbstractExecutorService.java:123)
		at org.apache.catalina.startup.HostConfig.deployWARs(HostConfig.java:727)
		at org.apache.catalina.startup.HostConfig.deployApps(HostConfig.java:378)
		at org.apache.catalina.startup.HostConfig.check(HostConfig.java:1628)
		at org.apache.catalina.startup.HostConfig.lifecycleEvent(HostConfig.java:260)
		at org.apache.catalina.util.LifecycleBase.fireLifecycleEvent(LifecycleBase.java:109)
		at org.apache.catalina.core.ContainerBase.backgroundProcess(ContainerBase.java:938)
		at org.apache.catalina.core.ContainerBase$ContainerBackgroundProcessor.processChildren(ContainerBase.java:1137)
		at org.apache.catalina.core.ContainerBase$ContainerBackgroundProcessor.processChildren(ContainerBase.java:1141)
		at org.apache.catalina.core.ContainerBase$ContainerBackgroundProcessor.run(ContainerBase.java:1119)
		at java.base/java.util.concurrent.Executors$RunnableAdapter.call(Executors.java:572)
		at java.base/java.util.concurrent.FutureTask.runAndReset(FutureTask.java:358)
		at java.base/java.util.concurrent.ScheduledThreadPoolExecutor$ScheduledFutureTask.run(ScheduledThreadPoolExecutor.java:305)
		at java.base/java.util.concurrent.ThreadPoolExecutor.runWorker(ThreadPoolExecutor.java:1144)
		at java.base/java.util.concurrent.ThreadPoolExecutor$Worker.run(ThreadPoolExecutor.java:642)
		at org.apache.tomcat.util.threads.TaskThread$WrappingRunnable.run(TaskThread.java:57)
		at java.base/java.lang.Thread.run(Thread.java:1583)
04-Jul-2026 23:05:00.112 SEVERE [Catalina-utility-1] org.apache.catalina.startup.ContextConfig.processAnnotationsJar Unable to process Jar [file:/usr/local/tomcat/webapps/lpu-reservation-system-0.0.1-SNAPSHOT/WEB-INF/lib/jakarta.el-api-6.0.1.jar] for annotations
	java.nio.file.NoSuchFileException: /usr/local/tomcat/webapps/lpu-reservation-system-0.0.1-SNAPSHOT/WEB-INF/lib/jakarta.el-api-6.0.1.jar
		at java.base/sun.nio.fs.UnixException.translateToIOException(UnixException.java:92)
		at java.base/sun.nio.fs.UnixException.rethrowAsIOException(UnixException.java:106)
		at java.base/sun.nio.fs.UnixException.rethrowAsIOException(UnixException.java:111)
		at java.base/sun.nio.fs.UnixFileAttributeViews$Basic.readAttributes(UnixFileAttributeViews.java:55)
		at java.base/sun.nio.fs.UnixFileSystemProvider.readAttributes(UnixFileSystemProvider.java:171)
		at java.base/sun.nio.fs.LinuxFileSystemProvider.readAttributes(LinuxFileSystemProvider.java:99)
		at java.base/java.nio.file.Files.readAttributes(Files.java:1854)
		at java.base/java.util.zip.ZipFile$Source.get(ZipFile.java:1445)
		at java.base/java.util.zip.ZipFile$CleanableResource.<init>(ZipFile.java:724)
		at java.base/java.util.zip.ZipFile.<init>(ZipFile.java:251)
		at java.base/java.util.zip.ZipFile.<init>(ZipFile.java:180)
		at java.base/java.util.jar.JarFile.<init>(JarFile.java:345)
		at org.apache.tomcat.util.scan.JarFileUrlJar.<init>(JarFileUrlJar.java:64)
		at org.apache.tomcat.util.scan.JarFactory.newInstance(JarFactory.java:50)
		at org.apache.catalina.startup.ContextConfig.processAnnotationsJar(ContextConfig.java:2178)
		at org.apache.catalina.startup.ContextConfig.processAnnotationsUrl(ContextConfig.java:2161)
		at org.apache.catalina.startup.ContextConfig.scanWebXmlFragment(ContextConfig.java:2070)
		at org.apache.catalina.startup.ContextConfig.processAnnotations(ContextConfig.java:2050)
		at org.apache.catalina.startup.ContextConfig.processClasses(ContextConfig.java:1366)
		at org.apache.catalina.startup.ContextConfig.webConfig(ContextConfig.java:1267)
		at org.apache.catalina.startup.ContextConfig.configureStart(ContextConfig.java:968)
		at org.apache.catalina.startup.ContextConfig.lifecycleEvent(ContextConfig.java:288)
		at org.apache.catalina.util.LifecycleBase.fireLifecycleEvent(LifecycleBase.java:109)
		at org.apache.catalina.core.StandardContext.startInternal(StandardContext.java:4338)
		at org.apache.catalina.util.LifecycleBase.start(LifecycleBase.java:164)
		at org.apache.catalina.core.ContainerBase.addChild(ContainerBase.java:564)
		at org.apache.catalina.core.StandardHost.addChild(StandardHost.java:663)
		at org.apache.catalina.startup.HostConfig.deployWAR(HostConfig.java:923)
		at org.apache.catalina.startup.HostConfig$DeployWar.run(HostConfig.java:1839)
		at java.base/java.util.concurrent.Executors$RunnableAdapter.call(Executors.java:572)
		at java.base/java.util.concurrent.FutureTask.run(FutureTask.java:317)
		at org.apache.tomcat.util.threads.InlineExecutorService.execute(InlineExecutorService.java:81)
		at java.base/java.util.concurrent.AbstractExecutorService.submit(AbstractExecutorService.java:123)
		at org.apache.catalina.startup.HostConfig.deployWARs(HostConfig.java:727)
		at org.apache.catalina.startup.HostConfig.deployApps(HostConfig.java:378)
		at org.apache.catalina.startup.HostConfig.check(HostConfig.java:1628)
		at org.apache.catalina.startup.HostConfig.lifecycleEvent(HostConfig.java:260)
		at org.apache.catalina.util.LifecycleBase.fireLifecycleEvent(LifecycleBase.java:109)
		at org.apache.catalina.core.ContainerBase.backgroundProcess(ContainerBase.java:938)
		at org.apache.catalina.core.ContainerBase$ContainerBackgroundProcessor.processChildren(ContainerBase.java:1137)
		at org.apache.catalina.core.ContainerBase$ContainerBackgroundProcessor.processChildren(ContainerBase.java:1141)
		at org.apache.catalina.core.ContainerBase$ContainerBackgroundProcessor.run(ContainerBase.java:1119)
		at java.base/java.util.concurrent.Executors$RunnableAdapter.call(Executors.java:572)
		at java.base/java.util.concurrent.FutureTask.runAndReset(FutureTask.java:358)
		at java.base/java.util.concurrent.ScheduledThreadPoolExecutor$ScheduledFutureTask.run(ScheduledThreadPoolExecutor.java:305)
		at java.base/java.util.concurrent.ThreadPoolExecutor.runWorker(ThreadPoolExecutor.java:1144)
		at java.base/java.util.concurrent.ThreadPoolExecutor$Worker.run(ThreadPoolExecutor.java:642)
		at org.apache.tomcat.util.threads.TaskThread$WrappingRunnable.run(TaskThread.java:57)
		at java.base/java.lang.Thread.run(Thread.java:1583)
04-Jul-2026 23:05:00.114 SEVERE [Catalina-utility-1] org.apache.catalina.startup.ContextConfig.processAnnotationsJar Unable to process Jar [file:/usr/local/tomcat/webapps/lpu-reservation-system-0.0.1-SNAPSHOT/WEB-INF/lib/c3p0-0.9.5.5.jar] for annotations
	java.nio.file.NoSuchFileException: /usr/local/tomcat/webapps/lpu-reservation-system-0.0.1-SNAPSHOT/WEB-INF/lib/c3p0-0.9.5.5.jar
		at java.base/sun.nio.fs.UnixException.translateToIOException(UnixException.java:92)
		at java.base/sun.nio.fs.UnixException.rethrowAsIOException(UnixException.java:106)
		at java.base/sun.nio.fs.UnixException.rethrowAsIOException(UnixException.java:111)
		at java.base/sun.nio.fs.UnixFileAttributeViews$Basic.readAttributes(UnixFileAttributeViews.java:55)
		at java.base/sun.nio.fs.UnixFileSystemProvider.readAttributes(UnixFileSystemProvider.java:171)
		at java.base/sun.nio.fs.LinuxFileSystemProvider.readAttributes(LinuxFileSystemProvider.java:99)
		at java.base/java.nio.file.Files.readAttributes(Files.java:1854)
		at java.base/java.util.zip.ZipFile$Source.get(ZipFile.java:1445)
		at java.base/java.util.zip.ZipFile$CleanableResource.<init>(ZipFile.java:724)
		at java.base/java.util.zip.ZipFile.<init>(ZipFile.java:251)
		at java.base/java.util.zip.ZipFile.<init>(ZipFile.java:180)
		at java.base/java.util.jar.JarFile.<init>(JarFile.java:345)
		at org.apache.tomcat.util.scan.JarFileUrlJar.<init>(JarFileUrlJar.java:64)
		at org.apache.tomcat.util.scan.JarFactory.newInstance(JarFactory.java:50)
		at org.apache.catalina.startup.ContextConfig.processAnnotationsJar(ContextConfig.java:2178)
		at org.apache.catalina.startup.ContextConfig.processAnnotationsUrl(ContextConfig.java:2161)
		at org.apache.catalina.startup.ContextConfig.scanWebXmlFragment(ContextConfig.java:2070)
		at org.apache.catalina.startup.ContextConfig.processAnnotations(ContextConfig.java:2050)
		at org.apache.catalina.startup.ContextConfig.processClasses(ContextConfig.java:1366)
		at org.apache.catalina.startup.ContextConfig.webConfig(ContextConfig.java:1267)
		at org.apache.catalina.startup.ContextConfig.configureStart(ContextConfig.java:968)
		at org.apache.catalina.startup.ContextConfig.lifecycleEvent(ContextConfig.java:288)
		at org.apache.catalina.util.LifecycleBase.fireLifecycleEvent(LifecycleBase.java:109)
		at org.apache.catalina.core.StandardContext.startInternal(StandardContext.java:4338)
		at org.apache.catalina.util.LifecycleBase.start(LifecycleBase.java:164)
		at org.apache.catalina.core.ContainerBase.addChild(ContainerBase.java:564)
		at org.apache.catalina.core.StandardHost.addChild(StandardHost.java:663)
		at org.apache.catalina.startup.HostConfig.deployWAR(HostConfig.java:923)
		at org.apache.catalina.startup.HostConfig$DeployWar.run(HostConfig.java:1839)
		at java.base/java.util.concurrent.Executors$RunnableAdapter.call(Executors.java:572)
		at java.base/java.util.concurrent.FutureTask.run(FutureTask.java:317)
		at org.apache.tomcat.util.threads.InlineExecutorService.execute(InlineExecutorService.java:81)
		at java.base/java.util.concurrent.AbstractExecutorService.submit(AbstractExecutorService.java:123)
		at org.apache.catalina.startup.HostConfig.deployWARs(HostConfig.java:727)
		at org.apache.catalina.startup.HostConfig.deployApps(HostConfig.java:378)
		at org.apache.catalina.startup.HostConfig.check(HostConfig.java:1628)
		at org.apache.catalina.startup.HostConfig.lifecycleEvent(HostConfig.java:260)
		at org.apache.catalina.util.LifecycleBase.fireLifecycleEvent(LifecycleBase.java:109)
		at org.apache.catalina.core.ContainerBase.backgroundProcess(ContainerBase.java:938)
		at org.apache.catalina.core.ContainerBase$ContainerBackgroundProcessor.processChildren(ContainerBase.java:1137)
		at org.apache.catalina.core.ContainerBase$ContainerBackgroundProcessor.processChildren(ContainerBase.java:1141)
		at org.apache.catalina.core.ContainerBase$ContainerBackgroundProcessor.run(ContainerBase.java:1119)
		at java.base/java.util.concurrent.Executors$RunnableAdapter.call(Executors.java:572)
		at java.base/java.util.concurrent.FutureTask.runAndReset(FutureTask.java:358)
		at java.base/java.util.concurrent.ScheduledThreadPoolExecutor$ScheduledFutureTask.run(ScheduledThreadPoolExecutor.java:305)
		at java.base/java.util.concurrent.ThreadPoolExecutor.runWorker(ThreadPoolExecutor.java:1144)
		at java.base/java.util.concurrent.ThreadPoolExecutor$Worker.run(ThreadPoolExecutor.java:642)
		at org.apache.tomcat.util.threads.TaskThread$WrappingRunnable.run(TaskThread.java:57)
		at java.base/java.lang.Thread.run(Thread.java:1583)
04-Jul-2026 23:05:00.117 SEVERE [Catalina-utility-1] org.apache.catalina.startup.ContextConfig.processAnnotationsJar Unable to process Jar [file:/usr/local/tomcat/webapps/lpu-reservation-system-0.0.1-SNAPSHOT/WEB-INF/lib/thymeleaf-spring6-3.1.3.RELEASE.jar] for annotations
	java.nio.file.NoSuchFileException: /usr/local/tomcat/webapps/lpu-reservation-system-0.0.1-SNAPSHOT/WEB-INF/lib/thymeleaf-spring6-3.1.3.RELEASE.jar
		at java.base/sun.nio.fs.UnixException.translateToIOException(UnixException.java:92)
		at java.base/sun.nio.fs.UnixException.rethrowAsIOException(UnixException.java:106)
		at java.base/sun.nio.fs.UnixException.rethrowAsIOException(UnixException.java:111)
		at java.base/sun.nio.fs.UnixFileAttributeViews$Basic.readAttributes(UnixFileAttributeViews.java:55)
		at java.base/sun.nio.fs.UnixFileSystemProvider.readAttributes(UnixFileSystemProvider.java:171)
		at java.base/sun.nio.fs.LinuxFileSystemProvider.readAttributes(LinuxFileSystemProvider.java:99)
		at java.base/java.nio.file.Files.readAttributes(Files.java:1854)
		at java.base/java.util.zip.ZipFile$Source.get(ZipFile.java:1445)
		at java.base/java.util.zip.ZipFile$CleanableResource.<init>(ZipFile.java:724)
		at java.base/java.util.zip.ZipFile.<init>(ZipFile.java:251)
		at java.base/java.util.zip.ZipFile.<init>(ZipFile.java:180)
		at java.base/java.util.jar.JarFile.<init>(JarFile.java:345)
		at org.apache.tomcat.util.scan.JarFileUrlJar.<init>(JarFileUrlJar.java:64)
		at org.apache.tomcat.util.scan.JarFactory.newInstance(JarFactory.java:50)
		at org.apache.catalina.startup.ContextConfig.processAnnotationsJar(ContextConfig.java:2178)
		at org.apache.catalina.startup.ContextConfig.processAnnotationsUrl(ContextConfig.java:2161)
		at org.apache.catalina.startup.ContextConfig.scanWebXmlFragment(ContextConfig.java:2070)
		at org.apache.catalina.startup.ContextConfig.processAnnotations(ContextConfig.java:2050)
		at org.apache.catalina.startup.ContextConfig.processClasses(ContextConfig.java:1366)
		at org.apache.catalina.startup.ContextConfig.webConfig(ContextConfig.java:1267)
		at org.apache.catalina.startup.ContextConfig.configureStart(ContextConfig.java:968)
		at org.apache.catalina.startup.ContextConfig.lifecycleEvent(ContextConfig.java:288)
		at org.apache.catalina.util.LifecycleBase.fireLifecycleEvent(LifecycleBase.java:109)
		at org.apache.catalina.core.StandardContext.startInternal(StandardContext.java:4338)
		at org.apache.catalina.util.LifecycleBase.start(LifecycleBase.java:164)
		at org.apache.catalina.core.ContainerBase.addChild(ContainerBase.java:564)
		at org.apache.catalina.core.StandardHost.addChild(StandardHost.java:663)
		at org.apache.catalina.startup.HostConfig.deployWAR(HostConfig.java:923)
		at org.apache.catalina.startup.HostConfig$DeployWar.run(HostConfig.java:1839)
		at java.base/java.util.concurrent.Executors$RunnableAdapter.call(Executors.java:572)
		at java.base/java.util.concurrent.FutureTask.run(FutureTask.java:317)
		at org.apache.tomcat.util.threads.InlineExecutorService.execute(InlineExecutorService.java:81)
		at java.base/java.util.concurrent.AbstractExecutorService.submit(AbstractExecutorService.java:123)
		at org.apache.catalina.startup.HostConfig.deployWARs(HostConfig.java:727)
		at org.apache.catalina.startup.HostConfig.deployApps(HostConfig.java:378)
		at org.apache.catalina.startup.HostConfig.check(HostConfig.java:1628)
		at org.apache.catalina.startup.HostConfig.lifecycleEvent(HostConfig.java:260)
		at org.apache.catalina.util.LifecycleBase.fireLifecycleEvent(LifecycleBase.java:109)
		at org.apache.catalina.core.ContainerBase.backgroundProcess(ContainerBase.java:938)
		at org.apache.catalina.core.ContainerBase$ContainerBackgroundProcessor.processChildren(ContainerBase.java:1137)
		at org.apache.catalina.core.ContainerBase$ContainerBackgroundProcessor.processChildren(ContainerBase.java:1141)
		at org.apache.catalina.core.ContainerBase$ContainerBackgroundProcessor.run(ContainerBase.java:1119)
		at java.base/java.util.concurrent.Executors$RunnableAdapter.call(Executors.java:572)
		at java.base/java.util.concurrent.FutureTask.runAndReset(FutureTask.java:358)
		at java.base/java.util.concurrent.ScheduledThreadPoolExecutor$ScheduledFutureTask.run(ScheduledThreadPoolExecutor.java:305)
		at java.base/java.util.concurrent.ThreadPoolExecutor.runWorker(ThreadPoolExecutor.java:1144)
		at java.base/java.util.concurrent.ThreadPoolExecutor$Worker.run(ThreadPoolExecutor.java:642)
		at org.apache.tomcat.util.threads.TaskThread$WrappingRunnable.run(TaskThread.java:57)
		at java.base/java.lang.Thread.run(Thread.java:1583)
04-Jul-2026 23:05:00.130 SEVERE [Catalina-utility-1] org.apache.catalina.startup.ContextConfig.processAnnotationsJar Unable to process Jar [file:/usr/local/tomcat/webapps/lpu-reservation-system-0.0.1-SNAPSHOT/WEB-INF/lib/attoparser-2.0.7.RELEASE.jar] for annotations
	java.nio.file.NoSuchFileException: /usr/local/tomcat/webapps/lpu-reservation-system-0.0.1-SNAPSHOT/WEB-INF/lib/attoparser-2.0.7.RELEASE.jar
		at java.base/sun.nio.fs.UnixException.translateToIOException(UnixException.java:92)
		at java.base/sun.nio.fs.UnixException.rethrowAsIOException(UnixException.java:106)
		at java.base/sun.nio.fs.UnixException.rethrowAsIOException(UnixException.java:111)
		at java.base/sun.nio.fs.UnixFileAttributeViews$Basic.readAttributes(UnixFileAttributeViews.java:55)
		at java.base/sun.nio.fs.UnixFileSystemProvider.readAttributes(UnixFileSystemProvider.java:171)
		at java.base/sun.nio.fs.LinuxFileSystemProvider.readAttributes(LinuxFileSystemProvider.java:99)
		at java.base/java.nio.file.Files.readAttributes(Files.java:1854)
		at java.base/java.util.zip.ZipFile$Source.get(ZipFile.java:1445)
		at java.base/java.util.zip.ZipFile$CleanableResource.<init>(ZipFile.java:724)
		at java.base/java.util.zip.ZipFile.<init>(ZipFile.java:251)
		at java.base/java.util.zip.ZipFile.<init>(ZipFile.java:180)
		at java.base/java.util.jar.JarFile.<init>(JarFile.java:345)
		at org.apache.tomcat.util.scan.JarFileUrlJar.<init>(JarFileUrlJar.java:64)
		at org.apache.tomcat.util.scan.JarFactory.newInstance(JarFactory.java:50)
		at org.apache.catalina.startup.ContextConfig.processAnnotationsJar(ContextConfig.java:2178)
		at org.apache.catalina.startup.ContextConfig.processAnnotationsUrl(ContextConfig.java:2161)
		at org.apache.catalina.startup.ContextConfig.scanWebXmlFragment(ContextConfig.java:2070)
		at org.apache.catalina.startup.ContextConfig.processAnnotations(ContextConfig.java:2050)
		at org.apache.catalina.startup.ContextConfig.processClasses(ContextConfig.java:1366)
		at org.apache.catalina.startup.ContextConfig.webConfig(ContextConfig.java:1267)
		at org.apache.catalina.startup.ContextConfig.configureStart(ContextConfig.java:968)
		at org.apache.catalina.startup.ContextConfig.lifecycleEvent(ContextConfig.java:288)
		at org.apache.catalina.util.LifecycleBase.fireLifecycleEvent(LifecycleBase.java:109)
		at org.apache.catalina.core.StandardContext.startInternal(StandardContext.java:4338)
		at org.apache.catalina.util.LifecycleBase.start(LifecycleBase.java:164)
		at org.apache.catalina.core.ContainerBase.addChild(ContainerBase.java:564)
		at org.apache.catalina.core.StandardHost.addChild(StandardHost.java:663)
		at org.apache.catalina.startup.HostConfig.deployWAR(HostConfig.java:923)
		at org.apache.catalina.startup.HostConfig$DeployWar.run(HostConfig.java:1839)
		at java.base/java.util.concurrent.Executors$RunnableAdapter.call(Executors.java:572)
		at java.base/java.util.concurrent.FutureTask.run(FutureTask.java:317)
		at org.apache.tomcat.util.threads.InlineExecutorService.execute(InlineExecutorService.java:81)
		at java.base/java.util.concurrent.AbstractExecutorService.submit(AbstractExecutorService.java:123)
		at org.apache.catalina.startup.HostConfig.deployWARs(HostConfig.java:727)
		at org.apache.catalina.startup.HostConfig.deployApps(HostConfig.java:378)
		at org.apache.catalina.startup.HostConfig.check(HostConfig.java:1628)
		at org.apache.catalina.startup.HostConfig.lifecycleEvent(HostConfig.java:260)
		at org.apache.catalina.util.LifecycleBase.fireLifecycleEvent(LifecycleBase.java:109)
		at org.apache.catalina.core.ContainerBase.backgroundProcess(ContainerBase.java:938)
		at org.apache.catalina.core.ContainerBase$ContainerBackgroundProcessor.processChildren(ContainerBase.java:1137)
		at org.apache.catalina.core.ContainerBase$ContainerBackgroundProcessor.processChildren(ContainerBase.java:1141)
		at org.apache.catalina.core.ContainerBase$ContainerBackgroundProcessor.run(ContainerBase.java:1119)
		at java.base/java.util.concurrent.Executors$RunnableAdapter.call(Executors.java:572)
		at java.base/java.util.concurrent.FutureTask.runAndReset(FutureTask.java:358)
		at java.base/java.util.concurrent.ScheduledThreadPoolExecutor$ScheduledFutureTask.run(ScheduledThreadPoolExecutor.java:305)
		at java.base/java.util.concurrent.ThreadPoolExecutor.runWorker(ThreadPoolExecutor.java:1144)
		at java.base/java.util.concurrent.ThreadPoolExecutor$Worker.run(ThreadPoolExecutor.java:642)
		at org.apache.tomcat.util.threads.TaskThread$WrappingRunnable.run(TaskThread.java:57)
		at java.base/java.lang.Thread.run(Thread.java:1583)
04-Jul-2026 23:05:00.141 SEVERE [Catalina-utility-1] org.apache.catalina.startup.ContextConfig.processAnnotationsJar Unable to process Jar [file:/usr/local/tomcat/webapps/lpu-reservation-system-0.0.1-SNAPSHOT/WEB-INF/lib/webp-imageio-0.1.6.jar] for annotations
	java.nio.file.NoSuchFileException: /usr/local/tomcat/webapps/lpu-reservation-system-0.0.1-SNAPSHOT/WEB-INF/lib/webp-imageio-0.1.6.jar
		at java.base/sun.nio.fs.UnixException.translateToIOException(UnixException.java:92)
		at java.base/sun.nio.fs.UnixException.rethrowAsIOException(UnixException.java:106)
		at java.base/sun.nio.fs.UnixException.rethrowAsIOException(UnixException.java:111)
		at java.base/sun.nio.fs.UnixFileAttributeViews$Basic.readAttributes(UnixFileAttributeViews.java:55)
		at java.base/sun.nio.fs.UnixFileSystemProvider.readAttributes(UnixFileSystemProvider.java:171)
		at java.base/sun.nio.fs.LinuxFileSystemProvider.readAttributes(LinuxFileSystemProvider.java:99)
		at java.base/java.nio.file.Files.readAttributes(Files.java:1854)
		at java.base/java.util.zip.ZipFile$Source.get(ZipFile.java:1445)
		at java.base/java.util.zip.ZipFile$CleanableResource.<init>(ZipFile.java:724)
		at java.base/java.util.zip.ZipFile.<init>(ZipFile.java:251)
		at java.base/java.util.zip.ZipFile.<init>(ZipFile.java:180)
		at java.base/java.util.jar.JarFile.<init>(JarFile.java:345)
		at org.apache.tomcat.util.scan.JarFileUrlJar.<init>(JarFileUrlJar.java:64)
		at org.apache.tomcat.util.scan.JarFactory.newInstance(JarFactory.java:50)
		at org.apache.catalina.startup.ContextConfig.processAnnotationsJar(ContextConfig.java:2178)
		at org.apache.catalina.startup.ContextConfig.processAnnotationsUrl(ContextConfig.java:2161)
		at org.apache.catalina.startup.ContextConfig.scanWebXmlFragment(ContextConfig.java:2070)
		at org.apache.catalina.startup.ContextConfig.processAnnotations(ContextConfig.java:2050)
		at org.apache.catalina.startup.ContextConfig.processClasses(ContextConfig.java:1366)
		at org.apache.catalina.startup.ContextConfig.webConfig(ContextConfig.java:1267)
		at org.apache.catalina.startup.ContextConfig.configureStart(ContextConfig.java:968)
		at org.apache.catalina.startup.ContextConfig.lifecycleEvent(ContextConfig.java:288)
		at org.apache.catalina.util.LifecycleBase.fireLifecycleEvent(LifecycleBase.java:109)
		at org.apache.catalina.core.StandardContext.startInternal(StandardContext.java:4338)
		at org.apache.catalina.util.LifecycleBase.start(LifecycleBase.java:164)
		at org.apache.catalina.core.ContainerBase.addChild(ContainerBase.java:564)
		at org.apache.catalina.core.StandardHost.addChild(StandardHost.java:663)
		at org.apache.catalina.startup.HostConfig.deployWAR(HostConfig.java:923)
		at org.apache.catalina.startup.HostConfig$DeployWar.run(HostConfig.java:1839)
		at java.base/java.util.concurrent.Executors$RunnableAdapter.call(Executors.java:572)
		at java.base/java.util.concurrent.FutureTask.run(FutureTask.java:317)
		at org.apache.tomcat.util.threads.InlineExecutorService.execute(InlineExecutorService.java:81)
		at java.base/java.util.concurrent.AbstractExecutorService.submit(AbstractExecutorService.java:123)
		at org.apache.catalina.startup.HostConfig.deployWARs(HostConfig.java:727)
		at org.apache.catalina.startup.HostConfig.deployApps(HostConfig.java:378)
		at org.apache.catalina.startup.HostConfig.check(HostConfig.java:1628)
		at org.apache.catalina.startup.HostConfig.lifecycleEvent(HostConfig.java:260)
		at org.apache.catalina.util.LifecycleBase.fireLifecycleEvent(LifecycleBase.java:109)
		at org.apache.catalina.core.ContainerBase.backgroundProcess(ContainerBase.java:938)
		at org.apache.catalina.core.ContainerBase$ContainerBackgroundProcessor.processChildren(ContainerBase.java:1137)
		at org.apache.catalina.core.ContainerBase$ContainerBackgroundProcessor.processChildren(ContainerBase.java:1141)
		at org.apache.catalina.core.ContainerBase$ContainerBackgroundProcessor.run(ContainerBase.java:1119)
		at java.base/java.util.concurrent.Executors$RunnableAdapter.call(Executors.java:572)
		at java.base/java.util.concurrent.FutureTask.runAndReset(FutureTask.java:358)
		at java.base/java.util.concurrent.ScheduledThreadPoolExecutor$ScheduledFutureTask.run(ScheduledThreadPoolExecutor.java:305)
		at java.base/java.util.concurrent.ThreadPoolExecutor.runWorker(ThreadPoolExecutor.java:1144)
		at java.base/java.util.concurrent.ThreadPoolExecutor$Worker.run(ThreadPoolExecutor.java:642)
		at org.apache.tomcat.util.threads.TaskThread$WrappingRunnable.run(TaskThread.java:57)
		at java.base/java.lang.Thread.run(Thread.java:1583)
04-Jul-2026 23:05:00.144 SEVERE [Catalina-utility-1] org.apache.catalina.startup.ContextConfig.processAnnotationsJar Unable to process Jar [file:/usr/local/tomcat/webapps/lpu-reservation-system-0.0.1-SNAPSHOT/WEB-INF/lib/angus-activation-2.0.2.jar] for annotations
	java.nio.file.NoSuchFileException: /usr/local/tomcat/webapps/lpu-reservation-system-0.0.1-SNAPSHOT/WEB-INF/lib/angus-activation-2.0.2.jar
		at java.base/sun.nio.fs.UnixException.translateToIOException(UnixException.java:92)
		at java.base/sun.nio.fs.UnixException.rethrowAsIOException(UnixException.java:106)
		at java.base/sun.nio.fs.UnixException.rethrowAsIOException(UnixException.java:111)
		at java.base/sun.nio.fs.UnixFileAttributeViews$Basic.readAttributes(UnixFileAttributeViews.java:55)
		at java.base/sun.nio.fs.UnixFileSystemProvider.readAttributes(UnixFileSystemProvider.java:171)
		at java.base/sun.nio.fs.LinuxFileSystemProvider.readAttributes(LinuxFileSystemProvider.java:99)
		at java.base/java.nio.file.Files.readAttributes(Files.java:1854)
		at java.base/java.util.zip.ZipFile$Source.get(ZipFile.java:1445)
		at java.base/java.util.zip.ZipFile$CleanableResource.<init>(ZipFile.java:724)
		at java.base/java.util.zip.ZipFile.<init>(ZipFile.java:251)
		at java.base/java.util.zip.ZipFile.<init>(ZipFile.java:180)
		at java.base/java.util.jar.JarFile.<init>(JarFile.java:345)
		at org.apache.tomcat.util.scan.JarFileUrlJar.<init>(JarFileUrlJar.java:64)
		at org.apache.tomcat.util.scan.JarFactory.newInstance(JarFactory.java:50)
		at org.apache.catalina.startup.ContextConfig.processAnnotationsJar(ContextConfig.java:2178)
		at org.apache.catalina.startup.ContextConfig.processAnnotationsUrl(ContextConfig.java:2161)
		at org.apache.catalina.startup.ContextConfig.scanWebXmlFragment(ContextConfig.java:2070)
		at org.apache.catalina.startup.ContextConfig.processAnnotations(ContextConfig.java:2050)
		at org.apache.catalina.startup.ContextConfig.processClasses(ContextConfig.java:1366)
		at org.apache.catalina.startup.ContextConfig.webConfig(ContextConfig.java:1267)
		at org.apache.catalina.startup.ContextConfig.configureStart(ContextConfig.java:968)
		at org.apache.catalina.startup.ContextConfig.lifecycleEvent(ContextConfig.java:288)
		at org.apache.catalina.util.LifecycleBase.fireLifecycleEvent(LifecycleBase.java:109)
		at org.apache.catalina.core.StandardContext.startInternal(StandardContext.java:4338)
		at org.apache.catalina.util.LifecycleBase.start(LifecycleBase.java:164)
		at org.apache.catalina.core.ContainerBase.addChild(ContainerBase.java:564)
		at org.apache.catalina.core.StandardHost.addChild(StandardHost.java:663)
		at org.apache.catalina.startup.HostConfig.deployWAR(HostConfig.java:923)
		at org.apache.catalina.startup.HostConfig$DeployWar.run(HostConfig.java:1839)
		at java.base/java.util.concurrent.Executors$RunnableAdapter.call(Executors.java:572)
		at java.base/java.util.concurrent.FutureTask.run(FutureTask.java:317)
		at org.apache.tomcat.util.threads.InlineExecutorService.execute(InlineExecutorService.java:81)
		at java.base/java.util.concurrent.AbstractExecutorService.submit(AbstractExecutorService.java:123)
		at org.apache.catalina.startup.HostConfig.deployWARs(HostConfig.java:727)
		at org.apache.catalina.startup.HostConfig.deployApps(HostConfig.java:378)
		at org.apache.catalina.startup.HostConfig.check(HostConfig.java:1628)
		at org.apache.catalina.startup.HostConfig.lifecycleEvent(HostConfig.java:260)
		at org.apache.catalina.util.LifecycleBase.fireLifecycleEvent(LifecycleBase.java:109)
		at org.apache.catalina.core.ContainerBase.backgroundProcess(ContainerBase.java:938)
		at org.apache.catalina.core.ContainerBase$ContainerBackgroundProcessor.processChildren(ContainerBase.java:1137)
		at org.apache.catalina.core.ContainerBase$ContainerBackgroundProcessor.processChildren(ContainerBase.java:1141)
		at org.apache.catalina.core.ContainerBase$ContainerBackgroundProcessor.run(ContainerBase.java:1119)
		at java.base/java.util.concurrent.Executors$RunnableAdapter.call(Executors.java:572)
		at java.base/java.util.concurrent.FutureTask.runAndReset(FutureTask.java:358)
		at java.base/java.util.concurrent.ScheduledThreadPoolExecutor$ScheduledFutureTask.run(ScheduledThreadPoolExecutor.java:305)
		at java.base/java.util.concurrent.ThreadPoolExecutor.runWorker(ThreadPoolExecutor.java:1144)
		at java.base/java.util.concurrent.ThreadPoolExecutor$Worker.run(ThreadPoolExecutor.java:642)
		at org.apache.tomcat.util.threads.TaskThread$WrappingRunnable.run(TaskThread.java:57)
		at java.base/java.lang.Thread.run(Thread.java:1583)
04-Jul-2026 23:05:00.148 SEVERE [Catalina-utility-1] org.apache.catalina.startup.ContextConfig.processAnnotationsJar Unable to process Jar [file:/usr/local/tomcat/webapps/lpu-reservation-system-0.0.1-SNAPSHOT/WEB-INF/lib/spring-security-web-6.3.1.jar] for annotations
	java.nio.file.NoSuchFileException: /usr/local/tomcat/webapps/lpu-reservation-system-0.0.1-SNAPSHOT/WEB-INF/lib/spring-security-web-6.3.1.jar
		at java.base/sun.nio.fs.UnixException.translateToIOException(UnixException.java:92)
		at java.base/sun.nio.fs.UnixException.rethrowAsIOException(UnixException.java:106)
		at java.base/sun.nio.fs.UnixException.rethrowAsIOException(UnixException.java:111)
		at java.base/sun.nio.fs.UnixFileAttributeViews$Basic.readAttributes(UnixFileAttributeViews.java:55)
		at java.base/sun.nio.fs.UnixFileSystemProvider.readAttributes(UnixFileSystemProvider.java:171)
		at java.base/sun.nio.fs.LinuxFileSystemProvider.readAttributes(LinuxFileSystemProvider.java:99)
		at java.base/java.nio.file.Files.readAttributes(Files.java:1854)
		at java.base/java.util.zip.ZipFile$Source.get(ZipFile.java:1445)
		at java.base/java.util.zip.ZipFile$CleanableResource.<init>(ZipFile.java:724)
		at java.base/java.util.zip.ZipFile.<init>(ZipFile.java:251)
		at java.base/java.util.zip.ZipFile.<init>(ZipFile.java:180)
		at java.base/java.util.jar.JarFile.<init>(JarFile.java:345)
		at org.apache.tomcat.util.scan.JarFileUrlJar.<init>(JarFileUrlJar.java:64)
		at org.apache.tomcat.util.scan.JarFactory.newInstance(JarFactory.java:50)
		at org.apache.catalina.startup.ContextConfig.processAnnotationsJar(ContextConfig.java:2178)
		at org.apache.catalina.startup.ContextConfig.processAnnotationsUrl(ContextConfig.java:2161)
		at org.apache.catalina.startup.ContextConfig.scanWebXmlFragment(ContextConfig.java:2070)
		at org.apache.catalina.startup.ContextConfig.processAnnotations(ContextConfig.java:2050)
		at org.apache.catalina.startup.ContextConfig.processClasses(ContextConfig.java:1366)
		at org.apache.catalina.startup.ContextConfig.webConfig(ContextConfig.java:1267)
		at org.apache.catalina.startup.ContextConfig.configureStart(ContextConfig.java:968)
		at org.apache.catalina.startup.ContextConfig.lifecycleEvent(ContextConfig.java:288)
		at org.apache.catalina.util.LifecycleBase.fireLifecycleEvent(LifecycleBase.java:109)
		at org.apache.catalina.core.StandardContext.startInternal(StandardContext.java:4338)
		at org.apache.catalina.util.LifecycleBase.start(LifecycleBase.java:164)
		at org.apache.catalina.core.ContainerBase.addChild(ContainerBase.java:564)
		at org.apache.catalina.core.StandardHost.addChild(StandardHost.java:663)
		at org.apache.catalina.startup.HostConfig.deployWAR(HostConfig.java:923)
		at org.apache.catalina.startup.HostConfig$DeployWar.run(HostConfig.java:1839)
		at java.base/java.util.concurrent.Executors$RunnableAdapter.call(Executors.java:572)
		at java.base/java.util.concurrent.FutureTask.run(FutureTask.java:317)
		at org.apache.tomcat.util.threads.InlineExecutorService.execute(InlineExecutorService.java:81)
		at java.base/java.util.concurrent.AbstractExecutorService.submit(AbstractExecutorService.java:123)
		at org.apache.catalina.startup.HostConfig.deployWARs(HostConfig.java:727)
		at org.apache.catalina.startup.HostConfig.deployApps(HostConfig.java:378)
		at org.apache.catalina.startup.HostConfig.check(HostConfig.java:1628)
		at org.apache.catalina.startup.HostConfig.lifecycleEvent(HostConfig.java:260)
		at org.apache.catalina.util.LifecycleBase.fireLifecycleEvent(LifecycleBase.java:109)
		at org.apache.catalina.core.ContainerBase.backgroundProcess(ContainerBase.java:938)
		at org.apache.catalina.core.ContainerBase$ContainerBackgroundProcessor.processChildren(ContainerBase.java:1137)
		at org.apache.catalina.core.ContainerBase$ContainerBackgroundProcessor.processChildren(ContainerBase.java:1141)
		at org.apache.catalina.core.ContainerBase$ContainerBackgroundProcessor.run(ContainerBase.java:1119)
		at java.base/java.util.concurrent.Executors$RunnableAdapter.call(Executors.java:572)
		at java.base/java.util.concurrent.FutureTask.runAndReset(FutureTask.java:358)
		at java.base/java.util.concurrent.ScheduledThreadPoolExecutor$ScheduledFutureTask.run(ScheduledThreadPoolExecutor.java:305)
		at java.base/java.util.concurrent.ThreadPoolExecutor.runWorker(ThreadPoolExecutor.java:1144)
		at java.base/java.util.concurrent.ThreadPoolExecutor$Worker.run(ThreadPoolExecutor.java:642)
		at org.apache.tomcat.util.threads.TaskThread$WrappingRunnable.run(TaskThread.java:57)
		at java.base/java.lang.Thread.run(Thread.java:1583)
04-Jul-2026 23:05:00.164 SEVERE [Catalina-utility-1] org.apache.catalina.startup.ContextConfig.processAnnotationsJar Unable to process Jar [file:/usr/local/tomcat/webapps/lpu-reservation-system-0.0.1-SNAPSHOT/WEB-INF/lib/spring-webmvc-7.0.6.jar] for annotations
	java.nio.file.NoSuchFileException: /usr/local/tomcat/webapps/lpu-reservation-system-0.0.1-SNAPSHOT/WEB-INF/lib/spring-webmvc-7.0.6.jar
		at java.base/sun.nio.fs.UnixException.translateToIOException(UnixException.java:92)
		at java.base/sun.nio.fs.UnixException.rethrowAsIOException(UnixException.java:106)
		at java.base/sun.nio.fs.UnixException.rethrowAsIOException(UnixException.java:111)
		at java.base/sun.nio.fs.UnixFileAttributeViews$Basic.readAttributes(UnixFileAttributeViews.java:55)
		at java.base/sun.nio.fs.UnixFileSystemProvider.readAttributes(UnixFileSystemProvider.java:171)
		at java.base/sun.nio.fs.LinuxFileSystemProvider.readAttributes(LinuxFileSystemProvider.java:99)
		at java.base/java.nio.file.Files.readAttributes(Files.java:1854)
		at java.base/java.util.zip.ZipFile$Source.get(ZipFile.java:1445)
		at java.base/java.util.zip.ZipFile$CleanableResource.<init>(ZipFile.java:724)
		at java.base/java.util.zip.ZipFile.<init>(ZipFile.java:251)
		at java.base/java.util.zip.ZipFile.<init>(ZipFile.java:180)
		at java.base/java.util.jar.JarFile.<init>(JarFile.java:345)
		at org.apache.tomcat.util.scan.JarFileUrlJar.<init>(JarFileUrlJar.java:64)
		at org.apache.tomcat.util.scan.JarFactory.newInstance(JarFactory.java:50)
		at org.apache.catalina.startup.ContextConfig.processAnnotationsJar(ContextConfig.java:2178)
		at org.apache.catalina.startup.ContextConfig.processAnnotationsUrl(ContextConfig.java:2161)
		at org.apache.catalina.startup.ContextConfig.scanWebXmlFragment(ContextConfig.java:2070)
		at org.apache.catalina.startup.ContextConfig.processAnnotations(ContextConfig.java:2050)
		at org.apache.catalina.startup.ContextConfig.processClasses(ContextConfig.java:1366)
		at org.apache.catalina.startup.ContextConfig.webConfig(ContextConfig.java:1267)
		at org.apache.catalina.startup.ContextConfig.configureStart(ContextConfig.java:968)
		at org.apache.catalina.startup.ContextConfig.lifecycleEvent(ContextConfig.java:288)
		at org.apache.catalina.util.LifecycleBase.fireLifecycleEvent(LifecycleBase.java:109)
		at org.apache.catalina.core.StandardContext.startInternal(StandardContext.java:4338)
		at org.apache.catalina.util.LifecycleBase.start(LifecycleBase.java:164)
		at org.apache.catalina.core.ContainerBase.addChild(ContainerBase.java:564)
		at org.apache.catalina.core.StandardHost.addChild(StandardHost.java:663)
		at org.apache.catalina.startup.HostConfig.deployWAR(HostConfig.java:923)
		at org.apache.catalina.startup.HostConfig$DeployWar.run(HostConfig.java:1839)
		at java.base/java.util.concurrent.Executors$RunnableAdapter.call(Executors.java:572)
		at java.base/java.util.concurrent.FutureTask.run(FutureTask.java:317)
		at org.apache.tomcat.util.threads.InlineExecutorService.execute(InlineExecutorService.java:81)
		at java.base/java.util.concurrent.AbstractExecutorService.submit(AbstractExecutorService.java:123)
		at org.apache.catalina.startup.HostConfig.deployWARs(HostConfig.java:727)
		at org.apache.catalina.startup.HostConfig.deployApps(HostConfig.java:378)
		at org.apache.catalina.startup.HostConfig.check(HostConfig.java:1628)
		at org.apache.catalina.startup.HostConfig.lifecycleEvent(HostConfig.java:260)
		at org.apache.catalina.util.LifecycleBase.fireLifecycleEvent(LifecycleBase.java:109)
		at org.apache.catalina.core.ContainerBase.backgroundProcess(ContainerBase.java:938)
		at org.apache.catalina.core.ContainerBase$ContainerBackgroundProcessor.processChildren(ContainerBase.java:1137)
		at org.apache.catalina.core.ContainerBase$ContainerBackgroundProcessor.processChildren(ContainerBase.java:1141)
		at org.apache.catalina.core.ContainerBase$ContainerBackgroundProcessor.run(ContainerBase.java:1119)
		at java.base/java.util.concurrent.Executors$RunnableAdapter.call(Executors.java:572)
		at java.base/java.util.concurrent.FutureTask.runAndReset(FutureTask.java:358)
		at java.base/java.util.concurrent.ScheduledThreadPoolExecutor$ScheduledFutureTask.run(ScheduledThreadPoolExecutor.java:305)
		at java.base/java.util.concurrent.ThreadPoolExecutor.runWorker(ThreadPoolExecutor.java:1144)
		at java.base/java.util.concurrent.ThreadPoolExecutor$Worker.run(ThreadPoolExecutor.java:642)
		at org.apache.tomcat.util.threads.TaskThread$WrappingRunnable.run(TaskThread.java:57)
		at java.base/java.lang.Thread.run(Thread.java:1583)
04-Jul-2026 23:05:00.167 SEVERE [Catalina-utility-1] org.apache.catalina.startup.ContextConfig.processAnnotationsJar Unable to process Jar [file:/usr/local/tomcat/webapps/lpu-reservation-system-0.0.1-SNAPSHOT/WEB-INF/lib/spring-aspects-7.0.6.jar] for annotations
	java.nio.file.NoSuchFileException: /usr/local/tomcat/webapps/lpu-reservation-system-0.0.1-SNAPSHOT/WEB-INF/lib/spring-aspects-7.0.6.jar
		at java.base/sun.nio.fs.UnixException.translateToIOException(UnixException.java:92)
		at java.base/sun.nio.fs.UnixException.rethrowAsIOException(UnixException.java:106)
		at java.base/sun.nio.fs.UnixException.rethrowAsIOException(UnixException.java:111)
		at java.base/sun.nio.fs.UnixFileAttributeViews$Basic.readAttributes(UnixFileAttributeViews.java:55)
		at java.base/sun.nio.fs.UnixFileSystemProvider.readAttributes(UnixFileSystemProvider.java:171)
		at java.base/sun.nio.fs.LinuxFileSystemProvider.readAttributes(LinuxFileSystemProvider.java:99)
		at java.base/java.nio.file.Files.readAttributes(Files.java:1854)
		at java.base/java.util.zip.ZipFile$Source.get(ZipFile.java:1445)
		at java.base/java.util.zip.ZipFile$CleanableResource.<init>(ZipFile.java:724)
		at java.base/java.util.zip.ZipFile.<init>(ZipFile.java:251)
		at java.base/java.util.zip.ZipFile.<init>(ZipFile.java:180)
		at java.base/java.util.jar.JarFile.<init>(JarFile.java:345)
		at org.apache.tomcat.util.scan.JarFileUrlJar.<init>(JarFileUrlJar.java:64)
		at org.apache.tomcat.util.scan.JarFactory.newInstance(JarFactory.java:50)
		at org.apache.catalina.startup.ContextConfig.processAnnotationsJar(ContextConfig.java:2178)
		at org.apache.catalina.startup.ContextConfig.processAnnotationsUrl(ContextConfig.java:2161)
		at org.apache.catalina.startup.ContextConfig.scanWebXmlFragment(ContextConfig.java:2070)
		at org.apache.catalina.startup.ContextConfig.processAnnotations(ContextConfig.java:2050)
		at org.apache.catalina.startup.ContextConfig.processClasses(ContextConfig.java:1366)
		at org.apache.catalina.startup.ContextConfig.webConfig(ContextConfig.java:1267)
		at org.apache.catalina.startup.ContextConfig.configureStart(ContextConfig.java:968)
		at org.apache.catalina.startup.ContextConfig.lifecycleEvent(ContextConfig.java:288)
		at org.apache.catalina.util.LifecycleBase.fireLifecycleEvent(LifecycleBase.java:109)
		at org.apache.catalina.core.StandardContext.startInternal(StandardContext.java:4338)
		at org.apache.catalina.util.LifecycleBase.start(LifecycleBase.java:164)
		at org.apache.catalina.core.ContainerBase.addChild(ContainerBase.java:564)
		at org.apache.catalina.core.StandardHost.addChild(StandardHost.java:663)
		at org.apache.catalina.startup.HostConfig.deployWAR(HostConfig.java:923)
		at org.apache.catalina.startup.HostConfig$DeployWar.run(HostConfig.java:1839)
		at java.base/java.util.concurrent.Executors$RunnableAdapter.call(Executors.java:572)
		at java.base/java.util.concurrent.FutureTask.run(FutureTask.java:317)
		at org.apache.tomcat.util.threads.InlineExecutorService.execute(InlineExecutorService.java:81)
		at java.base/java.util.concurrent.AbstractExecutorService.submit(AbstractExecutorService.java:123)
		at org.apache.catalina.startup.HostConfig.deployWARs(HostConfig.java:727)
		at org.apache.catalina.startup.HostConfig.deployApps(HostConfig.java:378)
		at org.apache.catalina.startup.HostConfig.check(HostConfig.java:1628)
		at org.apache.catalina.startup.HostConfig.lifecycleEvent(HostConfig.java:260)
		at org.apache.catalina.util.LifecycleBase.fireLifecycleEvent(LifecycleBase.java:109)
		at org.apache.catalina.core.ContainerBase.backgroundProcess(ContainerBase.java:938)
		at org.apache.catalina.core.ContainerBase$ContainerBackgroundProcessor.processChildren(ContainerBase.java:1137)
		at org.apache.catalina.core.ContainerBase$ContainerBackgroundProcessor.processChildren(ContainerBase.java:1141)
		at org.apache.catalina.core.ContainerBase$ContainerBackgroundProcessor.run(ContainerBase.java:1119)
		at java.base/java.util.concurrent.Executors$RunnableAdapter.call(Executors.java:572)
		at java.base/java.util.concurrent.FutureTask.runAndReset(FutureTask.java:358)
		at java.base/java.util.concurrent.ScheduledThreadPoolExecutor$ScheduledFutureTask.run(ScheduledThreadPoolExecutor.java:305)
		at java.base/java.util.concurrent.ThreadPoolExecutor.runWorker(ThreadPoolExecutor.java:1144)
		at java.base/java.util.concurrent.ThreadPoolExecutor$Worker.run(ThreadPoolExecutor.java:642)
		at org.apache.tomcat.util.threads.TaskThread$WrappingRunnable.run(TaskThread.java:57)
		at java.base/java.lang.Thread.run(Thread.java:1583)
04-Jul-2026 23:05:00.172 SEVERE [Catalina-utility-1] org.apache.catalina.startup.ContextConfig.processAnnotationsJar Unable to process Jar [file:/usr/local/tomcat/webapps/lpu-reservation-system-0.0.1-SNAPSHOT/WEB-INF/lib/jakarta.transaction-api-2.0.1.jar] for annotations
	java.nio.file.NoSuchFileException: /usr/local/tomcat/webapps/lpu-reservation-system-0.0.1-SNAPSHOT/WEB-INF/lib/jakarta.transaction-api-2.0.1.jar
		at java.base/sun.nio.fs.UnixException.translateToIOException(UnixException.java:92)
		at java.base/sun.nio.fs.UnixException.rethrowAsIOException(UnixException.java:106)
		at java.base/sun.nio.fs.UnixException.rethrowAsIOException(UnixException.java:111)
		at java.base/sun.nio.fs.UnixFileAttributeViews$Basic.readAttributes(UnixFileAttributeViews.java:55)
		at java.base/sun.nio.fs.UnixFileSystemProvider.readAttributes(UnixFileSystemProvider.java:171)
		at java.base/sun.nio.fs.LinuxFileSystemProvider.readAttributes(LinuxFileSystemProvider.java:99)
		at java.base/java.nio.file.Files.readAttributes(Files.java:1854)
		at java.base/java.util.zip.ZipFile$Source.get(ZipFile.java:1445)
		at java.base/java.util.zip.ZipFile$CleanableResource.<init>(ZipFile.java:724)
		at java.base/java.util.zip.ZipFile.<init>(ZipFile.java:251)
		at java.base/java.util.zip.ZipFile.<init>(ZipFile.java:180)
		at java.base/java.util.jar.JarFile.<init>(JarFile.java:345)
		at org.apache.tomcat.util.scan.JarFileUrlJar.<init>(JarFileUrlJar.java:64)
		at org.apache.tomcat.util.scan.JarFactory.newInstance(JarFactory.java:50)
		at org.apache.catalina.startup.ContextConfig.processAnnotationsJar(ContextConfig.java:2178)
		at org.apache.catalina.startup.ContextConfig.processAnnotationsUrl(ContextConfig.java:2161)
		at org.apache.catalina.startup.ContextConfig.scanWebXmlFragment(ContextConfig.java:2070)
		at org.apache.catalina.startup.ContextConfig.processAnnotations(ContextConfig.java:2050)
		at org.apache.catalina.startup.ContextConfig.processClasses(ContextConfig.java:1366)
		at org.apache.catalina.startup.ContextConfig.webConfig(ContextConfig.java:1267)
		at org.apache.catalina.startup.ContextConfig.configureStart(ContextConfig.java:968)
		at org.apache.catalina.startup.ContextConfig.lifecycleEvent(ContextConfig.java:288)
		at org.apache.catalina.util.LifecycleBase.fireLifecycleEvent(LifecycleBase.java:109)
		at org.apache.catalina.core.StandardContext.startInternal(StandardContext.java:4338)
		at org.apache.catalina.util.LifecycleBase.start(LifecycleBase.java:164)
		at org.apache.catalina.core.ContainerBase.addChild(ContainerBase.java:564)
		at org.apache.catalina.core.StandardHost.addChild(StandardHost.java:663)
		at org.apache.catalina.startup.HostConfig.deployWAR(HostConfig.java:923)
		at org.apache.catalina.startup.HostConfig$DeployWar.run(HostConfig.java:1839)
		at java.base/java.util.concurrent.Executors$RunnableAdapter.call(Executors.java:572)
		at java.base/java.util.concurrent.FutureTask.run(FutureTask.java:317)
		at org.apache.tomcat.util.threads.InlineExecutorService.execute(InlineExecutorService.java:81)
		at java.base/java.util.concurrent.AbstractExecutorService.submit(AbstractExecutorService.java:123)
		at org.apache.catalina.startup.HostConfig.deployWARs(HostConfig.java:727)
		at org.apache.catalina.startup.HostConfig.deployApps(HostConfig.java:378)
		at org.apache.catalina.startup.HostConfig.check(HostConfig.java:1628)
		at org.apache.catalina.startup.HostConfig.lifecycleEvent(HostConfig.java:260)
		at org.apache.catalina.util.LifecycleBase.fireLifecycleEvent(LifecycleBase.java:109)
		at org.apache.catalina.core.ContainerBase.backgroundProcess(ContainerBase.java:938)
		at org.apache.catalina.core.ContainerBase$ContainerBackgroundProcessor.processChildren(ContainerBase.java:1137)
		at org.apache.catalina.core.ContainerBase$ContainerBackgroundProcessor.processChildren(ContainerBase.java:1141)
		at org.apache.catalina.core.ContainerBase$ContainerBackgroundProcessor.run(ContainerBase.java:1119)
		at java.base/java.util.concurrent.Executors$RunnableAdapter.call(Executors.java:572)
		at java.base/java.util.concurrent.FutureTask.runAndReset(FutureTask.java:358)
		at java.base/java.util.concurrent.ScheduledThreadPoolExecutor$ScheduledFutureTask.run(ScheduledThreadPoolExecutor.java:305)
		at java.base/java.util.concurrent.ThreadPoolExecutor.runWorker(ThreadPoolExecutor.java:1144)
		at java.base/java.util.concurrent.ThreadPoolExecutor$Worker.run(ThreadPoolExecutor.java:642)
		at org.apache.tomcat.util.threads.TaskThread$WrappingRunnable.run(TaskThread.java:57)
		at java.base/java.lang.Thread.run(Thread.java:1583)
04-Jul-2026 23:05:00.173 SEVERE [Catalina-utility-1] org.apache.catalina.startup.ContextConfig.processAnnotationsJar Unable to process Jar [file:/usr/local/tomcat/webapps/lpu-reservation-system-0.0.1-SNAPSHOT/WEB-INF/lib/classmate-1.7.0.jar] for annotations
	java.nio.file.NoSuchFileException: /usr/local/tomcat/webapps/lpu-reservation-system-0.0.1-SNAPSHOT/WEB-INF/lib/classmate-1.7.0.jar
		at java.base/sun.nio.fs.UnixException.translateToIOException(UnixException.java:92)
		at java.base/sun.nio.fs.UnixException.rethrowAsIOException(UnixException.java:106)
		at java.base/sun.nio.fs.UnixException.rethrowAsIOException(UnixException.java:111)
		at java.base/sun.nio.fs.UnixFileAttributeViews$Basic.readAttributes(UnixFileAttributeViews.java:55)
		at java.base/sun.nio.fs.UnixFileSystemProvider.readAttributes(UnixFileSystemProvider.java:171)
		at java.base/sun.nio.fs.LinuxFileSystemProvider.readAttributes(LinuxFileSystemProvider.java:99)
		at java.base/java.nio.file.Files.readAttributes(Files.java:1854)
		at java.base/java.util.zip.ZipFile$Source.get(ZipFile.java:1445)
		at java.base/java.util.zip.ZipFile$CleanableResource.<init>(ZipFile.java:724)
		at java.base/java.util.zip.ZipFile.<init>(ZipFile.java:251)
		at java.base/java.util.zip.ZipFile.<init>(ZipFile.java:180)
		at java.base/java.util.jar.JarFile.<init>(JarFile.java:345)
		at org.apache.tomcat.util.scan.JarFileUrlJar.<init>(JarFileUrlJar.java:64)
		at org.apache.tomcat.util.scan.JarFactory.newInstance(JarFactory.java:50)
		at org.apache.catalina.startup.ContextConfig.processAnnotationsJar(ContextConfig.java:2178)
		at org.apache.catalina.startup.ContextConfig.processAnnotationsUrl(ContextConfig.java:2161)
		at org.apache.catalina.startup.ContextConfig.scanWebXmlFragment(ContextConfig.java:2070)
		at org.apache.catalina.startup.ContextConfig.processAnnotations(ContextConfig.java:2050)
		at org.apache.catalina.startup.ContextConfig.processClasses(ContextConfig.java:1366)
		at org.apache.catalina.startup.ContextConfig.webConfig(ContextConfig.java:1267)
		at org.apache.catalina.startup.ContextConfig.configureStart(ContextConfig.java:968)
		at org.apache.catalina.startup.ContextConfig.lifecycleEvent(ContextConfig.java:288)
		at org.apache.catalina.util.LifecycleBase.fireLifecycleEvent(LifecycleBase.java:109)
		at org.apache.catalina.core.StandardContext.startInternal(StandardContext.java:4338)
		at org.apache.catalina.util.LifecycleBase.start(LifecycleBase.java:164)
		at org.apache.catalina.core.ContainerBase.addChild(ContainerBase.java:564)
		at org.apache.catalina.core.StandardHost.addChild(StandardHost.java:663)
		at org.apache.catalina.startup.HostConfig.deployWAR(HostConfig.java:923)
		at org.apache.catalina.startup.HostConfig$DeployWar.run(HostConfig.java:1839)
		at java.base/java.util.concurrent.Executors$RunnableAdapter.call(Executors.java:572)
		at java.base/java.util.concurrent.FutureTask.run(FutureTask.java:317)
		at org.apache.tomcat.util.threads.InlineExecutorService.execute(InlineExecutorService.java:81)
		at java.base/java.util.concurrent.AbstractExecutorService.submit(AbstractExecutorService.java:123)
		at org.apache.catalina.startup.HostConfig.deployWARs(HostConfig.java:727)
		at org.apache.catalina.startup.HostConfig.deployApps(HostConfig.java:378)
		at org.apache.catalina.startup.HostConfig.check(HostConfig.java:1628)
		at org.apache.catalina.startup.HostConfig.lifecycleEvent(HostConfig.java:260)
		at org.apache.catalina.util.LifecycleBase.fireLifecycleEvent(LifecycleBase.java:109)
		at org.apache.catalina.core.ContainerBase.backgroundProcess(ContainerBase.java:938)
		at org.apache.catalina.core.ContainerBase$ContainerBackgroundProcessor.processChildren(ContainerBase.java:1137)
		at org.apache.catalina.core.ContainerBase$ContainerBackgroundProcessor.processChildren(ContainerBase.java:1141)
		at org.apache.catalina.core.ContainerBase$ContainerBackgroundProcessor.run(ContainerBase.java:1119)
		at java.base/java.util.concurrent.Executors$RunnableAdapter.call(Executors.java:572)
		at java.base/java.util.concurrent.FutureTask.runAndReset(FutureTask.java:358)
		at java.base/java.util.concurrent.ScheduledThreadPoolExecutor$ScheduledFutureTask.run(ScheduledThreadPoolExecutor.java:305)
		at java.base/java.util.concurrent.ThreadPoolExecutor.runWorker(ThreadPoolExecutor.java:1144)
		at java.base/java.util.concurrent.ThreadPoolExecutor$Worker.run(ThreadPoolExecutor.java:642)
		at org.apache.tomcat.util.threads.TaskThread$WrappingRunnable.run(TaskThread.java:57)
		at java.base/java.lang.Thread.run(Thread.java:1583)
04-Jul-2026 23:05:00.176 SEVERE [Catalina-utility-1] org.apache.catalina.startup.ContextConfig.processAnnotationsJar Unable to process Jar [file:/usr/local/tomcat/webapps/lpu-reservation-system-0.0.1-SNAPSHOT/WEB-INF/lib/jboss-logging-3.6.1.Final.jar] for annotations
	java.nio.file.NoSuchFileException: /usr/local/tomcat/webapps/lpu-reservation-system-0.0.1-SNAPSHOT/WEB-INF/lib/jboss-logging-3.6.1.Final.jar
		at java.base/sun.nio.fs.UnixException.translateToIOException(UnixException.java:92)
		at java.base/sun.nio.fs.UnixException.rethrowAsIOException(UnixException.java:106)
		at java.base/sun.nio.fs.UnixException.rethrowAsIOException(UnixException.java:111)
		at java.base/sun.nio.fs.UnixFileAttributeViews$Basic.readAttributes(UnixFileAttributeViews.java:55)
		at java.base/sun.nio.fs.UnixFileSystemProvider.readAttributes(UnixFileSystemProvider.java:171)
		at java.base/sun.nio.fs.LinuxFileSystemProvider.readAttributes(LinuxFileSystemProvider.java:99)
		at java.base/java.nio.file.Files.readAttributes(Files.java:1854)
		at java.base/java.util.zip.ZipFile$Source.get(ZipFile.java:1445)
		at java.base/java.util.zip.ZipFile$CleanableResource.<init>(ZipFile.java:724)
		at java.base/java.util.zip.ZipFile.<init>(ZipFile.java:251)
		at java.base/java.util.zip.ZipFile.<init>(ZipFile.java:180)
		at java.base/java.util.jar.JarFile.<init>(JarFile.java:345)
		at org.apache.tomcat.util.scan.JarFileUrlJar.<init>(JarFileUrlJar.java:64)
		at org.apache.tomcat.util.scan.JarFactory.newInstance(JarFactory.java:50)
		at org.apache.catalina.startup.ContextConfig.processAnnotationsJar(ContextConfig.java:2178)
		at org.apache.catalina.startup.ContextConfig.processAnnotationsUrl(ContextConfig.java:2161)
		at org.apache.catalina.startup.ContextConfig.scanWebXmlFragment(ContextConfig.java:2070)
		at org.apache.catalina.startup.ContextConfig.processAnnotations(ContextConfig.java:2050)
		at org.apache.catalina.startup.ContextConfig.processClasses(ContextConfig.java:1366)
		at org.apache.catalina.startup.ContextConfig.webConfig(ContextConfig.java:1267)
		at org.apache.catalina.startup.ContextConfig.configureStart(ContextConfig.java:968)
		at org.apache.catalina.startup.ContextConfig.lifecycleEvent(ContextConfig.java:288)
		at org.apache.catalina.util.LifecycleBase.fireLifecycleEvent(LifecycleBase.java:109)
		at org.apache.catalina.core.StandardContext.startInternal(StandardContext.java:4338)
		at org.apache.catalina.util.LifecycleBase.start(LifecycleBase.java:164)
		at org.apache.catalina.core.ContainerBase.addChild(ContainerBase.java:564)
		at org.apache.catalina.core.StandardHost.addChild(StandardHost.java:663)
		at org.apache.catalina.startup.HostConfig.deployWAR(HostConfig.java:923)
		at org.apache.catalina.startup.HostConfig$DeployWar.run(HostConfig.java:1839)
		at java.base/java.util.concurrent.Executors$RunnableAdapter.call(Executors.java:572)
		at java.base/java.util.concurrent.FutureTask.run(FutureTask.java:317)
		at org.apache.tomcat.util.threads.InlineExecutorService.execute(InlineExecutorService.java:81)
		at java.base/java.util.concurrent.AbstractExecutorService.submit(AbstractExecutorService.java:123)
		at org.apache.catalina.startup.HostConfig.deployWARs(HostConfig.java:727)
		at org.apache.catalina.startup.HostConfig.deployApps(HostConfig.java:378)
		at org.apache.catalina.startup.HostConfig.check(HostConfig.java:1628)
		at org.apache.catalina.startup.HostConfig.lifecycleEvent(HostConfig.java:260)
		at org.apache.catalina.util.LifecycleBase.fireLifecycleEvent(LifecycleBase.java:109)
		at org.apache.catalina.core.ContainerBase.backgroundProcess(ContainerBase.java:938)
		at org.apache.catalina.core.ContainerBase$ContainerBackgroundProcessor.processChildren(ContainerBase.java:1137)
		at org.apache.catalina.core.ContainerBase$ContainerBackgroundProcessor.processChildren(ContainerBase.java:1141)
		at org.apache.catalina.core.ContainerBase$ContainerBackgroundProcessor.run(ContainerBase.java:1119)
		at java.base/java.util.concurrent.Executors$RunnableAdapter.call(Executors.java:572)
		at java.base/java.util.concurrent.FutureTask.runAndReset(FutureTask.java:358)
		at java.base/java.util.concurrent.ScheduledThreadPoolExecutor$ScheduledFutureTask.run(ScheduledThreadPoolExecutor.java:305)
		at java.base/java.util.concurrent.ThreadPoolExecutor.runWorker(ThreadPoolExecutor.java:1144)
		at java.base/java.util.concurrent.ThreadPoolExecutor$Worker.run(ThreadPoolExecutor.java:642)
		at org.apache.tomcat.util.threads.TaskThread$WrappingRunnable.run(TaskThread.java:57)
		at java.base/java.lang.Thread.run(Thread.java:1583)
04-Jul-2026 23:05:00.181 SEVERE [Catalina-utility-1] org.apache.catalina.startup.ContextConfig.processAnnotationsJar Unable to process Jar [file:/usr/local/tomcat/webapps/lpu-reservation-system-0.0.1-SNAPSHOT/WEB-INF/lib/spring-security-crypto-7.1.0.jar] for annotations
	java.nio.file.NoSuchFileException: /usr/local/tomcat/webapps/lpu-reservation-system-0.0.1-SNAPSHOT/WEB-INF/lib/spring-security-crypto-7.1.0.jar
		at java.base/sun.nio.fs.UnixException.translateToIOException(UnixException.java:92)
		at java.base/sun.nio.fs.UnixException.rethrowAsIOException(UnixException.java:106)
		at java.base/sun.nio.fs.UnixException.rethrowAsIOException(UnixException.java:111)
		at java.base/sun.nio.fs.UnixFileAttributeViews$Basic.readAttributes(UnixFileAttributeViews.java:55)
		at java.base/sun.nio.fs.UnixFileSystemProvider.readAttributes(UnixFileSystemProvider.java:171)
		at java.base/sun.nio.fs.LinuxFileSystemProvider.readAttributes(LinuxFileSystemProvider.java:99)
		at java.base/java.nio.file.Files.readAttributes(Files.java:1854)
		at java.base/java.util.zip.ZipFile$Source.get(ZipFile.java:1445)
		at java.base/java.util.zip.ZipFile$CleanableResource.<init>(ZipFile.java:724)
		at java.base/java.util.zip.ZipFile.<init>(ZipFile.java:251)
		at java.base/java.util.zip.ZipFile.<init>(ZipFile.java:180)
		at java.base/java.util.jar.JarFile.<init>(JarFile.java:345)
		at org.apache.tomcat.util.scan.JarFileUrlJar.<init>(JarFileUrlJar.java:64)
		at org.apache.tomcat.util.scan.JarFactory.newInstance(JarFactory.java:50)
		at org.apache.catalina.startup.ContextConfig.processAnnotationsJar(ContextConfig.java:2178)
		at org.apache.catalina.startup.ContextConfig.processAnnotationsUrl(ContextConfig.java:2161)
		at org.apache.catalina.startup.ContextConfig.scanWebXmlFragment(ContextConfig.java:2070)
		at org.apache.catalina.startup.ContextConfig.processAnnotations(ContextConfig.java:2050)
		at org.apache.catalina.startup.ContextConfig.processClasses(ContextConfig.java:1366)
		at org.apache.catalina.startup.ContextConfig.webConfig(ContextConfig.java:1267)
		at org.apache.catalina.startup.ContextConfig.configureStart(ContextConfig.java:968)
		at org.apache.catalina.startup.ContextConfig.lifecycleEvent(ContextConfig.java:288)
		at org.apache.catalina.util.LifecycleBase.fireLifecycleEvent(LifecycleBase.java:109)
		at org.apache.catalina.core.StandardContext.startInternal(StandardContext.java:4338)
		at org.apache.catalina.util.LifecycleBase.start(LifecycleBase.java:164)
		at org.apache.catalina.core.ContainerBase.addChild(ContainerBase.java:564)
		at org.apache.catalina.core.StandardHost.addChild(StandardHost.java:663)
		at org.apache.catalina.startup.HostConfig.deployWAR(HostConfig.java:923)
		at org.apache.catalina.startup.HostConfig$DeployWar.run(HostConfig.java:1839)
		at java.base/java.util.concurrent.Executors$RunnableAdapter.call(Executors.java:572)
		at java.base/java.util.concurrent.FutureTask.run(FutureTask.java:317)
		at org.apache.tomcat.util.threads.InlineExecutorService.execute(InlineExecutorService.java:81)
		at java.base/java.util.concurrent.AbstractExecutorService.submit(AbstractExecutorService.java:123)
		at org.apache.catalina.startup.HostConfig.deployWARs(HostConfig.java:727)
		at org.apache.catalina.startup.HostConfig.deployApps(HostConfig.java:378)
		at org.apache.catalina.startup.HostConfig.check(HostConfig.java:1628)
		at org.apache.catalina.startup.HostConfig.lifecycleEvent(HostConfig.java:260)
		at org.apache.catalina.util.LifecycleBase.fireLifecycleEvent(LifecycleBase.java:109)
		at org.apache.catalina.core.ContainerBase.backgroundProcess(ContainerBase.java:938)
		at org.apache.catalina.core.ContainerBase$ContainerBackgroundProcessor.processChildren(ContainerBase.java:1137)
		at org.apache.catalina.core.ContainerBase$ContainerBackgroundProcessor.processChildren(ContainerBase.java:1141)
		at org.apache.catalina.core.ContainerBase$ContainerBackgroundProcessor.run(ContainerBase.java:1119)
		at java.base/java.util.concurrent.Executors$RunnableAdapter.call(Executors.java:572)
		at java.base/java.util.concurrent.FutureTask.runAndReset(FutureTask.java:358)
		at java.base/java.util.concurrent.ScheduledThreadPoolExecutor$ScheduledFutureTask.run(ScheduledThreadPoolExecutor.java:305)
		at java.base/java.util.concurrent.ThreadPoolExecutor.runWorker(ThreadPoolExecutor.java:1144)
		at java.base/java.util.concurrent.ThreadPoolExecutor$Worker.run(ThreadPoolExecutor.java:642)
		at org.apache.tomcat.util.threads.TaskThread$WrappingRunnable.run(TaskThread.java:57)
		at java.base/java.lang.Thread.run(Thread.java:1583)
04-Jul-2026 23:05:00.183 SEVERE [Catalina-utility-1] org.apache.catalina.startup.ContextConfig.processAnnotationsJar Unable to process Jar [file:/usr/local/tomcat/webapps/lpu-reservation-system-0.0.1-SNAPSHOT/WEB-INF/lib/spring-security-config-6.3.1.jar] for annotations
	java.nio.file.NoSuchFileException: /usr/local/tomcat/webapps/lpu-reservation-system-0.0.1-SNAPSHOT/WEB-INF/lib/spring-security-config-6.3.1.jar
		at java.base/sun.nio.fs.UnixException.translateToIOException(UnixException.java:92)
		at java.base/sun.nio.fs.UnixException.rethrowAsIOException(UnixException.java:106)
		at java.base/sun.nio.fs.UnixException.rethrowAsIOException(UnixException.java:111)
		at java.base/sun.nio.fs.UnixFileAttributeViews$Basic.readAttributes(UnixFileAttributeViews.java:55)
		at java.base/sun.nio.fs.UnixFileSystemProvider.readAttributes(UnixFileSystemProvider.java:171)
		at java.base/sun.nio.fs.LinuxFileSystemProvider.readAttributes(LinuxFileSystemProvider.java:99)
		at java.base/java.nio.file.Files.readAttributes(Files.java:1854)
		at java.base/java.util.zip.ZipFile$Source.get(ZipFile.java:1445)
		at java.base/java.util.zip.ZipFile$CleanableResource.<init>(ZipFile.java:724)
		at java.base/java.util.zip.ZipFile.<init>(ZipFile.java:251)
		at java.base/java.util.zip.ZipFile.<init>(ZipFile.java:180)
		at java.base/java.util.jar.JarFile.<init>(JarFile.java:345)
		at org.apache.tomcat.util.scan.JarFileUrlJar.<init>(JarFileUrlJar.java:64)
		at org.apache.tomcat.util.scan.JarFactory.newInstance(JarFactory.java:50)
		at org.apache.catalina.startup.ContextConfig.processAnnotationsJar(ContextConfig.java:2178)
		at org.apache.catalina.startup.ContextConfig.processAnnotationsUrl(ContextConfig.java:2161)
		at org.apache.catalina.startup.ContextConfig.scanWebXmlFragment(ContextConfig.java:2070)
		at org.apache.catalina.startup.ContextConfig.processAnnotations(ContextConfig.java:2050)
		at org.apache.catalina.startup.ContextConfig.processClasses(ContextConfig.java:1366)
		at org.apache.catalina.startup.ContextConfig.webConfig(ContextConfig.java:1267)
		at org.apache.catalina.startup.ContextConfig.configureStart(ContextConfig.java:968)
		at org.apache.catalina.startup.ContextConfig.lifecycleEvent(ContextConfig.java:288)
		at org.apache.catalina.util.LifecycleBase.fireLifecycleEvent(LifecycleBase.java:109)
		at org.apache.catalina.core.StandardContext.startInternal(StandardContext.java:4338)
		at org.apache.catalina.util.LifecycleBase.start(LifecycleBase.java:164)
		at org.apache.catalina.core.ContainerBase.addChild(ContainerBase.java:564)
		at org.apache.catalina.core.StandardHost.addChild(StandardHost.java:663)
		at org.apache.catalina.startup.HostConfig.deployWAR(HostConfig.java:923)
		at org.apache.catalina.startup.HostConfig$DeployWar.run(HostConfig.java:1839)
		at java.base/java.util.concurrent.Executors$RunnableAdapter.call(Executors.java:572)
		at java.base/java.util.concurrent.FutureTask.run(FutureTask.java:317)
		at org.apache.tomcat.util.threads.InlineExecutorService.execute(InlineExecutorService.java:81)
		at java.base/java.util.concurrent.AbstractExecutorService.submit(AbstractExecutorService.java:123)
		at org.apache.catalina.startup.HostConfig.deployWARs(HostConfig.java:727)
		at org.apache.catalina.startup.HostConfig.deployApps(HostConfig.java:378)
		at org.apache.catalina.startup.HostConfig.check(HostConfig.java:1628)
		at org.apache.catalina.startup.HostConfig.lifecycleEvent(HostConfig.java:260)
		at org.apache.catalina.util.LifecycleBase.fireLifecycleEvent(LifecycleBase.java:109)
		at org.apache.catalina.core.ContainerBase.backgroundProcess(ContainerBase.java:938)
		at org.apache.catalina.core.ContainerBase$ContainerBackgroundProcessor.processChildren(ContainerBase.java:1137)
		at org.apache.catalina.core.ContainerBase$ContainerBackgroundProcessor.processChildren(ContainerBase.java:1141)
		at org.apache.catalina.core.ContainerBase$ContainerBackgroundProcessor.run(ContainerBase.java:1119)
		at java.base/java.util.concurrent.Executors$RunnableAdapter.call(Executors.java:572)
		at java.base/java.util.concurrent.FutureTask.runAndReset(FutureTask.java:358)
		at java.base/java.util.concurrent.ScheduledThreadPoolExecutor$ScheduledFutureTask.run(ScheduledThreadPoolExecutor.java:305)
		at java.base/java.util.concurrent.ThreadPoolExecutor.runWorker(ThreadPoolExecutor.java:1144)
		at java.base/java.util.concurrent.ThreadPoolExecutor$Worker.run(ThreadPoolExecutor.java:642)
		at org.apache.tomcat.util.threads.TaskThread$WrappingRunnable.run(TaskThread.java:57)
		at java.base/java.lang.Thread.run(Thread.java:1583)
04-Jul-2026 23:05:00.187 SEVERE [Catalina-utility-1] org.apache.catalina.startup.ContextConfig.processAnnotationsJar Unable to process Jar [file:/usr/local/tomcat/webapps/lpu-reservation-system-0.0.1-SNAPSHOT/WEB-INF/lib/ehcache-3.11.1-jakarta.jar] for annotations
	java.nio.file.NoSuchFileException: /usr/local/tomcat/webapps/lpu-reservation-system-0.0.1-SNAPSHOT/WEB-INF/lib/ehcache-3.11.1-jakarta.jar
		at java.base/sun.nio.fs.UnixException.translateToIOException(UnixException.java:92)
		at java.base/sun.nio.fs.UnixException.rethrowAsIOException(UnixException.java:106)
		at java.base/sun.nio.fs.UnixException.rethrowAsIOException(UnixException.java:111)
		at java.base/sun.nio.fs.UnixFileAttributeViews$Basic.readAttributes(UnixFileAttributeViews.java:55)
		at java.base/sun.nio.fs.UnixFileSystemProvider.readAttributes(UnixFileSystemProvider.java:171)
		at java.base/sun.nio.fs.LinuxFileSystemProvider.readAttributes(LinuxFileSystemProvider.java:99)
		at java.base/java.nio.file.Files.readAttributes(Files.java:1854)
		at java.base/java.util.zip.ZipFile$Source.get(ZipFile.java:1445)
		at java.base/java.util.zip.ZipFile$CleanableResource.<init>(ZipFile.java:724)
		at java.base/java.util.zip.ZipFile.<init>(ZipFile.java:251)
		at java.base/java.util.zip.ZipFile.<init>(ZipFile.java:180)
		at java.base/java.util.jar.JarFile.<init>(JarFile.java:345)
		at org.apache.tomcat.util.scan.JarFileUrlJar.<init>(JarFileUrlJar.java:64)
		at org.apache.tomcat.util.scan.JarFactory.newInstance(JarFactory.java:50)
		at org.apache.catalina.startup.ContextConfig.processAnnotationsJar(ContextConfig.java:2178)
		at org.apache.catalina.startup.ContextConfig.processAnnotationsUrl(ContextConfig.java:2161)
		at org.apache.catalina.startup.ContextConfig.scanWebXmlFragment(ContextConfig.java:2070)
		at org.apache.catalina.startup.ContextConfig.processAnnotations(ContextConfig.java:2050)
		at org.apache.catalina.startup.ContextConfig.processClasses(ContextConfig.java:1366)
		at org.apache.catalina.startup.ContextConfig.webConfig(ContextConfig.java:1267)
		at org.apache.catalina.startup.ContextConfig.configureStart(ContextConfig.java:968)
		at org.apache.catalina.startup.ContextConfig.lifecycleEvent(ContextConfig.java:288)
		at org.apache.catalina.util.LifecycleBase.fireLifecycleEvent(LifecycleBase.java:109)
		at org.apache.catalina.core.StandardContext.startInternal(StandardContext.java:4338)
		at org.apache.catalina.util.LifecycleBase.start(LifecycleBase.java:164)
		at org.apache.catalina.core.ContainerBase.addChild(ContainerBase.java:564)
		at org.apache.catalina.core.StandardHost.addChild(StandardHost.java:663)
		at org.apache.catalina.startup.HostConfig.deployWAR(HostConfig.java:923)
		at org.apache.catalina.startup.HostConfig$DeployWar.run(HostConfig.java:1839)
		at java.base/java.util.concurrent.Executors$RunnableAdapter.call(Executors.java:572)
		at java.base/java.util.concurrent.FutureTask.run(FutureTask.java:317)
		at org.apache.tomcat.util.threads.InlineExecutorService.execute(InlineExecutorService.java:81)
		at java.base/java.util.concurrent.AbstractExecutorService.submit(AbstractExecutorService.java:123)
		at org.apache.catalina.startup.HostConfig.deployWARs(HostConfig.java:727)
		at org.apache.catalina.startup.HostConfig.deployApps(HostConfig.java:378)
		at org.apache.catalina.startup.HostConfig.check(HostConfig.java:1628)
		at org.apache.catalina.startup.HostConfig.lifecycleEvent(HostConfig.java:260)
		at org.apache.catalina.util.LifecycleBase.fireLifecycleEvent(LifecycleBase.java:109)
		at org.apache.catalina.core.ContainerBase.backgroundProcess(ContainerBase.java:938)
		at org.apache.catalina.core.ContainerBase$ContainerBackgroundProcessor.processChildren(ContainerBase.java:1137)
		at org.apache.catalina.core.ContainerBase$ContainerBackgroundProcessor.processChildren(ContainerBase.java:1141)
		at org.apache.catalina.core.ContainerBase$ContainerBackgroundProcessor.run(ContainerBase.java:1119)
		at java.base/java.util.concurrent.Executors$RunnableAdapter.call(Executors.java:572)
		at java.base/java.util.concurrent.FutureTask.runAndReset(FutureTask.java:358)
		at java.base/java.util.concurrent.ScheduledThreadPoolExecutor$ScheduledFutureTask.run(ScheduledThreadPoolExecutor.java:305)
		at java.base/java.util.concurrent.ThreadPoolExecutor.runWorker(ThreadPoolExecutor.java:1144)
		at java.base/java.util.concurrent.ThreadPoolExecutor$Worker.run(ThreadPoolExecutor.java:642)
		at org.apache.tomcat.util.threads.TaskThread$WrappingRunnable.run(TaskThread.java:57)
		at java.base/java.lang.Thread.run(Thread.java:1583)
04-Jul-2026 23:05:00.189 SEVERE [Catalina-utility-1] org.apache.catalina.startup.ContextConfig.processAnnotationsJar Unable to process Jar [file:/usr/local/tomcat/webapps/lpu-reservation-system-0.0.1-SNAPSHOT/WEB-INF/lib/jjwt-api-0.11.5.jar] for annotations
	java.nio.file.NoSuchFileException: /usr/local/tomcat/webapps/lpu-reservation-system-0.0.1-SNAPSHOT/WEB-INF/lib/jjwt-api-0.11.5.jar
		at java.base/sun.nio.fs.UnixException.translateToIOException(UnixException.java:92)
		at java.base/sun.nio.fs.UnixException.rethrowAsIOException(UnixException.java:106)
		at java.base/sun.nio.fs.UnixException.rethrowAsIOException(UnixException.java:111)
		at java.base/sun.nio.fs.UnixFileAttributeViews$Basic.readAttributes(UnixFileAttributeViews.java:55)
		at java.base/sun.nio.fs.UnixFileSystemProvider.readAttributes(UnixFileSystemProvider.java:171)
		at java.base/sun.nio.fs.LinuxFileSystemProvider.readAttributes(LinuxFileSystemProvider.java:99)
		at java.base/java.nio.file.Files.readAttributes(Files.java:1854)
		at java.base/java.util.zip.ZipFile$Source.get(ZipFile.java:1445)
		at java.base/java.util.zip.ZipFile$CleanableResource.<init>(ZipFile.java:724)
		at java.base/java.util.zip.ZipFile.<init>(ZipFile.java:251)
		at java.base/java.util.zip.ZipFile.<init>(ZipFile.java:180)
		at java.base/java.util.jar.JarFile.<init>(JarFile.java:345)
		at org.apache.tomcat.util.scan.JarFileUrlJar.<init>(JarFileUrlJar.java:64)
		at org.apache.tomcat.util.scan.JarFactory.newInstance(JarFactory.java:50)
		at org.apache.catalina.startup.ContextConfig.processAnnotationsJar(ContextConfig.java:2178)
		at org.apache.catalina.startup.ContextConfig.processAnnotationsUrl(ContextConfig.java:2161)
		at org.apache.catalina.startup.ContextConfig.scanWebXmlFragment(ContextConfig.java:2070)
		at org.apache.catalina.startup.ContextConfig.processAnnotations(ContextConfig.java:2050)
		at org.apache.catalina.startup.ContextConfig.processClasses(ContextConfig.java:1366)
		at org.apache.catalina.startup.ContextConfig.webConfig(ContextConfig.java:1267)
		at org.apache.catalina.startup.ContextConfig.configureStart(ContextConfig.java:968)
		at org.apache.catalina.startup.ContextConfig.lifecycleEvent(ContextConfig.java:288)
		at org.apache.catalina.util.LifecycleBase.fireLifecycleEvent(LifecycleBase.java:109)
		at org.apache.catalina.core.StandardContext.startInternal(StandardContext.java:4338)
		at org.apache.catalina.util.LifecycleBase.start(LifecycleBase.java:164)
		at org.apache.catalina.core.ContainerBase.addChild(ContainerBase.java:564)
		at org.apache.catalina.core.StandardHost.addChild(StandardHost.java:663)
		at org.apache.catalina.startup.HostConfig.deployWAR(HostConfig.java:923)
		at org.apache.catalina.startup.HostConfig$DeployWar.run(HostConfig.java:1839)
		at java.base/java.util.concurrent.Executors$RunnableAdapter.call(Executors.java:572)
		at java.base/java.util.concurrent.FutureTask.run(FutureTask.java:317)
		at org.apache.tomcat.util.threads.InlineExecutorService.execute(InlineExecutorService.java:81)
		at java.base/java.util.concurrent.AbstractExecutorService.submit(AbstractExecutorService.java:123)
		at org.apache.catalina.startup.HostConfig.deployWARs(HostConfig.java:727)
		at org.apache.catalina.startup.HostConfig.deployApps(HostConfig.java:378)
		at org.apache.catalina.startup.HostConfig.check(HostConfig.java:1628)
		at org.apache.catalina.startup.HostConfig.lifecycleEvent(HostConfig.java:260)
		at org.apache.catalina.util.LifecycleBase.fireLifecycleEvent(LifecycleBase.java:109)
		at org.apache.catalina.core.ContainerBase.backgroundProcess(ContainerBase.java:938)
		at org.apache.catalina.core.ContainerBase$ContainerBackgroundProcessor.processChildren(ContainerBase.java:1137)
		at org.apache.catalina.core.ContainerBase$ContainerBackgroundProcessor.processChildren(ContainerBase.java:1141)
		at org.apache.catalina.core.ContainerBase$ContainerBackgroundProcessor.run(ContainerBase.java:1119)
		at java.base/java.util.concurrent.Executors$RunnableAdapter.call(Executors.java:572)
		at java.base/java.util.concurrent.FutureTask.runAndReset(FutureTask.java:358)
		at java.base/java.util.concurrent.ScheduledThreadPoolExecutor$ScheduledFutureTask.run(ScheduledThreadPoolExecutor.java:305)
		at java.base/java.util.concurrent.ThreadPoolExecutor.runWorker(ThreadPoolExecutor.java:1144)
		at java.base/java.util.concurrent.ThreadPoolExecutor$Worker.run(ThreadPoolExecutor.java:642)
		at org.apache.tomcat.util.threads.TaskThread$WrappingRunnable.run(TaskThread.java:57)
		at java.base/java.lang.Thread.run(Thread.java:1583)
04-Jul-2026 23:05:00.189 SEVERE [Catalina-utility-1] org.apache.catalina.startup.ContextConfig.processAnnotationsJar Unable to process Jar [file:/usr/local/tomcat/webapps/lpu-reservation-system-0.0.1-SNAPSHOT/WEB-INF/lib/jakarta.servlet.jsp.jstl-api-3.0.2.jar] for annotations
	java.nio.file.NoSuchFileException: /usr/local/tomcat/webapps/lpu-reservation-system-0.0.1-SNAPSHOT/WEB-INF/lib/jakarta.servlet.jsp.jstl-api-3.0.2.jar
		at java.base/sun.nio.fs.UnixException.translateToIOException(UnixException.java:92)
		at java.base/sun.nio.fs.UnixException.rethrowAsIOException(UnixException.java:106)
		at java.base/sun.nio.fs.UnixException.rethrowAsIOException(UnixException.java:111)
		at java.base/sun.nio.fs.UnixFileAttributeViews$Basic.readAttributes(UnixFileAttributeViews.java:55)
		at java.base/sun.nio.fs.UnixFileSystemProvider.readAttributes(UnixFileSystemProvider.java:171)
		at java.base/sun.nio.fs.LinuxFileSystemProvider.readAttributes(LinuxFileSystemProvider.java:99)
		at java.base/java.nio.file.Files.readAttributes(Files.java:1854)
		at java.base/java.util.zip.ZipFile$Source.get(ZipFile.java:1445)
		at java.base/java.util.zip.ZipFile$CleanableResource.<init>(ZipFile.java:724)
		at java.base/java.util.zip.ZipFile.<init>(ZipFile.java:251)
		at java.base/java.util.zip.ZipFile.<init>(ZipFile.java:180)
		at java.base/java.util.jar.JarFile.<init>(JarFile.java:345)
		at org.apache.tomcat.util.scan.JarFileUrlJar.<init>(JarFileUrlJar.java:64)
		at org.apache.tomcat.util.scan.JarFactory.newInstance(JarFactory.java:50)
		at org.apache.catalina.startup.ContextConfig.processAnnotationsJar(ContextConfig.java:2178)
		at org.apache.catalina.startup.ContextConfig.processAnnotationsUrl(ContextConfig.java:2161)
		at org.apache.catalina.startup.ContextConfig.scanWebXmlFragment(ContextConfig.java:2070)
		at org.apache.catalina.startup.ContextConfig.processAnnotations(ContextConfig.java:2050)
		at org.apache.catalina.startup.ContextConfig.processClasses(ContextConfig.java:1366)
		at org.apache.catalina.startup.ContextConfig.webConfig(ContextConfig.java:1267)
		at org.apache.catalina.startup.ContextConfig.configureStart(ContextConfig.java:968)
		at org.apache.catalina.startup.ContextConfig.lifecycleEvent(ContextConfig.java:288)
		at org.apache.catalina.util.LifecycleBase.fireLifecycleEvent(LifecycleBase.java:109)
		at org.apache.catalina.core.StandardContext.startInternal(StandardContext.java:4338)
		at org.apache.catalina.util.LifecycleBase.start(LifecycleBase.java:164)
		at org.apache.catalina.core.ContainerBase.addChild(ContainerBase.java:564)
		at org.apache.catalina.core.StandardHost.addChild(StandardHost.java:663)
		at org.apache.catalina.startup.HostConfig.deployWAR(HostConfig.java:923)
		at org.apache.catalina.startup.HostConfig$DeployWar.run(HostConfig.java:1839)
		at java.base/java.util.concurrent.Executors$RunnableAdapter.call(Executors.java:572)
		at java.base/java.util.concurrent.FutureTask.run(FutureTask.java:317)
		at org.apache.tomcat.util.threads.InlineExecutorService.execute(InlineExecutorService.java:81)
		at java.base/java.util.concurrent.AbstractExecutorService.submit(AbstractExecutorService.java:123)
		at org.apache.catalina.startup.HostConfig.deployWARs(HostConfig.java:727)
		at org.apache.catalina.startup.HostConfig.deployApps(HostConfig.java:378)
		at org.apache.catalina.startup.HostConfig.check(HostConfig.java:1628)
		at org.apache.catalina.startup.HostConfig.lifecycleEvent(HostConfig.java:260)
		at org.apache.catalina.util.LifecycleBase.fireLifecycleEvent(LifecycleBase.java:109)
		at org.apache.catalina.core.ContainerBase.backgroundProcess(ContainerBase.java:938)
		at org.apache.catalina.core.ContainerBase$ContainerBackgroundProcessor.processChildren(ContainerBase.java:1137)
		at org.apache.catalina.core.ContainerBase$ContainerBackgroundProcessor.processChildren(ContainerBase.java:1141)
		at org.apache.catalina.core.ContainerBase$ContainerBackgroundProcessor.run(ContainerBase.java:1119)
		at java.base/java.util.concurrent.Executors$RunnableAdapter.call(Executors.java:572)
		at java.base/java.util.concurrent.FutureTask.runAndReset(FutureTask.java:358)
		at java.base/java.util.concurrent.ScheduledThreadPoolExecutor$ScheduledFutureTask.run(ScheduledThreadPoolExecutor.java:305)
		at java.base/java.util.concurrent.ThreadPoolExecutor.runWorker(ThreadPoolExecutor.java:1144)
		at java.base/java.util.concurrent.ThreadPoolExecutor$Worker.run(ThreadPoolExecutor.java:642)
		at org.apache.tomcat.util.threads.TaskThread$WrappingRunnable.run(TaskThread.java:57)
		at java.base/java.lang.Thread.run(Thread.java:1583)
04-Jul-2026 23:05:00.191 SEVERE [Catalina-utility-1] org.apache.catalina.startup.ContextConfig.processAnnotationsJar Unable to process Jar [file:/usr/local/tomcat/webapps/lpu-reservation-system-0.0.1-SNAPSHOT/WEB-INF/lib/txw2-4.0.5.jar] for annotations
	java.nio.file.NoSuchFileException: /usr/local/tomcat/webapps/lpu-reservation-system-0.0.1-SNAPSHOT/WEB-INF/lib/txw2-4.0.5.jar
		at java.base/sun.nio.fs.UnixException.translateToIOException(UnixException.java:92)
		at java.base/sun.nio.fs.UnixException.rethrowAsIOException(UnixException.java:106)
		at java.base/sun.nio.fs.UnixException.rethrowAsIOException(UnixException.java:111)
		at java.base/sun.nio.fs.UnixFileAttributeViews$Basic.readAttributes(UnixFileAttributeViews.java:55)
		at java.base/sun.nio.fs.UnixFileSystemProvider.readAttributes(UnixFileSystemProvider.java:171)
		at java.base/sun.nio.fs.LinuxFileSystemProvider.readAttributes(LinuxFileSystemProvider.java:99)
		at java.base/java.nio.file.Files.readAttributes(Files.java:1854)
		at java.base/java.util.zip.ZipFile$Source.get(ZipFile.java:1445)
		at java.base/java.util.zip.ZipFile$CleanableResource.<init>(ZipFile.java:724)
		at java.base/java.util.zip.ZipFile.<init>(ZipFile.java:251)
		at java.base/java.util.zip.ZipFile.<init>(ZipFile.java:180)
		at java.base/java.util.jar.JarFile.<init>(JarFile.java:345)
		at org.apache.tomcat.util.scan.JarFileUrlJar.<init>(JarFileUrlJar.java:64)
		at org.apache.tomcat.util.scan.JarFactory.newInstance(JarFactory.java:50)
		at org.apache.catalina.startup.ContextConfig.processAnnotationsJar(ContextConfig.java:2178)
		at org.apache.catalina.startup.ContextConfig.processAnnotationsUrl(ContextConfig.java:2161)
		at org.apache.catalina.startup.ContextConfig.scanWebXmlFragment(ContextConfig.java:2070)
		at org.apache.catalina.startup.ContextConfig.processAnnotations(ContextConfig.java:2050)
		at org.apache.catalina.startup.ContextConfig.processClasses(ContextConfig.java:1366)
		at org.apache.catalina.startup.ContextConfig.webConfig(ContextConfig.java:1267)
		at org.apache.catalina.startup.ContextConfig.configureStart(ContextConfig.java:968)
		at org.apache.catalina.startup.ContextConfig.lifecycleEvent(ContextConfig.java:288)
		at org.apache.catalina.util.LifecycleBase.fireLifecycleEvent(LifecycleBase.java:109)
		at org.apache.catalina.core.StandardContext.startInternal(StandardContext.java:4338)
		at org.apache.catalina.util.LifecycleBase.start(LifecycleBase.java:164)
		at org.apache.catalina.core.ContainerBase.addChild(ContainerBase.java:564)
		at org.apache.catalina.core.StandardHost.addChild(StandardHost.java:663)
		at org.apache.catalina.startup.HostConfig.deployWAR(HostConfig.java:923)
		at org.apache.catalina.startup.HostConfig$DeployWar.run(HostConfig.java:1839)
		at java.base/java.util.concurrent.Executors$RunnableAdapter.call(Executors.java:572)
		at java.base/java.util.concurrent.FutureTask.run(FutureTask.java:317)
		at org.apache.tomcat.util.threads.InlineExecutorService.execute(InlineExecutorService.java:81)
		at java.base/java.util.concurrent.AbstractExecutorService.submit(AbstractExecutorService.java:123)
		at org.apache.catalina.startup.HostConfig.deployWARs(HostConfig.java:727)
		at org.apache.catalina.startup.HostConfig.deployApps(HostConfig.java:378)
		at org.apache.catalina.startup.HostConfig.check(HostConfig.java:1628)
		at org.apache.catalina.startup.HostConfig.lifecycleEvent(HostConfig.java:260)
		at org.apache.catalina.util.LifecycleBase.fireLifecycleEvent(LifecycleBase.java:109)
		at org.apache.catalina.core.ContainerBase.backgroundProcess(ContainerBase.java:938)
		at org.apache.catalina.core.ContainerBase$ContainerBackgroundProcessor.processChildren(ContainerBase.java:1137)
		at org.apache.catalina.core.ContainerBase$ContainerBackgroundProcessor.processChildren(ContainerBase.java:1141)
		at org.apache.catalina.core.ContainerBase$ContainerBackgroundProcessor.run(ContainerBase.java:1119)
		at java.base/java.util.concurrent.Executors$RunnableAdapter.call(Executors.java:572)
		at java.base/java.util.concurrent.FutureTask.runAndReset(FutureTask.java:358)
		at java.base/java.util.concurrent.ScheduledThreadPoolExecutor$ScheduledFutureTask.run(ScheduledThreadPoolExecutor.java:305)
		at java.base/java.util.concurrent.ThreadPoolExecutor.runWorker(ThreadPoolExecutor.java:1144)
		at java.base/java.util.concurrent.ThreadPoolExecutor$Worker.run(ThreadPoolExecutor.java:642)
		at org.apache.tomcat.util.threads.TaskThread$WrappingRunnable.run(TaskThread.java:57)
		at java.base/java.lang.Thread.run(Thread.java:1583)
04-Jul-2026 23:05:00.193 SEVERE [Catalina-utility-1] org.apache.catalina.startup.ContextConfig.processAnnotationsJar Unable to process Jar [file:/usr/local/tomcat/webapps/lpu-reservation-system-0.0.1-SNAPSHOT/WEB-INF/lib/jakarta.mail-api-2.1.3.jar] for annotations
	java.nio.file.NoSuchFileException: /usr/local/tomcat/webapps/lpu-reservation-system-0.0.1-SNAPSHOT/WEB-INF/lib/jakarta.mail-api-2.1.3.jar
		at java.base/sun.nio.fs.UnixException.translateToIOException(UnixException.java:92)
		at java.base/sun.nio.fs.UnixException.rethrowAsIOException(UnixException.java:106)
		at java.base/sun.nio.fs.UnixException.rethrowAsIOException(UnixException.java:111)
		at java.base/sun.nio.fs.UnixFileAttributeViews$Basic.readAttributes(UnixFileAttributeViews.java:55)
		at java.base/sun.nio.fs.UnixFileSystemProvider.readAttributes(UnixFileSystemProvider.java:171)
		at java.base/sun.nio.fs.LinuxFileSystemProvider.readAttributes(LinuxFileSystemProvider.java:99)
		at java.base/java.nio.file.Files.readAttributes(Files.java:1854)
		at java.base/java.util.zip.ZipFile$Source.get(ZipFile.java:1445)
		at java.base/java.util.zip.ZipFile$CleanableResource.<init>(ZipFile.java:724)
		at java.base/java.util.zip.ZipFile.<init>(ZipFile.java:251)
		at java.base/java.util.zip.ZipFile.<init>(ZipFile.java:180)
		at java.base/java.util.jar.JarFile.<init>(JarFile.java:345)
		at org.apache.tomcat.util.scan.JarFileUrlJar.<init>(JarFileUrlJar.java:64)
		at org.apache.tomcat.util.scan.JarFactory.newInstance(JarFactory.java:50)
		at org.apache.catalina.startup.ContextConfig.processAnnotationsJar(ContextConfig.java:2178)
		at org.apache.catalina.startup.ContextConfig.processAnnotationsUrl(ContextConfig.java:2161)
		at org.apache.catalina.startup.ContextConfig.scanWebXmlFragment(ContextConfig.java:2070)
		at org.apache.catalina.startup.ContextConfig.processAnnotations(ContextConfig.java:2050)
		at org.apache.catalina.startup.ContextConfig.processClasses(ContextConfig.java:1366)
		at org.apache.catalina.startup.ContextConfig.webConfig(ContextConfig.java:1267)
		at org.apache.catalina.startup.ContextConfig.configureStart(ContextConfig.java:968)
		at org.apache.catalina.startup.ContextConfig.lifecycleEvent(ContextConfig.java:288)
		at org.apache.catalina.util.LifecycleBase.fireLifecycleEvent(LifecycleBase.java:109)
		at org.apache.catalina.core.StandardContext.startInternal(StandardContext.java:4338)
		at org.apache.catalina.util.LifecycleBase.start(LifecycleBase.java:164)
		at org.apache.catalina.core.ContainerBase.addChild(ContainerBase.java:564)
		at org.apache.catalina.core.StandardHost.addChild(StandardHost.java:663)
		at org.apache.catalina.startup.HostConfig.deployWAR(HostConfig.java:923)
		at org.apache.catalina.startup.HostConfig$DeployWar.run(HostConfig.java:1839)
		at java.base/java.util.concurrent.Executors$RunnableAdapter.call(Executors.java:572)
		at java.base/java.util.concurrent.FutureTask.run(FutureTask.java:317)
		at org.apache.tomcat.util.threads.InlineExecutorService.execute(InlineExecutorService.java:81)
		at java.base/java.util.concurrent.AbstractExecutorService.submit(AbstractExecutorService.java:123)
		at org.apache.catalina.startup.HostConfig.deployWARs(HostConfig.java:727)
		at org.apache.catalina.startup.HostConfig.deployApps(HostConfig.java:378)
		at org.apache.catalina.startup.HostConfig.check(HostConfig.java:1628)
		at org.apache.catalina.startup.HostConfig.lifecycleEvent(HostConfig.java:260)
		at org.apache.catalina.util.LifecycleBase.fireLifecycleEvent(LifecycleBase.java:109)
		at org.apache.catalina.core.ContainerBase.backgroundProcess(ContainerBase.java:938)
		at org.apache.catalina.core.ContainerBase$ContainerBackgroundProcessor.processChildren(ContainerBase.java:1137)
		at org.apache.catalina.core.ContainerBase$ContainerBackgroundProcessor.processChildren(ContainerBase.java:1141)
		at org.apache.catalina.core.ContainerBase$ContainerBackgroundProcessor.run(ContainerBase.java:1119)
		at java.base/java.util.concurrent.Executors$RunnableAdapter.call(Executors.java:572)
		at java.base/java.util.concurrent.FutureTask.runAndReset(FutureTask.java:358)
		at java.base/java.util.concurrent.ScheduledThreadPoolExecutor$ScheduledFutureTask.run(ScheduledThreadPoolExecutor.java:305)
		at java.base/java.util.concurrent.ThreadPoolExecutor.runWorker(ThreadPoolExecutor.java:1144)
		at java.base/java.util.concurrent.ThreadPoolExecutor$Worker.run(ThreadPoolExecutor.java:642)
		at org.apache.tomcat.util.threads.TaskThread$WrappingRunnable.run(TaskThread.java:57)
		at java.base/java.lang.Thread.run(Thread.java:1583)
04-Jul-2026 23:05:00.225 SEVERE [Catalina-utility-1] org.apache.catalina.startup.ContextConfig.processAnnotationsJar Unable to process Jar [file:/usr/local/tomcat/webapps/lpu-reservation-system-0.0.1-SNAPSHOT/WEB-INF/lib/spring-beans-7.0.6.jar] for annotations
	java.nio.file.NoSuchFileException: /usr/local/tomcat/webapps/lpu-reservation-system-0.0.1-SNAPSHOT/WEB-INF/lib/spring-beans-7.0.6.jar
		at java.base/sun.nio.fs.UnixException.translateToIOException(UnixException.java:92)
		at java.base/sun.nio.fs.UnixException.rethrowAsIOException(UnixException.java:106)
		at java.base/sun.nio.fs.UnixException.rethrowAsIOException(UnixException.java:111)
		at java.base/sun.nio.fs.UnixFileAttributeViews$Basic.readAttributes(UnixFileAttributeViews.java:55)
		at java.base/sun.nio.fs.UnixFileSystemProvider.readAttributes(UnixFileSystemProvider.java:171)
		at java.base/sun.nio.fs.LinuxFileSystemProvider.readAttributes(LinuxFileSystemProvider.java:99)
		at java.base/java.nio.file.Files.readAttributes(Files.java:1854)
		at java.base/java.util.zip.ZipFile$Source.get(ZipFile.java:1445)
		at java.base/java.util.zip.ZipFile$CleanableResource.<init>(ZipFile.java:724)
		at java.base/java.util.zip.ZipFile.<init>(ZipFile.java:251)
		at java.base/java.util.zip.ZipFile.<init>(ZipFile.java:180)
		at java.base/java.util.jar.JarFile.<init>(JarFile.java:345)
		at org.apache.tomcat.util.scan.JarFileUrlJar.<init>(JarFileUrlJar.java:64)
		at org.apache.tomcat.util.scan.JarFactory.newInstance(JarFactory.java:50)
		at org.apache.catalina.startup.ContextConfig.processAnnotationsJar(ContextConfig.java:2178)
		at org.apache.catalina.startup.ContextConfig.processAnnotationsUrl(ContextConfig.java:2161)
		at org.apache.catalina.startup.ContextConfig.scanWebXmlFragment(ContextConfig.java:2070)
		at org.apache.catalina.startup.ContextConfig.processAnnotations(ContextConfig.java:2050)
		at org.apache.catalina.startup.ContextConfig.processClasses(ContextConfig.java:1366)
		at org.apache.catalina.startup.ContextConfig.webConfig(ContextConfig.java:1267)
		at org.apache.catalina.startup.ContextConfig.configureStart(ContextConfig.java:968)
		at org.apache.catalina.startup.ContextConfig.lifecycleEvent(ContextConfig.java:288)
		at org.apache.catalina.util.LifecycleBase.fireLifecycleEvent(LifecycleBase.java:109)
		at org.apache.catalina.core.StandardContext.startInternal(StandardContext.java:4338)
		at org.apache.catalina.util.LifecycleBase.start(LifecycleBase.java:164)
		at org.apache.catalina.core.ContainerBase.addChild(ContainerBase.java:564)
		at org.apache.catalina.core.StandardHost.addChild(StandardHost.java:663)
		at org.apache.catalina.startup.HostConfig.deployWAR(HostConfig.java:923)
		at org.apache.catalina.startup.HostConfig$DeployWar.run(HostConfig.java:1839)
		at java.base/java.util.concurrent.Executors$RunnableAdapter.call(Executors.java:572)
		at java.base/java.util.concurrent.FutureTask.run(FutureTask.java:317)
		at org.apache.tomcat.util.threads.InlineExecutorService.execute(InlineExecutorService.java:81)
		at java.base/java.util.concurrent.AbstractExecutorService.submit(AbstractExecutorService.java:123)
		at org.apache.catalina.startup.HostConfig.deployWARs(HostConfig.java:727)
		at org.apache.catalina.startup.HostConfig.deployApps(HostConfig.java:378)
		at org.apache.catalina.startup.HostConfig.check(HostConfig.java:1628)
		at org.apache.catalina.startup.HostConfig.lifecycleEvent(HostConfig.java:260)
		at org.apache.catalina.util.LifecycleBase.fireLifecycleEvent(LifecycleBase.java:109)
		at org.apache.catalina.core.ContainerBase.backgroundProcess(ContainerBase.java:938)
		at org.apache.catalina.core.ContainerBase$ContainerBackgroundProcessor.processChildren(ContainerBase.java:1137)
		at org.apache.catalina.core.ContainerBase$ContainerBackgroundProcessor.processChildren(ContainerBase.java:1141)
		at org.apache.catalina.core.ContainerBase$ContainerBackgroundProcessor.run(ContainerBase.java:1119)
		at java.base/java.util.concurrent.Executors$RunnableAdapter.call(Executors.java:572)
		at java.base/java.util.concurrent.FutureTask.runAndReset(FutureTask.java:358)
		at java.base/java.util.concurrent.ScheduledThreadPoolExecutor$ScheduledFutureTask.run(ScheduledThreadPoolExecutor.java:305)
		at java.base/java.util.concurrent.ThreadPoolExecutor.runWorker(ThreadPoolExecutor.java:1144)
		at java.base/java.util.concurrent.ThreadPoolExecutor$Worker.run(ThreadPoolExecutor.java:642)
		at org.apache.tomcat.util.threads.TaskThread$WrappingRunnable.run(TaskThread.java:57)
		at java.base/java.lang.Thread.run(Thread.java:1583)
04-Jul-2026 23:05:00.239 SEVERE [Catalina-utility-1] org.apache.catalina.startup.ContextConfig.processAnnotationsJar Unable to process Jar [file:/usr/local/tomcat/webapps/lpu-reservation-system-0.0.1-SNAPSHOT/WEB-INF/lib/jackson-core-2.19.1.jar] for annotations
	java.nio.file.NoSuchFileException: /usr/local/tomcat/webapps/lpu-reservation-system-0.0.1-SNAPSHOT/WEB-INF/lib/jackson-core-2.19.1.jar
		at java.base/sun.nio.fs.UnixException.translateToIOException(UnixException.java:92)
		at java.base/sun.nio.fs.UnixException.rethrowAsIOException(UnixException.java:106)
		at java.base/sun.nio.fs.UnixException.rethrowAsIOException(UnixException.java:111)
		at java.base/sun.nio.fs.UnixFileAttributeViews$Basic.readAttributes(UnixFileAttributeViews.java:55)
		at java.base/sun.nio.fs.UnixFileSystemProvider.readAttributes(UnixFileSystemProvider.java:171)
		at java.base/sun.nio.fs.LinuxFileSystemProvider.readAttributes(LinuxFileSystemProvider.java:99)
		at java.base/java.nio.file.Files.readAttributes(Files.java:1854)
		at java.base/java.util.zip.ZipFile$Source.get(ZipFile.java:1445)
		at java.base/java.util.zip.ZipFile$CleanableResource.<init>(ZipFile.java:724)
		at java.base/java.util.zip.ZipFile.<init>(ZipFile.java:251)
		at java.base/java.util.zip.ZipFile.<init>(ZipFile.java:180)
		at java.base/java.util.jar.JarFile.<init>(JarFile.java:345)
		at org.apache.tomcat.util.scan.JarFileUrlJar.<init>(JarFileUrlJar.java:64)
		at org.apache.tomcat.util.scan.JarFactory.newInstance(JarFactory.java:50)
		at org.apache.catalina.startup.ContextConfig.processAnnotationsJar(ContextConfig.java:2178)
		at org.apache.catalina.startup.ContextConfig.processAnnotationsUrl(ContextConfig.java:2161)
		at org.apache.catalina.startup.ContextConfig.scanWebXmlFragment(ContextConfig.java:2070)
		at org.apache.catalina.startup.ContextConfig.processAnnotations(ContextConfig.java:2050)
		at org.apache.catalina.startup.ContextConfig.processClasses(ContextConfig.java:1366)
		at org.apache.catalina.startup.ContextConfig.webConfig(ContextConfig.java:1267)
		at org.apache.catalina.startup.ContextConfig.configureStart(ContextConfig.java:968)
		at org.apache.catalina.startup.ContextConfig.lifecycleEvent(ContextConfig.java:288)
		at org.apache.catalina.util.LifecycleBase.fireLifecycleEvent(LifecycleBase.java:109)
		at org.apache.catalina.core.StandardContext.startInternal(StandardContext.java:4338)
		at org.apache.catalina.util.LifecycleBase.start(LifecycleBase.java:164)
		at org.apache.catalina.core.ContainerBase.addChild(ContainerBase.java:564)
		at org.apache.catalina.core.StandardHost.addChild(StandardHost.java:663)
		at org.apache.catalina.startup.HostConfig.deployWAR(HostConfig.java:923)
		at org.apache.catalina.startup.HostConfig$DeployWar.run(HostConfig.java:1839)
		at java.base/java.util.concurrent.Executors$RunnableAdapter.call(Executors.java:572)
		at java.base/java.util.concurrent.FutureTask.run(FutureTask.java:317)
		at org.apache.tomcat.util.threads.InlineExecutorService.execute(InlineExecutorService.java:81)
		at java.base/java.util.concurrent.AbstractExecutorService.submit(AbstractExecutorService.java:123)
		at org.apache.catalina.startup.HostConfig.deployWARs(HostConfig.java:727)
		at org.apache.catalina.startup.HostConfig.deployApps(HostConfig.java:378)
		at org.apache.catalina.startup.HostConfig.check(HostConfig.java:1628)
		at org.apache.catalina.startup.HostConfig.lifecycleEvent(HostConfig.java:260)
		at org.apache.catalina.util.LifecycleBase.fireLifecycleEvent(LifecycleBase.java:109)
		at org.apache.catalina.core.ContainerBase.backgroundProcess(ContainerBase.java:938)
		at org.apache.catalina.core.ContainerBase$ContainerBackgroundProcessor.processChildren(ContainerBase.java:1137)
		at org.apache.catalina.core.ContainerBase$ContainerBackgroundProcessor.processChildren(ContainerBase.java:1141)
		at org.apache.catalina.core.ContainerBase$ContainerBackgroundProcessor.run(ContainerBase.java:1119)
		at java.base/java.util.concurrent.Executors$RunnableAdapter.call(Executors.java:572)
		at java.base/java.util.concurrent.FutureTask.runAndReset(FutureTask.java:358)
		at java.base/java.util.concurrent.ScheduledThreadPoolExecutor$ScheduledFutureTask.run(ScheduledThreadPoolExecutor.java:305)
		at java.base/java.util.concurrent.ThreadPoolExecutor.runWorker(ThreadPoolExecutor.java:1144)
		at java.base/java.util.concurrent.ThreadPoolExecutor$Worker.run(ThreadPoolExecutor.java:642)
		at org.apache.tomcat.util.threads.TaskThread$WrappingRunnable.run(TaskThread.java:57)
		at java.base/java.lang.Thread.run(Thread.java:1583)
04-Jul-2026 23:05:00.245 SEVERE [Catalina-utility-1] org.apache.catalina.startup.ContextConfig.processAnnotationsJar Unable to process Jar [file:/usr/local/tomcat/webapps/lpu-reservation-system-0.0.1-SNAPSHOT/WEB-INF/lib/checker-qual-3.52.0.jar] for annotations
	java.nio.file.NoSuchFileException: /usr/local/tomcat/webapps/lpu-reservation-system-0.0.1-SNAPSHOT/WEB-INF/lib/checker-qual-3.52.0.jar
		at java.base/sun.nio.fs.UnixException.translateToIOException(UnixException.java:92)
		at java.base/sun.nio.fs.UnixException.rethrowAsIOException(UnixException.java:106)
		at java.base/sun.nio.fs.UnixException.rethrowAsIOException(UnixException.java:111)
		at java.base/sun.nio.fs.UnixFileAttributeViews$Basic.readAttributes(UnixFileAttributeViews.java:55)
		at java.base/sun.nio.fs.UnixFileSystemProvider.readAttributes(UnixFileSystemProvider.java:171)
		at java.base/sun.nio.fs.LinuxFileSystemProvider.readAttributes(LinuxFileSystemProvider.java:99)
		at java.base/java.nio.file.Files.readAttributes(Files.java:1854)
		at java.base/java.util.zip.ZipFile$Source.get(ZipFile.java:1445)
		at java.base/java.util.zip.ZipFile$CleanableResource.<init>(ZipFile.java:724)
		at java.base/java.util.zip.ZipFile.<init>(ZipFile.java:251)
		at java.base/java.util.zip.ZipFile.<init>(ZipFile.java:180)
		at java.base/java.util.jar.JarFile.<init>(JarFile.java:345)
		at org.apache.tomcat.util.scan.JarFileUrlJar.<init>(JarFileUrlJar.java:64)
		at org.apache.tomcat.util.scan.JarFactory.newInstance(JarFactory.java:50)
		at org.apache.catalina.startup.ContextConfig.processAnnotationsJar(ContextConfig.java:2178)
		at org.apache.catalina.startup.ContextConfig.processAnnotationsUrl(ContextConfig.java:2161)
		at org.apache.catalina.startup.ContextConfig.scanWebXmlFragment(ContextConfig.java:2070)
		at org.apache.catalina.startup.ContextConfig.processAnnotations(ContextConfig.java:2050)
		at org.apache.catalina.startup.ContextConfig.processClasses(ContextConfig.java:1366)
		at org.apache.catalina.startup.ContextConfig.webConfig(ContextConfig.java:1267)
		at org.apache.catalina.startup.ContextConfig.configureStart(ContextConfig.java:968)
		at org.apache.catalina.startup.ContextConfig.lifecycleEvent(ContextConfig.java:288)
		at org.apache.catalina.util.LifecycleBase.fireLifecycleEvent(LifecycleBase.java:109)
		at org.apache.catalina.core.StandardContext.startInternal(StandardContext.java:4338)
		at org.apache.catalina.util.LifecycleBase.start(LifecycleBase.java:164)
		at org.apache.catalina.core.ContainerBase.addChild(ContainerBase.java:564)
		at org.apache.catalina.core.StandardHost.addChild(StandardHost.java:663)
		at org.apache.catalina.startup.HostConfig.deployWAR(HostConfig.java:923)
		at org.apache.catalina.startup.HostConfig$DeployWar.run(HostConfig.java:1839)
		at java.base/java.util.concurrent.Executors$RunnableAdapter.call(Executors.java:572)
		at java.base/java.util.concurrent.FutureTask.run(FutureTask.java:317)
		at org.apache.tomcat.util.threads.InlineExecutorService.execute(InlineExecutorService.java:81)
		at java.base/java.util.concurrent.AbstractExecutorService.submit(AbstractExecutorService.java:123)
		at org.apache.catalina.startup.HostConfig.deployWARs(HostConfig.java:727)
		at org.apache.catalina.startup.HostConfig.deployApps(HostConfig.java:378)
		at org.apache.catalina.startup.HostConfig.check(HostConfig.java:1628)
		at org.apache.catalina.startup.HostConfig.lifecycleEvent(HostConfig.java:260)
		at org.apache.catalina.util.LifecycleBase.fireLifecycleEvent(LifecycleBase.java:109)
		at org.apache.catalina.core.ContainerBase.backgroundProcess(ContainerBase.java:938)
		at org.apache.catalina.core.ContainerBase$ContainerBackgroundProcessor.processChildren(ContainerBase.java:1137)
		at org.apache.catalina.core.ContainerBase$ContainerBackgroundProcessor.processChildren(ContainerBase.java:1141)
		at org.apache.catalina.core.ContainerBase$ContainerBackgroundProcessor.run(ContainerBase.java:1119)
		at java.base/java.util.concurrent.Executors$RunnableAdapter.call(Executors.java:572)
		at java.base/java.util.concurrent.FutureTask.runAndReset(FutureTask.java:358)
		at java.base/java.util.concurrent.ScheduledThreadPoolExecutor$ScheduledFutureTask.run(ScheduledThreadPoolExecutor.java:305)
		at java.base/java.util.concurrent.ThreadPoolExecutor.runWorker(ThreadPoolExecutor.java:1144)
		at java.base/java.util.concurrent.ThreadPoolExecutor$Worker.run(ThreadPoolExecutor.java:642)
		at org.apache.tomcat.util.threads.TaskThread$WrappingRunnable.run(TaskThread.java:57)
		at java.base/java.lang.Thread.run(Thread.java:1583)
04-Jul-2026 23:05:00.247 SEVERE [Catalina-utility-1] org.apache.catalina.startup.ContextConfig.processAnnotationsJar Unable to process Jar [file:/usr/local/tomcat/webapps/lpu-reservation-system-0.0.1-SNAPSHOT/WEB-INF/lib/jspecify-1.0.0.jar] for annotations
	java.nio.file.NoSuchFileException: /usr/local/tomcat/webapps/lpu-reservation-system-0.0.1-SNAPSHOT/WEB-INF/lib/jspecify-1.0.0.jar
		at java.base/sun.nio.fs.UnixException.translateToIOException(UnixException.java:92)
		at java.base/sun.nio.fs.UnixException.rethrowAsIOException(UnixException.java:106)
		at java.base/sun.nio.fs.UnixException.rethrowAsIOException(UnixException.java:111)
		at java.base/sun.nio.fs.UnixFileAttributeViews$Basic.readAttributes(UnixFileAttributeViews.java:55)
		at java.base/sun.nio.fs.UnixFileSystemProvider.readAttributes(UnixFileSystemProvider.java:171)
		at java.base/sun.nio.fs.LinuxFileSystemProvider.readAttributes(LinuxFileSystemProvider.java:99)
		at java.base/java.nio.file.Files.readAttributes(Files.java:1854)
		at java.base/java.util.zip.ZipFile$Source.get(ZipFile.java:1445)
		at java.base/java.util.zip.ZipFile$CleanableResource.<init>(ZipFile.java:724)
		at java.base/java.util.zip.ZipFile.<init>(ZipFile.java:251)
		at java.base/java.util.zip.ZipFile.<init>(ZipFile.java:180)
		at java.base/java.util.jar.JarFile.<init>(JarFile.java:345)
		at org.apache.tomcat.util.scan.JarFileUrlJar.<init>(JarFileUrlJar.java:64)
		at org.apache.tomcat.util.scan.JarFactory.newInstance(JarFactory.java:50)
		at org.apache.catalina.startup.ContextConfig.processAnnotationsJar(ContextConfig.java:2178)
		at org.apache.catalina.startup.ContextConfig.processAnnotationsUrl(ContextConfig.java:2161)
		at org.apache.catalina.startup.ContextConfig.scanWebXmlFragment(ContextConfig.java:2070)
		at org.apache.catalina.startup.ContextConfig.processAnnotations(ContextConfig.java:2050)
		at org.apache.catalina.startup.ContextConfig.processClasses(ContextConfig.java:1366)
		at org.apache.catalina.startup.ContextConfig.webConfig(ContextConfig.java:1267)
		at org.apache.catalina.startup.ContextConfig.configureStart(ContextConfig.java:968)
		at org.apache.catalina.startup.ContextConfig.lifecycleEvent(ContextConfig.java:288)
		at org.apache.catalina.util.LifecycleBase.fireLifecycleEvent(LifecycleBase.java:109)
		at org.apache.catalina.core.StandardContext.startInternal(StandardContext.java:4338)
		at org.apache.catalina.util.LifecycleBase.start(LifecycleBase.java:164)
		at org.apache.catalina.core.ContainerBase.addChild(ContainerBase.java:564)
		at org.apache.catalina.core.StandardHost.addChild(StandardHost.java:663)
		at org.apache.catalina.startup.HostConfig.deployWAR(HostConfig.java:923)
		at org.apache.catalina.startup.HostConfig$DeployWar.run(HostConfig.java:1839)
		at java.base/java.util.concurrent.Executors$RunnableAdapter.call(Executors.java:572)
		at java.base/java.util.concurrent.FutureTask.run(FutureTask.java:317)
		at org.apache.tomcat.util.threads.InlineExecutorService.execute(InlineExecutorService.java:81)
		at java.base/java.util.concurrent.AbstractExecutorService.submit(AbstractExecutorService.java:123)
		at org.apache.catalina.startup.HostConfig.deployWARs(HostConfig.java:727)
		at org.apache.catalina.startup.HostConfig.deployApps(HostConfig.java:378)
		at org.apache.catalina.startup.HostConfig.check(HostConfig.java:1628)
		at org.apache.catalina.startup.HostConfig.lifecycleEvent(HostConfig.java:260)
		at org.apache.catalina.util.LifecycleBase.fireLifecycleEvent(LifecycleBase.java:109)
		at org.apache.catalina.core.ContainerBase.backgroundProcess(ContainerBase.java:938)
		at org.apache.catalina.core.ContainerBase$ContainerBackgroundProcessor.processChildren(ContainerBase.java:1137)
		at org.apache.catalina.core.ContainerBase$ContainerBackgroundProcessor.processChildren(ContainerBase.java:1141)
		at org.apache.catalina.core.ContainerBase$ContainerBackgroundProcessor.run(ContainerBase.java:1119)
		at java.base/java.util.concurrent.Executors$RunnableAdapter.call(Executors.java:572)
		at java.base/java.util.concurrent.FutureTask.runAndReset(FutureTask.java:358)
		at java.base/java.util.concurrent.ScheduledThreadPoolExecutor$ScheduledFutureTask.run(ScheduledThreadPoolExecutor.java:305)
		at java.base/java.util.concurrent.ThreadPoolExecutor.runWorker(ThreadPoolExecutor.java:1144)
		at java.base/java.util.concurrent.ThreadPoolExecutor$Worker.run(ThreadPoolExecutor.java:642)
		at org.apache.tomcat.util.threads.TaskThread$WrappingRunnable.run(TaskThread.java:57)
		at java.base/java.lang.Thread.run(Thread.java:1583)
04-Jul-2026 23:05:00.249 SEVERE [Catalina-utility-1] org.apache.catalina.startup.ContextConfig.processAnnotationsJar Unable to process Jar [file:/usr/local/tomcat/webapps/lpu-reservation-system-0.0.1-SNAPSHOT/WEB-INF/lib/thymeleaf-3.1.3.RELEASE.jar] for annotations
	java.nio.file.NoSuchFileException: /usr/local/tomcat/webapps/lpu-reservation-system-0.0.1-SNAPSHOT/WEB-INF/lib/thymeleaf-3.1.3.RELEASE.jar
		at java.base/sun.nio.fs.UnixException.translateToIOException(UnixException.java:92)
		at java.base/sun.nio.fs.UnixException.rethrowAsIOException(UnixException.java:106)
		at java.base/sun.nio.fs.UnixException.rethrowAsIOException(UnixException.java:111)
		at java.base/sun.nio.fs.UnixFileAttributeViews$Basic.readAttributes(UnixFileAttributeViews.java:55)
		at java.base/sun.nio.fs.UnixFileSystemProvider.readAttributes(UnixFileSystemProvider.java:171)
		at java.base/sun.nio.fs.LinuxFileSystemProvider.readAttributes(LinuxFileSystemProvider.java:99)
		at java.base/java.nio.file.Files.readAttributes(Files.java:1854)
		at java.base/java.util.zip.ZipFile$Source.get(ZipFile.java:1445)
		at java.base/java.util.zip.ZipFile$CleanableResource.<init>(ZipFile.java:724)
		at java.base/java.util.zip.ZipFile.<init>(ZipFile.java:251)
		at java.base/java.util.zip.ZipFile.<init>(ZipFile.java:180)
		at java.base/java.util.jar.JarFile.<init>(JarFile.java:345)
		at org.apache.tomcat.util.scan.JarFileUrlJar.<init>(JarFileUrlJar.java:64)
		at org.apache.tomcat.util.scan.JarFactory.newInstance(JarFactory.java:50)
		at org.apache.catalina.startup.ContextConfig.processAnnotationsJar(ContextConfig.java:2178)
		at org.apache.catalina.startup.ContextConfig.processAnnotationsUrl(ContextConfig.java:2161)
		at org.apache.catalina.startup.ContextConfig.scanWebXmlFragment(ContextConfig.java:2070)
		at org.apache.catalina.startup.ContextConfig.processAnnotations(ContextConfig.java:2050)
		at org.apache.catalina.startup.ContextConfig.processClasses(ContextConfig.java:1366)
		at org.apache.catalina.startup.ContextConfig.webConfig(ContextConfig.java:1267)
		at org.apache.catalina.startup.ContextConfig.configureStart(ContextConfig.java:968)
		at org.apache.catalina.startup.ContextConfig.lifecycleEvent(ContextConfig.java:288)
		at org.apache.catalina.util.LifecycleBase.fireLifecycleEvent(LifecycleBase.java:109)
		at org.apache.catalina.core.StandardContext.startInternal(StandardContext.java:4338)
		at org.apache.catalina.util.LifecycleBase.start(LifecycleBase.java:164)
		at org.apache.catalina.core.ContainerBase.addChild(ContainerBase.java:564)
		at org.apache.catalina.core.StandardHost.addChild(StandardHost.java:663)
		at org.apache.catalina.startup.HostConfig.deployWAR(HostConfig.java:923)
		at org.apache.catalina.startup.HostConfig$DeployWar.run(HostConfig.java:1839)
		at java.base/java.util.concurrent.Executors$RunnableAdapter.call(Executors.java:572)
		at java.base/java.util.concurrent.FutureTask.run(FutureTask.java:317)
		at org.apache.tomcat.util.threads.InlineExecutorService.execute(InlineExecutorService.java:81)
		at java.base/java.util.concurrent.AbstractExecutorService.submit(AbstractExecutorService.java:123)
		at org.apache.catalina.startup.HostConfig.deployWARs(HostConfig.java:727)
		at org.apache.catalina.startup.HostConfig.deployApps(HostConfig.java:378)
		at org.apache.catalina.startup.HostConfig.check(HostConfig.java:1628)
		at org.apache.catalina.startup.HostConfig.lifecycleEvent(HostConfig.java:260)
		at org.apache.catalina.util.LifecycleBase.fireLifecycleEvent(LifecycleBase.java:109)
		at org.apache.catalina.core.ContainerBase.backgroundProcess(ContainerBase.java:938)
		at org.apache.catalina.core.ContainerBase$ContainerBackgroundProcessor.processChildren(ContainerBase.java:1137)
		at org.apache.catalina.core.ContainerBase$ContainerBackgroundProcessor.processChildren(ContainerBase.java:1141)
		at org.apache.catalina.core.ContainerBase$ContainerBackgroundProcessor.run(ContainerBase.java:1119)
		at java.base/java.util.concurrent.Executors$RunnableAdapter.call(Executors.java:572)
		at java.base/java.util.concurrent.FutureTask.runAndReset(FutureTask.java:358)
		at java.base/java.util.concurrent.ScheduledThreadPoolExecutor$ScheduledFutureTask.run(ScheduledThreadPoolExecutor.java:305)
		at java.base/java.util.concurrent.ThreadPoolExecutor.runWorker(ThreadPoolExecutor.java:1144)
		at java.base/java.util.concurrent.ThreadPoolExecutor$Worker.run(ThreadPoolExecutor.java:642)
		at org.apache.tomcat.util.threads.TaskThread$WrappingRunnable.run(TaskThread.java:57)
		at java.base/java.lang.Thread.run(Thread.java:1583)
04-Jul-2026 23:05:00.251 SEVERE [Catalina-utility-1] org.apache.catalina.startup.ContextConfig.processAnnotationsJar Unable to process Jar [file:/usr/local/tomcat/webapps/lpu-reservation-system-0.0.1-SNAPSHOT/WEB-INF/lib/postgresql-42.7.10.jar] for annotations
	java.nio.file.NoSuchFileException: /usr/local/tomcat/webapps/lpu-reservation-system-0.0.1-SNAPSHOT/WEB-INF/lib/postgresql-42.7.10.jar
		at java.base/sun.nio.fs.UnixException.translateToIOException(UnixException.java:92)
		at java.base/sun.nio.fs.UnixException.rethrowAsIOException(UnixException.java:106)
		at java.base/sun.nio.fs.UnixException.rethrowAsIOException(UnixException.java:111)
		at java.base/sun.nio.fs.UnixFileAttributeViews$Basic.readAttributes(UnixFileAttributeViews.java:55)
		at java.base/sun.nio.fs.UnixFileSystemProvider.readAttributes(UnixFileSystemProvider.java:171)
		at java.base/sun.nio.fs.LinuxFileSystemProvider.readAttributes(LinuxFileSystemProvider.java:99)
		at java.base/java.nio.file.Files.readAttributes(Files.java:1854)
		at java.base/java.util.zip.ZipFile$Source.get(ZipFile.java:1445)
		at java.base/java.util.zip.ZipFile$CleanableResource.<init>(ZipFile.java:724)
		at java.base/java.util.zip.ZipFile.<init>(ZipFile.java:251)
		at java.base/java.util.zip.ZipFile.<init>(ZipFile.java:180)
		at java.base/java.util.jar.JarFile.<init>(JarFile.java:345)
		at org.apache.tomcat.util.scan.JarFileUrlJar.<init>(JarFileUrlJar.java:64)
		at org.apache.tomcat.util.scan.JarFactory.newInstance(JarFactory.java:50)
		at org.apache.catalina.startup.ContextConfig.processAnnotationsJar(ContextConfig.java:2178)
		at org.apache.catalina.startup.ContextConfig.processAnnotationsUrl(ContextConfig.java:2161)
		at org.apache.catalina.startup.ContextConfig.scanWebXmlFragment(ContextConfig.java:2070)
		at org.apache.catalina.startup.ContextConfig.processAnnotations(ContextConfig.java:2050)
		at org.apache.catalina.startup.ContextConfig.processClasses(ContextConfig.java:1366)
		at org.apache.catalina.startup.ContextConfig.webConfig(ContextConfig.java:1267)
		at org.apache.catalina.startup.ContextConfig.configureStart(ContextConfig.java:968)
		at org.apache.catalina.startup.ContextConfig.lifecycleEvent(ContextConfig.java:288)
		at org.apache.catalina.util.LifecycleBase.fireLifecycleEvent(LifecycleBase.java:109)
		at org.apache.catalina.core.StandardContext.startInternal(StandardContext.java:4338)
		at org.apache.catalina.util.LifecycleBase.start(LifecycleBase.java:164)
		at org.apache.catalina.core.ContainerBase.addChild(ContainerBase.java:564)
		at org.apache.catalina.core.StandardHost.addChild(StandardHost.java:663)
		at org.apache.catalina.startup.HostConfig.deployWAR(HostConfig.java:923)
		at org.apache.catalina.startup.HostConfig$DeployWar.run(HostConfig.java:1839)
		at java.base/java.util.concurrent.Executors$RunnableAdapter.call(Executors.java:572)
		at java.base/java.util.concurrent.FutureTask.run(FutureTask.java:317)
		at org.apache.tomcat.util.threads.InlineExecutorService.execute(InlineExecutorService.java:81)
		at java.base/java.util.concurrent.AbstractExecutorService.submit(AbstractExecutorService.java:123)
		at org.apache.catalina.startup.HostConfig.deployWARs(HostConfig.java:727)
		at org.apache.catalina.startup.HostConfig.deployApps(HostConfig.java:378)
		at org.apache.catalina.startup.HostConfig.check(HostConfig.java:1628)
		at org.apache.catalina.startup.HostConfig.lifecycleEvent(HostConfig.java:260)
		at org.apache.catalina.util.LifecycleBase.fireLifecycleEvent(LifecycleBase.java:109)
		at org.apache.catalina.core.ContainerBase.backgroundProcess(ContainerBase.java:938)
		at org.apache.catalina.core.ContainerBase$ContainerBackgroundProcessor.processChildren(ContainerBase.java:1137)
		at org.apache.catalina.core.ContainerBase$ContainerBackgroundProcessor.processChildren(ContainerBase.java:1141)
		at org.apache.catalina.core.ContainerBase$ContainerBackgroundProcessor.run(ContainerBase.java:1119)
		at java.base/java.util.concurrent.Executors$RunnableAdapter.call(Executors.java:572)
		at java.base/java.util.concurrent.FutureTask.runAndReset(FutureTask.java:358)
		at java.base/java.util.concurrent.ScheduledThreadPoolExecutor$ScheduledFutureTask.run(ScheduledThreadPoolExecutor.java:305)
		at java.base/java.util.concurrent.ThreadPoolExecutor.runWorker(ThreadPoolExecutor.java:1144)
		at java.base/java.util.concurrent.ThreadPoolExecutor$Worker.run(ThreadPoolExecutor.java:642)
		at org.apache.tomcat.util.threads.TaskThread$WrappingRunnable.run(TaskThread.java:57)
		at java.base/java.lang.Thread.run(Thread.java:1583)
04-Jul-2026 23:05:00.254 SEVERE [Catalina-utility-1] org.apache.catalina.startup.ContextConfig.processAnnotationsJar Unable to process Jar [file:/usr/local/tomcat/webapps/lpu-reservation-system-0.0.1-SNAPSHOT/WEB-INF/lib/micrometer-observation-1.15.1.jar] for annotations
	java.nio.file.NoSuchFileException: /usr/local/tomcat/webapps/lpu-reservation-system-0.0.1-SNAPSHOT/WEB-INF/lib/micrometer-observation-1.15.1.jar
		at java.base/sun.nio.fs.UnixException.translateToIOException(UnixException.java:92)
		at java.base/sun.nio.fs.UnixException.rethrowAsIOException(UnixException.java:106)
		at java.base/sun.nio.fs.UnixException.rethrowAsIOException(UnixException.java:111)
		at java.base/sun.nio.fs.UnixFileAttributeViews$Basic.readAttributes(UnixFileAttributeViews.java:55)
		at java.base/sun.nio.fs.UnixFileSystemProvider.readAttributes(UnixFileSystemProvider.java:171)
		at java.base/sun.nio.fs.LinuxFileSystemProvider.readAttributes(LinuxFileSystemProvider.java:99)
		at java.base/java.nio.file.Files.readAttributes(Files.java:1854)
		at java.base/java.util.zip.ZipFile$Source.get(ZipFile.java:1445)
		at java.base/java.util.zip.ZipFile$CleanableResource.<init>(ZipFile.java:724)
		at java.base/java.util.zip.ZipFile.<init>(ZipFile.java:251)
		at java.base/java.util.zip.ZipFile.<init>(ZipFile.java:180)
		at java.base/java.util.jar.JarFile.<init>(JarFile.java:345)
		at org.apache.tomcat.util.scan.JarFileUrlJar.<init>(JarFileUrlJar.java:64)
		at org.apache.tomcat.util.scan.JarFactory.newInstance(JarFactory.java:50)
		at org.apache.catalina.startup.ContextConfig.processAnnotationsJar(ContextConfig.java:2178)
		at org.apache.catalina.startup.ContextConfig.processAnnotationsUrl(ContextConfig.java:2161)
		at org.apache.catalina.startup.ContextConfig.scanWebXmlFragment(ContextConfig.java:2070)
		at org.apache.catalina.startup.ContextConfig.processAnnotations(ContextConfig.java:2050)
		at org.apache.catalina.startup.ContextConfig.processClasses(ContextConfig.java:1366)
		at org.apache.catalina.startup.ContextConfig.webConfig(ContextConfig.java:1267)
		at org.apache.catalina.startup.ContextConfig.configureStart(ContextConfig.java:968)
		at org.apache.catalina.startup.ContextConfig.lifecycleEvent(ContextConfig.java:288)
		at org.apache.catalina.util.LifecycleBase.fireLifecycleEvent(LifecycleBase.java:109)
		at org.apache.catalina.core.StandardContext.startInternal(StandardContext.java:4338)
		at org.apache.catalina.util.LifecycleBase.start(LifecycleBase.java:164)
		at org.apache.catalina.core.ContainerBase.addChild(ContainerBase.java:564)
		at org.apache.catalina.core.StandardHost.addChild(StandardHost.java:663)
		at org.apache.catalina.startup.HostConfig.deployWAR(HostConfig.java:923)
		at org.apache.catalina.startup.HostConfig$DeployWar.run(HostConfig.java:1839)
		at java.base/java.util.concurrent.Executors$RunnableAdapter.call(Executors.java:572)
		at java.base/java.util.concurrent.FutureTask.run(FutureTask.java:317)
		at org.apache.tomcat.util.threads.InlineExecutorService.execute(InlineExecutorService.java:81)
		at java.base/java.util.concurrent.AbstractExecutorService.submit(AbstractExecutorService.java:123)
		at org.apache.catalina.startup.HostConfig.deployWARs(HostConfig.java:727)
		at org.apache.catalina.startup.HostConfig.deployApps(HostConfig.java:378)
		at org.apache.catalina.startup.HostConfig.check(HostConfig.java:1628)
		at org.apache.catalina.startup.HostConfig.lifecycleEvent(HostConfig.java:260)
		at org.apache.catalina.util.LifecycleBase.fireLifecycleEvent(LifecycleBase.java:109)
		at org.apache.catalina.core.ContainerBase.backgroundProcess(ContainerBase.java:938)
		at org.apache.catalina.core.ContainerBase$ContainerBackgroundProcessor.processChildren(ContainerBase.java:1137)
		at org.apache.catalina.core.ContainerBase$ContainerBackgroundProcessor.processChildren(ContainerBase.java:1141)
		at org.apache.catalina.core.ContainerBase$ContainerBackgroundProcessor.run(ContainerBase.java:1119)
		at java.base/java.util.concurrent.Executors$RunnableAdapter.call(Executors.java:572)
		at java.base/java.util.concurrent.FutureTask.runAndReset(FutureTask.java:358)
		at java.base/java.util.concurrent.ScheduledThreadPoolExecutor$ScheduledFutureTask.run(ScheduledThreadPoolExecutor.java:305)
		at java.base/java.util.concurrent.ThreadPoolExecutor.runWorker(ThreadPoolExecutor.java:1144)
		at java.base/java.util.concurrent.ThreadPoolExecutor$Worker.run(ThreadPoolExecutor.java:642)
		at org.apache.tomcat.util.threads.TaskThread$WrappingRunnable.run(TaskThread.java:57)
		at java.base/java.lang.Thread.run(Thread.java:1583)
04-Jul-2026 23:05:00.257 SEVERE [Catalina-utility-1] org.apache.catalina.startup.ContextConfig.processAnnotationsJar Unable to process Jar [file:/usr/local/tomcat/webapps/lpu-reservation-system-0.0.1-SNAPSHOT/WEB-INF/lib/spring-web-7.0.6.jar] for annotations
	java.nio.file.NoSuchFileException: /usr/local/tomcat/webapps/lpu-reservation-system-0.0.1-SNAPSHOT/WEB-INF/lib/spring-web-7.0.6.jar
		at java.base/sun.nio.fs.UnixException.translateToIOException(UnixException.java:92)
		at java.base/sun.nio.fs.UnixException.rethrowAsIOException(UnixException.java:106)
		at java.base/sun.nio.fs.UnixException.rethrowAsIOException(UnixException.java:111)
		at java.base/sun.nio.fs.UnixFileAttributeViews$Basic.readAttributes(UnixFileAttributeViews.java:55)
		at java.base/sun.nio.fs.UnixFileSystemProvider.readAttributes(UnixFileSystemProvider.java:171)
		at java.base/sun.nio.fs.LinuxFileSystemProvider.readAttributes(LinuxFileSystemProvider.java:99)
		at java.base/java.nio.file.Files.readAttributes(Files.java:1854)
		at java.base/java.util.zip.ZipFile$Source.get(ZipFile.java:1445)
		at java.base/java.util.zip.ZipFile$CleanableResource.<init>(ZipFile.java:724)
		at java.base/java.util.zip.ZipFile.<init>(ZipFile.java:251)
		at java.base/java.util.zip.ZipFile.<init>(ZipFile.java:180)
		at java.base/java.util.jar.JarFile.<init>(JarFile.java:345)
		at org.apache.tomcat.util.scan.JarFileUrlJar.<init>(JarFileUrlJar.java:64)
		at org.apache.tomcat.util.scan.JarFactory.newInstance(JarFactory.java:50)
		at org.apache.catalina.startup.ContextConfig.processAnnotationsJar(ContextConfig.java:2178)
		at org.apache.catalina.startup.ContextConfig.processAnnotationsUrl(ContextConfig.java:2161)
		at org.apache.catalina.startup.ContextConfig.scanWebXmlFragment(ContextConfig.java:2070)
		at org.apache.catalina.startup.ContextConfig.processAnnotations(ContextConfig.java:2050)
		at org.apache.catalina.startup.ContextConfig.processClasses(ContextConfig.java:1366)
		at org.apache.catalina.startup.ContextConfig.webConfig(ContextConfig.java:1267)
		at org.apache.catalina.startup.ContextConfig.configureStart(ContextConfig.java:968)
		at org.apache.catalina.startup.ContextConfig.lifecycleEvent(ContextConfig.java:288)
		at org.apache.catalina.util.LifecycleBase.fireLifecycleEvent(LifecycleBase.java:109)
		at org.apache.catalina.core.StandardContext.startInternal(StandardContext.java:4338)
		at org.apache.catalina.util.LifecycleBase.start(LifecycleBase.java:164)
		at org.apache.catalina.core.ContainerBase.addChild(ContainerBase.java:564)
		at org.apache.catalina.core.StandardHost.addChild(StandardHost.java:663)
		at org.apache.catalina.startup.HostConfig.deployWAR(HostConfig.java:923)
		at org.apache.catalina.startup.HostConfig$DeployWar.run(HostConfig.java:1839)
		at java.base/java.util.concurrent.Executors$RunnableAdapter.call(Executors.java:572)
		at java.base/java.util.concurrent.FutureTask.run(FutureTask.java:317)
		at org.apache.tomcat.util.threads.InlineExecutorService.execute(InlineExecutorService.java:81)
		at java.base/java.util.concurrent.AbstractExecutorService.submit(AbstractExecutorService.java:123)
		at org.apache.catalina.startup.HostConfig.deployWARs(HostConfig.java:727)
		at org.apache.catalina.startup.HostConfig.deployApps(HostConfig.java:378)
		at org.apache.catalina.startup.HostConfig.check(HostConfig.java:1628)
		at org.apache.catalina.startup.HostConfig.lifecycleEvent(HostConfig.java:260)
		at org.apache.catalina.util.LifecycleBase.fireLifecycleEvent(LifecycleBase.java:109)
		at org.apache.catalina.core.ContainerBase.backgroundProcess(ContainerBase.java:938)
		at org.apache.catalina.core.ContainerBase$ContainerBackgroundProcessor.processChildren(ContainerBase.java:1137)
		at org.apache.catalina.core.ContainerBase$ContainerBackgroundProcessor.processChildren(ContainerBase.java:1141)
		at org.apache.catalina.core.ContainerBase$ContainerBackgroundProcessor.run(ContainerBase.java:1119)
		at java.base/java.util.concurrent.Executors$RunnableAdapter.call(Executors.java:572)
		at java.base/java.util.concurrent.FutureTask.runAndReset(FutureTask.java:358)
		at java.base/java.util.concurrent.ScheduledThreadPoolExecutor$ScheduledFutureTask.run(ScheduledThreadPoolExecutor.java:305)
		at java.base/java.util.concurrent.ThreadPoolExecutor.runWorker(ThreadPoolExecutor.java:1144)
		at java.base/java.util.concurrent.ThreadPoolExecutor$Worker.run(ThreadPoolExecutor.java:642)
		at org.apache.tomcat.util.threads.TaskThread$WrappingRunnable.run(TaskThread.java:57)
		at java.base/java.lang.Thread.run(Thread.java:1583)
04-Jul-2026 23:05:00.265 SEVERE [Catalina-utility-1] org.apache.catalina.startup.ContextConfig.processAnnotationsJar Unable to process Jar [file:/usr/local/tomcat/webapps/lpu-reservation-system-0.0.1-SNAPSHOT/WEB-INF/lib/angus-mail-2.0.3.jar] for annotations
	java.nio.file.NoSuchFileException: /usr/local/tomcat/webapps/lpu-reservation-system-0.0.1-SNAPSHOT/WEB-INF/lib/angus-mail-2.0.3.jar
		at java.base/sun.nio.fs.UnixException.translateToIOException(UnixException.java:92)
		at java.base/sun.nio.fs.UnixException.rethrowAsIOException(UnixException.java:106)
		at java.base/sun.nio.fs.UnixException.rethrowAsIOException(UnixException.java:111)
		at java.base/sun.nio.fs.UnixFileAttributeViews$Basic.readAttributes(UnixFileAttributeViews.java:55)
		at java.base/sun.nio.fs.UnixFileSystemProvider.readAttributes(UnixFileSystemProvider.java:171)
		at java.base/sun.nio.fs.LinuxFileSystemProvider.readAttributes(LinuxFileSystemProvider.java:99)
		at java.base/java.nio.file.Files.readAttributes(Files.java:1854)
		at java.base/java.util.zip.ZipFile$Source.get(ZipFile.java:1445)
		at java.base/java.util.zip.ZipFile$CleanableResource.<init>(ZipFile.java:724)
		at java.base/java.util.zip.ZipFile.<init>(ZipFile.java:251)
		at java.base/java.util.zip.ZipFile.<init>(ZipFile.java:180)
		at java.base/java.util.jar.JarFile.<init>(JarFile.java:345)
		at org.apache.tomcat.util.scan.JarFileUrlJar.<init>(JarFileUrlJar.java:64)
		at org.apache.tomcat.util.scan.JarFactory.newInstance(JarFactory.java:50)
		at org.apache.catalina.startup.ContextConfig.processAnnotationsJar(ContextConfig.java:2178)
		at org.apache.catalina.startup.ContextConfig.processAnnotationsUrl(ContextConfig.java:2161)
		at org.apache.catalina.startup.ContextConfig.scanWebXmlFragment(ContextConfig.java:2070)
		at org.apache.catalina.startup.ContextConfig.processAnnotations(ContextConfig.java:2050)
		at org.apache.catalina.startup.ContextConfig.processClasses(ContextConfig.java:1366)
		at org.apache.catalina.startup.ContextConfig.webConfig(ContextConfig.java:1267)
		at org.apache.catalina.startup.ContextConfig.configureStart(ContextConfig.java:968)
		at org.apache.catalina.startup.ContextConfig.lifecycleEvent(ContextConfig.java:288)
		at org.apache.catalina.util.LifecycleBase.fireLifecycleEvent(LifecycleBase.java:109)
		at org.apache.catalina.core.StandardContext.startInternal(StandardContext.java:4338)
		at org.apache.catalina.util.LifecycleBase.start(LifecycleBase.java:164)
		at org.apache.catalina.core.ContainerBase.addChild(ContainerBase.java:564)
		at org.apache.catalina.core.StandardHost.addChild(StandardHost.java:663)
		at org.apache.catalina.startup.HostConfig.deployWAR(HostConfig.java:923)
		at org.apache.catalina.startup.HostConfig$DeployWar.run(HostConfig.java:1839)
		at java.base/java.util.concurrent.Executors$RunnableAdapter.call(Executors.java:572)
		at java.base/java.util.concurrent.FutureTask.run(FutureTask.java:317)
		at org.apache.tomcat.util.threads.InlineExecutorService.execute(InlineExecutorService.java:81)
		at java.base/java.util.concurrent.AbstractExecutorService.submit(AbstractExecutorService.java:123)
		at org.apache.catalina.startup.HostConfig.deployWARs(HostConfig.java:727)
		at org.apache.catalina.startup.HostConfig.deployApps(HostConfig.java:378)
		at org.apache.catalina.startup.HostConfig.check(HostConfig.java:1628)
		at org.apache.catalina.startup.HostConfig.lifecycleEvent(HostConfig.java:260)
		at org.apache.catalina.util.LifecycleBase.fireLifecycleEvent(LifecycleBase.java:109)
		at org.apache.catalina.core.ContainerBase.backgroundProcess(ContainerBase.java:938)
		at org.apache.catalina.core.ContainerBase$ContainerBackgroundProcessor.processChildren(ContainerBase.java:1137)
		at org.apache.catalina.core.ContainerBase$ContainerBackgroundProcessor.processChildren(ContainerBase.java:1141)
		at org.apache.catalina.core.ContainerBase$ContainerBackgroundProcessor.run(ContainerBase.java:1119)
		at java.base/java.util.concurrent.Executors$RunnableAdapter.call(Executors.java:572)
		at java.base/java.util.concurrent.FutureTask.runAndReset(FutureTask.java:358)
		at java.base/java.util.concurrent.ScheduledThreadPoolExecutor$ScheduledFutureTask.run(ScheduledThreadPoolExecutor.java:305)
		at java.base/java.util.concurrent.ThreadPoolExecutor.runWorker(ThreadPoolExecutor.java:1144)
		at java.base/java.util.concurrent.ThreadPoolExecutor$Worker.run(ThreadPoolExecutor.java:642)
		at org.apache.tomcat.util.threads.TaskThread$WrappingRunnable.run(TaskThread.java:57)
		at java.base/java.lang.Thread.run(Thread.java:1583)
04-Jul-2026 23:05:00.271 SEVERE [Catalina-utility-1] org.apache.catalina.startup.ContextConfig.processAnnotationsJar Unable to process Jar [file:/usr/local/tomcat/webapps/lpu-reservation-system-0.0.1-SNAPSHOT/WEB-INF/lib/jakarta.xml.bind-api-4.0.5.jar] for annotations
	java.nio.file.NoSuchFileException: /usr/local/tomcat/webapps/lpu-reservation-system-0.0.1-SNAPSHOT/WEB-INF/lib/jakarta.xml.bind-api-4.0.5.jar
		at java.base/sun.nio.fs.UnixException.translateToIOException(UnixException.java:92)
		at java.base/sun.nio.fs.UnixException.rethrowAsIOException(UnixException.java:106)
		at java.base/sun.nio.fs.UnixException.rethrowAsIOException(UnixException.java:111)
		at java.base/sun.nio.fs.UnixFileAttributeViews$Basic.readAttributes(UnixFileAttributeViews.java:55)
		at java.base/sun.nio.fs.UnixFileSystemProvider.readAttributes(UnixFileSystemProvider.java:171)
		at java.base/sun.nio.fs.LinuxFileSystemProvider.readAttributes(LinuxFileSystemProvider.java:99)
		at java.base/java.nio.file.Files.readAttributes(Files.java:1854)
		at java.base/java.util.zip.ZipFile$Source.get(ZipFile.java:1445)
		at java.base/java.util.zip.ZipFile$CleanableResource.<init>(ZipFile.java:724)
		at java.base/java.util.zip.ZipFile.<init>(ZipFile.java:251)
		at java.base/java.util.zip.ZipFile.<init>(ZipFile.java:180)
		at java.base/java.util.jar.JarFile.<init>(JarFile.java:345)
		at org.apache.tomcat.util.scan.JarFileUrlJar.<init>(JarFileUrlJar.java:64)
		at org.apache.tomcat.util.scan.JarFactory.newInstance(JarFactory.java:50)
		at org.apache.catalina.startup.ContextConfig.processAnnotationsJar(ContextConfig.java:2178)
		at org.apache.catalina.startup.ContextConfig.processAnnotationsUrl(ContextConfig.java:2161)
		at org.apache.catalina.startup.ContextConfig.scanWebXmlFragment(ContextConfig.java:2070)
		at org.apache.catalina.startup.ContextConfig.processAnnotations(ContextConfig.java:2050)
		at org.apache.catalina.startup.ContextConfig.processClasses(ContextConfig.java:1366)
		at org.apache.catalina.startup.ContextConfig.webConfig(ContextConfig.java:1267)
		at org.apache.catalina.startup.ContextConfig.configureStart(ContextConfig.java:968)
		at org.apache.catalina.startup.ContextConfig.lifecycleEvent(ContextConfig.java:288)
		at org.apache.catalina.util.LifecycleBase.fireLifecycleEvent(LifecycleBase.java:109)
		at org.apache.catalina.core.StandardContext.startInternal(StandardContext.java:4338)
		at org.apache.catalina.util.LifecycleBase.start(LifecycleBase.java:164)
		at org.apache.catalina.core.ContainerBase.addChild(ContainerBase.java:564)
		at org.apache.catalina.core.StandardHost.addChild(StandardHost.java:663)
		at org.apache.catalina.startup.HostConfig.deployWAR(HostConfig.java:923)
		at org.apache.catalina.startup.HostConfig$DeployWar.run(HostConfig.java:1839)
		at java.base/java.util.concurrent.Executors$RunnableAdapter.call(Executors.java:572)
		at java.base/java.util.concurrent.FutureTask.run(FutureTask.java:317)
		at org.apache.tomcat.util.threads.InlineExecutorService.execute(InlineExecutorService.java:81)
		at java.base/java.util.concurrent.AbstractExecutorService.submit(AbstractExecutorService.java:123)
		at org.apache.catalina.startup.HostConfig.deployWARs(HostConfig.java:727)
		at org.apache.catalina.startup.HostConfig.deployApps(HostConfig.java:378)
		at org.apache.catalina.startup.HostConfig.check(HostConfig.java:1628)
		at org.apache.catalina.startup.HostConfig.lifecycleEvent(HostConfig.java:260)
		at org.apache.catalina.util.LifecycleBase.fireLifecycleEvent(LifecycleBase.java:109)
		at org.apache.catalina.core.ContainerBase.backgroundProcess(ContainerBase.java:938)
		at org.apache.catalina.core.ContainerBase$ContainerBackgroundProcessor.processChildren(ContainerBase.java:1137)
		at org.apache.catalina.core.ContainerBase$ContainerBackgroundProcessor.processChildren(ContainerBase.java:1141)
		at org.apache.catalina.core.ContainerBase$ContainerBackgroundProcessor.run(ContainerBase.java:1119)
		at java.base/java.util.concurrent.Executors$RunnableAdapter.call(Executors.java:572)
		at java.base/java.util.concurrent.FutureTask.runAndReset(FutureTask.java:358)
		at java.base/java.util.concurrent.ScheduledThreadPoolExecutor$ScheduledFutureTask.run(ScheduledThreadPoolExecutor.java:305)
		at java.base/java.util.concurrent.ThreadPoolExecutor.runWorker(ThreadPoolExecutor.java:1144)
		at java.base/java.util.concurrent.ThreadPoolExecutor$Worker.run(ThreadPoolExecutor.java:642)
		at org.apache.tomcat.util.threads.TaskThread$WrappingRunnable.run(TaskThread.java:57)
		at java.base/java.lang.Thread.run(Thread.java:1583)
04-Jul-2026 23:05:00.275 SEVERE [Catalina-utility-1] org.apache.catalina.startup.ContextConfig.processAnnotationsJar Unable to process Jar [file:/usr/local/tomcat/webapps/lpu-reservation-system-0.0.1-SNAPSHOT/WEB-INF/lib/btm-2.1.4.jar] for annotations
	java.nio.file.NoSuchFileException: /usr/local/tomcat/webapps/lpu-reservation-system-0.0.1-SNAPSHOT/WEB-INF/lib/btm-2.1.4.jar
		at java.base/sun.nio.fs.UnixException.translateToIOException(UnixException.java:92)
		at java.base/sun.nio.fs.UnixException.rethrowAsIOException(UnixException.java:106)
		at java.base/sun.nio.fs.UnixException.rethrowAsIOException(UnixException.java:111)
		at java.base/sun.nio.fs.UnixFileAttributeViews$Basic.readAttributes(UnixFileAttributeViews.java:55)
		at java.base/sun.nio.fs.UnixFileSystemProvider.readAttributes(UnixFileSystemProvider.java:171)
		at java.base/sun.nio.fs.LinuxFileSystemProvider.readAttributes(LinuxFileSystemProvider.java:99)
		at java.base/java.nio.file.Files.readAttributes(Files.java:1854)
		at java.base/java.util.zip.ZipFile$Source.get(ZipFile.java:1445)
		at java.base/java.util.zip.ZipFile$CleanableResource.<init>(ZipFile.java:724)
		at java.base/java.util.zip.ZipFile.<init>(ZipFile.java:251)
		at java.base/java.util.zip.ZipFile.<init>(ZipFile.java:180)
		at java.base/java.util.jar.JarFile.<init>(JarFile.java:345)
		at org.apache.tomcat.util.scan.JarFileUrlJar.<init>(JarFileUrlJar.java:64)
		at org.apache.tomcat.util.scan.JarFactory.newInstance(JarFactory.java:50)
		at org.apache.catalina.startup.ContextConfig.processAnnotationsJar(ContextConfig.java:2178)
		at org.apache.catalina.startup.ContextConfig.processAnnotationsUrl(ContextConfig.java:2161)
		at org.apache.catalina.startup.ContextConfig.scanWebXmlFragment(ContextConfig.java:2070)
		at org.apache.catalina.startup.ContextConfig.processAnnotations(ContextConfig.java:2050)
		at org.apache.catalina.startup.ContextConfig.processClasses(ContextConfig.java:1366)
		at org.apache.catalina.startup.ContextConfig.webConfig(ContextConfig.java:1267)
		at org.apache.catalina.startup.ContextConfig.configureStart(ContextConfig.java:968)
		at org.apache.catalina.startup.ContextConfig.lifecycleEvent(ContextConfig.java:288)
		at org.apache.catalina.util.LifecycleBase.fireLifecycleEvent(LifecycleBase.java:109)
		at org.apache.catalina.core.StandardContext.startInternal(StandardContext.java:4338)
		at org.apache.catalina.util.LifecycleBase.start(LifecycleBase.java:164)
		at org.apache.catalina.core.ContainerBase.addChild(ContainerBase.java:564)
		at org.apache.catalina.core.StandardHost.addChild(StandardHost.java:663)
		at org.apache.catalina.startup.HostConfig.deployWAR(HostConfig.java:923)
		at org.apache.catalina.startup.HostConfig$DeployWar.run(HostConfig.java:1839)
		at java.base/java.util.concurrent.Executors$RunnableAdapter.call(Executors.java:572)
		at java.base/java.util.concurrent.FutureTask.run(FutureTask.java:317)
		at org.apache.tomcat.util.threads.InlineExecutorService.execute(InlineExecutorService.java:81)
		at java.base/java.util.concurrent.AbstractExecutorService.submit(AbstractExecutorService.java:123)
		at org.apache.catalina.startup.HostConfig.deployWARs(HostConfig.java:727)
		at org.apache.catalina.startup.HostConfig.deployApps(HostConfig.java:378)
		at org.apache.catalina.startup.HostConfig.check(HostConfig.java:1628)
		at org.apache.catalina.startup.HostConfig.lifecycleEvent(HostConfig.java:260)
		at org.apache.catalina.util.LifecycleBase.fireLifecycleEvent(LifecycleBase.java:109)
		at org.apache.catalina.core.ContainerBase.backgroundProcess(ContainerBase.java:938)
		at org.apache.catalina.core.ContainerBase$ContainerBackgroundProcessor.processChildren(ContainerBase.java:1137)
		at org.apache.catalina.core.ContainerBase$ContainerBackgroundProcessor.processChildren(ContainerBase.java:1141)
		at org.apache.catalina.core.ContainerBase$ContainerBackgroundProcessor.run(ContainerBase.java:1119)
		at java.base/java.util.concurrent.Executors$RunnableAdapter.call(Executors.java:572)
		at java.base/java.util.concurrent.FutureTask.runAndReset(FutureTask.java:358)
		at java.base/java.util.concurrent.ScheduledThreadPoolExecutor$ScheduledFutureTask.run(ScheduledThreadPoolExecutor.java:305)
		at java.base/java.util.concurrent.ThreadPoolExecutor.runWorker(ThreadPoolExecutor.java:1144)
		at java.base/java.util.concurrent.ThreadPoolExecutor$Worker.run(ThreadPoolExecutor.java:642)
		at org.apache.tomcat.util.threads.TaskThread$WrappingRunnable.run(TaskThread.java:57)
		at java.base/java.lang.Thread.run(Thread.java:1583)
04-Jul-2026 23:05:00.276 SEVERE [Catalina-utility-1] org.apache.catalina.startup.ContextConfig.processAnnotationsJar Unable to process Jar [file:/usr/local/tomcat/webapps/lpu-reservation-system-0.0.1-SNAPSHOT/WEB-INF/lib/micrometer-commons-1.15.1.jar] for annotations
	java.nio.file.NoSuchFileException: /usr/local/tomcat/webapps/lpu-reservation-system-0.0.1-SNAPSHOT/WEB-INF/lib/micrometer-commons-1.15.1.jar
		at java.base/sun.nio.fs.UnixException.translateToIOException(UnixException.java:92)
		at java.base/sun.nio.fs.UnixException.rethrowAsIOException(UnixException.java:106)
		at java.base/sun.nio.fs.UnixException.rethrowAsIOException(UnixException.java:111)
		at java.base/sun.nio.fs.UnixFileAttributeViews$Basic.readAttributes(UnixFileAttributeViews.java:55)
		at java.base/sun.nio.fs.UnixFileSystemProvider.readAttributes(UnixFileSystemProvider.java:171)
		at java.base/sun.nio.fs.LinuxFileSystemProvider.readAttributes(LinuxFileSystemProvider.java:99)
		at java.base/java.nio.file.Files.readAttributes(Files.java:1854)
		at java.base/java.util.zip.ZipFile$Source.get(ZipFile.java:1445)
		at java.base/java.util.zip.ZipFile$CleanableResource.<init>(ZipFile.java:724)
		at java.base/java.util.zip.ZipFile.<init>(ZipFile.java:251)
		at java.base/java.util.zip.ZipFile.<init>(ZipFile.java:180)
		at java.base/java.util.jar.JarFile.<init>(JarFile.java:345)
		at org.apache.tomcat.util.scan.JarFileUrlJar.<init>(JarFileUrlJar.java:64)
		at org.apache.tomcat.util.scan.JarFactory.newInstance(JarFactory.java:50)
		at org.apache.catalina.startup.ContextConfig.processAnnotationsJar(ContextConfig.java:2178)
		at org.apache.catalina.startup.ContextConfig.processAnnotationsUrl(ContextConfig.java:2161)
		at org.apache.catalina.startup.ContextConfig.scanWebXmlFragment(ContextConfig.java:2070)
		at org.apache.catalina.startup.ContextConfig.processAnnotations(ContextConfig.java:2050)
		at org.apache.catalina.startup.ContextConfig.processClasses(ContextConfig.java:1366)
		at org.apache.catalina.startup.ContextConfig.webConfig(ContextConfig.java:1267)
		at org.apache.catalina.startup.ContextConfig.configureStart(ContextConfig.java:968)
		at org.apache.catalina.startup.ContextConfig.lifecycleEvent(ContextConfig.java:288)
		at org.apache.catalina.util.LifecycleBase.fireLifecycleEvent(LifecycleBase.java:109)
		at org.apache.catalina.core.StandardContext.startInternal(StandardContext.java:4338)
		at org.apache.catalina.util.LifecycleBase.start(LifecycleBase.java:164)
		at org.apache.catalina.core.ContainerBase.addChild(ContainerBase.java:564)
		at org.apache.catalina.core.StandardHost.addChild(StandardHost.java:663)
		at org.apache.catalina.startup.HostConfig.deployWAR(HostConfig.java:923)
		at org.apache.catalina.startup.HostConfig$DeployWar.run(HostConfig.java:1839)
		at java.base/java.util.concurrent.Executors$RunnableAdapter.call(Executors.java:572)
		at java.base/java.util.concurrent.FutureTask.run(FutureTask.java:317)
		at org.apache.tomcat.util.threads.InlineExecutorService.execute(InlineExecutorService.java:81)
		at java.base/java.util.concurrent.AbstractExecutorService.submit(AbstractExecutorService.java:123)
		at org.apache.catalina.startup.HostConfig.deployWARs(HostConfig.java:727)
		at org.apache.catalina.startup.HostConfig.deployApps(HostConfig.java:378)
		at org.apache.catalina.startup.HostConfig.check(HostConfig.java:1628)
		at org.apache.catalina.startup.HostConfig.lifecycleEvent(HostConfig.java:260)
		at org.apache.catalina.util.LifecycleBase.fireLifecycleEvent(LifecycleBase.java:109)
		at org.apache.catalina.core.ContainerBase.backgroundProcess(ContainerBase.java:938)
		at org.apache.catalina.core.ContainerBase$ContainerBackgroundProcessor.processChildren(ContainerBase.java:1137)
		at org.apache.catalina.core.ContainerBase$ContainerBackgroundProcessor.processChildren(ContainerBase.java:1141)
		at org.apache.catalina.core.ContainerBase$ContainerBackgroundProcessor.run(ContainerBase.java:1119)
		at java.base/java.util.concurrent.Executors$RunnableAdapter.call(Executors.java:572)
		at java.base/java.util.concurrent.FutureTask.runAndReset(FutureTask.java:358)
		at java.base/java.util.concurrent.ScheduledThreadPoolExecutor$ScheduledFutureTask.run(ScheduledThreadPoolExecutor.java:305)
		at java.base/java.util.concurrent.ThreadPoolExecutor.runWorker(ThreadPoolExecutor.java:1144)
		at java.base/java.util.concurrent.ThreadPoolExecutor$Worker.run(ThreadPoolExecutor.java:642)
		at org.apache.tomcat.util.threads.TaskThread$WrappingRunnable.run(TaskThread.java:57)
		at java.base/java.lang.Thread.run(Thread.java:1583)
04-Jul-2026 23:05:00.277 SEVERE [Catalina-utility-1] org.apache.catalina.startup.ContextConfig.processAnnotationsJar Unable to process Jar [file:/usr/local/tomcat/webapps/lpu-reservation-system-0.0.1-SNAPSHOT/WEB-INF/lib/jjwt-jackson-0.11.5.jar] for annotations
	java.nio.file.NoSuchFileException: /usr/local/tomcat/webapps/lpu-reservation-system-0.0.1-SNAPSHOT/WEB-INF/lib/jjwt-jackson-0.11.5.jar
		at java.base/sun.nio.fs.UnixException.translateToIOException(UnixException.java:92)
		at java.base/sun.nio.fs.UnixException.rethrowAsIOException(UnixException.java:106)
		at java.base/sun.nio.fs.UnixException.rethrowAsIOException(UnixException.java:111)
		at java.base/sun.nio.fs.UnixFileAttributeViews$Basic.readAttributes(UnixFileAttributeViews.java:55)
		at java.base/sun.nio.fs.UnixFileSystemProvider.readAttributes(UnixFileSystemProvider.java:171)
		at java.base/sun.nio.fs.LinuxFileSystemProvider.readAttributes(LinuxFileSystemProvider.java:99)
		at java.base/java.nio.file.Files.readAttributes(Files.java:1854)
		at java.base/java.util.zip.ZipFile$Source.get(ZipFile.java:1445)
		at java.base/java.util.zip.ZipFile$CleanableResource.<init>(ZipFile.java:724)
		at java.base/java.util.zip.ZipFile.<init>(ZipFile.java:251)
		at java.base/java.util.zip.ZipFile.<init>(ZipFile.java:180)
		at java.base/java.util.jar.JarFile.<init>(JarFile.java:345)
		at org.apache.tomcat.util.scan.JarFileUrlJar.<init>(JarFileUrlJar.java:64)
		at org.apache.tomcat.util.scan.JarFactory.newInstance(JarFactory.java:50)
		at org.apache.catalina.startup.ContextConfig.processAnnotationsJar(ContextConfig.java:2178)
		at org.apache.catalina.startup.ContextConfig.processAnnotationsUrl(ContextConfig.java:2161)
		at org.apache.catalina.startup.ContextConfig.scanWebXmlFragment(ContextConfig.java:2070)
		at org.apache.catalina.startup.ContextConfig.processAnnotations(ContextConfig.java:2050)
		at org.apache.catalina.startup.ContextConfig.processClasses(ContextConfig.java:1366)
		at org.apache.catalina.startup.ContextConfig.webConfig(ContextConfig.java:1267)
		at org.apache.catalina.startup.ContextConfig.configureStart(ContextConfig.java:968)
		at org.apache.catalina.startup.ContextConfig.lifecycleEvent(ContextConfig.java:288)
		at org.apache.catalina.util.LifecycleBase.fireLifecycleEvent(LifecycleBase.java:109)
		at org.apache.catalina.core.StandardContext.startInternal(StandardContext.java:4338)
		at org.apache.catalina.util.LifecycleBase.start(LifecycleBase.java:164)
		at org.apache.catalina.core.ContainerBase.addChild(ContainerBase.java:564)
		at org.apache.catalina.core.StandardHost.addChild(StandardHost.java:663)
		at org.apache.catalina.startup.HostConfig.deployWAR(HostConfig.java:923)
		at org.apache.catalina.startup.HostConfig$DeployWar.run(HostConfig.java:1839)
		at java.base/java.util.concurrent.Executors$RunnableAdapter.call(Executors.java:572)
		at java.base/java.util.concurrent.FutureTask.run(FutureTask.java:317)
		at org.apache.tomcat.util.threads.InlineExecutorService.execute(InlineExecutorService.java:81)
		at java.base/java.util.concurrent.AbstractExecutorService.submit(AbstractExecutorService.java:123)
		at org.apache.catalina.startup.HostConfig.deployWARs(HostConfig.java:727)
		at org.apache.catalina.startup.HostConfig.deployApps(HostConfig.java:378)
		at org.apache.catalina.startup.HostConfig.check(HostConfig.java:1628)
		at org.apache.catalina.startup.HostConfig.lifecycleEvent(HostConfig.java:260)
		at org.apache.catalina.util.LifecycleBase.fireLifecycleEvent(LifecycleBase.java:109)
		at org.apache.catalina.core.ContainerBase.backgroundProcess(ContainerBase.java:938)
		at org.apache.catalina.core.ContainerBase$ContainerBackgroundProcessor.processChildren(ContainerBase.java:1137)
		at org.apache.catalina.core.ContainerBase$ContainerBackgroundProcessor.processChildren(ContainerBase.java:1141)
		at org.apache.catalina.core.ContainerBase$ContainerBackgroundProcessor.run(ContainerBase.java:1119)
		at java.base/java.util.concurrent.Executors$RunnableAdapter.call(Executors.java:572)
		at java.base/java.util.concurrent.FutureTask.runAndReset(FutureTask.java:358)
		at java.base/java.util.concurrent.ScheduledThreadPoolExecutor$ScheduledFutureTask.run(ScheduledThreadPoolExecutor.java:305)
		at java.base/java.util.concurrent.ThreadPoolExecutor.runWorker(ThreadPoolExecutor.java:1144)
		at java.base/java.util.concurrent.ThreadPoolExecutor$Worker.run(ThreadPoolExecutor.java:642)
		at org.apache.tomcat.util.threads.TaskThread$WrappingRunnable.run(TaskThread.java:57)
		at java.base/java.lang.Thread.run(Thread.java:1583)
04-Jul-2026 23:05:00.282 SEVERE [Catalina-utility-1] org.apache.catalina.startup.ContextConfig.processAnnotationsJar Unable to process Jar [file:/usr/local/tomcat/webapps/lpu-reservation-system-0.0.1-SNAPSHOT/WEB-INF/lib/jakarta.validation-api-3.0.2.jar] for annotations
	java.nio.file.NoSuchFileException: /usr/local/tomcat/webapps/lpu-reservation-system-0.0.1-SNAPSHOT/WEB-INF/lib/jakarta.validation-api-3.0.2.jar
		at java.base/sun.nio.fs.UnixException.translateToIOException(UnixException.java:92)
		at java.base/sun.nio.fs.UnixException.rethrowAsIOException(UnixException.java:106)
		at java.base/sun.nio.fs.UnixException.rethrowAsIOException(UnixException.java:111)
		at java.base/sun.nio.fs.UnixFileAttributeViews$Basic.readAttributes(UnixFileAttributeViews.java:55)
		at java.base/sun.nio.fs.UnixFileSystemProvider.readAttributes(UnixFileSystemProvider.java:171)
		at java.base/sun.nio.fs.LinuxFileSystemProvider.readAttributes(LinuxFileSystemProvider.java:99)
		at java.base/java.nio.file.Files.readAttributes(Files.java:1854)
		at java.base/java.util.zip.ZipFile$Source.get(ZipFile.java:1445)
		at java.base/java.util.zip.ZipFile$CleanableResource.<init>(ZipFile.java:724)
		at java.base/java.util.zip.ZipFile.<init>(ZipFile.java:251)
		at java.base/java.util.zip.ZipFile.<init>(ZipFile.java:180)
		at java.base/java.util.jar.JarFile.<init>(JarFile.java:345)
		at org.apache.tomcat.util.scan.JarFileUrlJar.<init>(JarFileUrlJar.java:64)
		at org.apache.tomcat.util.scan.JarFactory.newInstance(JarFactory.java:50)
		at org.apache.catalina.startup.ContextConfig.processAnnotationsJar(ContextConfig.java:2178)
		at org.apache.catalina.startup.ContextConfig.processAnnotationsUrl(ContextConfig.java:2161)
		at org.apache.catalina.startup.ContextConfig.scanWebXmlFragment(ContextConfig.java:2070)
		at org.apache.catalina.startup.ContextConfig.processAnnotations(ContextConfig.java:2050)
		at org.apache.catalina.startup.ContextConfig.processClasses(ContextConfig.java:1366)
		at org.apache.catalina.startup.ContextConfig.webConfig(ContextConfig.java:1267)
		at org.apache.catalina.startup.ContextConfig.configureStart(ContextConfig.java:968)
		at org.apache.catalina.startup.ContextConfig.lifecycleEvent(ContextConfig.java:288)
		at org.apache.catalina.util.LifecycleBase.fireLifecycleEvent(LifecycleBase.java:109)
		at org.apache.catalina.core.StandardContext.startInternal(StandardContext.java:4338)
		at org.apache.catalina.util.LifecycleBase.start(LifecycleBase.java:164)
		at org.apache.catalina.core.ContainerBase.addChild(ContainerBase.java:564)
		at org.apache.catalina.core.StandardHost.addChild(StandardHost.java:663)
		at org.apache.catalina.startup.HostConfig.deployWAR(HostConfig.java:923)
		at org.apache.catalina.startup.HostConfig$DeployWar.run(HostConfig.java:1839)
		at java.base/java.util.concurrent.Executors$RunnableAdapter.call(Executors.java:572)
		at java.base/java.util.concurrent.FutureTask.run(FutureTask.java:317)
		at org.apache.tomcat.util.threads.InlineExecutorService.execute(InlineExecutorService.java:81)
		at java.base/java.util.concurrent.AbstractExecutorService.submit(AbstractExecutorService.java:123)
		at org.apache.catalina.startup.HostConfig.deployWARs(HostConfig.java:727)
		at org.apache.catalina.startup.HostConfig.deployApps(HostConfig.java:378)
		at org.apache.catalina.startup.HostConfig.check(HostConfig.java:1628)
		at org.apache.catalina.startup.HostConfig.lifecycleEvent(HostConfig.java:260)
		at org.apache.catalina.util.LifecycleBase.fireLifecycleEvent(LifecycleBase.java:109)
		at org.apache.catalina.core.ContainerBase.backgroundProcess(ContainerBase.java:938)
		at org.apache.catalina.core.ContainerBase$ContainerBackgroundProcessor.processChildren(ContainerBase.java:1137)
		at org.apache.catalina.core.ContainerBase$ContainerBackgroundProcessor.processChildren(ContainerBase.java:1141)
		at org.apache.catalina.core.ContainerBase$ContainerBackgroundProcessor.run(ContainerBase.java:1119)
		at java.base/java.util.concurrent.Executors$RunnableAdapter.call(Executors.java:572)
		at java.base/java.util.concurrent.FutureTask.runAndReset(FutureTask.java:358)
		at java.base/java.util.concurrent.ScheduledThreadPoolExecutor$ScheduledFutureTask.run(ScheduledThreadPoolExecutor.java:305)
		at java.base/java.util.concurrent.ThreadPoolExecutor.runWorker(ThreadPoolExecutor.java:1144)
		at java.base/java.util.concurrent.ThreadPoolExecutor$Worker.run(ThreadPoolExecutor.java:642)
		at org.apache.tomcat.util.threads.TaskThread$WrappingRunnable.run(TaskThread.java:57)
		at java.base/java.lang.Thread.run(Thread.java:1583)
04-Jul-2026 23:05:00.283 SEVERE [Catalina-utility-1] org.apache.catalina.startup.ContextConfig.processAnnotationsJar Unable to process Jar [file:/usr/local/tomcat/webapps/lpu-reservation-system-0.0.1-SNAPSHOT/WEB-INF/lib/jackson-databind-2.18.3.jar] for annotations
	java.nio.file.NoSuchFileException: /usr/local/tomcat/webapps/lpu-reservation-system-0.0.1-SNAPSHOT/WEB-INF/lib/jackson-databind-2.18.3.jar
		at java.base/sun.nio.fs.UnixException.translateToIOException(UnixException.java:92)
		at java.base/sun.nio.fs.UnixException.rethrowAsIOException(UnixException.java:106)
		at java.base/sun.nio.fs.UnixException.rethrowAsIOException(UnixException.java:111)
		at java.base/sun.nio.fs.UnixFileAttributeViews$Basic.readAttributes(UnixFileAttributeViews.java:55)
		at java.base/sun.nio.fs.UnixFileSystemProvider.readAttributes(UnixFileSystemProvider.java:171)
		at java.base/sun.nio.fs.LinuxFileSystemProvider.readAttributes(LinuxFileSystemProvider.java:99)
		at java.base/java.nio.file.Files.readAttributes(Files.java:1854)
		at java.base/java.util.zip.ZipFile$Source.get(ZipFile.java:1445)
		at java.base/java.util.zip.ZipFile$CleanableResource.<init>(ZipFile.java:724)
		at java.base/java.util.zip.ZipFile.<init>(ZipFile.java:251)
		at java.base/java.util.zip.ZipFile.<init>(ZipFile.java:180)
		at java.base/java.util.jar.JarFile.<init>(JarFile.java:345)
		at org.apache.tomcat.util.scan.JarFileUrlJar.<init>(JarFileUrlJar.java:64)
		at org.apache.tomcat.util.scan.JarFactory.newInstance(JarFactory.java:50)
		at org.apache.catalina.startup.ContextConfig.processAnnotationsJar(ContextConfig.java:2178)
		at org.apache.catalina.startup.ContextConfig.processAnnotationsUrl(ContextConfig.java:2161)
		at org.apache.catalina.startup.ContextConfig.scanWebXmlFragment(ContextConfig.java:2070)
		at org.apache.catalina.startup.ContextConfig.processAnnotations(ContextConfig.java:2050)
		at org.apache.catalina.startup.ContextConfig.processClasses(ContextConfig.java:1366)
		at org.apache.catalina.startup.ContextConfig.webConfig(ContextConfig.java:1267)
		at org.apache.catalina.startup.ContextConfig.configureStart(ContextConfig.java:968)
		at org.apache.catalina.startup.ContextConfig.lifecycleEvent(ContextConfig.java:288)
		at org.apache.catalina.util.LifecycleBase.fireLifecycleEvent(LifecycleBase.java:109)
		at org.apache.catalina.core.StandardContext.startInternal(StandardContext.java:4338)
		at org.apache.catalina.util.LifecycleBase.start(LifecycleBase.java:164)
		at org.apache.catalina.core.ContainerBase.addChild(ContainerBase.java:564)
		at org.apache.catalina.core.StandardHost.addChild(StandardHost.java:663)
		at org.apache.catalina.startup.HostConfig.deployWAR(HostConfig.java:923)
		at org.apache.catalina.startup.HostConfig$DeployWar.run(HostConfig.java:1839)
		at java.base/java.util.concurrent.Executors$RunnableAdapter.call(Executors.java:572)
		at java.base/java.util.concurrent.FutureTask.run(FutureTask.java:317)
		at org.apache.tomcat.util.threads.InlineExecutorService.execute(InlineExecutorService.java:81)
		at java.base/java.util.concurrent.AbstractExecutorService.submit(AbstractExecutorService.java:123)
		at org.apache.catalina.startup.HostConfig.deployWARs(HostConfig.java:727)
		at org.apache.catalina.startup.HostConfig.deployApps(HostConfig.java:378)
		at org.apache.catalina.startup.HostConfig.check(HostConfig.java:1628)
		at org.apache.catalina.startup.HostConfig.lifecycleEvent(HostConfig.java:260)
		at org.apache.catalina.util.LifecycleBase.fireLifecycleEvent(LifecycleBase.java:109)
		at org.apache.catalina.core.ContainerBase.backgroundProcess(ContainerBase.java:938)
		at org.apache.catalina.core.ContainerBase$ContainerBackgroundProcessor.processChildren(ContainerBase.java:1137)
		at org.apache.catalina.core.ContainerBase$ContainerBackgroundProcessor.processChildren(ContainerBase.java:1141)
		at org.apache.catalina.core.ContainerBase$ContainerBackgroundProcessor.run(ContainerBase.java:1119)
		at java.base/java.util.concurrent.Executors$RunnableAdapter.call(Executors.java:572)
		at java.base/java.util.concurrent.FutureTask.runAndReset(FutureTask.java:358)
		at java.base/java.util.concurrent.ScheduledThreadPoolExecutor$ScheduledFutureTask.run(ScheduledThreadPoolExecutor.java:305)
		at java.base/java.util.concurrent.ThreadPoolExecutor.runWorker(ThreadPoolExecutor.java:1144)
		at java.base/java.util.concurrent.ThreadPoolExecutor$Worker.run(ThreadPoolExecutor.java:642)
		at org.apache.tomcat.util.threads.TaskThread$WrappingRunnable.run(TaskThread.java:57)
		at java.base/java.lang.Thread.run(Thread.java:1583)
04-Jul-2026 23:05:00.289 SEVERE [Catalina-utility-1] org.apache.catalina.startup.ContextConfig.processAnnotationsJar Unable to process Jar [file:/usr/local/tomcat/webapps/lpu-reservation-system-0.0.1-SNAPSHOT/WEB-INF/lib/istack-commons-runtime-4.1.2.jar] for annotations
	java.nio.file.NoSuchFileException: /usr/local/tomcat/webapps/lpu-reservation-system-0.0.1-SNAPSHOT/WEB-INF/lib/istack-commons-runtime-4.1.2.jar
		at java.base/sun.nio.fs.UnixException.translateToIOException(UnixException.java:92)
		at java.base/sun.nio.fs.UnixException.rethrowAsIOException(UnixException.java:106)
		at java.base/sun.nio.fs.UnixException.rethrowAsIOException(UnixException.java:111)
		at java.base/sun.nio.fs.UnixFileAttributeViews$Basic.readAttributes(UnixFileAttributeViews.java:55)
		at java.base/sun.nio.fs.UnixFileSystemProvider.readAttributes(UnixFileSystemProvider.java:171)
		at java.base/sun.nio.fs.LinuxFileSystemProvider.readAttributes(LinuxFileSystemProvider.java:99)
		at java.base/java.nio.file.Files.readAttributes(Files.java:1854)
		at java.base/java.util.zip.ZipFile$Source.get(ZipFile.java:1445)
		at java.base/java.util.zip.ZipFile$CleanableResource.<init>(ZipFile.java:724)
		at java.base/java.util.zip.ZipFile.<init>(ZipFile.java:251)
		at java.base/java.util.zip.ZipFile.<init>(ZipFile.java:180)
		at java.base/java.util.jar.JarFile.<init>(JarFile.java:345)
		at org.apache.tomcat.util.scan.JarFileUrlJar.<init>(JarFileUrlJar.java:64)
		at org.apache.tomcat.util.scan.JarFactory.newInstance(JarFactory.java:50)
		at org.apache.catalina.startup.ContextConfig.processAnnotationsJar(ContextConfig.java:2178)
		at org.apache.catalina.startup.ContextConfig.processAnnotationsUrl(ContextConfig.java:2161)
		at org.apache.catalina.startup.ContextConfig.scanWebXmlFragment(ContextConfig.java:2070)
		at org.apache.catalina.startup.ContextConfig.processAnnotations(ContextConfig.java:2050)
		at org.apache.catalina.startup.ContextConfig.processClasses(ContextConfig.java:1366)
		at org.apache.catalina.startup.ContextConfig.webConfig(ContextConfig.java:1267)
		at org.apache.catalina.startup.ContextConfig.configureStart(ContextConfig.java:968)
		at org.apache.catalina.startup.ContextConfig.lifecycleEvent(ContextConfig.java:288)
		at org.apache.catalina.util.LifecycleBase.fireLifecycleEvent(LifecycleBase.java:109)
		at org.apache.catalina.core.StandardContext.startInternal(StandardContext.java:4338)
		at org.apache.catalina.util.LifecycleBase.start(LifecycleBase.java:164)
		at org.apache.catalina.core.ContainerBase.addChild(ContainerBase.java:564)
		at org.apache.catalina.core.StandardHost.addChild(StandardHost.java:663)
		at org.apache.catalina.startup.HostConfig.deployWAR(HostConfig.java:923)
		at org.apache.catalina.startup.HostConfig$DeployWar.run(HostConfig.java:1839)
		at java.base/java.util.concurrent.Executors$RunnableAdapter.call(Executors.java:572)
		at java.base/java.util.concurrent.FutureTask.run(FutureTask.java:317)
		at org.apache.tomcat.util.threads.InlineExecutorService.execute(InlineExecutorService.java:81)
		at java.base/java.util.concurrent.AbstractExecutorService.submit(AbstractExecutorService.java:123)
		at org.apache.catalina.startup.HostConfig.deployWARs(HostConfig.java:727)
		at org.apache.catalina.startup.HostConfig.deployApps(HostConfig.java:378)
		at org.apache.catalina.startup.HostConfig.check(HostConfig.java:1628)
		at org.apache.catalina.startup.HostConfig.lifecycleEvent(HostConfig.java:260)
		at org.apache.catalina.util.LifecycleBase.fireLifecycleEvent(LifecycleBase.java:109)
		at org.apache.catalina.core.ContainerBase.backgroundProcess(ContainerBase.java:938)
		at org.apache.catalina.core.ContainerBase$ContainerBackgroundProcessor.processChildren(ContainerBase.java:1137)
		at org.apache.catalina.core.ContainerBase$ContainerBackgroundProcessor.processChildren(ContainerBase.java:1141)
		at org.apache.catalina.core.ContainerBase$ContainerBackgroundProcessor.run(ContainerBase.java:1119)
		at java.base/java.util.concurrent.Executors$RunnableAdapter.call(Executors.java:572)
		at java.base/java.util.concurrent.FutureTask.runAndReset(FutureTask.java:358)
		at java.base/java.util.concurrent.ScheduledThreadPoolExecutor$ScheduledFutureTask.run(ScheduledThreadPoolExecutor.java:305)
		at java.base/java.util.concurrent.ThreadPoolExecutor.runWorker(ThreadPoolExecutor.java:1144)
		at java.base/java.util.concurrent.ThreadPoolExecutor$Worker.run(ThreadPoolExecutor.java:642)
		at org.apache.tomcat.util.threads.TaskThread$WrappingRunnable.run(TaskThread.java:57)
		at java.base/java.lang.Thread.run(Thread.java:1583)
04-Jul-2026 23:05:00.295 SEVERE [Catalina-utility-1] org.apache.catalina.startup.ContextConfig.processAnnotationsJar Unable to process Jar [file:/usr/local/tomcat/webapps/lpu-reservation-system-0.0.1-SNAPSHOT/WEB-INF/lib/jakarta.servlet.jsp.jstl-3.0.1.jar] for annotations
	java.nio.file.NoSuchFileException: /usr/local/tomcat/webapps/lpu-reservation-system-0.0.1-SNAPSHOT/WEB-INF/lib/jakarta.servlet.jsp.jstl-3.0.1.jar
		at java.base/sun.nio.fs.UnixException.translateToIOException(UnixException.java:92)
		at java.base/sun.nio.fs.UnixException.rethrowAsIOException(UnixException.java:106)
		at java.base/sun.nio.fs.UnixException.rethrowAsIOException(UnixException.java:111)
		at java.base/sun.nio.fs.UnixFileAttributeViews$Basic.readAttributes(UnixFileAttributeViews.java:55)
		at java.base/sun.nio.fs.UnixFileSystemProvider.readAttributes(UnixFileSystemProvider.java:171)
		at java.base/sun.nio.fs.LinuxFileSystemProvider.readAttributes(LinuxFileSystemProvider.java:99)
		at java.base/java.nio.file.Files.readAttributes(Files.java:1854)
		at java.base/java.util.zip.ZipFile$Source.get(ZipFile.java:1445)
		at java.base/java.util.zip.ZipFile$CleanableResource.<init>(ZipFile.java:724)
		at java.base/java.util.zip.ZipFile.<init>(ZipFile.java:251)
		at java.base/java.util.zip.ZipFile.<init>(ZipFile.java:180)
		at java.base/java.util.jar.JarFile.<init>(JarFile.java:345)
		at org.apache.tomcat.util.scan.JarFileUrlJar.<init>(JarFileUrlJar.java:64)
		at org.apache.tomcat.util.scan.JarFactory.newInstance(JarFactory.java:50)
		at org.apache.catalina.startup.ContextConfig.processAnnotationsJar(ContextConfig.java:2178)
		at org.apache.catalina.startup.ContextConfig.processAnnotationsUrl(ContextConfig.java:2161)
		at org.apache.catalina.startup.ContextConfig.scanWebXmlFragment(ContextConfig.java:2070)
		at org.apache.catalina.startup.ContextConfig.processAnnotations(ContextConfig.java:2050)
		at org.apache.catalina.startup.ContextConfig.processClasses(ContextConfig.java:1366)
		at org.apache.catalina.startup.ContextConfig.webConfig(ContextConfig.java:1267)
		at org.apache.catalina.startup.ContextConfig.configureStart(ContextConfig.java:968)
		at org.apache.catalina.startup.ContextConfig.lifecycleEvent(ContextConfig.java:288)
		at org.apache.catalina.util.LifecycleBase.fireLifecycleEvent(LifecycleBase.java:109)
		at org.apache.catalina.core.StandardContext.startInternal(StandardContext.java:4338)
		at org.apache.catalina.util.LifecycleBase.start(LifecycleBase.java:164)
		at org.apache.catalina.core.ContainerBase.addChild(ContainerBase.java:564)
		at org.apache.catalina.core.StandardHost.addChild(StandardHost.java:663)
		at org.apache.catalina.startup.HostConfig.deployWAR(HostConfig.java:923)
		at org.apache.catalina.startup.HostConfig$DeployWar.run(HostConfig.java:1839)
		at java.base/java.util.concurrent.Executors$RunnableAdapter.call(Executors.java:572)
		at java.base/java.util.concurrent.FutureTask.run(FutureTask.java:317)
		at org.apache.tomcat.util.threads.InlineExecutorService.execute(InlineExecutorService.java:81)
		at java.base/java.util.concurrent.AbstractExecutorService.submit(AbstractExecutorService.java:123)
		at org.apache.catalina.startup.HostConfig.deployWARs(HostConfig.java:727)
		at org.apache.catalina.startup.HostConfig.deployApps(HostConfig.java:378)
		at org.apache.catalina.startup.HostConfig.check(HostConfig.java:1628)
		at org.apache.catalina.startup.HostConfig.lifecycleEvent(HostConfig.java:260)
		at org.apache.catalina.util.LifecycleBase.fireLifecycleEvent(LifecycleBase.java:109)
		at org.apache.catalina.core.ContainerBase.backgroundProcess(ContainerBase.java:938)
		at org.apache.catalina.core.ContainerBase$ContainerBackgroundProcessor.processChildren(ContainerBase.java:1137)
		at org.apache.catalina.core.ContainerBase$ContainerBackgroundProcessor.processChildren(ContainerBase.java:1141)
		at org.apache.catalina.core.ContainerBase$ContainerBackgroundProcessor.run(ContainerBase.java:1119)
		at java.base/java.util.concurrent.Executors$RunnableAdapter.call(Executors.java:572)
		at java.base/java.util.concurrent.FutureTask.runAndReset(FutureTask.java:358)
		at java.base/java.util.concurrent.ScheduledThreadPoolExecutor$ScheduledFutureTask.run(ScheduledThreadPoolExecutor.java:305)
		at java.base/java.util.concurrent.ThreadPoolExecutor.runWorker(ThreadPoolExecutor.java:1144)
		at java.base/java.util.concurrent.ThreadPoolExecutor$Worker.run(ThreadPoolExecutor.java:642)
		at org.apache.tomcat.util.threads.TaskThread$WrappingRunnable.run(TaskThread.java:57)
		at java.base/java.lang.Thread.run(Thread.java:1583)
04-Jul-2026 23:05:00.295 SEVERE [Catalina-utility-1] org.apache.catalina.startup.ContextConfig.processAnnotationsJar Unable to process Jar [file:/usr/local/tomcat/webapps/lpu-reservation-system-0.0.1-SNAPSHOT/WEB-INF/lib/spring-tx-7.0.6.jar] for annotations
	java.nio.file.NoSuchFileException: /usr/local/tomcat/webapps/lpu-reservation-system-0.0.1-SNAPSHOT/WEB-INF/lib/spring-tx-7.0.6.jar
		at java.base/sun.nio.fs.UnixException.translateToIOException(UnixException.java:92)
		at java.base/sun.nio.fs.UnixException.rethrowAsIOException(UnixException.java:106)
		at java.base/sun.nio.fs.UnixException.rethrowAsIOException(UnixException.java:111)
		at java.base/sun.nio.fs.UnixFileAttributeViews$Basic.readAttributes(UnixFileAttributeViews.java:55)
		at java.base/sun.nio.fs.UnixFileSystemProvider.readAttributes(UnixFileSystemProvider.java:171)
		at java.base/sun.nio.fs.LinuxFileSystemProvider.readAttributes(LinuxFileSystemProvider.java:99)
		at java.base/java.nio.file.Files.readAttributes(Files.java:1854)
		at java.base/java.util.zip.ZipFile$Source.get(ZipFile.java:1445)
		at java.base/java.util.zip.ZipFile$CleanableResource.<init>(ZipFile.java:724)
		at java.base/java.util.zip.ZipFile.<init>(ZipFile.java:251)
		at java.base/java.util.zip.ZipFile.<init>(ZipFile.java:180)
		at java.base/java.util.jar.JarFile.<init>(JarFile.java:345)
		at org.apache.tomcat.util.scan.JarFileUrlJar.<init>(JarFileUrlJar.java:64)
		at org.apache.tomcat.util.scan.JarFactory.newInstance(JarFactory.java:50)
		at org.apache.catalina.startup.ContextConfig.processAnnotationsJar(ContextConfig.java:2178)
		at org.apache.catalina.startup.ContextConfig.processAnnotationsUrl(ContextConfig.java:2161)
		at org.apache.catalina.startup.ContextConfig.scanWebXmlFragment(ContextConfig.java:2070)
		at org.apache.catalina.startup.ContextConfig.processAnnotations(ContextConfig.java:2050)
		at org.apache.catalina.startup.ContextConfig.processClasses(ContextConfig.java:1366)
		at org.apache.catalina.startup.ContextConfig.webConfig(ContextConfig.java:1267)
		at org.apache.catalina.startup.ContextConfig.configureStart(ContextConfig.java:968)
		at org.apache.catalina.startup.ContextConfig.lifecycleEvent(ContextConfig.java:288)
		at org.apache.catalina.util.LifecycleBase.fireLifecycleEvent(LifecycleBase.java:109)
		at org.apache.catalina.core.StandardContext.startInternal(StandardContext.java:4338)
		at org.apache.catalina.util.LifecycleBase.start(LifecycleBase.java:164)
		at org.apache.catalina.core.ContainerBase.addChild(ContainerBase.java:564)
		at org.apache.catalina.core.StandardHost.addChild(StandardHost.java:663)
		at org.apache.catalina.startup.HostConfig.deployWAR(HostConfig.java:923)
		at org.apache.catalina.startup.HostConfig$DeployWar.run(HostConfig.java:1839)
		at java.base/java.util.concurrent.Executors$RunnableAdapter.call(Executors.java:572)
		at java.base/java.util.concurrent.FutureTask.run(FutureTask.java:317)
		at org.apache.tomcat.util.threads.InlineExecutorService.execute(InlineExecutorService.java:81)
		at java.base/java.util.concurrent.AbstractExecutorService.submit(AbstractExecutorService.java:123)
		at org.apache.catalina.startup.HostConfig.deployWARs(HostConfig.java:727)
		at org.apache.catalina.startup.HostConfig.deployApps(HostConfig.java:378)
		at org.apache.catalina.startup.HostConfig.check(HostConfig.java:1628)
		at org.apache.catalina.startup.HostConfig.lifecycleEvent(HostConfig.java:260)
		at org.apache.catalina.util.LifecycleBase.fireLifecycleEvent(LifecycleBase.java:109)
		at org.apache.catalina.core.ContainerBase.backgroundProcess(ContainerBase.java:938)
		at org.apache.catalina.core.ContainerBase$ContainerBackgroundProcessor.processChildren(ContainerBase.java:1137)
		at org.apache.catalina.core.ContainerBase$ContainerBackgroundProcessor.processChildren(ContainerBase.java:1141)
		at org.apache.catalina.core.ContainerBase$ContainerBackgroundProcessor.run(ContainerBase.java:1119)
		at java.base/java.util.concurrent.Executors$RunnableAdapter.call(Executors.java:572)
		at java.base/java.util.concurrent.FutureTask.runAndReset(FutureTask.java:358)
		at java.base/java.util.concurrent.ScheduledThreadPoolExecutor$ScheduledFutureTask.run(ScheduledThreadPoolExecutor.java:305)
		at java.base/java.util.concurrent.ThreadPoolExecutor.runWorker(ThreadPoolExecutor.java:1144)
		at java.base/java.util.concurrent.ThreadPoolExecutor$Worker.run(ThreadPoolExecutor.java:642)
		at org.apache.tomcat.util.threads.TaskThread$WrappingRunnable.run(TaskThread.java:57)
		at java.base/java.lang.Thread.run(Thread.java:1583)
04-Jul-2026 23:05:00.303 SEVERE [Catalina-utility-1] org.apache.catalina.startup.ContextConfig.processAnnotationsJar Unable to process Jar [file:/usr/local/tomcat/webapps/lpu-reservation-system-0.0.1-SNAPSHOT/WEB-INF/lib/spring-core-7.0.6.jar] for annotations
	java.nio.file.NoSuchFileException: /usr/local/tomcat/webapps/lpu-reservation-system-0.0.1-SNAPSHOT/WEB-INF/lib/spring-core-7.0.6.jar
		at java.base/sun.nio.fs.UnixException.translateToIOException(UnixException.java:92)
		at java.base/sun.nio.fs.UnixException.rethrowAsIOException(UnixException.java:106)
		at java.base/sun.nio.fs.UnixException.rethrowAsIOException(UnixException.java:111)
		at java.base/sun.nio.fs.UnixFileAttributeViews$Basic.readAttributes(UnixFileAttributeViews.java:55)
		at java.base/sun.nio.fs.UnixFileSystemProvider.readAttributes(UnixFileSystemProvider.java:171)
		at java.base/sun.nio.fs.LinuxFileSystemProvider.readAttributes(LinuxFileSystemProvider.java:99)
		at java.base/java.nio.file.Files.readAttributes(Files.java:1854)
		at java.base/java.util.zip.ZipFile$Source.get(ZipFile.java:1445)
		at java.base/java.util.zip.ZipFile$CleanableResource.<init>(ZipFile.java:724)
		at java.base/java.util.zip.ZipFile.<init>(ZipFile.java:251)
		at java.base/java.util.zip.ZipFile.<init>(ZipFile.java:180)
		at java.base/java.util.jar.JarFile.<init>(JarFile.java:345)
		at org.apache.tomcat.util.scan.JarFileUrlJar.<init>(JarFileUrlJar.java:64)
		at org.apache.tomcat.util.scan.JarFactory.newInstance(JarFactory.java:50)
		at org.apache.catalina.startup.ContextConfig.processAnnotationsJar(ContextConfig.java:2178)
		at org.apache.catalina.startup.ContextConfig.processAnnotationsUrl(ContextConfig.java:2161)
		at org.apache.catalina.startup.ContextConfig.scanWebXmlFragment(ContextConfig.java:2070)
		at org.apache.catalina.startup.ContextConfig.processAnnotations(ContextConfig.java:2050)
		at org.apache.catalina.startup.ContextConfig.processClasses(ContextConfig.java:1366)
		at org.apache.catalina.startup.ContextConfig.webConfig(ContextConfig.java:1267)
		at org.apache.catalina.startup.ContextConfig.configureStart(ContextConfig.java:968)
		at org.apache.catalina.startup.ContextConfig.lifecycleEvent(ContextConfig.java:288)
		at org.apache.catalina.util.LifecycleBase.fireLifecycleEvent(LifecycleBase.java:109)
		at org.apache.catalina.core.StandardContext.startInternal(StandardContext.java:4338)
		at org.apache.catalina.util.LifecycleBase.start(LifecycleBase.java:164)
		at org.apache.catalina.core.ContainerBase.addChild(ContainerBase.java:564)
		at org.apache.catalina.core.StandardHost.addChild(StandardHost.java:663)
		at org.apache.catalina.startup.HostConfig.deployWAR(HostConfig.java:923)
		at org.apache.catalina.startup.HostConfig$DeployWar.run(HostConfig.java:1839)
		at java.base/java.util.concurrent.Executors$RunnableAdapter.call(Executors.java:572)
		at java.base/java.util.concurrent.FutureTask.run(FutureTask.java:317)
		at org.apache.tomcat.util.threads.InlineExecutorService.execute(InlineExecutorService.java:81)
		at java.base/java.util.concurrent.AbstractExecutorService.submit(AbstractExecutorService.java:123)
		at org.apache.catalina.startup.HostConfig.deployWARs(HostConfig.java:727)
		at org.apache.catalina.startup.HostConfig.deployApps(HostConfig.java:378)
		at org.apache.catalina.startup.HostConfig.check(HostConfig.java:1628)
		at org.apache.catalina.startup.HostConfig.lifecycleEvent(HostConfig.java:260)
		at org.apache.catalina.util.LifecycleBase.fireLifecycleEvent(LifecycleBase.java:109)
		at org.apache.catalina.core.ContainerBase.backgroundProcess(ContainerBase.java:938)
		at org.apache.catalina.core.ContainerBase$ContainerBackgroundProcessor.processChildren(ContainerBase.java:1137)
		at org.apache.catalina.core.ContainerBase$ContainerBackgroundProcessor.processChildren(ContainerBase.java:1141)
		at org.apache.catalina.core.ContainerBase$ContainerBackgroundProcessor.run(ContainerBase.java:1119)
		at java.base/java.util.concurrent.Executors$RunnableAdapter.call(Executors.java:572)
		at java.base/java.util.concurrent.FutureTask.runAndReset(FutureTask.java:358)
		at java.base/java.util.concurrent.ScheduledThreadPoolExecutor$ScheduledFutureTask.run(ScheduledThreadPoolExecutor.java:305)
		at java.base/java.util.concurrent.ThreadPoolExecutor.runWorker(ThreadPoolExecutor.java:1144)
		at java.base/java.util.concurrent.ThreadPoolExecutor$Worker.run(ThreadPoolExecutor.java:642)
		at org.apache.tomcat.util.threads.TaskThread$WrappingRunnable.run(TaskThread.java:57)
		at java.base/java.lang.Thread.run(Thread.java:1583)
04-Jul-2026 23:05:00.341 SEVERE [Catalina-utility-1] org.apache.catalina.startup.ContextConfig.processResourceJARs Failed to process JAR found at URL [file:/usr/local/tomcat/webapps/lpu-reservation-system-0.0.1-SNAPSHOT/WEB-INF/lib/spring-aop-7.0.6.jar] for static resources to be included in context with name [/lpu-reservation-system-0.0.1-SNAPSHOT]
04-Jul-2026 23:05:00.341 SEVERE [Catalina-utility-1] org.apache.catalina.startup.ContextConfig.processResourceJARs Failed to process JAR found at URL [file:/usr/local/tomcat/webapps/lpu-reservation-system-0.0.1-SNAPSHOT/WEB-INF/lib/apiguardian-api-1.1.2.jar] for static resources to be included in context with name [/lpu-reservation-system-0.0.1-SNAPSHOT]
04-Jul-2026 23:05:00.342 SEVERE [Catalina-utility-1] org.apache.catalina.startup.ContextConfig.processResourceJARs Failed to process JAR found at URL [file:/usr/local/tomcat/webapps/lpu-reservation-system-0.0.1-SNAPSHOT/WEB-INF/lib/jakarta.activation-api-2.1.4.jar] for static resources to be included in context with name [/lpu-reservation-system-0.0.1-SNAPSHOT]
04-Jul-2026 23:05:00.343 SEVERE [Catalina-utility-1] org.apache.catalina.startup.ContextConfig.processResourceJARs Failed to process JAR found at URL [file:/usr/local/tomcat/webapps/lpu-reservation-system-0.0.1-SNAPSHOT/WEB-INF/lib/jjwt-impl-0.11.5.jar] for static resources to be included in context with name [/lpu-reservation-system-0.0.1-SNAPSHOT]
04-Jul-2026 23:05:00.344 SEVERE [Catalina-utility-1] org.apache.catalina.startup.ContextConfig.processResourceJARs Failed to process JAR found at URL [file:/usr/local/tomcat/webapps/lpu-reservation-system-0.0.1-SNAPSHOT/WEB-INF/lib/spring-security-core-6.5.1.jar] for static resources to be included in context with name [/lpu-reservation-system-0.0.1-SNAPSHOT]
04-Jul-2026 23:05:00.346 SEVERE [Catalina-utility-1] org.apache.catalina.startup.ContextConfig.processResourceJARs Failed to process JAR found at URL [file:/usr/local/tomcat/webapps/lpu-reservation-system-0.0.1-SNAPSHOT/WEB-INF/lib/expressly-6.0.0.jar] for static resources to be included in context with name [/lpu-reservation-system-0.0.1-SNAPSHOT]
04-Jul-2026 23:05:00.346 SEVERE [Catalina-utility-1] org.apache.catalina.startup.ContextConfig.processResourceJARs Failed to process JAR found at URL [file:/usr/local/tomcat/webapps/lpu-reservation-system-0.0.1-SNAPSHOT/WEB-INF/lib/ognl-3.3.4.jar] for static resources to be included in context with name [/lpu-reservation-system-0.0.1-SNAPSHOT]
04-Jul-2026 23:05:00.346 SEVERE [Catalina-utility-1] org.apache.catalina.startup.ContextConfig.processResourceJARs Failed to process JAR found at URL [file:/usr/local/tomcat/webapps/lpu-reservation-system-0.0.1-SNAPSHOT/WEB-INF/lib/cache-api-1.1.1.jar] for static resources to be included in context with name [/lpu-reservation-system-0.0.1-SNAPSHOT]
04-Jul-2026 23:05:00.346 SEVERE [Catalina-utility-1] org.apache.catalina.startup.ContextConfig.processResourceJARs Failed to process JAR found at URL [file:/usr/local/tomcat/webapps/lpu-reservation-system-0.0.1-SNAPSHOT/WEB-INF/lib/spring-jdbc-7.0.6.jar] for static resources to be included in context with name [/lpu-reservation-system-0.0.1-SNAPSHOT]
04-Jul-2026 23:05:00.347 SEVERE [Catalina-utility-1] org.apache.catalina.startup.ContextConfig.processResourceJARs Failed to process JAR found at URL [file:/usr/local/tomcat/webapps/lpu-reservation-system-0.0.1-SNAPSHOT/WEB-INF/lib/spring-instrument-7.0.6.jar] for static resources to be included in context with name [/lpu-reservation-system-0.0.1-SNAPSHOT]
04-Jul-2026 23:05:00.348 SEVERE [Catalina-utility-1] org.apache.catalina.startup.ContextConfig.processResourceJARs Failed to process JAR found at URL [file:/usr/local/tomcat/webapps/lpu-reservation-system-0.0.1-SNAPSHOT/WEB-INF/lib/mchange-commons-java-0.2.19.jar] for static resources to be included in context with name [/lpu-reservation-system-0.0.1-SNAPSHOT]
04-Jul-2026 23:05:00.348 SEVERE [Catalina-utility-1] org.apache.catalina.startup.ContextConfig.processResourceJARs Failed to process JAR found at URL [file:/usr/local/tomcat/webapps/lpu-reservation-system-0.0.1-SNAPSHOT/WEB-INF/lib/opentest4j-1.3.0.jar] for static resources to be included in context with name [/lpu-reservation-system-0.0.1-SNAPSHOT]
04-Jul-2026 23:05:00.348 SEVERE [Catalina-utility-1] org.apache.catalina.startup.ContextConfig.processResourceJARs Failed to process JAR found at URL [file:/usr/local/tomcat/webapps/lpu-reservation-system-0.0.1-SNAPSHOT/WEB-INF/lib/spring-messaging-7.0.6.jar] for static resources to be included in context with name [/lpu-reservation-system-0.0.1-SNAPSHOT]
04-Jul-2026 23:05:00.349 SEVERE [Catalina-utility-1] org.apache.catalina.startup.ContextConfig.processResourceJARs Failed to process JAR found at URL [file:/usr/local/tomcat/webapps/lpu-reservation-system-0.0.1-SNAPSHOT/WEB-INF/lib/thumbnailator-0.4.20.jar] for static resources to be included in context with name [/lpu-reservation-system-0.0.1-SNAPSHOT]
04-Jul-2026 23:05:00.349 SEVERE [Catalina-utility-1] org.apache.catalina.startup.ContextConfig.processResourceJARs Failed to process JAR found at URL [file:/usr/local/tomcat/webapps/lpu-reservation-system-0.0.1-SNAPSHOT/WEB-INF/lib/byte-buddy-1.17.6.jar] for static resources to be included in context with name [/lpu-reservation-system-0.0.1-SNAPSHOT]
04-Jul-2026 23:05:00.350 SEVERE [Catalina-utility-1] org.apache.catalina.startup.ContextConfig.processResourceJARs Failed to process JAR found at URL [file:/usr/local/tomcat/webapps/lpu-reservation-system-0.0.1-SNAPSHOT/WEB-INF/lib/spring-orm-7.0.6.jar] for static resources to be included in context with name [/lpu-reservation-system-0.0.1-SNAPSHOT]
04-Jul-2026 23:05:00.350 SEVERE [Catalina-utility-1] org.apache.catalina.startup.ContextConfig.processResourceJARs Failed to process JAR found at URL [file:/usr/local/tomcat/webapps/lpu-reservation-system-0.0.1-SNAPSHOT/WEB-INF/lib/javassist-3.29.0-GA.jar] for static resources to be included in context with name [/lpu-reservation-system-0.0.1-SNAPSHOT]
04-Jul-2026 23:05:00.351 SEVERE [Catalina-utility-1] org.apache.catalina.startup.ContextConfig.processResourceJARs Failed to process JAR found at URL [file:/usr/local/tomcat/webapps/lpu-reservation-system-0.0.1-SNAPSHOT/WEB-INF/lib/jakarta.servlet-api-6.0.0.jar] for static resources to be included in context with name [/lpu-reservation-system-0.0.1-SNAPSHOT]
04-Jul-2026 23:05:00.351 SEVERE [Catalina-utility-1] org.apache.catalina.startup.ContextConfig.processResourceJARs Failed to process JAR found at URL [file:/usr/local/tomcat/webapps/lpu-reservation-system-0.0.1-SNAPSHOT/WEB-INF/lib/spring-context-support-7.0.6.jar] for static resources to be included in context with name [/lpu-reservation-system-0.0.1-SNAPSHOT]
04-Jul-2026 23:05:00.353 SEVERE [Catalina-utility-1] org.apache.catalina.startup.ContextConfig.processResourceJARs Failed to process JAR found at URL [file:/usr/local/tomcat/webapps/lpu-reservation-system-0.0.1-SNAPSHOT/WEB-INF/lib/unbescape-1.1.6.RELEASE.jar] for static resources to be included in context with name [/lpu-reservation-system-0.0.1-SNAPSHOT]
04-Jul-2026 23:05:00.354 SEVERE [Catalina-utility-1] org.apache.catalina.startup.ContextConfig.processResourceJARs Failed to process JAR found at URL [file:/usr/local/tomcat/webapps/lpu-reservation-system-0.0.1-SNAPSHOT/WEB-INF/lib/jakarta.inject-api-2.0.1.jar] for static resources to be included in context with name [/lpu-reservation-system-0.0.1-SNAPSHOT]
04-Jul-2026 23:05:00.356 SEVERE [Catalina-utility-1] org.apache.catalina.startup.ContextConfig.processResourceJARs Failed to process JAR found at URL [file:/usr/local/tomcat/webapps/lpu-reservation-system-0.0.1-SNAPSHOT/WEB-INF/lib/spring-websocket-7.0.6.jar] for static resources to be included in context with name [/lpu-reservation-system-0.0.1-SNAPSHOT]
04-Jul-2026 23:05:00.357 SEVERE [Catalina-utility-1] org.apache.catalina.startup.ContextConfig.processResourceJARs Failed to process JAR found at URL [file:/usr/local/tomcat/webapps/lpu-reservation-system-0.0.1-SNAPSHOT/WEB-INF/lib/jackson-annotations-2.19.1.jar] for static resources to be included in context with name [/lpu-reservation-system-0.0.1-SNAPSHOT]
04-Jul-2026 23:05:00.357 SEVERE [Catalina-utility-1] org.apache.catalina.startup.ContextConfig.processResourceJARs Failed to process JAR found at URL [file:/usr/local/tomcat/webapps/lpu-reservation-system-0.0.1-SNAPSHOT/WEB-INF/lib/jakarta.persistence-api-3.2.0.jar] for static resources to be included in context with name [/lpu-reservation-system-0.0.1-SNAPSHOT]
04-Jul-2026 23:05:00.357 SEVERE [Catalina-utility-1] org.apache.catalina.startup.ContextConfig.processResourceJARs Failed to process JAR found at URL [file:/usr/local/tomcat/webapps/lpu-reservation-system-0.0.1-SNAPSHOT/WEB-INF/lib/ehcache-transactions-3.11.1.jar] for static resources to be included in context with name [/lpu-reservation-system-0.0.1-SNAPSHOT]
04-Jul-2026 23:05:00.357 SEVERE [Catalina-utility-1] org.apache.catalina.startup.ContextConfig.processResourceJARs Failed to process JAR found at URL [file:/usr/local/tomcat/webapps/lpu-reservation-system-0.0.1-SNAPSHOT/WEB-INF/lib/spring-oxm-7.0.6.jar] for static resources to be included in context with name [/lpu-reservation-system-0.0.1-SNAPSHOT]
04-Jul-2026 23:05:00.358 SEVERE [Catalina-utility-1] org.apache.catalina.startup.ContextConfig.processResourceJARs Failed to process JAR found at URL [file:/usr/local/tomcat/webapps/lpu-reservation-system-0.0.1-SNAPSHOT/WEB-INF/lib/spring-expression-7.0.6.jar] for static resources to be included in context with name [/lpu-reservation-system-0.0.1-SNAPSHOT]
04-Jul-2026 23:05:00.359 SEVERE [Catalina-utility-1] org.apache.catalina.startup.ContextConfig.processResourceJARs Failed to process JAR found at URL [file:/usr/local/tomcat/webapps/lpu-reservation-system-0.0.1-SNAPSHOT/WEB-INF/lib/spring-context-7.0.6.jar] for static resources to be included in context with name [/lpu-reservation-system-0.0.1-SNAPSHOT]
04-Jul-2026 23:05:00.360 SEVERE [Catalina-utility-1] org.apache.catalina.startup.ContextConfig.processResourceJARs Failed to process JAR found at URL [file:/usr/local/tomcat/webapps/lpu-reservation-system-0.0.1-SNAPSHOT/WEB-INF/lib/jakarta.el-api-6.0.1.jar] for static resources to be included in context with name [/lpu-reservation-system-0.0.1-SNAPSHOT]
04-Jul-2026 23:05:00.364 SEVERE [Catalina-utility-1] org.apache.catalina.startup.ContextConfig.processResourceJARs Failed to process JAR found at URL [file:/usr/local/tomcat/webapps/lpu-reservation-system-0.0.1-SNAPSHOT/WEB-INF/lib/c3p0-0.9.5.5.jar] for static resources to be included in context with name [/lpu-reservation-system-0.0.1-SNAPSHOT]
04-Jul-2026 23:05:00.366 SEVERE [Catalina-utility-1] org.apache.catalina.startup.ContextConfig.processResourceJARs Failed to process JAR found at URL [file:/usr/local/tomcat/webapps/lpu-reservation-system-0.0.1-SNAPSHOT/WEB-INF/lib/thymeleaf-spring6-3.1.3.RELEASE.jar] for static resources to be included in context with name [/lpu-reservation-system-0.0.1-SNAPSHOT]
04-Jul-2026 23:05:00.366 SEVERE [Catalina-utility-1] org.apache.catalina.startup.ContextConfig.processResourceJARs Failed to process JAR found at URL [file:/usr/local/tomcat/webapps/lpu-reservation-system-0.0.1-SNAPSHOT/WEB-INF/lib/attoparser-2.0.7.RELEASE.jar] for static resources to be included in context with name [/lpu-reservation-system-0.0.1-SNAPSHOT]
04-Jul-2026 23:05:00.366 SEVERE [Catalina-utility-1] org.apache.catalina.startup.ContextConfig.processResourceJARs Failed to process JAR found at URL [file:/usr/local/tomcat/webapps/lpu-reservation-system-0.0.1-SNAPSHOT/WEB-INF/lib/webp-imageio-0.1.6.jar] for static resources to be included in context with name [/lpu-reservation-system-0.0.1-SNAPSHOT]
04-Jul-2026 23:05:00.367 SEVERE [Catalina-utility-1] org.apache.catalina.startup.ContextConfig.processResourceJARs Failed to process JAR found at URL [file:/usr/local/tomcat/webapps/lpu-reservation-system-0.0.1-SNAPSHOT/WEB-INF/lib/angus-activation-2.0.2.jar] for static resources to be included in context with name [/lpu-reservation-system-0.0.1-SNAPSHOT]
04-Jul-2026 23:05:00.367 SEVERE [Catalina-utility-1] org.apache.catalina.startup.ContextConfig.processResourceJARs Failed to process JAR found at URL [file:/usr/local/tomcat/webapps/lpu-reservation-system-0.0.1-SNAPSHOT/WEB-INF/lib/spring-security-web-6.3.1.jar] for static resources to be included in context with name [/lpu-reservation-system-0.0.1-SNAPSHOT]
04-Jul-2026 23:05:00.369 SEVERE [Catalina-utility-1] org.apache.catalina.startup.ContextConfig.processResourceJARs Failed to process JAR found at URL [file:/usr/local/tomcat/webapps/lpu-reservation-system-0.0.1-SNAPSHOT/WEB-INF/lib/spring-webmvc-7.0.6.jar] for static resources to be included in context with name [/lpu-reservation-system-0.0.1-SNAPSHOT]
04-Jul-2026 23:05:00.369 SEVERE [Catalina-utility-1] org.apache.catalina.startup.ContextConfig.processResourceJARs Failed to process JAR found at URL [file:/usr/local/tomcat/webapps/lpu-reservation-system-0.0.1-SNAPSHOT/WEB-INF/lib/spring-aspects-7.0.6.jar] for static resources to be included in context with name [/lpu-reservation-system-0.0.1-SNAPSHOT]
04-Jul-2026 23:05:00.369 SEVERE [Catalina-utility-1] org.apache.catalina.startup.ContextConfig.processResourceJARs Failed to process JAR found at URL [file:/usr/local/tomcat/webapps/lpu-reservation-system-0.0.1-SNAPSHOT/WEB-INF/lib/jakarta.transaction-api-2.0.1.jar] for static resources to be included in context with name [/lpu-reservation-system-0.0.1-SNAPSHOT]
04-Jul-2026 23:05:00.371 SEVERE [Catalina-utility-1] org.apache.catalina.startup.ContextConfig.processResourceJARs Failed to process JAR found at URL [file:/usr/local/tomcat/webapps/lpu-reservation-system-0.0.1-SNAPSHOT/WEB-INF/lib/classmate-1.7.0.jar] for static resources to be included in context with name [/lpu-reservation-system-0.0.1-SNAPSHOT]
04-Jul-2026 23:05:00.371 SEVERE [Catalina-utility-1] org.apache.catalina.startup.ContextConfig.processResourceJARs Failed to process JAR found at URL [file:/usr/local/tomcat/webapps/lpu-reservation-system-0.0.1-SNAPSHOT/WEB-INF/lib/jboss-logging-3.6.1.Final.jar] for static resources to be included in context with name [/lpu-reservation-system-0.0.1-SNAPSHOT]
04-Jul-2026 23:05:00.371 SEVERE [Catalina-utility-1] org.apache.catalina.startup.ContextConfig.processResourceJARs Failed to process JAR found at URL [file:/usr/local/tomcat/webapps/lpu-reservation-system-0.0.1-SNAPSHOT/WEB-INF/lib/spring-security-crypto-7.1.0.jar] for static resources to be included in context with name [/lpu-reservation-system-0.0.1-SNAPSHOT]
04-Jul-2026 23:05:00.371 SEVERE [Catalina-utility-1] org.apache.catalina.startup.ContextConfig.processResourceJARs Failed to process JAR found at URL [file:/usr/local/tomcat/webapps/lpu-reservation-system-0.0.1-SNAPSHOT/WEB-INF/lib/spring-security-config-6.3.1.jar] for static resources to be included in context with name [/lpu-reservation-system-0.0.1-SNAPSHOT]
04-Jul-2026 23:05:00.371 SEVERE [Catalina-utility-1] org.apache.catalina.startup.ContextConfig.processResourceJARs Failed to process JAR found at URL [file:/usr/local/tomcat/webapps/lpu-reservation-system-0.0.1-SNAPSHOT/WEB-INF/lib/ehcache-3.11.1-jakarta.jar] for static resources to be included in context with name [/lpu-reservation-system-0.0.1-SNAPSHOT]
04-Jul-2026 23:05:00.372 SEVERE [Catalina-utility-1] org.apache.catalina.startup.ContextConfig.processResourceJARs Failed to process JAR found at URL [file:/usr/local/tomcat/webapps/lpu-reservation-system-0.0.1-SNAPSHOT/WEB-INF/lib/jjwt-api-0.11.5.jar] for static resources to be included in context with name [/lpu-reservation-system-0.0.1-SNAPSHOT]
04-Jul-2026 23:05:00.373 SEVERE [Catalina-utility-1] org.apache.catalina.startup.ContextConfig.processResourceJARs Failed to process JAR found at URL [file:/usr/local/tomcat/webapps/lpu-reservation-system-0.0.1-SNAPSHOT/WEB-INF/lib/jakarta.servlet.jsp.jstl-api-3.0.2.jar] for static resources to be included in context with name [/lpu-reservation-system-0.0.1-SNAPSHOT]
04-Jul-2026 23:05:00.373 SEVERE [Catalina-utility-1] org.apache.catalina.startup.ContextConfig.processResourceJARs Failed to process JAR found at URL [file:/usr/local/tomcat/webapps/lpu-reservation-system-0.0.1-SNAPSHOT/WEB-INF/lib/txw2-4.0.5.jar] for static resources to be included in context with name [/lpu-reservation-system-0.0.1-SNAPSHOT]
04-Jul-2026 23:05:00.379 SEVERE [Catalina-utility-1] org.apache.catalina.startup.ContextConfig.processResourceJARs Failed to process JAR found at URL [file:/usr/local/tomcat/webapps/lpu-reservation-system-0.0.1-SNAPSHOT/WEB-INF/lib/jakarta.mail-api-2.1.3.jar] for static resources to be included in context with name [/lpu-reservation-system-0.0.1-SNAPSHOT]
04-Jul-2026 23:05:00.380 SEVERE [Catalina-utility-1] org.apache.catalina.startup.ContextConfig.processResourceJARs Failed to process JAR found at URL [file:/usr/local/tomcat/webapps/lpu-reservation-system-0.0.1-SNAPSHOT/WEB-INF/lib/spring-beans-7.0.6.jar] for static resources to be included in context with name [/lpu-reservation-system-0.0.1-SNAPSHOT]
04-Jul-2026 23:05:00.387 SEVERE [Catalina-utility-1] org.apache.catalina.startup.ContextConfig.processResourceJARs Failed to process JAR found at URL [file:/usr/local/tomcat/webapps/lpu-reservation-system-0.0.1-SNAPSHOT/WEB-INF/lib/jackson-core-2.19.1.jar] for static resources to be included in context with name [/lpu-reservation-system-0.0.1-SNAPSHOT]
04-Jul-2026 23:05:00.387 SEVERE [Catalina-utility-1] org.apache.catalina.startup.ContextConfig.processResourceJARs Failed to process JAR found at URL [file:/usr/local/tomcat/webapps/lpu-reservation-system-0.0.1-SNAPSHOT/WEB-INF/lib/checker-qual-3.52.0.jar] for static resources to be included in context with name [/lpu-reservation-system-0.0.1-SNAPSHOT]
04-Jul-2026 23:05:00.387 SEVERE [Catalina-utility-1] org.apache.catalina.startup.ContextConfig.processResourceJARs Failed to process JAR found at URL [file:/usr/local/tomcat/webapps/lpu-reservation-system-0.0.1-SNAPSHOT/WEB-INF/lib/jspecify-1.0.0.jar] for static resources to be included in context with name [/lpu-reservation-system-0.0.1-SNAPSHOT]
04-Jul-2026 23:05:00.394 SEVERE [Catalina-utility-1] org.apache.catalina.startup.ContextConfig.processResourceJARs Failed to process JAR found at URL [file:/usr/local/tomcat/webapps/lpu-reservation-system-0.0.1-SNAPSHOT/WEB-INF/lib/thymeleaf-3.1.3.RELEASE.jar] for static resources to be included in context with name [/lpu-reservation-system-0.0.1-SNAPSHOT]
04-Jul-2026 23:05:00.398 SEVERE [Catalina-utility-1] org.apache.catalina.startup.ContextConfig.processResourceJARs Failed to process JAR found at URL [file:/usr/local/tomcat/webapps/lpu-reservation-system-0.0.1-SNAPSHOT/WEB-INF/lib/postgresql-42.7.10.jar] for static resources to be included in context with name [/lpu-reservation-system-0.0.1-SNAPSHOT]
04-Jul-2026 23:05:00.400 SEVERE [Catalina-utility-1] org.apache.catalina.startup.ContextConfig.processResourceJARs Failed to process JAR found at URL [file:/usr/local/tomcat/webapps/lpu-reservation-system-0.0.1-SNAPSHOT/WEB-INF/lib/micrometer-observation-1.15.1.jar] for static resources to be included in context with name [/lpu-reservation-system-0.0.1-SNAPSHOT]
04-Jul-2026 23:05:00.403 SEVERE [Catalina-utility-1] org.apache.catalina.startup.ContextConfig.processResourceJARs Failed to process JAR found at URL [file:/usr/local/tomcat/webapps/lpu-reservation-system-0.0.1-SNAPSHOT/WEB-INF/lib/spring-web-7.0.6.jar] for static resources to be included in context with name [/lpu-reservation-system-0.0.1-SNAPSHOT]
04-Jul-2026 23:05:00.459 SEVERE [Catalina-utility-1] org.apache.catalina.startup.ContextConfig.processResourceJARs Failed to process JAR found at URL [file:/usr/local/tomcat/webapps/lpu-reservation-system-0.0.1-SNAPSHOT/WEB-INF/lib/angus-mail-2.0.3.jar] for static resources to be included in context with name [/lpu-reservation-system-0.0.1-SNAPSHOT]
04-Jul-2026 23:05:00.461 SEVERE [Catalina-utility-1] org.apache.catalina.startup.ContextConfig.processResourceJARs Failed to process JAR found at URL [file:/usr/local/tomcat/webapps/lpu-reservation-system-0.0.1-SNAPSHOT/WEB-INF/lib/jakarta.xml.bind-api-4.0.5.jar] for static resources to be included in context with name [/lpu-reservation-system-0.0.1-SNAPSHOT]
04-Jul-2026 23:05:00.461 SEVERE [Catalina-utility-1] org.apache.catalina.startup.ContextConfig.processResourceJARs Failed to process JAR found at URL [file:/usr/local/tomcat/webapps/lpu-reservation-system-0.0.1-SNAPSHOT/WEB-INF/lib/btm-2.1.4.jar] for static resources to be included in context with name [/lpu-reservation-system-0.0.1-SNAPSHOT]
04-Jul-2026 23:05:00.462 SEVERE [Catalina-utility-1] org.apache.catalina.startup.ContextConfig.processResourceJARs Failed to process JAR found at URL [file:/usr/local/tomcat/webapps/lpu-reservation-system-0.0.1-SNAPSHOT/WEB-INF/lib/micrometer-commons-1.15.1.jar] for static resources to be included in context with name [/lpu-reservation-system-0.0.1-SNAPSHOT]
04-Jul-2026 23:05:00.462 SEVERE [Catalina-utility-1] org.apache.catalina.startup.ContextConfig.processResourceJARs Failed to process JAR found at URL [file:/usr/local/tomcat/webapps/lpu-reservation-system-0.0.1-SNAPSHOT/WEB-INF/lib/jjwt-jackson-0.11.5.jar] for static resources to be included in context with name [/lpu-reservation-system-0.0.1-SNAPSHOT]
04-Jul-2026 23:05:00.463 SEVERE [Catalina-utility-1] org.apache.catalina.startup.ContextConfig.processResourceJARs Failed to process JAR found at URL [file:/usr/local/tomcat/webapps/lpu-reservation-system-0.0.1-SNAPSHOT/WEB-INF/lib/jakarta.validation-api-3.0.2.jar] for static resources to be included in context with name [/lpu-reservation-system-0.0.1-SNAPSHOT]
04-Jul-2026 23:05:00.463 SEVERE [Catalina-utility-1] org.apache.catalina.startup.ContextConfig.processResourceJARs Failed to process JAR found at URL [file:/usr/local/tomcat/webapps/lpu-reservation-system-0.0.1-SNAPSHOT/WEB-INF/lib/jackson-databind-2.18.3.jar] for static resources to be included in context with name [/lpu-reservation-system-0.0.1-SNAPSHOT]
04-Jul-2026 23:05:00.463 SEVERE [Catalina-utility-1] org.apache.catalina.startup.ContextConfig.processResourceJARs Failed to process JAR found at URL [file:/usr/local/tomcat/webapps/lpu-reservation-system-0.0.1-SNAPSHOT/WEB-INF/lib/istack-commons-runtime-4.1.2.jar] for static resources to be included in context with name [/lpu-reservation-system-0.0.1-SNAPSHOT]
04-Jul-2026 23:05:00.464 SEVERE [Catalina-utility-1] org.apache.catalina.startup.ContextConfig.processResourceJARs Failed to process JAR found at URL [file:/usr/local/tomcat/webapps/lpu-reservation-system-0.0.1-SNAPSHOT/WEB-INF/lib/jakarta.servlet.jsp.jstl-3.0.1.jar] for static resources to be included in context with name [/lpu-reservation-system-0.0.1-SNAPSHOT]
04-Jul-2026 23:05:00.464 SEVERE [Catalina-utility-1] org.apache.catalina.startup.ContextConfig.processResourceJARs Failed to process JAR found at URL [file:/usr/local/tomcat/webapps/lpu-reservation-system-0.0.1-SNAPSHOT/WEB-INF/lib/spring-tx-7.0.6.jar] for static resources to be included in context with name [/lpu-reservation-system-0.0.1-SNAPSHOT]
04-Jul-2026 23:05:00.466 SEVERE [Catalina-utility-1] org.apache.catalina.startup.ContextConfig.processResourceJARs Failed to process JAR found at URL [file:/usr/local/tomcat/webapps/lpu-reservation-system-0.0.1-SNAPSHOT/WEB-INF/lib/spring-core-7.0.6.jar] for static resources to be included in context with name [/lpu-reservation-system-0.0.1-SNAPSHOT]
04-Jul-2026 23:05:00.790 WARNING [Catalina-utility-1] org.apache.tomcat.util.scan.StandardJarScanner.processURLs Failed to scan [file:/usr/local/tomcat/webapps/lpu-reservation-system-0.0.1-SNAPSHOT/WEB-INF/lib/angus-mail-2.0.3.jar] from classloader hierarchy
	java.nio.file.NoSuchFileException: /usr/local/tomcat/webapps/lpu-reservation-system-0.0.1-SNAPSHOT/WEB-INF/lib/angus-mail-2.0.3.jar
		at java.base/sun.nio.fs.UnixException.translateToIOException(UnixException.java:92)
		at java.base/sun.nio.fs.UnixException.rethrowAsIOException(UnixException.java:106)
		at java.base/sun.nio.fs.UnixException.rethrowAsIOException(UnixException.java:111)
		at java.base/sun.nio.fs.UnixFileAttributeViews$Basic.readAttributes(UnixFileAttributeViews.java:55)
		at java.base/sun.nio.fs.UnixFileSystemProvider.readAttributes(UnixFileSystemProvider.java:171)
		at java.base/sun.nio.fs.LinuxFileSystemProvider.readAttributes(LinuxFileSystemProvider.java:99)
		at java.base/java.nio.file.Files.readAttributes(Files.java:1854)
		at java.base/java.util.zip.ZipFile$Source.get(ZipFile.java:1445)
		at java.base/java.util.zip.ZipFile$CleanableResource.<init>(ZipFile.java:724)
		at java.base/java.util.zip.ZipFile.<init>(ZipFile.java:251)
		at java.base/java.util.zip.ZipFile.<init>(ZipFile.java:180)
		at java.base/java.util.jar.JarFile.<init>(JarFile.java:345)
		at org.apache.tomcat.util.scan.JarFileUrlJar.<init>(JarFileUrlJar.java:64)
		at org.apache.tomcat.util.scan.JarFactory.newInstance(JarFactory.java:50)
		at org.apache.tomcat.util.scan.StandardJarScanner.process(StandardJarScanner.java:391)
		at org.apache.tomcat.util.scan.StandardJarScanner.processURLs(StandardJarScanner.java:332)
		at org.apache.tomcat.util.scan.StandardJarScanner.doScanClassPath(StandardJarScanner.java:278)
		at org.apache.tomcat.util.scan.StandardJarScanner.scan(StandardJarScanner.java:242)
		at org.apache.jasper.servlet.TldScanner.scanJars(TldScanner.java:248)
		at org.apache.jasper.servlet.TldScanner.scan(TldScanner.java:98)
		at org.apache.jasper.servlet.JasperInitializer.onStartup(JasperInitializer.java:79)
		at org.apache.catalina.core.StandardContext.startInternal(StandardContext.java:4420)
		at org.apache.catalina.util.LifecycleBase.start(LifecycleBase.java:164)
		at org.apache.catalina.core.ContainerBase.addChild(ContainerBase.java:564)
		at org.apache.catalina.core.StandardHost.addChild(StandardHost.java:663)
		at org.apache.catalina.startup.HostConfig.deployWAR(HostConfig.java:923)
		at org.apache.catalina.startup.HostConfig$DeployWar.run(HostConfig.java:1839)
		at java.base/java.util.concurrent.Executors$RunnableAdapter.call(Executors.java:572)
		at java.base/java.util.concurrent.FutureTask.run(FutureTask.java:317)
		at org.apache.tomcat.util.threads.InlineExecutorService.execute(InlineExecutorService.java:81)
		at java.base/java.util.concurrent.AbstractExecutorService.submit(AbstractExecutorService.java:123)
		at org.apache.catalina.startup.HostConfig.deployWARs(HostConfig.java:727)
		at org.apache.catalina.startup.HostConfig.deployApps(HostConfig.java:378)
		at org.apache.catalina.startup.HostConfig.check(HostConfig.java:1628)
		at org.apache.catalina.startup.HostConfig.lifecycleEvent(HostConfig.java:260)
		at org.apache.catalina.util.LifecycleBase.fireLifecycleEvent(LifecycleBase.java:109)
		at org.apache.catalina.core.ContainerBase.backgroundProcess(ContainerBase.java:938)
		at org.apache.catalina.core.ContainerBase$ContainerBackgroundProcessor.processChildren(ContainerBase.java:1137)
		at org.apache.catalina.core.ContainerBase$ContainerBackgroundProcessor.processChildren(ContainerBase.java:1141)
		at org.apache.catalina.core.ContainerBase$ContainerBackgroundProcessor.run(ContainerBase.java:1119)
		at java.base/java.util.concurrent.Executors$RunnableAdapter.call(Executors.java:572)
		at java.base/java.util.concurrent.FutureTask.runAndReset(FutureTask.java:358)
		at java.base/java.util.concurrent.ScheduledThreadPoolExecutor$ScheduledFutureTask.run(ScheduledThreadPoolExecutor.java:305)
		at java.base/java.util.concurrent.ThreadPoolExecutor.runWorker(ThreadPoolExecutor.java:1144)
		at java.base/java.util.concurrent.ThreadPoolExecutor$Worker.run(ThreadPoolExecutor.java:642)
		at org.apache.tomcat.util.threads.TaskThread$WrappingRunnable.run(TaskThread.java:57)
		at java.base/java.lang.Thread.run(Thread.java:1583)
04-Jul-2026 23:05:00.792 WARNING [Catalina-utility-1] org.apache.tomcat.util.scan.StandardJarScanner.processURLs Failed to scan [file:/usr/local/tomcat/webapps/lpu-reservation-system-0.0.1-SNAPSHOT/WEB-INF/lib/thumbnailator-0.4.20.jar] from classloader hierarchy
	java.nio.file.NoSuchFileException: /usr/local/tomcat/webapps/lpu-reservation-system-0.0.1-SNAPSHOT/WEB-INF/lib/thumbnailator-0.4.20.jar
		at java.base/sun.nio.fs.UnixException.translateToIOException(UnixException.java:92)
		at java.base/sun.nio.fs.UnixException.rethrowAsIOException(UnixException.java:106)
		at java.base/sun.nio.fs.UnixException.rethrowAsIOException(UnixException.java:111)
		at java.base/sun.nio.fs.UnixFileAttributeViews$Basic.readAttributes(UnixFileAttributeViews.java:55)
		at java.base/sun.nio.fs.UnixFileSystemProvider.readAttributes(UnixFileSystemProvider.java:171)
		at java.base/sun.nio.fs.LinuxFileSystemProvider.readAttributes(LinuxFileSystemProvider.java:99)
		at java.base/java.nio.file.Files.readAttributes(Files.java:1854)
		at java.base/java.util.zip.ZipFile$Source.get(ZipFile.java:1445)
		at java.base/java.util.zip.ZipFile$CleanableResource.<init>(ZipFile.java:724)
		at java.base/java.util.zip.ZipFile.<init>(ZipFile.java:251)
		at java.base/java.util.zip.ZipFile.<init>(ZipFile.java:180)
		at java.base/java.util.jar.JarFile.<init>(JarFile.java:345)
		at org.apache.tomcat.util.scan.JarFileUrlJar.<init>(JarFileUrlJar.java:64)
		at org.apache.tomcat.util.scan.JarFactory.newInstance(JarFactory.java:50)
		at org.apache.tomcat.util.scan.StandardJarScanner.process(StandardJarScanner.java:391)
		at org.apache.tomcat.util.scan.StandardJarScanner.processURLs(StandardJarScanner.java:332)
		at org.apache.tomcat.util.scan.StandardJarScanner.doScanClassPath(StandardJarScanner.java:278)
		at org.apache.tomcat.util.scan.StandardJarScanner.scan(StandardJarScanner.java:242)
		at org.apache.jasper.servlet.TldScanner.scanJars(TldScanner.java:248)
		at org.apache.jasper.servlet.TldScanner.scan(TldScanner.java:98)
		at org.apache.jasper.servlet.JasperInitializer.onStartup(JasperInitializer.java:79)
		at org.apache.catalina.core.StandardContext.startInternal(StandardContext.java:4420)
		at org.apache.catalina.util.LifecycleBase.start(LifecycleBase.java:164)
		at org.apache.catalina.core.ContainerBase.addChild(ContainerBase.java:564)
		at org.apache.catalina.core.StandardHost.addChild(StandardHost.java:663)
		at org.apache.catalina.startup.HostConfig.deployWAR(HostConfig.java:923)
		at org.apache.catalina.startup.HostConfig$DeployWar.run(HostConfig.java:1839)
		at java.base/java.util.concurrent.Executors$RunnableAdapter.call(Executors.java:572)
		at java.base/java.util.concurrent.FutureTask.run(FutureTask.java:317)
		at org.apache.tomcat.util.threads.InlineExecutorService.execute(InlineExecutorService.java:81)
		at java.base/java.util.concurrent.AbstractExecutorService.submit(AbstractExecutorService.java:123)
		at org.apache.catalina.startup.HostConfig.deployWARs(HostConfig.java:727)
		at org.apache.catalina.startup.HostConfig.deployApps(HostConfig.java:378)
		at org.apache.catalina.startup.HostConfig.check(HostConfig.java:1628)
		at org.apache.catalina.startup.HostConfig.lifecycleEvent(HostConfig.java:260)
		at org.apache.catalina.util.LifecycleBase.fireLifecycleEvent(LifecycleBase.java:109)
		at org.apache.catalina.core.ContainerBase.backgroundProcess(ContainerBase.java:938)
		at org.apache.catalina.core.ContainerBase$ContainerBackgroundProcessor.processChildren(ContainerBase.java:1137)
		at org.apache.catalina.core.ContainerBase$ContainerBackgroundProcessor.processChildren(ContainerBase.java:1141)
		at org.apache.catalina.core.ContainerBase$ContainerBackgroundProcessor.run(ContainerBase.java:1119)
		at java.base/java.util.concurrent.Executors$RunnableAdapter.call(Executors.java:572)
		at java.base/java.util.concurrent.FutureTask.runAndReset(FutureTask.java:358)
		at java.base/java.util.concurrent.ScheduledThreadPoolExecutor$ScheduledFutureTask.run(ScheduledThreadPoolExecutor.java:305)
		at java.base/java.util.concurrent.ThreadPoolExecutor.runWorker(ThreadPoolExecutor.java:1144)
		at java.base/java.util.concurrent.ThreadPoolExecutor$Worker.run(ThreadPoolExecutor.java:642)
		at org.apache.tomcat.util.threads.TaskThread$WrappingRunnable.run(TaskThread.java:57)
		at java.base/java.lang.Thread.run(Thread.java:1583)
04-Jul-2026 23:05:00.793 WARNING [Catalina-utility-1] org.apache.tomcat.util.scan.StandardJarScanner.processURLs Failed to scan [file:/usr/local/tomcat/webapps/lpu-reservation-system-0.0.1-SNAPSHOT/WEB-INF/lib/jakarta.mail-api-2.1.3.jar] from classloader hierarchy
	java.nio.file.NoSuchFileException: /usr/local/tomcat/webapps/lpu-reservation-system-0.0.1-SNAPSHOT/WEB-INF/lib/jakarta.mail-api-2.1.3.jar
		at java.base/sun.nio.fs.UnixException.translateToIOException(UnixException.java:92)
		at java.base/sun.nio.fs.UnixException.rethrowAsIOException(UnixException.java:106)
		at java.base/sun.nio.fs.UnixException.rethrowAsIOException(UnixException.java:111)
		at java.base/sun.nio.fs.UnixFileAttributeViews$Basic.readAttributes(UnixFileAttributeViews.java:55)
		at java.base/sun.nio.fs.UnixFileSystemProvider.readAttributes(UnixFileSystemProvider.java:171)
		at java.base/sun.nio.fs.LinuxFileSystemProvider.readAttributes(LinuxFileSystemProvider.java:99)
		at java.base/java.nio.file.Files.readAttributes(Files.java:1854)
		at java.base/java.util.zip.ZipFile$Source.get(ZipFile.java:1445)
		at java.base/java.util.zip.ZipFile$CleanableResource.<init>(ZipFile.java:724)
		at java.base/java.util.zip.ZipFile.<init>(ZipFile.java:251)
		at java.base/java.util.zip.ZipFile.<init>(ZipFile.java:180)
		at java.base/java.util.jar.JarFile.<init>(JarFile.java:345)
		at org.apache.tomcat.util.scan.JarFileUrlJar.<init>(JarFileUrlJar.java:64)
		at org.apache.tomcat.util.scan.JarFactory.newInstance(JarFactory.java:50)
		at org.apache.tomcat.util.scan.StandardJarScanner.process(StandardJarScanner.java:391)
		at org.apache.tomcat.util.scan.StandardJarScanner.processURLs(StandardJarScanner.java:332)
		at org.apache.tomcat.util.scan.StandardJarScanner.doScanClassPath(StandardJarScanner.java:278)
		at org.apache.tomcat.util.scan.StandardJarScanner.scan(StandardJarScanner.java:242)
		at org.apache.jasper.servlet.TldScanner.scanJars(TldScanner.java:248)
		at org.apache.jasper.servlet.TldScanner.scan(TldScanner.java:98)
		at org.apache.jasper.servlet.JasperInitializer.onStartup(JasperInitializer.java:79)
		at org.apache.catalina.core.StandardContext.startInternal(StandardContext.java:4420)
		at org.apache.catalina.util.LifecycleBase.start(LifecycleBase.java:164)
		at org.apache.catalina.core.ContainerBase.addChild(ContainerBase.java:564)
		at org.apache.catalina.core.StandardHost.addChild(StandardHost.java:663)
		at org.apache.catalina.startup.HostConfig.deployWAR(HostConfig.java:923)
		at org.apache.catalina.startup.HostConfig$DeployWar.run(HostConfig.java:1839)
		at java.base/java.util.concurrent.Executors$RunnableAdapter.call(Executors.java:572)
		at java.base/java.util.concurrent.FutureTask.run(FutureTask.java:317)
		at org.apache.tomcat.util.threads.InlineExecutorService.execute(InlineExecutorService.java:81)
		at java.base/java.util.concurrent.AbstractExecutorService.submit(AbstractExecutorService.java:123)
		at org.apache.catalina.startup.HostConfig.deployWARs(HostConfig.java:727)
		at org.apache.catalina.startup.HostConfig.deployApps(HostConfig.java:378)
		at org.apache.catalina.startup.HostConfig.check(HostConfig.java:1628)
		at org.apache.catalina.startup.HostConfig.lifecycleEvent(HostConfig.java:260)
		at org.apache.catalina.util.LifecycleBase.fireLifecycleEvent(LifecycleBase.java:109)
		at org.apache.catalina.core.ContainerBase.backgroundProcess(ContainerBase.java:938)
		at org.apache.catalina.core.ContainerBase$ContainerBackgroundProcessor.processChildren(ContainerBase.java:1137)
		at org.apache.catalina.core.ContainerBase$ContainerBackgroundProcessor.processChildren(ContainerBase.java:1141)
		at org.apache.catalina.core.ContainerBase$ContainerBackgroundProcessor.run(ContainerBase.java:1119)
		at java.base/java.util.concurrent.Executors$RunnableAdapter.call(Executors.java:572)
		at java.base/java.util.concurrent.FutureTask.runAndReset(FutureTask.java:358)
		at java.base/java.util.concurrent.ScheduledThreadPoolExecutor$ScheduledFutureTask.run(ScheduledThreadPoolExecutor.java:305)
		at java.base/java.util.concurrent.ThreadPoolExecutor.runWorker(ThreadPoolExecutor.java:1144)
		at java.base/java.util.concurrent.ThreadPoolExecutor$Worker.run(ThreadPoolExecutor.java:642)
		at org.apache.tomcat.util.threads.TaskThread$WrappingRunnable.run(TaskThread.java:57)
		at java.base/java.lang.Thread.run(Thread.java:1583)
04-Jul-2026 23:05:00.794 WARNING [Catalina-utility-1] org.apache.tomcat.util.scan.StandardJarScanner.processURLs Failed to scan [file:/usr/local/tomcat/webapps/lpu-reservation-system-0.0.1-SNAPSHOT/WEB-INF/lib/spring-context-7.0.6.jar] from classloader hierarchy
	java.nio.file.NoSuchFileException: /usr/local/tomcat/webapps/lpu-reservation-system-0.0.1-SNAPSHOT/WEB-INF/lib/spring-context-7.0.6.jar
		at java.base/sun.nio.fs.UnixException.translateToIOException(UnixException.java:92)
		at java.base/sun.nio.fs.UnixException.rethrowAsIOException(UnixException.java:106)
		at java.base/sun.nio.fs.UnixException.rethrowAsIOException(UnixException.java:111)
		at java.base/sun.nio.fs.UnixFileAttributeViews$Basic.readAttributes(UnixFileAttributeViews.java:55)
		at java.base/sun.nio.fs.UnixFileSystemProvider.readAttributes(UnixFileSystemProvider.java:171)
		at java.base/sun.nio.fs.LinuxFileSystemProvider.readAttributes(LinuxFileSystemProvider.java:99)
		at java.base/java.nio.file.Files.readAttributes(Files.java:1854)
		at java.base/java.util.zip.ZipFile$Source.get(ZipFile.java:1445)
		at java.base/java.util.zip.ZipFile$CleanableResource.<init>(ZipFile.java:724)
		at java.base/java.util.zip.ZipFile.<init>(ZipFile.java:251)
		at java.base/java.util.zip.ZipFile.<init>(ZipFile.java:180)
		at java.base/java.util.jar.JarFile.<init>(JarFile.java:345)
		at org.apache.tomcat.util.scan.JarFileUrlJar.<init>(JarFileUrlJar.java:64)
		at org.apache.tomcat.util.scan.JarFactory.newInstance(JarFactory.java:50)
		at org.apache.tomcat.util.scan.StandardJarScanner.process(StandardJarScanner.java:391)
		at org.apache.tomcat.util.scan.StandardJarScanner.processURLs(StandardJarScanner.java:332)
		at org.apache.tomcat.util.scan.StandardJarScanner.doScanClassPath(StandardJarScanner.java:278)
		at org.apache.tomcat.util.scan.StandardJarScanner.scan(StandardJarScanner.java:242)
		at org.apache.jasper.servlet.TldScanner.scanJars(TldScanner.java:248)
		at org.apache.jasper.servlet.TldScanner.scan(TldScanner.java:98)
		at org.apache.jasper.servlet.JasperInitializer.onStartup(JasperInitializer.java:79)
		at org.apache.catalina.core.StandardContext.startInternal(StandardContext.java:4420)
		at org.apache.catalina.util.LifecycleBase.start(LifecycleBase.java:164)
		at org.apache.catalina.core.ContainerBase.addChild(ContainerBase.java:564)
		at org.apache.catalina.core.StandardHost.addChild(StandardHost.java:663)
		at org.apache.catalina.startup.HostConfig.deployWAR(HostConfig.java:923)
		at org.apache.catalina.startup.HostConfig$DeployWar.run(HostConfig.java:1839)
		at java.base/java.util.concurrent.Executors$RunnableAdapter.call(Executors.java:572)
		at java.base/java.util.concurrent.FutureTask.run(FutureTask.java:317)
		at org.apache.tomcat.util.threads.InlineExecutorService.execute(InlineExecutorService.java:81)
		at java.base/java.util.concurrent.AbstractExecutorService.submit(AbstractExecutorService.java:123)
		at org.apache.catalina.startup.HostConfig.deployWARs(HostConfig.java:727)
		at org.apache.catalina.startup.HostConfig.deployApps(HostConfig.java:378)
		at org.apache.catalina.startup.HostConfig.check(HostConfig.java:1628)
		at org.apache.catalina.startup.HostConfig.lifecycleEvent(HostConfig.java:260)
		at org.apache.catalina.util.LifecycleBase.fireLifecycleEvent(LifecycleBase.java:109)
		at org.apache.catalina.core.ContainerBase.backgroundProcess(ContainerBase.java:938)
		at org.apache.catalina.core.ContainerBase$ContainerBackgroundProcessor.processChildren(ContainerBase.java:1137)
		at org.apache.catalina.core.ContainerBase$ContainerBackgroundProcessor.processChildren(ContainerBase.java:1141)
		at org.apache.catalina.core.ContainerBase$ContainerBackgroundProcessor.run(ContainerBase.java:1119)
		at java.base/java.util.concurrent.Executors$RunnableAdapter.call(Executors.java:572)
		at java.base/java.util.concurrent.FutureTask.runAndReset(FutureTask.java:358)
		at java.base/java.util.concurrent.ScheduledThreadPoolExecutor$ScheduledFutureTask.run(ScheduledThreadPoolExecutor.java:305)
		at java.base/java.util.concurrent.ThreadPoolExecutor.runWorker(ThreadPoolExecutor.java:1144)
		at java.base/java.util.concurrent.ThreadPoolExecutor$Worker.run(ThreadPoolExecutor.java:642)
		at org.apache.tomcat.util.threads.TaskThread$WrappingRunnable.run(TaskThread.java:57)
		at java.base/java.lang.Thread.run(Thread.java:1583)
04-Jul-2026 23:05:00.795 WARNING [Catalina-utility-1] org.apache.tomcat.util.scan.StandardJarScanner.processURLs Failed to scan [file:/usr/local/tomcat/webapps/lpu-reservation-system-0.0.1-SNAPSHOT/WEB-INF/lib/thymeleaf-3.1.3.RELEASE.jar] from classloader hierarchy
	java.nio.file.NoSuchFileException: /usr/local/tomcat/webapps/lpu-reservation-system-0.0.1-SNAPSHOT/WEB-INF/lib/thymeleaf-3.1.3.RELEASE.jar
		at java.base/sun.nio.fs.UnixException.translateToIOException(UnixException.java:92)
		at java.base/sun.nio.fs.UnixException.rethrowAsIOException(UnixException.java:106)
		at java.base/sun.nio.fs.UnixException.rethrowAsIOException(UnixException.java:111)
		at java.base/sun.nio.fs.UnixFileAttributeViews$Basic.readAttributes(UnixFileAttributeViews.java:55)
		at java.base/sun.nio.fs.UnixFileSystemProvider.readAttributes(UnixFileSystemProvider.java:171)
		at java.base/sun.nio.fs.LinuxFileSystemProvider.readAttributes(LinuxFileSystemProvider.java:99)
		at java.base/java.nio.file.Files.readAttributes(Files.java:1854)
		at java.base/java.util.zip.ZipFile$Source.get(ZipFile.java:1445)
		at java.base/java.util.zip.ZipFile$CleanableResource.<init>(ZipFile.java:724)
		at java.base/java.util.zip.ZipFile.<init>(ZipFile.java:251)
		at java.base/java.util.zip.ZipFile.<init>(ZipFile.java:180)
		at java.base/java.util.jar.JarFile.<init>(JarFile.java:345)
		at org.apache.tomcat.util.scan.JarFileUrlJar.<init>(JarFileUrlJar.java:64)
		at org.apache.tomcat.util.scan.JarFactory.newInstance(JarFactory.java:50)
		at org.apache.tomcat.util.scan.StandardJarScanner.process(StandardJarScanner.java:391)
		at org.apache.tomcat.util.scan.StandardJarScanner.processURLs(StandardJarScanner.java:332)
		at org.apache.tomcat.util.scan.StandardJarScanner.doScanClassPath(StandardJarScanner.java:278)
		at org.apache.tomcat.util.scan.StandardJarScanner.scan(StandardJarScanner.java:242)
		at org.apache.jasper.servlet.TldScanner.scanJars(TldScanner.java:248)
		at org.apache.jasper.servlet.TldScanner.scan(TldScanner.java:98)
		at org.apache.jasper.servlet.JasperInitializer.onStartup(JasperInitializer.java:79)
		at org.apache.catalina.core.StandardContext.startInternal(StandardContext.java:4420)
		at org.apache.catalina.util.LifecycleBase.start(LifecycleBase.java:164)
		at org.apache.catalina.core.ContainerBase.addChild(ContainerBase.java:564)
		at org.apache.catalina.core.StandardHost.addChild(StandardHost.java:663)
		at org.apache.catalina.startup.HostConfig.deployWAR(HostConfig.java:923)
		at org.apache.catalina.startup.HostConfig$DeployWar.run(HostConfig.java:1839)
		at java.base/java.util.concurrent.Executors$RunnableAdapter.call(Executors.java:572)
		at java.base/java.util.concurrent.FutureTask.run(FutureTask.java:317)
		at org.apache.tomcat.util.threads.InlineExecutorService.execute(InlineExecutorService.java:81)
		at java.base/java.util.concurrent.AbstractExecutorService.submit(AbstractExecutorService.java:123)
		at org.apache.catalina.startup.HostConfig.deployWARs(HostConfig.java:727)
		at org.apache.catalina.startup.HostConfig.deployApps(HostConfig.java:378)
		at org.apache.catalina.startup.HostConfig.check(HostConfig.java:1628)
		at org.apache.catalina.startup.HostConfig.lifecycleEvent(HostConfig.java:260)
		at org.apache.catalina.util.LifecycleBase.fireLifecycleEvent(LifecycleBase.java:109)
		at org.apache.catalina.core.ContainerBase.backgroundProcess(ContainerBase.java:938)
		at org.apache.catalina.core.ContainerBase$ContainerBackgroundProcessor.processChildren(ContainerBase.java:1137)
		at org.apache.catalina.core.ContainerBase$ContainerBackgroundProcessor.processChildren(ContainerBase.java:1141)
		at org.apache.catalina.core.ContainerBase$ContainerBackgroundProcessor.run(ContainerBase.java:1119)
		at java.base/java.util.concurrent.Executors$RunnableAdapter.call(Executors.java:572)
		at java.base/java.util.concurrent.FutureTask.runAndReset(FutureTask.java:358)
		at java.base/java.util.concurrent.ScheduledThreadPoolExecutor$ScheduledFutureTask.run(ScheduledThreadPoolExecutor.java:305)
		at java.base/java.util.concurrent.ThreadPoolExecutor.runWorker(ThreadPoolExecutor.java:1144)
		at java.base/java.util.concurrent.ThreadPoolExecutor$Worker.run(ThreadPoolExecutor.java:642)
		at org.apache.tomcat.util.threads.TaskThread$WrappingRunnable.run(TaskThread.java:57)
		at java.base/java.lang.Thread.run(Thread.java:1583)
04-Jul-2026 23:05:00.795 WARNING [Catalina-utility-1] org.apache.tomcat.util.scan.StandardJarScanner.processURLs Failed to scan [file:/usr/local/tomcat/webapps/lpu-reservation-system-0.0.1-SNAPSHOT/WEB-INF/lib/spring-orm-7.0.6.jar] from classloader hierarchy
	java.nio.file.NoSuchFileException: /usr/local/tomcat/webapps/lpu-reservation-system-0.0.1-SNAPSHOT/WEB-INF/lib/spring-orm-7.0.6.jar
		at java.base/sun.nio.fs.UnixException.translateToIOException(UnixException.java:92)
		at java.base/sun.nio.fs.UnixException.rethrowAsIOException(UnixException.java:106)
		at java.base/sun.nio.fs.UnixException.rethrowAsIOException(UnixException.java:111)
		at java.base/sun.nio.fs.UnixFileAttributeViews$Basic.readAttributes(UnixFileAttributeViews.java:55)
		at java.base/sun.nio.fs.UnixFileSystemProvider.readAttributes(UnixFileSystemProvider.java:171)
		at java.base/sun.nio.fs.LinuxFileSystemProvider.readAttributes(LinuxFileSystemProvider.java:99)
		at java.base/java.nio.file.Files.readAttributes(Files.java:1854)
		at java.base/java.util.zip.ZipFile$Source.get(ZipFile.java:1445)
		at java.base/java.util.zip.ZipFile$CleanableResource.<init>(ZipFile.java:724)
		at java.base/java.util.zip.ZipFile.<init>(ZipFile.java:251)
		at java.base/java.util.zip.ZipFile.<init>(ZipFile.java:180)
		at java.base/java.util.jar.JarFile.<init>(JarFile.java:345)
		at org.apache.tomcat.util.scan.JarFileUrlJar.<init>(JarFileUrlJar.java:64)
		at org.apache.tomcat.util.scan.JarFactory.newInstance(JarFactory.java:50)
		at org.apache.tomcat.util.scan.StandardJarScanner.process(StandardJarScanner.java:391)
		at org.apache.tomcat.util.scan.StandardJarScanner.processURLs(StandardJarScanner.java:332)
		at org.apache.tomcat.util.scan.StandardJarScanner.doScanClassPath(StandardJarScanner.java:278)
		at org.apache.tomcat.util.scan.StandardJarScanner.scan(StandardJarScanner.java:242)
		at org.apache.jasper.servlet.TldScanner.scanJars(TldScanner.java:248)
		at org.apache.jasper.servlet.TldScanner.scan(TldScanner.java:98)
		at org.apache.jasper.servlet.JasperInitializer.onStartup(JasperInitializer.java:79)
		at org.apache.catalina.core.StandardContext.startInternal(StandardContext.java:4420)
		at org.apache.catalina.util.LifecycleBase.start(LifecycleBase.java:164)
		at org.apache.catalina.core.ContainerBase.addChild(ContainerBase.java:564)
		at org.apache.catalina.core.StandardHost.addChild(StandardHost.java:663)
		at org.apache.catalina.startup.HostConfig.deployWAR(HostConfig.java:923)
		at org.apache.catalina.startup.HostConfig$DeployWar.run(HostConfig.java:1839)
		at java.base/java.util.concurrent.Executors$RunnableAdapter.call(Executors.java:572)
		at java.base/java.util.concurrent.FutureTask.run(FutureTask.java:317)
		at org.apache.tomcat.util.threads.InlineExecutorService.execute(InlineExecutorService.java:81)
		at java.base/java.util.concurrent.AbstractExecutorService.submit(AbstractExecutorService.java:123)
		at org.apache.catalina.startup.HostConfig.deployWARs(HostConfig.java:727)
		at org.apache.catalina.startup.HostConfig.deployApps(HostConfig.java:378)
		at org.apache.catalina.startup.HostConfig.check(HostConfig.java:1628)
		at org.apache.catalina.startup.HostConfig.lifecycleEvent(HostConfig.java:260)
		at org.apache.catalina.util.LifecycleBase.fireLifecycleEvent(LifecycleBase.java:109)
		at org.apache.catalina.core.ContainerBase.backgroundProcess(ContainerBase.java:938)
		at org.apache.catalina.core.ContainerBase$ContainerBackgroundProcessor.processChildren(ContainerBase.java:1137)
		at org.apache.catalina.core.ContainerBase$ContainerBackgroundProcessor.processChildren(ContainerBase.java:1141)
		at org.apache.catalina.core.ContainerBase$ContainerBackgroundProcessor.run(ContainerBase.java:1119)
		at java.base/java.util.concurrent.Executors$RunnableAdapter.call(Executors.java:572)
		at java.base/java.util.concurrent.FutureTask.runAndReset(FutureTask.java:358)
		at java.base/java.util.concurrent.ScheduledThreadPoolExecutor$ScheduledFutureTask.run(ScheduledThreadPoolExecutor.java:305)
		at java.base/java.util.concurrent.ThreadPoolExecutor.runWorker(ThreadPoolExecutor.java:1144)
		at java.base/java.util.concurrent.ThreadPoolExecutor$Worker.run(ThreadPoolExecutor.java:642)
		at org.apache.tomcat.util.threads.TaskThread$WrappingRunnable.run(TaskThread.java:57)
		at java.base/java.lang.Thread.run(Thread.java:1583)
04-Jul-2026 23:05:00.796 WARNING [Catalina-utility-1] org.apache.tomcat.util.scan.StandardJarScanner.processURLs Failed to scan [file:/usr/local/tomcat/webapps/lpu-reservation-system-0.0.1-SNAPSHOT/WEB-INF/lib/attoparser-2.0.7.RELEASE.jar] from classloader hierarchy
	java.nio.file.NoSuchFileException: /usr/local/tomcat/webapps/lpu-reservation-system-0.0.1-SNAPSHOT/WEB-INF/lib/attoparser-2.0.7.RELEASE.jar
		at java.base/sun.nio.fs.UnixException.translateToIOException(UnixException.java:92)
		at java.base/sun.nio.fs.UnixException.rethrowAsIOException(UnixException.java:106)
		at java.base/sun.nio.fs.UnixException.rethrowAsIOException(UnixException.java:111)
		at java.base/sun.nio.fs.UnixFileAttributeViews$Basic.readAttributes(UnixFileAttributeViews.java:55)
		at java.base/sun.nio.fs.UnixFileSystemProvider.readAttributes(UnixFileSystemProvider.java:171)
		at java.base/sun.nio.fs.LinuxFileSystemProvider.readAttributes(LinuxFileSystemProvider.java:99)
		at java.base/java.nio.file.Files.readAttributes(Files.java:1854)
		at java.base/java.util.zip.ZipFile$Source.get(ZipFile.java:1445)
		at java.base/java.util.zip.ZipFile$CleanableResource.<init>(ZipFile.java:724)
		at java.base/java.util.zip.ZipFile.<init>(ZipFile.java:251)
		at java.base/java.util.zip.ZipFile.<init>(ZipFile.java:180)
		at java.base/java.util.jar.JarFile.<init>(JarFile.java:345)
		at org.apache.tomcat.util.scan.JarFileUrlJar.<init>(JarFileUrlJar.java:64)
		at org.apache.tomcat.util.scan.JarFactory.newInstance(JarFactory.java:50)
		at org.apache.tomcat.util.scan.StandardJarScanner.process(StandardJarScanner.java:391)
		at org.apache.tomcat.util.scan.StandardJarScanner.processURLs(StandardJarScanner.java:332)
		at org.apache.tomcat.util.scan.StandardJarScanner.doScanClassPath(StandardJarScanner.java:278)
		at org.apache.tomcat.util.scan.StandardJarScanner.scan(StandardJarScanner.java:242)
		at org.apache.jasper.servlet.TldScanner.scanJars(TldScanner.java:248)
		at org.apache.jasper.servlet.TldScanner.scan(TldScanner.java:98)
		at org.apache.jasper.servlet.JasperInitializer.onStartup(JasperInitializer.java:79)
		at org.apache.catalina.core.StandardContext.startInternal(StandardContext.java:4420)
		at org.apache.catalina.util.LifecycleBase.start(LifecycleBase.java:164)
		at org.apache.catalina.core.ContainerBase.addChild(ContainerBase.java:564)
		at org.apache.catalina.core.StandardHost.addChild(StandardHost.java:663)
		at org.apache.catalina.startup.HostConfig.deployWAR(HostConfig.java:923)
		at org.apache.catalina.startup.HostConfig$DeployWar.run(HostConfig.java:1839)
		at java.base/java.util.concurrent.Executors$RunnableAdapter.call(Executors.java:572)
		at java.base/java.util.concurrent.FutureTask.run(FutureTask.java:317)
		at org.apache.tomcat.util.threads.InlineExecutorService.execute(InlineExecutorService.java:81)
		at java.base/java.util.concurrent.AbstractExecutorService.submit(AbstractExecutorService.java:123)
		at org.apache.catalina.startup.HostConfig.deployWARs(HostConfig.java:727)
		at org.apache.catalina.startup.HostConfig.deployApps(HostConfig.java:378)
		at org.apache.catalina.startup.HostConfig.check(HostConfig.java:1628)
		at org.apache.catalina.startup.HostConfig.lifecycleEvent(HostConfig.java:260)
		at org.apache.catalina.util.LifecycleBase.fireLifecycleEvent(LifecycleBase.java:109)
		at org.apache.catalina.core.ContainerBase.backgroundProcess(ContainerBase.java:938)
		at org.apache.catalina.core.ContainerBase$ContainerBackgroundProcessor.processChildren(ContainerBase.java:1137)
		at org.apache.catalina.core.ContainerBase$ContainerBackgroundProcessor.processChildren(ContainerBase.java:1141)
		at org.apache.catalina.core.ContainerBase$ContainerBackgroundProcessor.run(ContainerBase.java:1119)
		at java.base/java.util.concurrent.Executors$RunnableAdapter.call(Executors.java:572)
		at java.base/java.util.concurrent.FutureTask.runAndReset(FutureTask.java:358)
		at java.base/java.util.concurrent.ScheduledThreadPoolExecutor$ScheduledFutureTask.run(ScheduledThreadPoolExecutor.java:305)
		at java.base/java.util.concurrent.ThreadPoolExecutor.runWorker(ThreadPoolExecutor.java:1144)
		at java.base/java.util.concurrent.ThreadPoolExecutor$Worker.run(ThreadPoolExecutor.java:642)
		at org.apache.tomcat.util.threads.TaskThread$WrappingRunnable.run(TaskThread.java:57)
		at java.base/java.lang.Thread.run(Thread.java:1583)
04-Jul-2026 23:05:00.796 WARNING [Catalina-utility-1] org.apache.tomcat.util.scan.StandardJarScanner.processURLs Failed to scan [file:/usr/local/tomcat/webapps/lpu-reservation-system-0.0.1-SNAPSHOT/WEB-INF/lib/jakarta.servlet.jsp.jstl-api-3.0.2.jar] from classloader hierarchy
	java.nio.file.NoSuchFileException: /usr/local/tomcat/webapps/lpu-reservation-system-0.0.1-SNAPSHOT/WEB-INF/lib/jakarta.servlet.jsp.jstl-api-3.0.2.jar
		at java.base/sun.nio.fs.UnixException.translateToIOException(UnixException.java:92)
		at java.base/sun.nio.fs.UnixException.rethrowAsIOException(UnixException.java:106)
		at java.base/sun.nio.fs.UnixException.rethrowAsIOException(UnixException.java:111)
		at java.base/sun.nio.fs.UnixFileAttributeViews$Basic.readAttributes(UnixFileAttributeViews.java:55)
		at java.base/sun.nio.fs.UnixFileSystemProvider.readAttributes(UnixFileSystemProvider.java:171)
		at java.base/sun.nio.fs.LinuxFileSystemProvider.readAttributes(LinuxFileSystemProvider.java:99)
		at java.base/java.nio.file.Files.readAttributes(Files.java:1854)
		at java.base/java.util.zip.ZipFile$Source.get(ZipFile.java:1445)
		at java.base/java.util.zip.ZipFile$CleanableResource.<init>(ZipFile.java:724)
		at java.base/java.util.zip.ZipFile.<init>(ZipFile.java:251)
		at java.base/java.util.zip.ZipFile.<init>(ZipFile.java:180)
		at java.base/java.util.jar.JarFile.<init>(JarFile.java:345)
		at org.apache.tomcat.util.scan.JarFileUrlJar.<init>(JarFileUrlJar.java:64)
		at org.apache.tomcat.util.scan.JarFactory.newInstance(JarFactory.java:50)
		at org.apache.tomcat.util.scan.StandardJarScanner.process(StandardJarScanner.java:391)
		at org.apache.tomcat.util.scan.StandardJarScanner.processURLs(StandardJarScanner.java:332)
		at org.apache.tomcat.util.scan.StandardJarScanner.doScanClassPath(StandardJarScanner.java:278)
		at org.apache.tomcat.util.scan.StandardJarScanner.scan(StandardJarScanner.java:242)
		at org.apache.jasper.servlet.TldScanner.scanJars(TldScanner.java:248)
		at org.apache.jasper.servlet.TldScanner.scan(TldScanner.java:98)
		at org.apache.jasper.servlet.JasperInitializer.onStartup(JasperInitializer.java:79)
		at org.apache.catalina.core.StandardContext.startInternal(StandardContext.java:4420)
		at org.apache.catalina.util.LifecycleBase.start(LifecycleBase.java:164)
		at org.apache.catalina.core.ContainerBase.addChild(ContainerBase.java:564)
		at org.apache.catalina.core.StandardHost.addChild(StandardHost.java:663)
		at org.apache.catalina.startup.HostConfig.deployWAR(HostConfig.java:923)
		at org.apache.catalina.startup.HostConfig$DeployWar.run(HostConfig.java:1839)
		at java.base/java.util.concurrent.Executors$RunnableAdapter.call(Executors.java:572)
		at java.base/java.util.concurrent.FutureTask.run(FutureTask.java:317)
		at org.apache.tomcat.util.threads.InlineExecutorService.execute(InlineExecutorService.java:81)
		at java.base/java.util.concurrent.AbstractExecutorService.submit(AbstractExecutorService.java:123)
		at org.apache.catalina.startup.HostConfig.deployWARs(HostConfig.java:727)
		at org.apache.catalina.startup.HostConfig.deployApps(HostConfig.java:378)
		at org.apache.catalina.startup.HostConfig.check(HostConfig.java:1628)
		at org.apache.catalina.startup.HostConfig.lifecycleEvent(HostConfig.java:260)
		at org.apache.catalina.util.LifecycleBase.fireLifecycleEvent(LifecycleBase.java:109)
		at org.apache.catalina.core.ContainerBase.backgroundProcess(ContainerBase.java:938)
		at org.apache.catalina.core.ContainerBase$ContainerBackgroundProcessor.processChildren(ContainerBase.java:1137)
		at org.apache.catalina.core.ContainerBase$ContainerBackgroundProcessor.processChildren(ContainerBase.java:1141)
		at org.apache.catalina.core.ContainerBase$ContainerBackgroundProcessor.run(ContainerBase.java:1119)
		at java.base/java.util.concurrent.Executors$RunnableAdapter.call(Executors.java:572)
		at java.base/java.util.concurrent.FutureTask.runAndReset(FutureTask.java:358)
		at java.base/java.util.concurrent.ScheduledThreadPoolExecutor$ScheduledFutureTask.run(ScheduledThreadPoolExecutor.java:305)
		at java.base/java.util.concurrent.ThreadPoolExecutor.runWorker(ThreadPoolExecutor.java:1144)
		at java.base/java.util.concurrent.ThreadPoolExecutor$Worker.run(ThreadPoolExecutor.java:642)
		at org.apache.tomcat.util.threads.TaskThread$WrappingRunnable.run(TaskThread.java:57)
		at java.base/java.lang.Thread.run(Thread.java:1583)
04-Jul-2026 23:05:00.797 WARNING [Catalina-utility-1] org.apache.tomcat.util.scan.StandardJarScanner.processURLs Failed to scan [file:/usr/local/tomcat/webapps/lpu-reservation-system-0.0.1-SNAPSHOT/WEB-INF/lib/txw2-4.0.5.jar] from classloader hierarchy
	java.nio.file.NoSuchFileException: /usr/local/tomcat/webapps/lpu-reservation-system-0.0.1-SNAPSHOT/WEB-INF/lib/txw2-4.0.5.jar
		at java.base/sun.nio.fs.UnixException.translateToIOException(UnixException.java:92)
		at java.base/sun.nio.fs.UnixException.rethrowAsIOException(UnixException.java:106)
		at java.base/sun.nio.fs.UnixException.rethrowAsIOException(UnixException.java:111)
		at java.base/sun.nio.fs.UnixFileAttributeViews$Basic.readAttributes(UnixFileAttributeViews.java:55)
		at java.base/sun.nio.fs.UnixFileSystemProvider.readAttributes(UnixFileSystemProvider.java:171)
		at java.base/sun.nio.fs.LinuxFileSystemProvider.readAttributes(LinuxFileSystemProvider.java:99)
		at java.base/java.nio.file.Files.readAttributes(Files.java:1854)
		at java.base/java.util.zip.ZipFile$Source.get(ZipFile.java:1445)
		at java.base/java.util.zip.ZipFile$CleanableResource.<init>(ZipFile.java:724)
		at java.base/java.util.zip.ZipFile.<init>(ZipFile.java:251)
		at java.base/java.util.zip.ZipFile.<init>(ZipFile.java:180)
		at java.base/java.util.jar.JarFile.<init>(JarFile.java:345)
		at org.apache.tomcat.util.scan.JarFileUrlJar.<init>(JarFileUrlJar.java:64)
		at org.apache.tomcat.util.scan.JarFactory.newInstance(JarFactory.java:50)
		at org.apache.tomcat.util.scan.StandardJarScanner.process(StandardJarScanner.java:391)
		at org.apache.tomcat.util.scan.StandardJarScanner.processURLs(StandardJarScanner.java:332)
		at org.apache.tomcat.util.scan.StandardJarScanner.doScanClassPath(StandardJarScanner.java:278)
		at org.apache.tomcat.util.scan.StandardJarScanner.scan(StandardJarScanner.java:242)
		at org.apache.jasper.servlet.TldScanner.scanJars(TldScanner.java:248)
		at org.apache.jasper.servlet.TldScanner.scan(TldScanner.java:98)
		at org.apache.jasper.servlet.JasperInitializer.onStartup(JasperInitializer.java:79)
		at org.apache.catalina.core.StandardContext.startInternal(StandardContext.java:4420)
		at org.apache.catalina.util.LifecycleBase.start(LifecycleBase.java:164)
		at org.apache.catalina.core.ContainerBase.addChild(ContainerBase.java:564)
		at org.apache.catalina.core.StandardHost.addChild(StandardHost.java:663)
		at org.apache.catalina.startup.HostConfig.deployWAR(HostConfig.java:923)
		at org.apache.catalina.startup.HostConfig$DeployWar.run(HostConfig.java:1839)
		at java.base/java.util.concurrent.Executors$RunnableAdapter.call(Executors.java:572)
		at java.base/java.util.concurrent.FutureTask.run(FutureTask.java:317)
		at org.apache.tomcat.util.threads.InlineExecutorService.execute(InlineExecutorService.java:81)
		at java.base/java.util.concurrent.AbstractExecutorService.submit(AbstractExecutorService.java:123)
		at org.apache.catalina.startup.HostConfig.deployWARs(HostConfig.java:727)
		at org.apache.catalina.startup.HostConfig.deployApps(HostConfig.java:378)
		at org.apache.catalina.startup.HostConfig.check(HostConfig.java:1628)
		at org.apache.catalina.startup.HostConfig.lifecycleEvent(HostConfig.java:260)
		at org.apache.catalina.util.LifecycleBase.fireLifecycleEvent(LifecycleBase.java:109)
		at org.apache.catalina.core.ContainerBase.backgroundProcess(ContainerBase.java:938)
		at org.apache.catalina.core.ContainerBase$ContainerBackgroundProcessor.processChildren(ContainerBase.java:1137)
		at org.apache.catalina.core.ContainerBase$ContainerBackgroundProcessor.processChildren(ContainerBase.java:1141)
		at org.apache.catalina.core.ContainerBase$ContainerBackgroundProcessor.run(ContainerBase.java:1119)
		at java.base/java.util.concurrent.Executors$RunnableAdapter.call(Executors.java:572)
		at java.base/java.util.concurrent.FutureTask.runAndReset(FutureTask.java:358)
		at java.base/java.util.concurrent.ScheduledThreadPoolExecutor$ScheduledFutureTask.run(ScheduledThreadPoolExecutor.java:305)
		at java.base/java.util.concurrent.ThreadPoolExecutor.runWorker(ThreadPoolExecutor.java:1144)
		at java.base/java.util.concurrent.ThreadPoolExecutor$Worker.run(ThreadPoolExecutor.java:642)
		at org.apache.tomcat.util.threads.TaskThread$WrappingRunnable.run(TaskThread.java:57)
		at java.base/java.lang.Thread.run(Thread.java:1583)
04-Jul-2026 23:05:00.797 WARNING [Catalina-utility-1] org.apache.tomcat.util.scan.StandardJarScanner.processURLs Failed to scan [file:/usr/local/tomcat/webapps/lpu-reservation-system-0.0.1-SNAPSHOT/WEB-INF/lib/jackson-databind-2.18.3.jar] from classloader hierarchy
	java.nio.file.NoSuchFileException: /usr/local/tomcat/webapps/lpu-reservation-system-0.0.1-SNAPSHOT/WEB-INF/lib/jackson-databind-2.18.3.jar
		at java.base/sun.nio.fs.UnixException.translateToIOException(UnixException.java:92)
		at java.base/sun.nio.fs.UnixException.rethrowAsIOException(UnixException.java:106)
		at java.base/sun.nio.fs.UnixException.rethrowAsIOException(UnixException.java:111)
		at java.base/sun.nio.fs.UnixFileAttributeViews$Basic.readAttributes(UnixFileAttributeViews.java:55)
		at java.base/sun.nio.fs.UnixFileSystemProvider.readAttributes(UnixFileSystemProvider.java:171)
		at java.base/sun.nio.fs.LinuxFileSystemProvider.readAttributes(LinuxFileSystemProvider.java:99)
		at java.base/java.nio.file.Files.readAttributes(Files.java:1854)
		at java.base/java.util.zip.ZipFile$Source.get(ZipFile.java:1445)
		at java.base/java.util.zip.ZipFile$CleanableResource.<init>(ZipFile.java:724)
		at java.base/java.util.zip.ZipFile.<init>(ZipFile.java:251)
		at java.base/java.util.zip.ZipFile.<init>(ZipFile.java:180)
		at java.base/java.util.jar.JarFile.<init>(JarFile.java:345)
		at org.apache.tomcat.util.scan.JarFileUrlJar.<init>(JarFileUrlJar.java:64)
		at org.apache.tomcat.util.scan.JarFactory.newInstance(JarFactory.java:50)
		at org.apache.tomcat.util.scan.StandardJarScanner.process(StandardJarScanner.java:391)
		at org.apache.tomcat.util.scan.StandardJarScanner.processURLs(StandardJarScanner.java:332)
		at org.apache.tomcat.util.scan.StandardJarScanner.doScanClassPath(StandardJarScanner.java:278)
		at org.apache.tomcat.util.scan.StandardJarScanner.scan(StandardJarScanner.java:242)
		at org.apache.jasper.servlet.TldScanner.scanJars(TldScanner.java:248)
		at org.apache.jasper.servlet.TldScanner.scan(TldScanner.java:98)
		at org.apache.jasper.servlet.JasperInitializer.onStartup(JasperInitializer.java:79)
		at org.apache.catalina.core.StandardContext.startInternal(StandardContext.java:4420)
		at org.apache.catalina.util.LifecycleBase.start(LifecycleBase.java:164)
		at org.apache.catalina.core.ContainerBase.addChild(ContainerBase.java:564)
		at org.apache.catalina.core.StandardHost.addChild(StandardHost.java:663)
		at org.apache.catalina.startup.HostConfig.deployWAR(HostConfig.java:923)
		at org.apache.catalina.startup.HostConfig$DeployWar.run(HostConfig.java:1839)
		at java.base/java.util.concurrent.Executors$RunnableAdapter.call(Executors.java:572)
		at java.base/java.util.concurrent.FutureTask.run(FutureTask.java:317)
		at org.apache.tomcat.util.threads.InlineExecutorService.execute(InlineExecutorService.java:81)
		at java.base/java.util.concurrent.AbstractExecutorService.submit(AbstractExecutorService.java:123)
		at org.apache.catalina.startup.HostConfig.deployWARs(HostConfig.java:727)
		at org.apache.catalina.startup.HostConfig.deployApps(HostConfig.java:378)
		at org.apache.catalina.startup.HostConfig.check(HostConfig.java:1628)
		at org.apache.catalina.startup.HostConfig.lifecycleEvent(HostConfig.java:260)
		at org.apache.catalina.util.LifecycleBase.fireLifecycleEvent(LifecycleBase.java:109)
		at org.apache.catalina.core.ContainerBase.backgroundProcess(ContainerBase.java:938)
		at org.apache.catalina.core.ContainerBase$ContainerBackgroundProcessor.processChildren(ContainerBase.java:1137)
		at org.apache.catalina.core.ContainerBase$ContainerBackgroundProcessor.processChildren(ContainerBase.java:1141)
		at org.apache.catalina.core.ContainerBase$ContainerBackgroundProcessor.run(ContainerBase.java:1119)
		at java.base/java.util.concurrent.Executors$RunnableAdapter.call(Executors.java:572)
		at java.base/java.util.concurrent.FutureTask.runAndReset(FutureTask.java:358)
		at java.base/java.util.concurrent.ScheduledThreadPoolExecutor$ScheduledFutureTask.run(ScheduledThreadPoolExecutor.java:305)
		at java.base/java.util.concurrent.ThreadPoolExecutor.runWorker(ThreadPoolExecutor.java:1144)
		at java.base/java.util.concurrent.ThreadPoolExecutor$Worker.run(ThreadPoolExecutor.java:642)
		at org.apache.tomcat.util.threads.TaskThread$WrappingRunnable.run(TaskThread.java:57)
		at java.base/java.lang.Thread.run(Thread.java:1583)
04-Jul-2026 23:05:00.798 WARNING [Catalina-utility-1] org.apache.tomcat.util.scan.StandardJarScanner.processURLs Failed to scan [file:/usr/local/tomcat/webapps/lpu-reservation-system-0.0.1-SNAPSHOT/WEB-INF/lib/spring-core-7.0.6.jar] from classloader hierarchy
	java.nio.file.NoSuchFileException: /usr/local/tomcat/webapps/lpu-reservation-system-0.0.1-SNAPSHOT/WEB-INF/lib/spring-core-7.0.6.jar
		at java.base/sun.nio.fs.UnixException.translateToIOException(UnixException.java:92)
		at java.base/sun.nio.fs.UnixException.rethrowAsIOException(UnixException.java:106)
		at java.base/sun.nio.fs.UnixException.rethrowAsIOException(UnixException.java:111)
		at java.base/sun.nio.fs.UnixFileAttributeViews$Basic.readAttributes(UnixFileAttributeViews.java:55)
		at java.base/sun.nio.fs.UnixFileSystemProvider.readAttributes(UnixFileSystemProvider.java:171)
		at java.base/sun.nio.fs.LinuxFileSystemProvider.readAttributes(LinuxFileSystemProvider.java:99)
		at java.base/java.nio.file.Files.readAttributes(Files.java:1854)
		at java.base/java.util.zip.ZipFile$Source.get(ZipFile.java:1445)
		at java.base/java.util.zip.ZipFile$CleanableResource.<init>(ZipFile.java:724)
		at java.base/java.util.zip.ZipFile.<init>(ZipFile.java:251)
		at java.base/java.util.zip.ZipFile.<init>(ZipFile.java:180)
		at java.base/java.util.jar.JarFile.<init>(JarFile.java:345)
		at org.apache.tomcat.util.scan.JarFileUrlJar.<init>(JarFileUrlJar.java:64)
		at org.apache.tomcat.util.scan.JarFactory.newInstance(JarFactory.java:50)
		at org.apache.tomcat.util.scan.StandardJarScanner.process(StandardJarScanner.java:391)
		at org.apache.tomcat.util.scan.StandardJarScanner.processURLs(StandardJarScanner.java:332)
		at org.apache.tomcat.util.scan.StandardJarScanner.doScanClassPath(StandardJarScanner.java:278)
		at org.apache.tomcat.util.scan.StandardJarScanner.scan(StandardJarScanner.java:242)
		at org.apache.jasper.servlet.TldScanner.scanJars(TldScanner.java:248)
		at org.apache.jasper.servlet.TldScanner.scan(TldScanner.java:98)
		at org.apache.jasper.servlet.JasperInitializer.onStartup(JasperInitializer.java:79)
		at org.apache.catalina.core.StandardContext.startInternal(StandardContext.java:4420)
		at org.apache.catalina.util.LifecycleBase.start(LifecycleBase.java:164)
		at org.apache.catalina.core.ContainerBase.addChild(ContainerBase.java:564)
		at org.apache.catalina.core.StandardHost.addChild(StandardHost.java:663)
		at org.apache.catalina.startup.HostConfig.deployWAR(HostConfig.java:923)
		at org.apache.catalina.startup.HostConfig$DeployWar.run(HostConfig.java:1839)
		at java.base/java.util.concurrent.Executors$RunnableAdapter.call(Executors.java:572)
		at java.base/java.util.concurrent.FutureTask.run(FutureTask.java:317)
		at org.apache.tomcat.util.threads.InlineExecutorService.execute(InlineExecutorService.java:81)
		at java.base/java.util.concurrent.AbstractExecutorService.submit(AbstractExecutorService.java:123)
		at org.apache.catalina.startup.HostConfig.deployWARs(HostConfig.java:727)
		at org.apache.catalina.startup.HostConfig.deployApps(HostConfig.java:378)
		at org.apache.catalina.startup.HostConfig.check(HostConfig.java:1628)
		at org.apache.catalina.startup.HostConfig.lifecycleEvent(HostConfig.java:260)
		at org.apache.catalina.util.LifecycleBase.fireLifecycleEvent(LifecycleBase.java:109)
		at org.apache.catalina.core.ContainerBase.backgroundProcess(ContainerBase.java:938)
		at org.apache.catalina.core.ContainerBase$ContainerBackgroundProcessor.processChildren(ContainerBase.java:1137)
		at org.apache.catalina.core.ContainerBase$ContainerBackgroundProcessor.processChildren(ContainerBase.java:1141)
		at org.apache.catalina.core.ContainerBase$ContainerBackgroundProcessor.run(ContainerBase.java:1119)
		at java.base/java.util.concurrent.Executors$RunnableAdapter.call(Executors.java:572)
		at java.base/java.util.concurrent.FutureTask.runAndReset(FutureTask.java:358)
		at java.base/java.util.concurrent.ScheduledThreadPoolExecutor$ScheduledFutureTask.run(ScheduledThreadPoolExecutor.java:305)
		at java.base/java.util.concurrent.ThreadPoolExecutor.runWorker(ThreadPoolExecutor.java:1144)
		at java.base/java.util.concurrent.ThreadPoolExecutor$Worker.run(ThreadPoolExecutor.java:642)
		at org.apache.tomcat.util.threads.TaskThread$WrappingRunnable.run(TaskThread.java:57)
		at java.base/java.lang.Thread.run(Thread.java:1583)
04-Jul-2026 23:05:00.800 WARNING [Catalina-utility-1] org.apache.tomcat.util.scan.StandardJarScanner.processURLs Failed to scan [file:/usr/local/tomcat/webapps/lpu-reservation-system-0.0.1-SNAPSHOT/WEB-INF/lib/javassist-3.29.0-GA.jar] from classloader hierarchy
	java.nio.file.NoSuchFileException: /usr/local/tomcat/webapps/lpu-reservation-system-0.0.1-SNAPSHOT/WEB-INF/lib/javassist-3.29.0-GA.jar
		at java.base/sun.nio.fs.UnixException.translateToIOException(UnixException.java:92)
		at java.base/sun.nio.fs.UnixException.rethrowAsIOException(UnixException.java:106)
		at java.base/sun.nio.fs.UnixException.rethrowAsIOException(UnixException.java:111)
		at java.base/sun.nio.fs.UnixFileAttributeViews$Basic.readAttributes(UnixFileAttributeViews.java:55)
		at java.base/sun.nio.fs.UnixFileSystemProvider.readAttributes(UnixFileSystemProvider.java:171)
		at java.base/sun.nio.fs.LinuxFileSystemProvider.readAttributes(LinuxFileSystemProvider.java:99)
		at java.base/java.nio.file.Files.readAttributes(Files.java:1854)
		at java.base/java.util.zip.ZipFile$Source.get(ZipFile.java:1445)
		at java.base/java.util.zip.ZipFile$CleanableResource.<init>(ZipFile.java:724)
		at java.base/java.util.zip.ZipFile.<init>(ZipFile.java:251)
		at java.base/java.util.zip.ZipFile.<init>(ZipFile.java:180)
		at java.base/java.util.jar.JarFile.<init>(JarFile.java:345)
		at org.apache.tomcat.util.scan.JarFileUrlJar.<init>(JarFileUrlJar.java:64)
		at org.apache.tomcat.util.scan.JarFactory.newInstance(JarFactory.java:50)
		at org.apache.tomcat.util.scan.StandardJarScanner.process(StandardJarScanner.java:391)
		at org.apache.tomcat.util.scan.StandardJarScanner.processURLs(StandardJarScanner.java:332)
		at org.apache.tomcat.util.scan.StandardJarScanner.doScanClassPath(StandardJarScanner.java:278)
		at org.apache.tomcat.util.scan.StandardJarScanner.scan(StandardJarScanner.java:242)
		at org.apache.jasper.servlet.TldScanner.scanJars(TldScanner.java:248)
		at org.apache.jasper.servlet.TldScanner.scan(TldScanner.java:98)
		at org.apache.jasper.servlet.JasperInitializer.onStartup(JasperInitializer.java:79)
		at org.apache.catalina.core.StandardContext.startInternal(StandardContext.java:4420)
		at org.apache.catalina.util.LifecycleBase.start(LifecycleBase.java:164)
		at org.apache.catalina.core.ContainerBase.addChild(ContainerBase.java:564)
		at org.apache.catalina.core.StandardHost.addChild(StandardHost.java:663)
		at org.apache.catalina.startup.HostConfig.deployWAR(HostConfig.java:923)
		at org.apache.catalina.startup.HostConfig$DeployWar.run(HostConfig.java:1839)
		at java.base/java.util.concurrent.Executors$RunnableAdapter.call(Executors.java:572)
		at java.base/java.util.concurrent.FutureTask.run(FutureTask.java:317)
		at org.apache.tomcat.util.threads.InlineExecutorService.execute(InlineExecutorService.java:81)
		at java.base/java.util.concurrent.AbstractExecutorService.submit(AbstractExecutorService.java:123)
		at org.apache.catalina.startup.HostConfig.deployWARs(HostConfig.java:727)
		at org.apache.catalina.startup.HostConfig.deployApps(HostConfig.java:378)
		at org.apache.catalina.startup.HostConfig.check(HostConfig.java:1628)
		at org.apache.catalina.startup.HostConfig.lifecycleEvent(HostConfig.java:260)
		at org.apache.catalina.util.LifecycleBase.fireLifecycleEvent(LifecycleBase.java:109)
		at org.apache.catalina.core.ContainerBase.backgroundProcess(ContainerBase.java:938)
		at org.apache.catalina.core.ContainerBase$ContainerBackgroundProcessor.processChildren(ContainerBase.java:1137)
		at org.apache.catalina.core.ContainerBase$ContainerBackgroundProcessor.processChildren(ContainerBase.java:1141)
		at org.apache.catalina.core.ContainerBase$ContainerBackgroundProcessor.run(ContainerBase.java:1119)
		at java.base/java.util.concurrent.Executors$RunnableAdapter.call(Executors.java:572)
		at java.base/java.util.concurrent.FutureTask.runAndReset(FutureTask.java:358)
		at java.base/java.util.concurrent.ScheduledThreadPoolExecutor$ScheduledFutureTask.run(ScheduledThreadPoolExecutor.java:305)
		at java.base/java.util.concurrent.ThreadPoolExecutor.runWorker(ThreadPoolExecutor.java:1144)
		at java.base/java.util.concurrent.ThreadPoolExecutor$Worker.run(ThreadPoolExecutor.java:642)
		at org.apache.tomcat.util.threads.TaskThread$WrappingRunnable.run(TaskThread.java:57)
		at java.base/java.lang.Thread.run(Thread.java:1583)
04-Jul-2026 23:05:00.801 WARNING [Catalina-utility-1] org.apache.tomcat.util.scan.StandardJarScanner.processURLs Failed to scan [file:/usr/local/tomcat/webapps/lpu-reservation-system-0.0.1-SNAPSHOT/WEB-INF/lib/jakarta.inject-api-2.0.1.jar] from classloader hierarchy
	java.nio.file.NoSuchFileException: /usr/local/tomcat/webapps/lpu-reservation-system-0.0.1-SNAPSHOT/WEB-INF/lib/jakarta.inject-api-2.0.1.jar
		at java.base/sun.nio.fs.UnixException.translateToIOException(UnixException.java:92)
		at java.base/sun.nio.fs.UnixException.rethrowAsIOException(UnixException.java:106)
		at java.base/sun.nio.fs.UnixException.rethrowAsIOException(UnixException.java:111)
		at java.base/sun.nio.fs.UnixFileAttributeViews$Basic.readAttributes(UnixFileAttributeViews.java:55)
		at java.base/sun.nio.fs.UnixFileSystemProvider.readAttributes(UnixFileSystemProvider.java:171)
		at java.base/sun.nio.fs.LinuxFileSystemProvider.readAttributes(LinuxFileSystemProvider.java:99)
		at java.base/java.nio.file.Files.readAttributes(Files.java:1854)
		at java.base/java.util.zip.ZipFile$Source.get(ZipFile.java:1445)
		at java.base/java.util.zip.ZipFile$CleanableResource.<init>(ZipFile.java:724)
		at java.base/java.util.zip.ZipFile.<init>(ZipFile.java:251)
		at java.base/java.util.zip.ZipFile.<init>(ZipFile.java:180)
		at java.base/java.util.jar.JarFile.<init>(JarFile.java:345)
		at org.apache.tomcat.util.scan.JarFileUrlJar.<init>(JarFileUrlJar.java:64)
		at org.apache.tomcat.util.scan.JarFactory.newInstance(JarFactory.java:50)
		at org.apache.tomcat.util.scan.StandardJarScanner.process(StandardJarScanner.java:391)
		at org.apache.tomcat.util.scan.StandardJarScanner.processURLs(StandardJarScanner.java:332)
		at org.apache.tomcat.util.scan.StandardJarScanner.doScanClassPath(StandardJarScanner.java:278)
		at org.apache.tomcat.util.scan.StandardJarScanner.scan(StandardJarScanner.java:242)
		at org.apache.jasper.servlet.TldScanner.scanJars(TldScanner.java:248)
		at org.apache.jasper.servlet.TldScanner.scan(TldScanner.java:98)
		at org.apache.jasper.servlet.JasperInitializer.onStartup(JasperInitializer.java:79)
		at org.apache.catalina.core.StandardContext.startInternal(StandardContext.java:4420)
		at org.apache.catalina.util.LifecycleBase.start(LifecycleBase.java:164)
		at org.apache.catalina.core.ContainerBase.addChild(ContainerBase.java:564)
		at org.apache.catalina.core.StandardHost.addChild(StandardHost.java:663)
		at org.apache.catalina.startup.HostConfig.deployWAR(HostConfig.java:923)
		at org.apache.catalina.startup.HostConfig$DeployWar.run(HostConfig.java:1839)
		at java.base/java.util.concurrent.Executors$RunnableAdapter.call(Executors.java:572)
		at java.base/java.util.concurrent.FutureTask.run(FutureTask.java:317)
		at org.apache.tomcat.util.threads.InlineExecutorService.execute(InlineExecutorService.java:81)
		at java.base/java.util.concurrent.AbstractExecutorService.submit(AbstractExecutorService.java:123)
		at org.apache.catalina.startup.HostConfig.deployWARs(HostConfig.java:727)
		at org.apache.catalina.startup.HostConfig.deployApps(HostConfig.java:378)
		at org.apache.catalina.startup.HostConfig.check(HostConfig.java:1628)
		at org.apache.catalina.startup.HostConfig.lifecycleEvent(HostConfig.java:260)
		at org.apache.catalina.util.LifecycleBase.fireLifecycleEvent(LifecycleBase.java:109)
		at org.apache.catalina.core.ContainerBase.backgroundProcess(ContainerBase.java:938)
		at org.apache.catalina.core.ContainerBase$ContainerBackgroundProcessor.processChildren(ContainerBase.java:1137)
		at org.apache.catalina.core.ContainerBase$ContainerBackgroundProcessor.processChildren(ContainerBase.java:1141)
		at org.apache.catalina.core.ContainerBase$ContainerBackgroundProcessor.run(ContainerBase.java:1119)
		at java.base/java.util.concurrent.Executors$RunnableAdapter.call(Executors.java:572)
		at java.base/java.util.concurrent.FutureTask.runAndReset(FutureTask.java:358)
		at java.base/java.util.concurrent.ScheduledThreadPoolExecutor$ScheduledFutureTask.run(ScheduledThreadPoolExecutor.java:305)
		at java.base/java.util.concurrent.ThreadPoolExecutor.runWorker(ThreadPoolExecutor.java:1144)
		at java.base/java.util.concurrent.ThreadPoolExecutor$Worker.run(ThreadPoolExecutor.java:642)
		at org.apache.tomcat.util.threads.TaskThread$WrappingRunnable.run(TaskThread.java:57)
		at java.base/java.lang.Thread.run(Thread.java:1583)
04-Jul-2026 23:05:00.802 WARNING [Catalina-utility-1] org.apache.tomcat.util.scan.StandardJarScanner.processURLs Failed to scan [file:/usr/local/tomcat/webapps/lpu-reservation-system-0.0.1-SNAPSHOT/WEB-INF/lib/mchange-commons-java-0.2.19.jar] from classloader hierarchy
	java.nio.file.NoSuchFileException: /usr/local/tomcat/webapps/lpu-reservation-system-0.0.1-SNAPSHOT/WEB-INF/lib/mchange-commons-java-0.2.19.jar
		at java.base/sun.nio.fs.UnixException.translateToIOException(UnixException.java:92)
		at java.base/sun.nio.fs.UnixException.rethrowAsIOException(UnixException.java:106)
		at java.base/sun.nio.fs.UnixException.rethrowAsIOException(UnixException.java:111)
		at java.base/sun.nio.fs.UnixFileAttributeViews$Basic.readAttributes(UnixFileAttributeViews.java:55)
		at java.base/sun.nio.fs.UnixFileSystemProvider.readAttributes(UnixFileSystemProvider.java:171)
		at java.base/sun.nio.fs.LinuxFileSystemProvider.readAttributes(LinuxFileSystemProvider.java:99)
		at java.base/java.nio.file.Files.readAttributes(Files.java:1854)
		at java.base/java.util.zip.ZipFile$Source.get(ZipFile.java:1445)
		at java.base/java.util.zip.ZipFile$CleanableResource.<init>(ZipFile.java:724)
		at java.base/java.util.zip.ZipFile.<init>(ZipFile.java:251)
		at java.base/java.util.zip.ZipFile.<init>(ZipFile.java:180)
		at java.base/java.util.jar.JarFile.<init>(JarFile.java:345)
		at org.apache.tomcat.util.scan.JarFileUrlJar.<init>(JarFileUrlJar.java:64)
		at org.apache.tomcat.util.scan.JarFactory.newInstance(JarFactory.java:50)
		at org.apache.tomcat.util.scan.StandardJarScanner.process(StandardJarScanner.java:391)
		at org.apache.tomcat.util.scan.StandardJarScanner.processURLs(StandardJarScanner.java:332)
		at org.apache.tomcat.util.scan.StandardJarScanner.doScanClassPath(StandardJarScanner.java:278)
		at org.apache.tomcat.util.scan.StandardJarScanner.scan(StandardJarScanner.java:242)
		at org.apache.jasper.servlet.TldScanner.scanJars(TldScanner.java:248)
		at org.apache.jasper.servlet.TldScanner.scan(TldScanner.java:98)
		at org.apache.jasper.servlet.JasperInitializer.onStartup(JasperInitializer.java:79)
		at org.apache.catalina.core.StandardContext.startInternal(StandardContext.java:4420)
		at org.apache.catalina.util.LifecycleBase.start(LifecycleBase.java:164)
		at org.apache.catalina.core.ContainerBase.addChild(ContainerBase.java:564)
		at org.apache.catalina.core.StandardHost.addChild(StandardHost.java:663)
		at org.apache.catalina.startup.HostConfig.deployWAR(HostConfig.java:923)
		at org.apache.catalina.startup.HostConfig$DeployWar.run(HostConfig.java:1839)
		at java.base/java.util.concurrent.Executors$RunnableAdapter.call(Executors.java:572)
		at java.base/java.util.concurrent.FutureTask.run(FutureTask.java:317)
		at org.apache.tomcat.util.threads.InlineExecutorService.execute(InlineExecutorService.java:81)
		at java.base/java.util.concurrent.AbstractExecutorService.submit(AbstractExecutorService.java:123)
		at org.apache.catalina.startup.HostConfig.deployWARs(HostConfig.java:727)
		at org.apache.catalina.startup.HostConfig.deployApps(HostConfig.java:378)
		at org.apache.catalina.startup.HostConfig.check(HostConfig.java:1628)
		at org.apache.catalina.startup.HostConfig.lifecycleEvent(HostConfig.java:260)
		at org.apache.catalina.util.LifecycleBase.fireLifecycleEvent(LifecycleBase.java:109)
		at org.apache.catalina.core.ContainerBase.backgroundProcess(ContainerBase.java:938)
		at org.apache.catalina.core.ContainerBase$ContainerBackgroundProcessor.processChildren(ContainerBase.java:1137)
		at org.apache.catalina.core.ContainerBase$ContainerBackgroundProcessor.processChildren(ContainerBase.java:1141)
		at org.apache.catalina.core.ContainerBase$ContainerBackgroundProcessor.run(ContainerBase.java:1119)
		at java.base/java.util.concurrent.Executors$RunnableAdapter.call(Executors.java:572)
		at java.base/java.util.concurrent.FutureTask.runAndReset(FutureTask.java:358)
		at java.base/java.util.concurrent.ScheduledThreadPoolExecutor$ScheduledFutureTask.run(ScheduledThreadPoolExecutor.java:305)
		at java.base/java.util.concurrent.ThreadPoolExecutor.runWorker(ThreadPoolExecutor.java:1144)
		at java.base/java.util.concurrent.ThreadPoolExecutor$Worker.run(ThreadPoolExecutor.java:642)
		at org.apache.tomcat.util.threads.TaskThread$WrappingRunnable.run(TaskThread.java:57)
		at java.base/java.lang.Thread.run(Thread.java:1583)
04-Jul-2026 23:05:00.803 WARNING [Catalina-utility-1] org.apache.tomcat.util.scan.StandardJarScanner.processURLs Failed to scan [file:/usr/local/tomcat/webapps/lpu-reservation-system-0.0.1-SNAPSHOT/WEB-INF/lib/checker-qual-3.52.0.jar] from classloader hierarchy
	java.nio.file.NoSuchFileException: /usr/local/tomcat/webapps/lpu-reservation-system-0.0.1-SNAPSHOT/WEB-INF/lib/checker-qual-3.52.0.jar
		at java.base/sun.nio.fs.UnixException.translateToIOException(UnixException.java:92)
		at java.base/sun.nio.fs.UnixException.rethrowAsIOException(UnixException.java:106)
		at java.base/sun.nio.fs.UnixException.rethrowAsIOException(UnixException.java:111)
		at java.base/sun.nio.fs.UnixFileAttributeViews$Basic.readAttributes(UnixFileAttributeViews.java:55)
		at java.base/sun.nio.fs.UnixFileSystemProvider.readAttributes(UnixFileSystemProvider.java:171)
		at java.base/sun.nio.fs.LinuxFileSystemProvider.readAttributes(LinuxFileSystemProvider.java:99)
		at java.base/java.nio.file.Files.readAttributes(Files.java:1854)
		at java.base/java.util.zip.ZipFile$Source.get(ZipFile.java:1445)
		at java.base/java.util.zip.ZipFile$CleanableResource.<init>(ZipFile.java:724)
		at java.base/java.util.zip.ZipFile.<init>(ZipFile.java:251)
		at java.base/java.util.zip.ZipFile.<init>(ZipFile.java:180)
		at java.base/java.util.jar.JarFile.<init>(JarFile.java:345)
		at org.apache.tomcat.util.scan.JarFileUrlJar.<init>(JarFileUrlJar.java:64)
		at org.apache.tomcat.util.scan.JarFactory.newInstance(JarFactory.java:50)
		at org.apache.tomcat.util.scan.StandardJarScanner.process(StandardJarScanner.java:391)
		at org.apache.tomcat.util.scan.StandardJarScanner.processURLs(StandardJarScanner.java:332)
		at org.apache.tomcat.util.scan.StandardJarScanner.doScanClassPath(StandardJarScanner.java:278)
		at org.apache.tomcat.util.scan.StandardJarScanner.scan(StandardJarScanner.java:242)
		at org.apache.jasper.servlet.TldScanner.scanJars(TldScanner.java:248)
		at org.apache.jasper.servlet.TldScanner.scan(TldScanner.java:98)
		at org.apache.jasper.servlet.JasperInitializer.onStartup(JasperInitializer.java:79)
		at org.apache.catalina.core.StandardContext.startInternal(StandardContext.java:4420)
		at org.apache.catalina.util.LifecycleBase.start(LifecycleBase.java:164)
		at org.apache.catalina.core.ContainerBase.addChild(ContainerBase.java:564)
		at org.apache.catalina.core.StandardHost.addChild(StandardHost.java:663)
		at org.apache.catalina.startup.HostConfig.deployWAR(HostConfig.java:923)
		at org.apache.catalina.startup.HostConfig$DeployWar.run(HostConfig.java:1839)
		at java.base/java.util.concurrent.Executors$RunnableAdapter.call(Executors.java:572)
		at java.base/java.util.concurrent.FutureTask.run(FutureTask.java:317)
		at org.apache.tomcat.util.threads.InlineExecutorService.execute(InlineExecutorService.java:81)
		at java.base/java.util.concurrent.AbstractExecutorService.submit(AbstractExecutorService.java:123)
		at org.apache.catalina.startup.HostConfig.deployWARs(HostConfig.java:727)
		at org.apache.catalina.startup.HostConfig.deployApps(HostConfig.java:378)
		at org.apache.catalina.startup.HostConfig.check(HostConfig.java:1628)
		at org.apache.catalina.startup.HostConfig.lifecycleEvent(HostConfig.java:260)
		at org.apache.catalina.util.LifecycleBase.fireLifecycleEvent(LifecycleBase.java:109)
		at org.apache.catalina.core.ContainerBase.backgroundProcess(ContainerBase.java:938)
		at org.apache.catalina.core.ContainerBase$ContainerBackgroundProcessor.processChildren(ContainerBase.java:1137)
		at org.apache.catalina.core.ContainerBase$ContainerBackgroundProcessor.processChildren(ContainerBase.java:1141)
		at org.apache.catalina.core.ContainerBase$ContainerBackgroundProcessor.run(ContainerBase.java:1119)
		at java.base/java.util.concurrent.Executors$RunnableAdapter.call(Executors.java:572)
		at java.base/java.util.concurrent.FutureTask.runAndReset(FutureTask.java:358)
		at java.base/java.util.concurrent.ScheduledThreadPoolExecutor$ScheduledFutureTask.run(ScheduledThreadPoolExecutor.java:305)
		at java.base/java.util.concurrent.ThreadPoolExecutor.runWorker(ThreadPoolExecutor.java:1144)
		at java.base/java.util.concurrent.ThreadPoolExecutor$Worker.run(ThreadPoolExecutor.java:642)
		at org.apache.tomcat.util.threads.TaskThread$WrappingRunnable.run(TaskThread.java:57)
		at java.base/java.lang.Thread.run(Thread.java:1583)
04-Jul-2026 23:05:00.804 WARNING [Catalina-utility-1] org.apache.tomcat.util.scan.StandardJarScanner.processURLs Failed to scan [file:/usr/local/tomcat/webapps/lpu-reservation-system-0.0.1-SNAPSHOT/WEB-INF/lib/jboss-logging-3.6.1.Final.jar] from classloader hierarchy
	java.nio.file.NoSuchFileException: /usr/local/tomcat/webapps/lpu-reservation-system-0.0.1-SNAPSHOT/WEB-INF/lib/jboss-logging-3.6.1.Final.jar
		at java.base/sun.nio.fs.UnixException.translateToIOException(UnixException.java:92)
		at java.base/sun.nio.fs.UnixException.rethrowAsIOException(UnixException.java:106)
		at java.base/sun.nio.fs.UnixException.rethrowAsIOException(UnixException.java:111)
		at java.base/sun.nio.fs.UnixFileAttributeViews$Basic.readAttributes(UnixFileAttributeViews.java:55)
		at java.base/sun.nio.fs.UnixFileSystemProvider.readAttributes(UnixFileSystemProvider.java:171)
		at java.base/sun.nio.fs.LinuxFileSystemProvider.readAttributes(LinuxFileSystemProvider.java:99)
		at java.base/java.nio.file.Files.readAttributes(Files.java:1854)
		at java.base/java.util.zip.ZipFile$Source.get(ZipFile.java:1445)
		at java.base/java.util.zip.ZipFile$CleanableResource.<init>(ZipFile.java:724)
		at java.base/java.util.zip.ZipFile.<init>(ZipFile.java:251)
		at java.base/java.util.zip.ZipFile.<init>(ZipFile.java:180)
		at java.base/java.util.jar.JarFile.<init>(JarFile.java:345)
		at org.apache.tomcat.util.scan.JarFileUrlJar.<init>(JarFileUrlJar.java:64)
		at org.apache.tomcat.util.scan.JarFactory.newInstance(JarFactory.java:50)
		at org.apache.tomcat.util.scan.StandardJarScanner.process(StandardJarScanner.java:391)
		at org.apache.tomcat.util.scan.StandardJarScanner.processURLs(StandardJarScanner.java:332)
		at org.apache.tomcat.util.scan.StandardJarScanner.doScanClassPath(StandardJarScanner.java:278)
		at org.apache.tomcat.util.scan.StandardJarScanner.scan(StandardJarScanner.java:242)
		at org.apache.jasper.servlet.TldScanner.scanJars(TldScanner.java:248)
		at org.apache.jasper.servlet.TldScanner.scan(TldScanner.java:98)
		at org.apache.jasper.servlet.JasperInitializer.onStartup(JasperInitializer.java:79)
		at org.apache.catalina.core.StandardContext.startInternal(StandardContext.java:4420)
		at org.apache.catalina.util.LifecycleBase.start(LifecycleBase.java:164)
		at org.apache.catalina.core.ContainerBase.addChild(ContainerBase.java:564)
		at org.apache.catalina.core.StandardHost.addChild(StandardHost.java:663)
		at org.apache.catalina.startup.HostConfig.deployWAR(HostConfig.java:923)
		at org.apache.catalina.startup.HostConfig$DeployWar.run(HostConfig.java:1839)
		at java.base/java.util.concurrent.Executors$RunnableAdapter.call(Executors.java:572)
		at java.base/java.util.concurrent.FutureTask.run(FutureTask.java:317)
		at org.apache.tomcat.util.threads.InlineExecutorService.execute(InlineExecutorService.java:81)
		at java.base/java.util.concurrent.AbstractExecutorService.submit(AbstractExecutorService.java:123)
		at org.apache.catalina.startup.HostConfig.deployWARs(HostConfig.java:727)
		at org.apache.catalina.startup.HostConfig.deployApps(HostConfig.java:378)
		at org.apache.catalina.startup.HostConfig.check(HostConfig.java:1628)
		at org.apache.catalina.startup.HostConfig.lifecycleEvent(HostConfig.java:260)
		at org.apache.catalina.util.LifecycleBase.fireLifecycleEvent(LifecycleBase.java:109)
		at org.apache.catalina.core.ContainerBase.backgroundProcess(ContainerBase.java:938)
		at org.apache.catalina.core.ContainerBase$ContainerBackgroundProcessor.processChildren(ContainerBase.java:1137)
		at org.apache.catalina.core.ContainerBase$ContainerBackgroundProcessor.processChildren(ContainerBase.java:1141)
		at org.apache.catalina.core.ContainerBase$ContainerBackgroundProcessor.run(ContainerBase.java:1119)
		at java.base/java.util.concurrent.Executors$RunnableAdapter.call(Executors.java:572)
		at java.base/java.util.concurrent.FutureTask.runAndReset(FutureTask.java:358)
		at java.base/java.util.concurrent.ScheduledThreadPoolExecutor$ScheduledFutureTask.run(ScheduledThreadPoolExecutor.java:305)
		at java.base/java.util.concurrent.ThreadPoolExecutor.runWorker(ThreadPoolExecutor.java:1144)
		at java.base/java.util.concurrent.ThreadPoolExecutor$Worker.run(ThreadPoolExecutor.java:642)
		at org.apache.tomcat.util.threads.TaskThread$WrappingRunnable.run(TaskThread.java:57)
		at java.base/java.lang.Thread.run(Thread.java:1583)
04-Jul-2026 23:05:00.804 WARNING [Catalina-utility-1] org.apache.tomcat.util.scan.StandardJarScanner.processURLs Failed to scan [file:/usr/local/tomcat/webapps/lpu-reservation-system-0.0.1-SNAPSHOT/WEB-INF/lib/jspecify-1.0.0.jar] from classloader hierarchy
	java.nio.file.NoSuchFileException: /usr/local/tomcat/webapps/lpu-reservation-system-0.0.1-SNAPSHOT/WEB-INF/lib/jspecify-1.0.0.jar
		at java.base/sun.nio.fs.UnixException.translateToIOException(UnixException.java:92)
		at java.base/sun.nio.fs.UnixException.rethrowAsIOException(UnixException.java:106)
		at java.base/sun.nio.fs.UnixException.rethrowAsIOException(UnixException.java:111)
		at java.base/sun.nio.fs.UnixFileAttributeViews$Basic.readAttributes(UnixFileAttributeViews.java:55)
		at java.base/sun.nio.fs.UnixFileSystemProvider.readAttributes(UnixFileSystemProvider.java:171)
		at java.base/sun.nio.fs.LinuxFileSystemProvider.readAttributes(LinuxFileSystemProvider.java:99)
		at java.base/java.nio.file.Files.readAttributes(Files.java:1854)
		at java.base/java.util.zip.ZipFile$Source.get(ZipFile.java:1445)
		at java.base/java.util.zip.ZipFile$CleanableResource.<init>(ZipFile.java:724)
		at java.base/java.util.zip.ZipFile.<init>(ZipFile.java:251)
		at java.base/java.util.zip.ZipFile.<init>(ZipFile.java:180)
		at java.base/java.util.jar.JarFile.<init>(JarFile.java:345)
		at org.apache.tomcat.util.scan.JarFileUrlJar.<init>(JarFileUrlJar.java:64)
		at org.apache.tomcat.util.scan.JarFactory.newInstance(JarFactory.java:50)
		at org.apache.tomcat.util.scan.StandardJarScanner.process(StandardJarScanner.java:391)
		at org.apache.tomcat.util.scan.StandardJarScanner.processURLs(StandardJarScanner.java:332)
		at org.apache.tomcat.util.scan.StandardJarScanner.doScanClassPath(StandardJarScanner.java:278)
		at org.apache.tomcat.util.scan.StandardJarScanner.scan(StandardJarScanner.java:242)
		at org.apache.jasper.servlet.TldScanner.scanJars(TldScanner.java:248)
		at org.apache.jasper.servlet.TldScanner.scan(TldScanner.java:98)
		at org.apache.jasper.servlet.JasperInitializer.onStartup(JasperInitializer.java:79)
		at org.apache.catalina.core.StandardContext.startInternal(StandardContext.java:4420)
		at org.apache.catalina.util.LifecycleBase.start(LifecycleBase.java:164)
		at org.apache.catalina.core.ContainerBase.addChild(ContainerBase.java:564)
		at org.apache.catalina.core.StandardHost.addChild(StandardHost.java:663)
		at org.apache.catalina.startup.HostConfig.deployWAR(HostConfig.java:923)
		at org.apache.catalina.startup.HostConfig$DeployWar.run(HostConfig.java:1839)
		at java.base/java.util.concurrent.Executors$RunnableAdapter.call(Executors.java:572)
		at java.base/java.util.concurrent.FutureTask.run(FutureTask.java:317)
		at org.apache.tomcat.util.threads.InlineExecutorService.execute(InlineExecutorService.java:81)
		at java.base/java.util.concurrent.AbstractExecutorService.submit(AbstractExecutorService.java:123)
		at org.apache.catalina.startup.HostConfig.deployWARs(HostConfig.java:727)
		at org.apache.catalina.startup.HostConfig.deployApps(HostConfig.java:378)
		at org.apache.catalina.startup.HostConfig.check(HostConfig.java:1628)
		at org.apache.catalina.startup.HostConfig.lifecycleEvent(HostConfig.java:260)
		at org.apache.catalina.util.LifecycleBase.fireLifecycleEvent(LifecycleBase.java:109)
		at org.apache.catalina.core.ContainerBase.backgroundProcess(ContainerBase.java:938)
		at org.apache.catalina.core.ContainerBase$ContainerBackgroundProcessor.processChildren(ContainerBase.java:1137)
		at org.apache.catalina.core.ContainerBase$ContainerBackgroundProcessor.processChildren(ContainerBase.java:1141)
		at org.apache.catalina.core.ContainerBase$ContainerBackgroundProcessor.run(ContainerBase.java:1119)
		at java.base/java.util.concurrent.Executors$RunnableAdapter.call(Executors.java:572)
		at java.base/java.util.concurrent.FutureTask.runAndReset(FutureTask.java:358)
		at java.base/java.util.concurrent.ScheduledThreadPoolExecutor$ScheduledFutureTask.run(ScheduledThreadPoolExecutor.java:305)
		at java.base/java.util.concurrent.ThreadPoolExecutor.runWorker(ThreadPoolExecutor.java:1144)
		at java.base/java.util.concurrent.ThreadPoolExecutor$Worker.run(ThreadPoolExecutor.java:642)
		at org.apache.tomcat.util.threads.TaskThread$WrappingRunnable.run(TaskThread.java:57)
		at java.base/java.lang.Thread.run(Thread.java:1583)
04-Jul-2026 23:05:00.805 WARNING [Catalina-utility-1] org.apache.tomcat.util.scan.StandardJarScanner.processURLs Failed to scan [file:/usr/local/tomcat/webapps/lpu-reservation-system-0.0.1-SNAPSHOT/WEB-INF/lib/jakarta.servlet.jsp.jstl-3.0.1.jar] from classloader hierarchy
	java.nio.file.NoSuchFileException: /usr/local/tomcat/webapps/lpu-reservation-system-0.0.1-SNAPSHOT/WEB-INF/lib/jakarta.servlet.jsp.jstl-3.0.1.jar
		at java.base/sun.nio.fs.UnixException.translateToIOException(UnixException.java:92)
		at java.base/sun.nio.fs.UnixException.rethrowAsIOException(UnixException.java:106)
		at java.base/sun.nio.fs.UnixException.rethrowAsIOException(UnixException.java:111)
		at java.base/sun.nio.fs.UnixFileAttributeViews$Basic.readAttributes(UnixFileAttributeViews.java:55)
		at java.base/sun.nio.fs.UnixFileSystemProvider.readAttributes(UnixFileSystemProvider.java:171)
		at java.base/sun.nio.fs.LinuxFileSystemProvider.readAttributes(LinuxFileSystemProvider.java:99)
		at java.base/java.nio.file.Files.readAttributes(Files.java:1854)
		at java.base/java.util.zip.ZipFile$Source.get(ZipFile.java:1445)
		at java.base/java.util.zip.ZipFile$CleanableResource.<init>(ZipFile.java:724)
		at java.base/java.util.zip.ZipFile.<init>(ZipFile.java:251)
		at java.base/java.util.zip.ZipFile.<init>(ZipFile.java:180)
		at java.base/java.util.jar.JarFile.<init>(JarFile.java:345)
		at org.apache.tomcat.util.scan.JarFileUrlJar.<init>(JarFileUrlJar.java:64)
		at org.apache.tomcat.util.scan.JarFactory.newInstance(JarFactory.java:50)
		at org.apache.tomcat.util.scan.StandardJarScanner.process(StandardJarScanner.java:391)
		at org.apache.tomcat.util.scan.StandardJarScanner.processURLs(StandardJarScanner.java:332)
		at org.apache.tomcat.util.scan.StandardJarScanner.doScanClassPath(StandardJarScanner.java:278)
		at org.apache.tomcat.util.scan.StandardJarScanner.scan(StandardJarScanner.java:242)
		at org.apache.jasper.servlet.TldScanner.scanJars(TldScanner.java:248)
		at org.apache.jasper.servlet.TldScanner.scan(TldScanner.java:98)
		at org.apache.jasper.servlet.JasperInitializer.onStartup(JasperInitializer.java:79)
		at org.apache.catalina.core.StandardContext.startInternal(StandardContext.java:4420)
		at org.apache.catalina.util.LifecycleBase.start(LifecycleBase.java:164)
		at org.apache.catalina.core.ContainerBase.addChild(ContainerBase.java:564)
		at org.apache.catalina.core.StandardHost.addChild(StandardHost.java:663)
		at org.apache.catalina.startup.HostConfig.deployWAR(HostConfig.java:923)
		at org.apache.catalina.startup.HostConfig$DeployWar.run(HostConfig.java:1839)
		at java.base/java.util.concurrent.Executors$RunnableAdapter.call(Executors.java:572)
		at java.base/java.util.concurrent.FutureTask.run(FutureTask.java:317)
		at org.apache.tomcat.util.threads.InlineExecutorService.execute(InlineExecutorService.java:81)
		at java.base/java.util.concurrent.AbstractExecutorService.submit(AbstractExecutorService.java:123)
		at org.apache.catalina.startup.HostConfig.deployWARs(HostConfig.java:727)
		at org.apache.catalina.startup.HostConfig.deployApps(HostConfig.java:378)
		at org.apache.catalina.startup.HostConfig.check(HostConfig.java:1628)
		at org.apache.catalina.startup.HostConfig.lifecycleEvent(HostConfig.java:260)
		at org.apache.catalina.util.LifecycleBase.fireLifecycleEvent(LifecycleBase.java:109)
		at org.apache.catalina.core.ContainerBase.backgroundProcess(ContainerBase.java:938)
		at org.apache.catalina.core.ContainerBase$ContainerBackgroundProcessor.processChildren(ContainerBase.java:1137)
		at org.apache.catalina.core.ContainerBase$ContainerBackgroundProcessor.processChildren(ContainerBase.java:1141)
		at org.apache.catalina.core.ContainerBase$ContainerBackgroundProcessor.run(ContainerBase.java:1119)
		at java.base/java.util.concurrent.Executors$RunnableAdapter.call(Executors.java:572)
		at java.base/java.util.concurrent.FutureTask.runAndReset(FutureTask.java:358)
		at java.base/java.util.concurrent.ScheduledThreadPoolExecutor$ScheduledFutureTask.run(ScheduledThreadPoolExecutor.java:305)
		at java.base/java.util.concurrent.ThreadPoolExecutor.runWorker(ThreadPoolExecutor.java:1144)
		at java.base/java.util.concurrent.ThreadPoolExecutor$Worker.run(ThreadPoolExecutor.java:642)
		at org.apache.tomcat.util.threads.TaskThread$WrappingRunnable.run(TaskThread.java:57)
		at java.base/java.lang.Thread.run(Thread.java:1583)
04-Jul-2026 23:05:00.807 WARNING [Catalina-utility-1] org.apache.tomcat.util.scan.StandardJarScanner.processURLs Failed to scan [file:/usr/local/tomcat/webapps/lpu-reservation-system-0.0.1-SNAPSHOT/WEB-INF/lib/btm-2.1.4.jar] from classloader hierarchy
	java.nio.file.NoSuchFileException: /usr/local/tomcat/webapps/lpu-reservation-system-0.0.1-SNAPSHOT/WEB-INF/lib/btm-2.1.4.jar
		at java.base/sun.nio.fs.UnixException.translateToIOException(UnixException.java:92)
		at java.base/sun.nio.fs.UnixException.rethrowAsIOException(UnixException.java:106)
		at java.base/sun.nio.fs.UnixException.rethrowAsIOException(UnixException.java:111)
		at java.base/sun.nio.fs.UnixFileAttributeViews$Basic.readAttributes(UnixFileAttributeViews.java:55)
		at java.base/sun.nio.fs.UnixFileSystemProvider.readAttributes(UnixFileSystemProvider.java:171)
		at java.base/sun.nio.fs.LinuxFileSystemProvider.readAttributes(LinuxFileSystemProvider.java:99)
		at java.base/java.nio.file.Files.readAttributes(Files.java:1854)
		at java.base/java.util.zip.ZipFile$Source.get(ZipFile.java:1445)
		at java.base/java.util.zip.ZipFile$CleanableResource.<init>(ZipFile.java:724)
		at java.base/java.util.zip.ZipFile.<init>(ZipFile.java:251)
		at java.base/java.util.zip.ZipFile.<init>(ZipFile.java:180)
		at java.base/java.util.jar.JarFile.<init>(JarFile.java:345)
		at org.apache.tomcat.util.scan.JarFileUrlJar.<init>(JarFileUrlJar.java:64)
		at org.apache.tomcat.util.scan.JarFactory.newInstance(JarFactory.java:50)
		at org.apache.tomcat.util.scan.StandardJarScanner.process(StandardJarScanner.java:391)
		at org.apache.tomcat.util.scan.StandardJarScanner.processURLs(StandardJarScanner.java:332)
		at org.apache.tomcat.util.scan.StandardJarScanner.doScanClassPath(StandardJarScanner.java:278)
		at org.apache.tomcat.util.scan.StandardJarScanner.scan(StandardJarScanner.java:242)
		at org.apache.jasper.servlet.TldScanner.scanJars(TldScanner.java:248)
		at org.apache.jasper.servlet.TldScanner.scan(TldScanner.java:98)
		at org.apache.jasper.servlet.JasperInitializer.onStartup(JasperInitializer.java:79)
		at org.apache.catalina.core.StandardContext.startInternal(StandardContext.java:4420)
		at org.apache.catalina.util.LifecycleBase.start(LifecycleBase.java:164)
		at org.apache.catalina.core.ContainerBase.addChild(ContainerBase.java:564)
		at org.apache.catalina.core.StandardHost.addChild(StandardHost.java:663)
		at org.apache.catalina.startup.HostConfig.deployWAR(HostConfig.java:923)
		at org.apache.catalina.startup.HostConfig$DeployWar.run(HostConfig.java:1839)
		at java.base/java.util.concurrent.Executors$RunnableAdapter.call(Executors.java:572)
		at java.base/java.util.concurrent.FutureTask.run(FutureTask.java:317)
		at org.apache.tomcat.util.threads.InlineExecutorService.execute(InlineExecutorService.java:81)
		at java.base/java.util.concurrent.AbstractExecutorService.submit(AbstractExecutorService.java:123)
		at org.apache.catalina.startup.HostConfig.deployWARs(HostConfig.java:727)
		at org.apache.catalina.startup.HostConfig.deployApps(HostConfig.java:378)
		at org.apache.catalina.startup.HostConfig.check(HostConfig.java:1628)
		at org.apache.catalina.startup.HostConfig.lifecycleEvent(HostConfig.java:260)
		at org.apache.catalina.util.LifecycleBase.fireLifecycleEvent(LifecycleBase.java:109)
		at org.apache.catalina.core.ContainerBase.backgroundProcess(ContainerBase.java:938)
		at org.apache.catalina.core.ContainerBase$ContainerBackgroundProcessor.processChildren(ContainerBase.java:1137)
		at org.apache.catalina.core.ContainerBase$ContainerBackgroundProcessor.processChildren(ContainerBase.java:1141)
		at org.apache.catalina.core.ContainerBase$ContainerBackgroundProcessor.run(ContainerBase.java:1119)
		at java.base/java.util.concurrent.Executors$RunnableAdapter.call(Executors.java:572)
		at java.base/java.util.concurrent.FutureTask.runAndReset(FutureTask.java:358)
		at java.base/java.util.concurrent.ScheduledThreadPoolExecutor$ScheduledFutureTask.run(ScheduledThreadPoolExecutor.java:305)
		at java.base/java.util.concurrent.ThreadPoolExecutor.runWorker(ThreadPoolExecutor.java:1144)
		at java.base/java.util.concurrent.ThreadPoolExecutor$Worker.run(ThreadPoolExecutor.java:642)
		at org.apache.tomcat.util.threads.TaskThread$WrappingRunnable.run(TaskThread.java:57)
		at java.base/java.lang.Thread.run(Thread.java:1583)
04-Jul-2026 23:05:00.808 WARNING [Catalina-utility-1] org.apache.tomcat.util.scan.StandardJarScanner.processURLs Failed to scan [file:/usr/local/tomcat/webapps/lpu-reservation-system-0.0.1-SNAPSHOT/WEB-INF/lib/jjwt-api-0.11.5.jar] from classloader hierarchy
	java.nio.file.NoSuchFileException: /usr/local/tomcat/webapps/lpu-reservation-system-0.0.1-SNAPSHOT/WEB-INF/lib/jjwt-api-0.11.5.jar
		at java.base/sun.nio.fs.UnixException.translateToIOException(UnixException.java:92)
		at java.base/sun.nio.fs.UnixException.rethrowAsIOException(UnixException.java:106)
		at java.base/sun.nio.fs.UnixException.rethrowAsIOException(UnixException.java:111)
		at java.base/sun.nio.fs.UnixFileAttributeViews$Basic.readAttributes(UnixFileAttributeViews.java:55)
		at java.base/sun.nio.fs.UnixFileSystemProvider.readAttributes(UnixFileSystemProvider.java:171)
		at java.base/sun.nio.fs.LinuxFileSystemProvider.readAttributes(LinuxFileSystemProvider.java:99)
		at java.base/java.nio.file.Files.readAttributes(Files.java:1854)
		at java.base/java.util.zip.ZipFile$Source.get(ZipFile.java:1445)
		at java.base/java.util.zip.ZipFile$CleanableResource.<init>(ZipFile.java:724)
		at java.base/java.util.zip.ZipFile.<init>(ZipFile.java:251)
		at java.base/java.util.zip.ZipFile.<init>(ZipFile.java:180)
		at java.base/java.util.jar.JarFile.<init>(JarFile.java:345)
		at org.apache.tomcat.util.scan.JarFileUrlJar.<init>(JarFileUrlJar.java:64)
		at org.apache.tomcat.util.scan.JarFactory.newInstance(JarFactory.java:50)
		at org.apache.tomcat.util.scan.StandardJarScanner.process(StandardJarScanner.java:391)
		at org.apache.tomcat.util.scan.StandardJarScanner.processURLs(StandardJarScanner.java:332)
		at org.apache.tomcat.util.scan.StandardJarScanner.doScanClassPath(StandardJarScanner.java:278)
		at org.apache.tomcat.util.scan.StandardJarScanner.scan(StandardJarScanner.java:242)
		at org.apache.jasper.servlet.TldScanner.scanJars(TldScanner.java:248)
		at org.apache.jasper.servlet.TldScanner.scan(TldScanner.java:98)
		at org.apache.jasper.servlet.JasperInitializer.onStartup(JasperInitializer.java:79)
		at org.apache.catalina.core.StandardContext.startInternal(StandardContext.java:4420)
		at org.apache.catalina.util.LifecycleBase.start(LifecycleBase.java:164)
		at org.apache.catalina.core.ContainerBase.addChild(ContainerBase.java:564)
		at org.apache.catalina.core.StandardHost.addChild(StandardHost.java:663)
		at org.apache.catalina.startup.HostConfig.deployWAR(HostConfig.java:923)
		at org.apache.catalina.startup.HostConfig$DeployWar.run(HostConfig.java:1839)
		at java.base/java.util.concurrent.Executors$RunnableAdapter.call(Executors.java:572)
		at java.base/java.util.concurrent.FutureTask.run(FutureTask.java:317)
		at org.apache.tomcat.util.threads.InlineExecutorService.execute(InlineExecutorService.java:81)
		at java.base/java.util.concurrent.AbstractExecutorService.submit(AbstractExecutorService.java:123)
		at org.apache.catalina.startup.HostConfig.deployWARs(HostConfig.java:727)
		at org.apache.catalina.startup.HostConfig.deployApps(HostConfig.java:378)
		at org.apache.catalina.startup.HostConfig.check(HostConfig.java:1628)
		at org.apache.catalina.startup.HostConfig.lifecycleEvent(HostConfig.java:260)
		at org.apache.catalina.util.LifecycleBase.fireLifecycleEvent(LifecycleBase.java:109)
		at org.apache.catalina.core.ContainerBase.backgroundProcess(ContainerBase.java:938)
		at org.apache.catalina.core.ContainerBase$ContainerBackgroundProcessor.processChildren(ContainerBase.java:1137)
		at org.apache.catalina.core.ContainerBase$ContainerBackgroundProcessor.processChildren(ContainerBase.java:1141)
		at org.apache.catalina.core.ContainerBase$ContainerBackgroundProcessor.run(ContainerBase.java:1119)
		at java.base/java.util.concurrent.Executors$RunnableAdapter.call(Executors.java:572)
		at java.base/java.util.concurrent.FutureTask.runAndReset(FutureTask.java:358)
		at java.base/java.util.concurrent.ScheduledThreadPoolExecutor$ScheduledFutureTask.run(ScheduledThreadPoolExecutor.java:305)
		at java.base/java.util.concurrent.ThreadPoolExecutor.runWorker(ThreadPoolExecutor.java:1144)
		at java.base/java.util.concurrent.ThreadPoolExecutor$Worker.run(ThreadPoolExecutor.java:642)
		at org.apache.tomcat.util.threads.TaskThread$WrappingRunnable.run(TaskThread.java:57)
		at java.base/java.lang.Thread.run(Thread.java:1583)
04-Jul-2026 23:05:00.808 WARNING [Catalina-utility-1] org.apache.tomcat.util.scan.StandardJarScanner.processURLs Failed to scan [file:/usr/local/tomcat/webapps/lpu-reservation-system-0.0.1-SNAPSHOT/WEB-INF/lib/spring-beans-7.0.6.jar] from classloader hierarchy
	java.nio.file.NoSuchFileException: /usr/local/tomcat/webapps/lpu-reservation-system-0.0.1-SNAPSHOT/WEB-INF/lib/spring-beans-7.0.6.jar
		at java.base/sun.nio.fs.UnixException.translateToIOException(UnixException.java:92)
		at java.base/sun.nio.fs.UnixException.rethrowAsIOException(UnixException.java:106)
		at java.base/sun.nio.fs.UnixException.rethrowAsIOException(UnixException.java:111)
		at java.base/sun.nio.fs.UnixFileAttributeViews$Basic.readAttributes(UnixFileAttributeViews.java:55)
		at java.base/sun.nio.fs.UnixFileSystemProvider.readAttributes(UnixFileSystemProvider.java:171)
		at java.base/sun.nio.fs.LinuxFileSystemProvider.readAttributes(LinuxFileSystemProvider.java:99)
		at java.base/java.nio.file.Files.readAttributes(Files.java:1854)
		at java.base/java.util.zip.ZipFile$Source.get(ZipFile.java:1445)
		at java.base/java.util.zip.ZipFile$CleanableResource.<init>(ZipFile.java:724)
		at java.base/java.util.zip.ZipFile.<init>(ZipFile.java:251)
		at java.base/java.util.zip.ZipFile.<init>(ZipFile.java:180)
		at java.base/java.util.jar.JarFile.<init>(JarFile.java:345)
		at org.apache.tomcat.util.scan.JarFileUrlJar.<init>(JarFileUrlJar.java:64)
		at org.apache.tomcat.util.scan.JarFactory.newInstance(JarFactory.java:50)
		at org.apache.tomcat.util.scan.StandardJarScanner.process(StandardJarScanner.java:391)
		at org.apache.tomcat.util.scan.StandardJarScanner.processURLs(StandardJarScanner.java:332)
		at org.apache.tomcat.util.scan.StandardJarScanner.doScanClassPath(StandardJarScanner.java:278)
		at org.apache.tomcat.util.scan.StandardJarScanner.scan(StandardJarScanner.java:242)
		at org.apache.jasper.servlet.TldScanner.scanJars(TldScanner.java:248)
		at org.apache.jasper.servlet.TldScanner.scan(TldScanner.java:98)
		at org.apache.jasper.servlet.JasperInitializer.onStartup(JasperInitializer.java:79)
		at org.apache.catalina.core.StandardContext.startInternal(StandardContext.java:4420)
		at org.apache.catalina.util.LifecycleBase.start(LifecycleBase.java:164)
		at org.apache.catalina.core.ContainerBase.addChild(ContainerBase.java:564)
		at org.apache.catalina.core.StandardHost.addChild(StandardHost.java:663)
		at org.apache.catalina.startup.HostConfig.deployWAR(HostConfig.java:923)
		at org.apache.catalina.startup.HostConfig$DeployWar.run(HostConfig.java:1839)
		at java.base/java.util.concurrent.Executors$RunnableAdapter.call(Executors.java:572)
		at java.base/java.util.concurrent.FutureTask.run(FutureTask.java:317)
		at org.apache.tomcat.util.threads.InlineExecutorService.execute(InlineExecutorService.java:81)
		at java.base/java.util.concurrent.AbstractExecutorService.submit(AbstractExecutorService.java:123)
		at org.apache.catalina.startup.HostConfig.deployWARs(HostConfig.java:727)
		at org.apache.catalina.startup.HostConfig.deployApps(HostConfig.java:378)
		at org.apache.catalina.startup.HostConfig.check(HostConfig.java:1628)
		at org.apache.catalina.startup.HostConfig.lifecycleEvent(HostConfig.java:260)
		at org.apache.catalina.util.LifecycleBase.fireLifecycleEvent(LifecycleBase.java:109)
		at org.apache.catalina.core.ContainerBase.backgroundProcess(ContainerBase.java:938)
		at org.apache.catalina.core.ContainerBase$ContainerBackgroundProcessor.processChildren(ContainerBase.java:1137)
		at org.apache.catalina.core.ContainerBase$ContainerBackgroundProcessor.processChildren(ContainerBase.java:1141)
		at org.apache.catalina.core.ContainerBase$ContainerBackgroundProcessor.run(ContainerBase.java:1119)
		at java.base/java.util.concurrent.Executors$RunnableAdapter.call(Executors.java:572)
		at java.base/java.util.concurrent.FutureTask.runAndReset(FutureTask.java:358)
		at java.base/java.util.concurrent.ScheduledThreadPoolExecutor$ScheduledFutureTask.run(ScheduledThreadPoolExecutor.java:305)
		at java.base/java.util.concurrent.ThreadPoolExecutor.runWorker(ThreadPoolExecutor.java:1144)
		at java.base/java.util.concurrent.ThreadPoolExecutor$Worker.run(ThreadPoolExecutor.java:642)
		at org.apache.tomcat.util.threads.TaskThread$WrappingRunnable.run(TaskThread.java:57)
		at java.base/java.lang.Thread.run(Thread.java:1583)
04-Jul-2026 23:05:00.809 WARNING [Catalina-utility-1] org.apache.tomcat.util.scan.StandardJarScanner.processURLs Failed to scan [file:/usr/local/tomcat/webapps/lpu-reservation-system-0.0.1-SNAPSHOT/WEB-INF/lib/thymeleaf-spring6-3.1.3.RELEASE.jar] from classloader hierarchy
	java.nio.file.NoSuchFileException: /usr/local/tomcat/webapps/lpu-reservation-system-0.0.1-SNAPSHOT/WEB-INF/lib/thymeleaf-spring6-3.1.3.RELEASE.jar
		at java.base/sun.nio.fs.UnixException.translateToIOException(UnixException.java:92)
		at java.base/sun.nio.fs.UnixException.rethrowAsIOException(UnixException.java:106)
		at java.base/sun.nio.fs.UnixException.rethrowAsIOException(UnixException.java:111)
		at java.base/sun.nio.fs.UnixFileAttributeViews$Basic.readAttributes(UnixFileAttributeViews.java:55)
		at java.base/sun.nio.fs.UnixFileSystemProvider.readAttributes(UnixFileSystemProvider.java:171)
		at java.base/sun.nio.fs.LinuxFileSystemProvider.readAttributes(LinuxFileSystemProvider.java:99)
		at java.base/java.nio.file.Files.readAttributes(Files.java:1854)
		at java.base/java.util.zip.ZipFile$Source.get(ZipFile.java:1445)
		at java.base/java.util.zip.ZipFile$CleanableResource.<init>(ZipFile.java:724)
		at java.base/java.util.zip.ZipFile.<init>(ZipFile.java:251)
		at java.base/java.util.zip.ZipFile.<init>(ZipFile.java:180)
		at java.base/java.util.jar.JarFile.<init>(JarFile.java:345)
		at org.apache.tomcat.util.scan.JarFileUrlJar.<init>(JarFileUrlJar.java:64)
		at org.apache.tomcat.util.scan.JarFactory.newInstance(JarFactory.java:50)
		at org.apache.tomcat.util.scan.StandardJarScanner.process(StandardJarScanner.java:391)
		at org.apache.tomcat.util.scan.StandardJarScanner.processURLs(StandardJarScanner.java:332)
		at org.apache.tomcat.util.scan.StandardJarScanner.doScanClassPath(StandardJarScanner.java:278)
		at org.apache.tomcat.util.scan.StandardJarScanner.scan(StandardJarScanner.java:242)
		at org.apache.jasper.servlet.TldScanner.scanJars(TldScanner.java:248)
		at org.apache.jasper.servlet.TldScanner.scan(TldScanner.java:98)
		at org.apache.jasper.servlet.JasperInitializer.onStartup(JasperInitializer.java:79)
		at org.apache.catalina.core.StandardContext.startInternal(StandardContext.java:4420)
		at org.apache.catalina.util.LifecycleBase.start(LifecycleBase.java:164)
		at org.apache.catalina.core.ContainerBase.addChild(ContainerBase.java:564)
		at org.apache.catalina.core.StandardHost.addChild(StandardHost.java:663)
		at org.apache.catalina.startup.HostConfig.deployWAR(HostConfig.java:923)
		at org.apache.catalina.startup.HostConfig$DeployWar.run(HostConfig.java:1839)
		at java.base/java.util.concurrent.Executors$RunnableAdapter.call(Executors.java:572)
		at java.base/java.util.concurrent.FutureTask.run(FutureTask.java:317)
		at org.apache.tomcat.util.threads.InlineExecutorService.execute(InlineExecutorService.java:81)
		at java.base/java.util.concurrent.AbstractExecutorService.submit(AbstractExecutorService.java:123)
		at org.apache.catalina.startup.HostConfig.deployWARs(HostConfig.java:727)
		at org.apache.catalina.startup.HostConfig.deployApps(HostConfig.java:378)
		at org.apache.catalina.startup.HostConfig.check(HostConfig.java:1628)
		at org.apache.catalina.startup.HostConfig.lifecycleEvent(HostConfig.java:260)
		at org.apache.catalina.util.LifecycleBase.fireLifecycleEvent(LifecycleBase.java:109)
		at org.apache.catalina.core.ContainerBase.backgroundProcess(ContainerBase.java:938)
		at org.apache.catalina.core.ContainerBase$ContainerBackgroundProcessor.processChildren(ContainerBase.java:1137)
		at org.apache.catalina.core.ContainerBase$ContainerBackgroundProcessor.processChildren(ContainerBase.java:1141)
		at org.apache.catalina.core.ContainerBase$ContainerBackgroundProcessor.run(ContainerBase.java:1119)
		at java.base/java.util.concurrent.Executors$RunnableAdapter.call(Executors.java:572)
		at java.base/java.util.concurrent.FutureTask.runAndReset(FutureTask.java:358)
		at java.base/java.util.concurrent.ScheduledThreadPoolExecutor$ScheduledFutureTask.run(ScheduledThreadPoolExecutor.java:305)
		at java.base/java.util.concurrent.ThreadPoolExecutor.runWorker(ThreadPoolExecutor.java:1144)
		at java.base/java.util.concurrent.ThreadPoolExecutor$Worker.run(ThreadPoolExecutor.java:642)
		at org.apache.tomcat.util.threads.TaskThread$WrappingRunnable.run(TaskThread.java:57)
		at java.base/java.lang.Thread.run(Thread.java:1583)
04-Jul-2026 23:05:00.809 WARNING [Catalina-utility-1] org.apache.tomcat.util.scan.StandardJarScanner.processURLs Failed to scan [file:/usr/local/tomcat/webapps/lpu-reservation-system-0.0.1-SNAPSHOT/WEB-INF/lib/spring-security-crypto-7.1.0.jar] from classloader hierarchy
	java.nio.file.NoSuchFileException: /usr/local/tomcat/webapps/lpu-reservation-system-0.0.1-SNAPSHOT/WEB-INF/lib/spring-security-crypto-7.1.0.jar
		at java.base/sun.nio.fs.UnixException.translateToIOException(UnixException.java:92)
		at java.base/sun.nio.fs.UnixException.rethrowAsIOException(UnixException.java:106)
		at java.base/sun.nio.fs.UnixException.rethrowAsIOException(UnixException.java:111)
		at java.base/sun.nio.fs.UnixFileAttributeViews$Basic.readAttributes(UnixFileAttributeViews.java:55)
		at java.base/sun.nio.fs.UnixFileSystemProvider.readAttributes(UnixFileSystemProvider.java:171)
		at java.base/sun.nio.fs.LinuxFileSystemProvider.readAttributes(LinuxFileSystemProvider.java:99)
		at java.base/java.nio.file.Files.readAttributes(Files.java:1854)
		at java.base/java.util.zip.ZipFile$Source.get(ZipFile.java:1445)
		at java.base/java.util.zip.ZipFile$CleanableResource.<init>(ZipFile.java:724)
		at java.base/java.util.zip.ZipFile.<init>(ZipFile.java:251)
		at java.base/java.util.zip.ZipFile.<init>(ZipFile.java:180)
		at java.base/java.util.jar.JarFile.<init>(JarFile.java:345)
		at org.apache.tomcat.util.scan.JarFileUrlJar.<init>(JarFileUrlJar.java:64)
		at org.apache.tomcat.util.scan.JarFactory.newInstance(JarFactory.java:50)
		at org.apache.tomcat.util.scan.StandardJarScanner.process(StandardJarScanner.java:391)
		at org.apache.tomcat.util.scan.StandardJarScanner.processURLs(StandardJarScanner.java:332)
		at org.apache.tomcat.util.scan.StandardJarScanner.doScanClassPath(StandardJarScanner.java:278)
		at org.apache.tomcat.util.scan.StandardJarScanner.scan(StandardJarScanner.java:242)
		at org.apache.jasper.servlet.TldScanner.scanJars(TldScanner.java:248)
		at org.apache.jasper.servlet.TldScanner.scan(TldScanner.java:98)
		at org.apache.jasper.servlet.JasperInitializer.onStartup(JasperInitializer.java:79)
		at org.apache.catalina.core.StandardContext.startInternal(StandardContext.java:4420)
		at org.apache.catalina.util.LifecycleBase.start(LifecycleBase.java:164)
		at org.apache.catalina.core.ContainerBase.addChild(ContainerBase.java:564)
		at org.apache.catalina.core.StandardHost.addChild(StandardHost.java:663)
		at org.apache.catalina.startup.HostConfig.deployWAR(HostConfig.java:923)
		at org.apache.catalina.startup.HostConfig$DeployWar.run(HostConfig.java:1839)
		at java.base/java.util.concurrent.Executors$RunnableAdapter.call(Executors.java:572)
		at java.base/java.util.concurrent.FutureTask.run(FutureTask.java:317)
		at org.apache.tomcat.util.threads.InlineExecutorService.execute(InlineExecutorService.java:81)
		at java.base/java.util.concurrent.AbstractExecutorService.submit(AbstractExecutorService.java:123)
		at org.apache.catalina.startup.HostConfig.deployWARs(HostConfig.java:727)
		at org.apache.catalina.startup.HostConfig.deployApps(HostConfig.java:378)
		at org.apache.catalina.startup.HostConfig.check(HostConfig.java:1628)
		at org.apache.catalina.startup.HostConfig.lifecycleEvent(HostConfig.java:260)
		at org.apache.catalina.util.LifecycleBase.fireLifecycleEvent(LifecycleBase.java:109)
		at org.apache.catalina.core.ContainerBase.backgroundProcess(ContainerBase.java:938)
		at org.apache.catalina.core.ContainerBase$ContainerBackgroundProcessor.processChildren(ContainerBase.java:1137)
		at org.apache.catalina.core.ContainerBase$ContainerBackgroundProcessor.processChildren(ContainerBase.java:1141)
		at org.apache.catalina.core.ContainerBase$ContainerBackgroundProcessor.run(ContainerBase.java:1119)
		at java.base/java.util.concurrent.Executors$RunnableAdapter.call(Executors.java:572)
		at java.base/java.util.concurrent.FutureTask.runAndReset(FutureTask.java:358)
		at java.base/java.util.concurrent.ScheduledThreadPoolExecutor$ScheduledFutureTask.run(ScheduledThreadPoolExecutor.java:305)
		at java.base/java.util.concurrent.ThreadPoolExecutor.runWorker(ThreadPoolExecutor.java:1144)
		at java.base/java.util.concurrent.ThreadPoolExecutor$Worker.run(ThreadPoolExecutor.java:642)
		at org.apache.tomcat.util.threads.TaskThread$WrappingRunnable.run(TaskThread.java:57)
		at java.base/java.lang.Thread.run(Thread.java:1583)
04-Jul-2026 23:05:00.811 WARNING [Catalina-utility-1] org.apache.tomcat.util.scan.StandardJarScanner.processURLs Failed to scan [file:/usr/local/tomcat/webapps/lpu-reservation-system-0.0.1-SNAPSHOT/WEB-INF/lib/jackson-annotations-2.19.1.jar] from classloader hierarchy
	java.nio.file.NoSuchFileException: /usr/local/tomcat/webapps/lpu-reservation-system-0.0.1-SNAPSHOT/WEB-INF/lib/jackson-annotations-2.19.1.jar
		at java.base/sun.nio.fs.UnixException.translateToIOException(UnixException.java:92)
		at java.base/sun.nio.fs.UnixException.rethrowAsIOException(UnixException.java:106)
		at java.base/sun.nio.fs.UnixException.rethrowAsIOException(UnixException.java:111)
		at java.base/sun.nio.fs.UnixFileAttributeViews$Basic.readAttributes(UnixFileAttributeViews.java:55)
		at java.base/sun.nio.fs.UnixFileSystemProvider.readAttributes(UnixFileSystemProvider.java:171)
		at java.base/sun.nio.fs.LinuxFileSystemProvider.readAttributes(LinuxFileSystemProvider.java:99)
		at java.base/java.nio.file.Files.readAttributes(Files.java:1854)
		at java.base/java.util.zip.ZipFile$Source.get(ZipFile.java:1445)
		at java.base/java.util.zip.ZipFile$CleanableResource.<init>(ZipFile.java:724)
		at java.base/java.util.zip.ZipFile.<init>(ZipFile.java:251)
		at java.base/java.util.zip.ZipFile.<init>(ZipFile.java:180)
		at java.base/java.util.jar.JarFile.<init>(JarFile.java:345)
		at org.apache.tomcat.util.scan.JarFileUrlJar.<init>(JarFileUrlJar.java:64)
		at org.apache.tomcat.util.scan.JarFactory.newInstance(JarFactory.java:50)
		at org.apache.tomcat.util.scan.StandardJarScanner.process(StandardJarScanner.java:391)
		at org.apache.tomcat.util.scan.StandardJarScanner.processURLs(StandardJarScanner.java:332)
		at org.apache.tomcat.util.scan.StandardJarScanner.doScanClassPath(StandardJarScanner.java:278)
		at org.apache.tomcat.util.scan.StandardJarScanner.scan(StandardJarScanner.java:242)
		at org.apache.jasper.servlet.TldScanner.scanJars(TldScanner.java:248)
		at org.apache.jasper.servlet.TldScanner.scan(TldScanner.java:98)
		at org.apache.jasper.servlet.JasperInitializer.onStartup(JasperInitializer.java:79)
		at org.apache.catalina.core.StandardContext.startInternal(StandardContext.java:4420)
		at org.apache.catalina.util.LifecycleBase.start(LifecycleBase.java:164)
		at org.apache.catalina.core.ContainerBase.addChild(ContainerBase.java:564)
		at org.apache.catalina.core.StandardHost.addChild(StandardHost.java:663)
		at org.apache.catalina.startup.HostConfig.deployWAR(HostConfig.java:923)
		at org.apache.catalina.startup.HostConfig$DeployWar.run(HostConfig.java:1839)
		at java.base/java.util.concurrent.Executors$RunnableAdapter.call(Executors.java:572)
		at java.base/java.util.concurrent.FutureTask.run(FutureTask.java:317)
		at org.apache.tomcat.util.threads.InlineExecutorService.execute(InlineExecutorService.java:81)
		at java.base/java.util.concurrent.AbstractExecutorService.submit(AbstractExecutorService.java:123)
		at org.apache.catalina.startup.HostConfig.deployWARs(HostConfig.java:727)
		at org.apache.catalina.startup.HostConfig.deployApps(HostConfig.java:378)
		at org.apache.catalina.startup.HostConfig.check(HostConfig.java:1628)
		at org.apache.catalina.startup.HostConfig.lifecycleEvent(HostConfig.java:260)
		at org.apache.catalina.util.LifecycleBase.fireLifecycleEvent(LifecycleBase.java:109)
		at org.apache.catalina.core.ContainerBase.backgroundProcess(ContainerBase.java:938)
		at org.apache.catalina.core.ContainerBase$ContainerBackgroundProcessor.processChildren(ContainerBase.java:1137)
		at org.apache.catalina.core.ContainerBase$ContainerBackgroundProcessor.processChildren(ContainerBase.java:1141)
		at org.apache.catalina.core.ContainerBase$ContainerBackgroundProcessor.run(ContainerBase.java:1119)
		at java.base/java.util.concurrent.Executors$RunnableAdapter.call(Executors.java:572)
		at java.base/java.util.concurrent.FutureTask.runAndReset(FutureTask.java:358)
		at java.base/java.util.concurrent.ScheduledThreadPoolExecutor$ScheduledFutureTask.run(ScheduledThreadPoolExecutor.java:305)
		at java.base/java.util.concurrent.ThreadPoolExecutor.runWorker(ThreadPoolExecutor.java:1144)
		at java.base/java.util.concurrent.ThreadPoolExecutor$Worker.run(ThreadPoolExecutor.java:642)
		at org.apache.tomcat.util.threads.TaskThread$WrappingRunnable.run(TaskThread.java:57)
		at java.base/java.lang.Thread.run(Thread.java:1583)
04-Jul-2026 23:05:00.812 WARNING [Catalina-utility-1] org.apache.tomcat.util.scan.StandardJarScanner.processURLs Failed to scan [file:/usr/local/tomcat/webapps/lpu-reservation-system-0.0.1-SNAPSHOT/WEB-INF/lib/jakarta.el-api-6.0.1.jar] from classloader hierarchy
	java.nio.file.NoSuchFileException: /usr/local/tomcat/webapps/lpu-reservation-system-0.0.1-SNAPSHOT/WEB-INF/lib/jakarta.el-api-6.0.1.jar
		at java.base/sun.nio.fs.UnixException.translateToIOException(UnixException.java:92)
		at java.base/sun.nio.fs.UnixException.rethrowAsIOException(UnixException.java:106)
		at java.base/sun.nio.fs.UnixException.rethrowAsIOException(UnixException.java:111)
		at java.base/sun.nio.fs.UnixFileAttributeViews$Basic.readAttributes(UnixFileAttributeViews.java:55)
		at java.base/sun.nio.fs.UnixFileSystemProvider.readAttributes(UnixFileSystemProvider.java:171)
		at java.base/sun.nio.fs.LinuxFileSystemProvider.readAttributes(LinuxFileSystemProvider.java:99)
		at java.base/java.nio.file.Files.readAttributes(Files.java:1854)
		at java.base/java.util.zip.ZipFile$Source.get(ZipFile.java:1445)
		at java.base/java.util.zip.ZipFile$CleanableResource.<init>(ZipFile.java:724)
		at java.base/java.util.zip.ZipFile.<init>(ZipFile.java:251)
		at java.base/java.util.zip.ZipFile.<init>(ZipFile.java:180)
		at java.base/java.util.jar.JarFile.<init>(JarFile.java:345)
		at org.apache.tomcat.util.scan.JarFileUrlJar.<init>(JarFileUrlJar.java:64)
		at org.apache.tomcat.util.scan.JarFactory.newInstance(JarFactory.java:50)
		at org.apache.tomcat.util.scan.StandardJarScanner.process(StandardJarScanner.java:391)
		at org.apache.tomcat.util.scan.StandardJarScanner.processURLs(StandardJarScanner.java:332)
		at org.apache.tomcat.util.scan.StandardJarScanner.doScanClassPath(StandardJarScanner.java:278)
		at org.apache.tomcat.util.scan.StandardJarScanner.scan(StandardJarScanner.java:242)
		at org.apache.jasper.servlet.TldScanner.scanJars(TldScanner.java:248)
		at org.apache.jasper.servlet.TldScanner.scan(TldScanner.java:98)
		at org.apache.jasper.servlet.JasperInitializer.onStartup(JasperInitializer.java:79)
		at org.apache.catalina.core.StandardContext.startInternal(StandardContext.java:4420)
		at org.apache.catalina.util.LifecycleBase.start(LifecycleBase.java:164)
		at org.apache.catalina.core.ContainerBase.addChild(ContainerBase.java:564)
		at org.apache.catalina.core.StandardHost.addChild(StandardHost.java:663)
		at org.apache.catalina.startup.HostConfig.deployWAR(HostConfig.java:923)
		at org.apache.catalina.startup.HostConfig$DeployWar.run(HostConfig.java:1839)
		at java.base/java.util.concurrent.Executors$RunnableAdapter.call(Executors.java:572)
		at java.base/java.util.concurrent.FutureTask.run(FutureTask.java:317)
		at org.apache.tomcat.util.threads.InlineExecutorService.execute(InlineExecutorService.java:81)
		at java.base/java.util.concurrent.AbstractExecutorService.submit(AbstractExecutorService.java:123)
		at org.apache.catalina.startup.HostConfig.deployWARs(HostConfig.java:727)
		at org.apache.catalina.startup.HostConfig.deployApps(HostConfig.java:378)
		at org.apache.catalina.startup.HostConfig.check(HostConfig.java:1628)
		at org.apache.catalina.startup.HostConfig.lifecycleEvent(HostConfig.java:260)
		at org.apache.catalina.util.LifecycleBase.fireLifecycleEvent(LifecycleBase.java:109)
		at org.apache.catalina.core.ContainerBase.backgroundProcess(ContainerBase.java:938)
		at org.apache.catalina.core.ContainerBase$ContainerBackgroundProcessor.processChildren(ContainerBase.java:1137)
		at org.apache.catalina.core.ContainerBase$ContainerBackgroundProcessor.processChildren(ContainerBase.java:1141)
		at org.apache.catalina.core.ContainerBase$ContainerBackgroundProcessor.run(ContainerBase.java:1119)
		at java.base/java.util.concurrent.Executors$RunnableAdapter.call(Executors.java:572)
		at java.base/java.util.concurrent.FutureTask.runAndReset(FutureTask.java:358)
		at java.base/java.util.concurrent.ScheduledThreadPoolExecutor$ScheduledFutureTask.run(ScheduledThreadPoolExecutor.java:305)
		at java.base/java.util.concurrent.ThreadPoolExecutor.runWorker(ThreadPoolExecutor.java:1144)
		at java.base/java.util.concurrent.ThreadPoolExecutor$Worker.run(ThreadPoolExecutor.java:642)
		at org.apache.tomcat.util.threads.TaskThread$WrappingRunnable.run(TaskThread.java:57)
		at java.base/java.lang.Thread.run(Thread.java:1583)
04-Jul-2026 23:05:00.813 WARNING [Catalina-utility-1] org.apache.tomcat.util.scan.StandardJarScanner.processURLs Failed to scan [file:/usr/local/tomcat/webapps/lpu-reservation-system-0.0.1-SNAPSHOT/WEB-INF/lib/byte-buddy-1.17.6.jar] from classloader hierarchy
	java.nio.file.NoSuchFileException: /usr/local/tomcat/webapps/lpu-reservation-system-0.0.1-SNAPSHOT/WEB-INF/lib/byte-buddy-1.17.6.jar
		at java.base/sun.nio.fs.UnixException.translateToIOException(UnixException.java:92)
		at java.base/sun.nio.fs.UnixException.rethrowAsIOException(UnixException.java:106)
		at java.base/sun.nio.fs.UnixException.rethrowAsIOException(UnixException.java:111)
		at java.base/sun.nio.fs.UnixFileAttributeViews$Basic.readAttributes(UnixFileAttributeViews.java:55)
		at java.base/sun.nio.fs.UnixFileSystemProvider.readAttributes(UnixFileSystemProvider.java:171)
		at java.base/sun.nio.fs.LinuxFileSystemProvider.readAttributes(LinuxFileSystemProvider.java:99)
		at java.base/java.nio.file.Files.readAttributes(Files.java:1854)
		at java.base/java.util.zip.ZipFile$Source.get(ZipFile.java:1445)
		at java.base/java.util.zip.ZipFile$CleanableResource.<init>(ZipFile.java:724)
		at java.base/java.util.zip.ZipFile.<init>(ZipFile.java:251)
		at java.base/java.util.zip.ZipFile.<init>(ZipFile.java:180)
		at java.base/java.util.jar.JarFile.<init>(JarFile.java:345)
		at org.apache.tomcat.util.scan.JarFileUrlJar.<init>(JarFileUrlJar.java:64)
		at org.apache.tomcat.util.scan.JarFactory.newInstance(JarFactory.java:50)
		at org.apache.tomcat.util.scan.StandardJarScanner.process(StandardJarScanner.java:391)
		at org.apache.tomcat.util.scan.StandardJarScanner.processURLs(StandardJarScanner.java:332)
		at org.apache.tomcat.util.scan.StandardJarScanner.doScanClassPath(StandardJarScanner.java:278)
		at org.apache.tomcat.util.scan.StandardJarScanner.scan(StandardJarScanner.java:242)
		at org.apache.jasper.servlet.TldScanner.scanJars(TldScanner.java:248)
		at org.apache.jasper.servlet.TldScanner.scan(TldScanner.java:98)
		at org.apache.jasper.servlet.JasperInitializer.onStartup(JasperInitializer.java:79)
		at org.apache.catalina.core.StandardContext.startInternal(StandardContext.java:4420)
		at org.apache.catalina.util.LifecycleBase.start(LifecycleBase.java:164)
		at org.apache.catalina.core.ContainerBase.addChild(ContainerBase.java:564)
		at org.apache.catalina.core.StandardHost.addChild(StandardHost.java:663)
		at org.apache.catalina.startup.HostConfig.deployWAR(HostConfig.java:923)
		at org.apache.catalina.startup.HostConfig$DeployWar.run(HostConfig.java:1839)
		at java.base/java.util.concurrent.Executors$RunnableAdapter.call(Executors.java:572)
		at java.base/java.util.concurrent.FutureTask.run(FutureTask.java:317)
		at org.apache.tomcat.util.threads.InlineExecutorService.execute(InlineExecutorService.java:81)
		at java.base/java.util.concurrent.AbstractExecutorService.submit(AbstractExecutorService.java:123)
		at org.apache.catalina.startup.HostConfig.deployWARs(HostConfig.java:727)
		at org.apache.catalina.startup.HostConfig.deployApps(HostConfig.java:378)
		at org.apache.catalina.startup.HostConfig.check(HostConfig.java:1628)
		at org.apache.catalina.startup.HostConfig.lifecycleEvent(HostConfig.java:260)
		at org.apache.catalina.util.LifecycleBase.fireLifecycleEvent(LifecycleBase.java:109)
		at org.apache.catalina.core.ContainerBase.backgroundProcess(ContainerBase.java:938)
		at org.apache.catalina.core.ContainerBase$ContainerBackgroundProcessor.processChildren(ContainerBase.java:1137)
		at org.apache.catalina.core.ContainerBase$ContainerBackgroundProcessor.processChildren(ContainerBase.java:1141)
		at org.apache.catalina.core.ContainerBase$ContainerBackgroundProcessor.run(ContainerBase.java:1119)
		at java.base/java.util.concurrent.Executors$RunnableAdapter.call(Executors.java:572)
		at java.base/java.util.concurrent.FutureTask.runAndReset(FutureTask.java:358)
		at java.base/java.util.concurrent.ScheduledThreadPoolExecutor$ScheduledFutureTask.run(ScheduledThreadPoolExecutor.java:305)
		at java.base/java.util.concurrent.ThreadPoolExecutor.runWorker(ThreadPoolExecutor.java:1144)
		at java.base/java.util.concurrent.ThreadPoolExecutor$Worker.run(ThreadPoolExecutor.java:642)
		at org.apache.tomcat.util.threads.TaskThread$WrappingRunnable.run(TaskThread.java:57)
		at java.base/java.lang.Thread.run(Thread.java:1583)
04-Jul-2026 23:05:00.814 WARNING [Catalina-utility-1] org.apache.tomcat.util.scan.StandardJarScanner.processURLs Failed to scan [file:/usr/local/tomcat/webapps/lpu-reservation-system-0.0.1-SNAPSHOT/WEB-INF/lib/jakarta.persistence-api-3.2.0.jar] from classloader hierarchy
	java.nio.file.NoSuchFileException: /usr/local/tomcat/webapps/lpu-reservation-system-0.0.1-SNAPSHOT/WEB-INF/lib/jakarta.persistence-api-3.2.0.jar
		at java.base/sun.nio.fs.UnixException.translateToIOException(UnixException.java:92)
		at java.base/sun.nio.fs.UnixException.rethrowAsIOException(UnixException.java:106)
		at java.base/sun.nio.fs.UnixException.rethrowAsIOException(UnixException.java:111)
		at java.base/sun.nio.fs.UnixFileAttributeViews$Basic.readAttributes(UnixFileAttributeViews.java:55)
		at java.base/sun.nio.fs.UnixFileSystemProvider.readAttributes(UnixFileSystemProvider.java:171)
		at java.base/sun.nio.fs.LinuxFileSystemProvider.readAttributes(LinuxFileSystemProvider.java:99)
		at java.base/java.nio.file.Files.readAttributes(Files.java:1854)
		at java.base/java.util.zip.ZipFile$Source.get(ZipFile.java:1445)
		at java.base/java.util.zip.ZipFile$CleanableResource.<init>(ZipFile.java:724)
		at java.base/java.util.zip.ZipFile.<init>(ZipFile.java:251)
		at java.base/java.util.zip.ZipFile.<init>(ZipFile.java:180)
		at java.base/java.util.jar.JarFile.<init>(JarFile.java:345)
		at org.apache.tomcat.util.scan.JarFileUrlJar.<init>(JarFileUrlJar.java:64)
		at org.apache.tomcat.util.scan.JarFactory.newInstance(JarFactory.java:50)
		at org.apache.tomcat.util.scan.StandardJarScanner.process(StandardJarScanner.java:391)
		at org.apache.tomcat.util.scan.StandardJarScanner.processURLs(StandardJarScanner.java:332)
		at org.apache.tomcat.util.scan.StandardJarScanner.doScanClassPath(StandardJarScanner.java:278)
		at org.apache.tomcat.util.scan.StandardJarScanner.scan(StandardJarScanner.java:242)
		at org.apache.jasper.servlet.TldScanner.scanJars(TldScanner.java:248)
		at org.apache.jasper.servlet.TldScanner.scan(TldScanner.java:98)
		at org.apache.jasper.servlet.JasperInitializer.onStartup(JasperInitializer.java:79)
		at org.apache.catalina.core.StandardContext.startInternal(StandardContext.java:4420)
		at org.apache.catalina.util.LifecycleBase.start(LifecycleBase.java:164)
		at org.apache.catalina.core.ContainerBase.addChild(ContainerBase.java:564)
		at org.apache.catalina.core.StandardHost.addChild(StandardHost.java:663)
		at org.apache.catalina.startup.HostConfig.deployWAR(HostConfig.java:923)
		at org.apache.catalina.startup.HostConfig$DeployWar.run(HostConfig.java:1839)
		at java.base/java.util.concurrent.Executors$RunnableAdapter.call(Executors.java:572)
		at java.base/java.util.concurrent.FutureTask.run(FutureTask.java:317)
		at org.apache.tomcat.util.threads.InlineExecutorService.execute(InlineExecutorService.java:81)
		at java.base/java.util.concurrent.AbstractExecutorService.submit(AbstractExecutorService.java:123)
		at org.apache.catalina.startup.HostConfig.deployWARs(HostConfig.java:727)
		at org.apache.catalina.startup.HostConfig.deployApps(HostConfig.java:378)
		at org.apache.catalina.startup.HostConfig.check(HostConfig.java:1628)
		at org.apache.catalina.startup.HostConfig.lifecycleEvent(HostConfig.java:260)
		at org.apache.catalina.util.LifecycleBase.fireLifecycleEvent(LifecycleBase.java:109)
		at org.apache.catalina.core.ContainerBase.backgroundProcess(ContainerBase.java:938)
		at org.apache.catalina.core.ContainerBase$ContainerBackgroundProcessor.processChildren(ContainerBase.java:1137)
		at org.apache.catalina.core.ContainerBase$ContainerBackgroundProcessor.processChildren(ContainerBase.java:1141)
		at org.apache.catalina.core.ContainerBase$ContainerBackgroundProcessor.run(ContainerBase.java:1119)
		at java.base/java.util.concurrent.Executors$RunnableAdapter.call(Executors.java:572)
		at java.base/java.util.concurrent.FutureTask.runAndReset(FutureTask.java:358)
		at java.base/java.util.concurrent.ScheduledThreadPoolExecutor$ScheduledFutureTask.run(ScheduledThreadPoolExecutor.java:305)
		at java.base/java.util.concurrent.ThreadPoolExecutor.runWorker(ThreadPoolExecutor.java:1144)
		at java.base/java.util.concurrent.ThreadPoolExecutor$Worker.run(ThreadPoolExecutor.java:642)
		at org.apache.tomcat.util.threads.TaskThread$WrappingRunnable.run(TaskThread.java:57)
		at java.base/java.lang.Thread.run(Thread.java:1583)
04-Jul-2026 23:05:00.818 WARNING [Catalina-utility-1] org.apache.tomcat.util.scan.StandardJarScanner.processURLs Failed to scan [file:/usr/local/tomcat/webapps/lpu-reservation-system-0.0.1-SNAPSHOT/WEB-INF/lib/ehcache-transactions-3.11.1.jar] from classloader hierarchy
	java.nio.file.NoSuchFileException: /usr/local/tomcat/webapps/lpu-reservation-system-0.0.1-SNAPSHOT/WEB-INF/lib/ehcache-transactions-3.11.1.jar
		at java.base/sun.nio.fs.UnixException.translateToIOException(UnixException.java:92)
		at java.base/sun.nio.fs.UnixException.rethrowAsIOException(UnixException.java:106)
		at java.base/sun.nio.fs.UnixException.rethrowAsIOException(UnixException.java:111)
		at java.base/sun.nio.fs.UnixFileAttributeViews$Basic.readAttributes(UnixFileAttributeViews.java:55)
		at java.base/sun.nio.fs.UnixFileSystemProvider.readAttributes(UnixFileSystemProvider.java:171)
		at java.base/sun.nio.fs.LinuxFileSystemProvider.readAttributes(LinuxFileSystemProvider.java:99)
		at java.base/java.nio.file.Files.readAttributes(Files.java:1854)
		at java.base/java.util.zip.ZipFile$Source.get(ZipFile.java:1445)
		at java.base/java.util.zip.ZipFile$CleanableResource.<init>(ZipFile.java:724)
		at java.base/java.util.zip.ZipFile.<init>(ZipFile.java:251)
		at java.base/java.util.zip.ZipFile.<init>(ZipFile.java:180)
		at java.base/java.util.jar.JarFile.<init>(JarFile.java:345)
		at org.apache.tomcat.util.scan.JarFileUrlJar.<init>(JarFileUrlJar.java:64)
		at org.apache.tomcat.util.scan.JarFactory.newInstance(JarFactory.java:50)
		at org.apache.tomcat.util.scan.StandardJarScanner.process(StandardJarScanner.java:391)
		at org.apache.tomcat.util.scan.StandardJarScanner.processURLs(StandardJarScanner.java:332)
		at org.apache.tomcat.util.scan.StandardJarScanner.doScanClassPath(StandardJarScanner.java:278)
		at org.apache.tomcat.util.scan.StandardJarScanner.scan(StandardJarScanner.java:242)
		at org.apache.jasper.servlet.TldScanner.scanJars(TldScanner.java:248)
		at org.apache.jasper.servlet.TldScanner.scan(TldScanner.java:98)
		at org.apache.jasper.servlet.JasperInitializer.onStartup(JasperInitializer.java:79)
		at org.apache.catalina.core.StandardContext.startInternal(StandardContext.java:4420)
		at org.apache.catalina.util.LifecycleBase.start(LifecycleBase.java:164)
		at org.apache.catalina.core.ContainerBase.addChild(ContainerBase.java:564)
		at org.apache.catalina.core.StandardHost.addChild(StandardHost.java:663)
		at org.apache.catalina.startup.HostConfig.deployWAR(HostConfig.java:923)
		at org.apache.catalina.startup.HostConfig$DeployWar.run(HostConfig.java:1839)
		at java.base/java.util.concurrent.Executors$RunnableAdapter.call(Executors.java:572)
		at java.base/java.util.concurrent.FutureTask.run(FutureTask.java:317)
		at org.apache.tomcat.util.threads.InlineExecutorService.execute(InlineExecutorService.java:81)
		at java.base/java.util.concurrent.AbstractExecutorService.submit(AbstractExecutorService.java:123)
		at org.apache.catalina.startup.HostConfig.deployWARs(HostConfig.java:727)
		at org.apache.catalina.startup.HostConfig.deployApps(HostConfig.java:378)
		at org.apache.catalina.startup.HostConfig.check(HostConfig.java:1628)
		at org.apache.catalina.startup.HostConfig.lifecycleEvent(HostConfig.java:260)
		at org.apache.catalina.util.LifecycleBase.fireLifecycleEvent(LifecycleBase.java:109)
		at org.apache.catalina.core.ContainerBase.backgroundProcess(ContainerBase.java:938)
		at org.apache.catalina.core.ContainerBase$ContainerBackgroundProcessor.processChildren(ContainerBase.java:1137)
		at org.apache.catalina.core.ContainerBase$ContainerBackgroundProcessor.processChildren(ContainerBase.java:1141)
		at org.apache.catalina.core.ContainerBase$ContainerBackgroundProcessor.run(ContainerBase.java:1119)
		at java.base/java.util.concurrent.Executors$RunnableAdapter.call(Executors.java:572)
		at java.base/java.util.concurrent.FutureTask.runAndReset(FutureTask.java:358)
		at java.base/java.util.concurrent.ScheduledThreadPoolExecutor$ScheduledFutureTask.run(ScheduledThreadPoolExecutor.java:305)
		at java.base/java.util.concurrent.ThreadPoolExecutor.runWorker(ThreadPoolExecutor.java:1144)
		at java.base/java.util.concurrent.ThreadPoolExecutor$Worker.run(ThreadPoolExecutor.java:642)
		at org.apache.tomcat.util.threads.TaskThread$WrappingRunnable.run(TaskThread.java:57)
		at java.base/java.lang.Thread.run(Thread.java:1583)
04-Jul-2026 23:05:00.820 WARNING [Catalina-utility-1] org.apache.tomcat.util.scan.StandardJarScanner.processURLs Failed to scan [file:/usr/local/tomcat/webapps/lpu-reservation-system-0.0.1-SNAPSHOT/WEB-INF/lib/spring-oxm-7.0.6.jar] from classloader hierarchy
	java.nio.file.NoSuchFileException: /usr/local/tomcat/webapps/lpu-reservation-system-0.0.1-SNAPSHOT/WEB-INF/lib/spring-oxm-7.0.6.jar
		at java.base/sun.nio.fs.UnixException.translateToIOException(UnixException.java:92)
		at java.base/sun.nio.fs.UnixException.rethrowAsIOException(UnixException.java:106)
		at java.base/sun.nio.fs.UnixException.rethrowAsIOException(UnixException.java:111)
		at java.base/sun.nio.fs.UnixFileAttributeViews$Basic.readAttributes(UnixFileAttributeViews.java:55)
		at java.base/sun.nio.fs.UnixFileSystemProvider.readAttributes(UnixFileSystemProvider.java:171)
		at java.base/sun.nio.fs.LinuxFileSystemProvider.readAttributes(LinuxFileSystemProvider.java:99)
		at java.base/java.nio.file.Files.readAttributes(Files.java:1854)
		at java.base/java.util.zip.ZipFile$Source.get(ZipFile.java:1445)
		at java.base/java.util.zip.ZipFile$CleanableResource.<init>(ZipFile.java:724)
		at java.base/java.util.zip.ZipFile.<init>(ZipFile.java:251)
		at java.base/java.util.zip.ZipFile.<init>(ZipFile.java:180)
		at java.base/java.util.jar.JarFile.<init>(JarFile.java:345)
		at org.apache.tomcat.util.scan.JarFileUrlJar.<init>(JarFileUrlJar.java:64)
		at org.apache.tomcat.util.scan.JarFactory.newInstance(JarFactory.java:50)
		at org.apache.tomcat.util.scan.StandardJarScanner.process(StandardJarScanner.java:391)
		at org.apache.tomcat.util.scan.StandardJarScanner.processURLs(StandardJarScanner.java:332)
		at org.apache.tomcat.util.scan.StandardJarScanner.doScanClassPath(StandardJarScanner.java:278)
		at org.apache.tomcat.util.scan.StandardJarScanner.scan(StandardJarScanner.java:242)
		at org.apache.jasper.servlet.TldScanner.scanJars(TldScanner.java:248)
		at org.apache.jasper.servlet.TldScanner.scan(TldScanner.java:98)
		at org.apache.jasper.servlet.JasperInitializer.onStartup(JasperInitializer.java:79)
		at org.apache.catalina.core.StandardContext.startInternal(StandardContext.java:4420)
		at org.apache.catalina.util.LifecycleBase.start(LifecycleBase.java:164)
		at org.apache.catalina.core.ContainerBase.addChild(ContainerBase.java:564)
		at org.apache.catalina.core.StandardHost.addChild(StandardHost.java:663)
		at org.apache.catalina.startup.HostConfig.deployWAR(HostConfig.java:923)
		at org.apache.catalina.startup.HostConfig$DeployWar.run(HostConfig.java:1839)
		at java.base/java.util.concurrent.Executors$RunnableAdapter.call(Executors.java:572)
		at java.base/java.util.concurrent.FutureTask.run(FutureTask.java:317)
		at org.apache.tomcat.util.threads.InlineExecutorService.execute(InlineExecutorService.java:81)
		at java.base/java.util.concurrent.AbstractExecutorService.submit(AbstractExecutorService.java:123)
		at org.apache.catalina.startup.HostConfig.deployWARs(HostConfig.java:727)
		at org.apache.catalina.startup.HostConfig.deployApps(HostConfig.java:378)
		at org.apache.catalina.startup.HostConfig.check(HostConfig.java:1628)
		at org.apache.catalina.startup.HostConfig.lifecycleEvent(HostConfig.java:260)
		at org.apache.catalina.util.LifecycleBase.fireLifecycleEvent(LifecycleBase.java:109)
		at org.apache.catalina.core.ContainerBase.backgroundProcess(ContainerBase.java:938)
		at org.apache.catalina.core.ContainerBase$ContainerBackgroundProcessor.processChildren(ContainerBase.java:1137)
		at org.apache.catalina.core.ContainerBase$ContainerBackgroundProcessor.processChildren(ContainerBase.java:1141)
		at org.apache.catalina.core.ContainerBase$ContainerBackgroundProcessor.run(ContainerBase.java:1119)
		at java.base/java.util.concurrent.Executors$RunnableAdapter.call(Executors.java:572)
		at java.base/java.util.concurrent.FutureTask.runAndReset(FutureTask.java:358)
		at java.base/java.util.concurrent.ScheduledThreadPoolExecutor$ScheduledFutureTask.run(ScheduledThreadPoolExecutor.java:305)
		at java.base/java.util.concurrent.ThreadPoolExecutor.runWorker(ThreadPoolExecutor.java:1144)
		at java.base/java.util.concurrent.ThreadPoolExecutor$Worker.run(ThreadPoolExecutor.java:642)
		at org.apache.tomcat.util.threads.TaskThread$WrappingRunnable.run(TaskThread.java:57)
		at java.base/java.lang.Thread.run(Thread.java:1583)
04-Jul-2026 23:05:00.820 WARNING [Catalina-utility-1] org.apache.tomcat.util.scan.StandardJarScanner.processURLs Failed to scan [file:/usr/local/tomcat/webapps/lpu-reservation-system-0.0.1-SNAPSHOT/WEB-INF/lib/micrometer-observation-1.15.1.jar] from classloader hierarchy
	java.nio.file.NoSuchFileException: /usr/local/tomcat/webapps/lpu-reservation-system-0.0.1-SNAPSHOT/WEB-INF/lib/micrometer-observation-1.15.1.jar
		at java.base/sun.nio.fs.UnixException.translateToIOException(UnixException.java:92)
		at java.base/sun.nio.fs.UnixException.rethrowAsIOException(UnixException.java:106)
		at java.base/sun.nio.fs.UnixException.rethrowAsIOException(UnixException.java:111)
		at java.base/sun.nio.fs.UnixFileAttributeViews$Basic.readAttributes(UnixFileAttributeViews.java:55)
		at java.base/sun.nio.fs.UnixFileSystemProvider.readAttributes(UnixFileSystemProvider.java:171)
		at java.base/sun.nio.fs.LinuxFileSystemProvider.readAttributes(LinuxFileSystemProvider.java:99)
		at java.base/java.nio.file.Files.readAttributes(Files.java:1854)
		at java.base/java.util.zip.ZipFile$Source.get(ZipFile.java:1445)
		at java.base/java.util.zip.ZipFile$CleanableResource.<init>(ZipFile.java:724)
		at java.base/java.util.zip.ZipFile.<init>(ZipFile.java:251)
		at java.base/java.util.zip.ZipFile.<init>(ZipFile.java:180)
		at java.base/java.util.jar.JarFile.<init>(JarFile.java:345)
		at org.apache.tomcat.util.scan.JarFileUrlJar.<init>(JarFileUrlJar.java:64)
		at org.apache.tomcat.util.scan.JarFactory.newInstance(JarFactory.java:50)
		at org.apache.tomcat.util.scan.StandardJarScanner.process(StandardJarScanner.java:391)
		at org.apache.tomcat.util.scan.StandardJarScanner.processURLs(StandardJarScanner.java:332)
		at org.apache.tomcat.util.scan.StandardJarScanner.doScanClassPath(StandardJarScanner.java:278)
		at org.apache.tomcat.util.scan.StandardJarScanner.scan(StandardJarScanner.java:242)
		at org.apache.jasper.servlet.TldScanner.scanJars(TldScanner.java:248)
		at org.apache.jasper.servlet.TldScanner.scan(TldScanner.java:98)
		at org.apache.jasper.servlet.JasperInitializer.onStartup(JasperInitializer.java:79)
		at org.apache.catalina.core.StandardContext.startInternal(StandardContext.java:4420)
		at org.apache.catalina.util.LifecycleBase.start(LifecycleBase.java:164)
		at org.apache.catalina.core.ContainerBase.addChild(ContainerBase.java:564)
		at org.apache.catalina.core.StandardHost.addChild(StandardHost.java:663)
		at org.apache.catalina.startup.HostConfig.deployWAR(HostConfig.java:923)
		at org.apache.catalina.startup.HostConfig$DeployWar.run(HostConfig.java:1839)
		at java.base/java.util.concurrent.Executors$RunnableAdapter.call(Executors.java:572)
		at java.base/java.util.concurrent.FutureTask.run(FutureTask.java:317)
		at org.apache.tomcat.util.threads.InlineExecutorService.execute(InlineExecutorService.java:81)
		at java.base/java.util.concurrent.AbstractExecutorService.submit(AbstractExecutorService.java:123)
		at org.apache.catalina.startup.HostConfig.deployWARs(HostConfig.java:727)
		at org.apache.catalina.startup.HostConfig.deployApps(HostConfig.java:378)
		at org.apache.catalina.startup.HostConfig.check(HostConfig.java:1628)
		at org.apache.catalina.startup.HostConfig.lifecycleEvent(HostConfig.java:260)
		at org.apache.catalina.util.LifecycleBase.fireLifecycleEvent(LifecycleBase.java:109)
		at org.apache.catalina.core.ContainerBase.backgroundProcess(ContainerBase.java:938)
		at org.apache.catalina.core.ContainerBase$ContainerBackgroundProcessor.processChildren(ContainerBase.java:1137)
		at org.apache.catalina.core.ContainerBase$ContainerBackgroundProcessor.processChildren(ContainerBase.java:1141)
		at org.apache.catalina.core.ContainerBase$ContainerBackgroundProcessor.run(ContainerBase.java:1119)
		at java.base/java.util.concurrent.Executors$RunnableAdapter.call(Executors.java:572)
		at java.base/java.util.concurrent.FutureTask.runAndReset(FutureTask.java:358)
		at java.base/java.util.concurrent.ScheduledThreadPoolExecutor$ScheduledFutureTask.run(ScheduledThreadPoolExecutor.java:305)
		at java.base/java.util.concurrent.ThreadPoolExecutor.runWorker(ThreadPoolExecutor.java:1144)
		at java.base/java.util.concurrent.ThreadPoolExecutor$Worker.run(ThreadPoolExecutor.java:642)
		at org.apache.tomcat.util.threads.TaskThread$WrappingRunnable.run(TaskThread.java:57)
		at java.base/java.lang.Thread.run(Thread.java:1583)
04-Jul-2026 23:05:00.822 WARNING [Catalina-utility-1] org.apache.tomcat.util.scan.StandardJarScanner.processURLs Failed to scan [file:/usr/local/tomcat/webapps/lpu-reservation-system-0.0.1-SNAPSHOT/WEB-INF/lib/spring-security-core-6.5.1.jar] from classloader hierarchy
	java.nio.file.NoSuchFileException: /usr/local/tomcat/webapps/lpu-reservation-system-0.0.1-SNAPSHOT/WEB-INF/lib/spring-security-core-6.5.1.jar
		at java.base/sun.nio.fs.UnixException.translateToIOException(UnixException.java:92)
		at java.base/sun.nio.fs.UnixException.rethrowAsIOException(UnixException.java:106)
		at java.base/sun.nio.fs.UnixException.rethrowAsIOException(UnixException.java:111)
		at java.base/sun.nio.fs.UnixFileAttributeViews$Basic.readAttributes(UnixFileAttributeViews.java:55)
		at java.base/sun.nio.fs.UnixFileSystemProvider.readAttributes(UnixFileSystemProvider.java:171)
		at java.base/sun.nio.fs.LinuxFileSystemProvider.readAttributes(LinuxFileSystemProvider.java:99)
		at java.base/java.nio.file.Files.readAttributes(Files.java:1854)
		at java.base/java.util.zip.ZipFile$Source.get(ZipFile.java:1445)
		at java.base/java.util.zip.ZipFile$CleanableResource.<init>(ZipFile.java:724)
		at java.base/java.util.zip.ZipFile.<init>(ZipFile.java:251)
		at java.base/java.util.zip.ZipFile.<init>(ZipFile.java:180)
		at java.base/java.util.jar.JarFile.<init>(JarFile.java:345)
		at org.apache.tomcat.util.scan.JarFileUrlJar.<init>(JarFileUrlJar.java:64)
		at org.apache.tomcat.util.scan.JarFactory.newInstance(JarFactory.java:50)
		at org.apache.tomcat.util.scan.StandardJarScanner.process(StandardJarScanner.java:391)
		at org.apache.tomcat.util.scan.StandardJarScanner.processURLs(StandardJarScanner.java:332)
		at org.apache.tomcat.util.scan.StandardJarScanner.doScanClassPath(StandardJarScanner.java:278)
		at org.apache.tomcat.util.scan.StandardJarScanner.scan(StandardJarScanner.java:242)
		at org.apache.jasper.servlet.TldScanner.scanJars(TldScanner.java:248)
		at org.apache.jasper.servlet.TldScanner.scan(TldScanner.java:98)
		at org.apache.jasper.servlet.JasperInitializer.onStartup(JasperInitializer.java:79)
		at org.apache.catalina.core.StandardContext.startInternal(StandardContext.java:4420)
		at org.apache.catalina.util.LifecycleBase.start(LifecycleBase.java:164)
		at org.apache.catalina.core.ContainerBase.addChild(ContainerBase.java:564)
		at org.apache.catalina.core.StandardHost.addChild(StandardHost.java:663)
		at org.apache.catalina.startup.HostConfig.deployWAR(HostConfig.java:923)
		at org.apache.catalina.startup.HostConfig$DeployWar.run(HostConfig.java:1839)
		at java.base/java.util.concurrent.Executors$RunnableAdapter.call(Executors.java:572)
		at java.base/java.util.concurrent.FutureTask.run(FutureTask.java:317)
		at org.apache.tomcat.util.threads.InlineExecutorService.execute(InlineExecutorService.java:81)
		at java.base/java.util.concurrent.AbstractExecutorService.submit(AbstractExecutorService.java:123)
		at org.apache.catalina.startup.HostConfig.deployWARs(HostConfig.java:727)
		at org.apache.catalina.startup.HostConfig.deployApps(HostConfig.java:378)
		at org.apache.catalina.startup.HostConfig.check(HostConfig.java:1628)
		at org.apache.catalina.startup.HostConfig.lifecycleEvent(HostConfig.java:260)
		at org.apache.catalina.util.LifecycleBase.fireLifecycleEvent(LifecycleBase.java:109)
		at org.apache.catalina.core.ContainerBase.backgroundProcess(ContainerBase.java:938)
		at org.apache.catalina.core.ContainerBase$ContainerBackgroundProcessor.processChildren(ContainerBase.java:1137)
		at org.apache.catalina.core.ContainerBase$ContainerBackgroundProcessor.processChildren(ContainerBase.java:1141)
		at org.apache.catalina.core.ContainerBase$ContainerBackgroundProcessor.run(ContainerBase.java:1119)
		at java.base/java.util.concurrent.Executors$RunnableAdapter.call(Executors.java:572)
		at java.base/java.util.concurrent.FutureTask.runAndReset(FutureTask.java:358)
		at java.base/java.util.concurrent.ScheduledThreadPoolExecutor$ScheduledFutureTask.run(ScheduledThreadPoolExecutor.java:305)
		at java.base/java.util.concurrent.ThreadPoolExecutor.runWorker(ThreadPoolExecutor.java:1144)
		at java.base/java.util.concurrent.ThreadPoolExecutor$Worker.run(ThreadPoolExecutor.java:642)
		at org.apache.tomcat.util.threads.TaskThread$WrappingRunnable.run(TaskThread.java:57)
		at java.base/java.lang.Thread.run(Thread.java:1583)
04-Jul-2026 23:05:00.824 WARNING [Catalina-utility-1] org.apache.tomcat.util.scan.StandardJarScanner.processURLs Failed to scan [file:/usr/local/tomcat/webapps/lpu-reservation-system-0.0.1-SNAPSHOT/WEB-INF/lib/spring-expression-7.0.6.jar] from classloader hierarchy
	java.nio.file.NoSuchFileException: /usr/local/tomcat/webapps/lpu-reservation-system-0.0.1-SNAPSHOT/WEB-INF/lib/spring-expression-7.0.6.jar
		at java.base/sun.nio.fs.UnixException.translateToIOException(UnixException.java:92)
		at java.base/sun.nio.fs.UnixException.rethrowAsIOException(UnixException.java:106)
		at java.base/sun.nio.fs.UnixException.rethrowAsIOException(UnixException.java:111)
		at java.base/sun.nio.fs.UnixFileAttributeViews$Basic.readAttributes(UnixFileAttributeViews.java:55)
		at java.base/sun.nio.fs.UnixFileSystemProvider.readAttributes(UnixFileSystemProvider.java:171)
		at java.base/sun.nio.fs.LinuxFileSystemProvider.readAttributes(LinuxFileSystemProvider.java:99)
		at java.base/java.nio.file.Files.readAttributes(Files.java:1854)
		at java.base/java.util.zip.ZipFile$Source.get(ZipFile.java:1445)
		at java.base/java.util.zip.ZipFile$CleanableResource.<init>(ZipFile.java:724)
		at java.base/java.util.zip.ZipFile.<init>(ZipFile.java:251)
		at java.base/java.util.zip.ZipFile.<init>(ZipFile.java:180)
		at java.base/java.util.jar.JarFile.<init>(JarFile.java:345)
		at org.apache.tomcat.util.scan.JarFileUrlJar.<init>(JarFileUrlJar.java:64)
		at org.apache.tomcat.util.scan.JarFactory.newInstance(JarFactory.java:50)
		at org.apache.tomcat.util.scan.StandardJarScanner.process(StandardJarScanner.java:391)
		at org.apache.tomcat.util.scan.StandardJarScanner.processURLs(StandardJarScanner.java:332)
		at org.apache.tomcat.util.scan.StandardJarScanner.doScanClassPath(StandardJarScanner.java:278)
		at org.apache.tomcat.util.scan.StandardJarScanner.scan(StandardJarScanner.java:242)
		at org.apache.jasper.servlet.TldScanner.scanJars(TldScanner.java:248)
		at org.apache.jasper.servlet.TldScanner.scan(TldScanner.java:98)
		at org.apache.jasper.servlet.JasperInitializer.onStartup(JasperInitializer.java:79)
		at org.apache.catalina.core.StandardContext.startInternal(StandardContext.java:4420)
		at org.apache.catalina.util.LifecycleBase.start(LifecycleBase.java:164)
		at org.apache.catalina.core.ContainerBase.addChild(ContainerBase.java:564)
		at org.apache.catalina.core.StandardHost.addChild(StandardHost.java:663)
		at org.apache.catalina.startup.HostConfig.deployWAR(HostConfig.java:923)
		at org.apache.catalina.startup.HostConfig$DeployWar.run(HostConfig.java:1839)
		at java.base/java.util.concurrent.Executors$RunnableAdapter.call(Executors.java:572)
		at java.base/java.util.concurrent.FutureTask.run(FutureTask.java:317)
		at org.apache.tomcat.util.threads.InlineExecutorService.execute(InlineExecutorService.java:81)
		at java.base/java.util.concurrent.AbstractExecutorService.submit(AbstractExecutorService.java:123)
		at org.apache.catalina.startup.HostConfig.deployWARs(HostConfig.java:727)
		at org.apache.catalina.startup.HostConfig.deployApps(HostConfig.java:378)
		at org.apache.catalina.startup.HostConfig.check(HostConfig.java:1628)
		at org.apache.catalina.startup.HostConfig.lifecycleEvent(HostConfig.java:260)
		at org.apache.catalina.util.LifecycleBase.fireLifecycleEvent(LifecycleBase.java:109)
		at org.apache.catalina.core.ContainerBase.backgroundProcess(ContainerBase.java:938)
		at org.apache.catalina.core.ContainerBase$ContainerBackgroundProcessor.processChildren(ContainerBase.java:1137)
		at org.apache.catalina.core.ContainerBase$ContainerBackgroundProcessor.processChildren(ContainerBase.java:1141)
		at org.apache.catalina.core.ContainerBase$ContainerBackgroundProcessor.run(ContainerBase.java:1119)
		at java.base/java.util.concurrent.Executors$RunnableAdapter.call(Executors.java:572)
		at java.base/java.util.concurrent.FutureTask.runAndReset(FutureTask.java:358)
		at java.base/java.util.concurrent.ScheduledThreadPoolExecutor$ScheduledFutureTask.run(ScheduledThreadPoolExecutor.java:305)
		at java.base/java.util.concurrent.ThreadPoolExecutor.runWorker(ThreadPoolExecutor.java:1144)
		at java.base/java.util.concurrent.ThreadPoolExecutor$Worker.run(ThreadPoolExecutor.java:642)
		at org.apache.tomcat.util.threads.TaskThread$WrappingRunnable.run(TaskThread.java:57)
		at java.base/java.lang.Thread.run(Thread.java:1583)
04-Jul-2026 23:05:00.826 WARNING [Catalina-utility-1] org.apache.tomcat.util.scan.StandardJarScanner.processURLs Failed to scan [file:/usr/local/tomcat/webapps/lpu-reservation-system-0.0.1-SNAPSHOT/WEB-INF/lib/classmate-1.7.0.jar] from classloader hierarchy
	java.nio.file.NoSuchFileException: /usr/local/tomcat/webapps/lpu-reservation-system-0.0.1-SNAPSHOT/WEB-INF/lib/classmate-1.7.0.jar
		at java.base/sun.nio.fs.UnixException.translateToIOException(UnixException.java:92)
		at java.base/sun.nio.fs.UnixException.rethrowAsIOException(UnixException.java:106)
		at java.base/sun.nio.fs.UnixException.rethrowAsIOException(UnixException.java:111)
		at java.base/sun.nio.fs.UnixFileAttributeViews$Basic.readAttributes(UnixFileAttributeViews.java:55)
		at java.base/sun.nio.fs.UnixFileSystemProvider.readAttributes(UnixFileSystemProvider.java:171)
		at java.base/sun.nio.fs.LinuxFileSystemProvider.readAttributes(LinuxFileSystemProvider.java:99)
		at java.base/java.nio.file.Files.readAttributes(Files.java:1854)
		at java.base/java.util.zip.ZipFile$Source.get(ZipFile.java:1445)
		at java.base/java.util.zip.ZipFile$CleanableResource.<init>(ZipFile.java:724)
		at java.base/java.util.zip.ZipFile.<init>(ZipFile.java:251)
		at java.base/java.util.zip.ZipFile.<init>(ZipFile.java:180)
		at java.base/java.util.jar.JarFile.<init>(JarFile.java:345)
		at org.apache.tomcat.util.scan.JarFileUrlJar.<init>(JarFileUrlJar.java:64)
		at org.apache.tomcat.util.scan.JarFactory.newInstance(JarFactory.java:50)
		at org.apache.tomcat.util.scan.StandardJarScanner.process(StandardJarScanner.java:391)
		at org.apache.tomcat.util.scan.StandardJarScanner.processURLs(StandardJarScanner.java:332)
		at org.apache.tomcat.util.scan.StandardJarScanner.doScanClassPath(StandardJarScanner.java:278)
		at org.apache.tomcat.util.scan.StandardJarScanner.scan(StandardJarScanner.java:242)
		at org.apache.jasper.servlet.TldScanner.scanJars(TldScanner.java:248)
		at org.apache.jasper.servlet.TldScanner.scan(TldScanner.java:98)
		at org.apache.jasper.servlet.JasperInitializer.onStartup(JasperInitializer.java:79)
		at org.apache.catalina.core.StandardContext.startInternal(StandardContext.java:4420)
		at org.apache.catalina.util.LifecycleBase.start(LifecycleBase.java:164)
		at org.apache.catalina.core.ContainerBase.addChild(ContainerBase.java:564)
		at org.apache.catalina.core.StandardHost.addChild(StandardHost.java:663)
		at org.apache.catalina.startup.HostConfig.deployWAR(HostConfig.java:923)
		at org.apache.catalina.startup.HostConfig$DeployWar.run(HostConfig.java:1839)
		at java.base/java.util.concurrent.Executors$RunnableAdapter.call(Executors.java:572)
		at java.base/java.util.concurrent.FutureTask.run(FutureTask.java:317)
		at org.apache.tomcat.util.threads.InlineExecutorService.execute(InlineExecutorService.java:81)
		at java.base/java.util.concurrent.AbstractExecutorService.submit(AbstractExecutorService.java:123)
		at org.apache.catalina.startup.HostConfig.deployWARs(HostConfig.java:727)
		at org.apache.catalina.startup.HostConfig.deployApps(HostConfig.java:378)
		at org.apache.catalina.startup.HostConfig.check(HostConfig.java:1628)
		at org.apache.catalina.startup.HostConfig.lifecycleEvent(HostConfig.java:260)
		at org.apache.catalina.util.LifecycleBase.fireLifecycleEvent(LifecycleBase.java:109)
		at org.apache.catalina.core.ContainerBase.backgroundProcess(ContainerBase.java:938)
		at org.apache.catalina.core.ContainerBase$ContainerBackgroundProcessor.processChildren(ContainerBase.java:1137)
		at org.apache.catalina.core.ContainerBase$ContainerBackgroundProcessor.processChildren(ContainerBase.java:1141)
		at org.apache.catalina.core.ContainerBase$ContainerBackgroundProcessor.run(ContainerBase.java:1119)
		at java.base/java.util.concurrent.Executors$RunnableAdapter.call(Executors.java:572)
		at java.base/java.util.concurrent.FutureTask.runAndReset(FutureTask.java:358)
		at java.base/java.util.concurrent.ScheduledThreadPoolExecutor$ScheduledFutureTask.run(ScheduledThreadPoolExecutor.java:305)
		at java.base/java.util.concurrent.ThreadPoolExecutor.runWorker(ThreadPoolExecutor.java:1144)
		at java.base/java.util.concurrent.ThreadPoolExecutor$Worker.run(ThreadPoolExecutor.java:642)
		at org.apache.tomcat.util.threads.TaskThread$WrappingRunnable.run(TaskThread.java:57)
		at java.base/java.lang.Thread.run(Thread.java:1583)
04-Jul-2026 23:05:00.827 WARNING [Catalina-utility-1] org.apache.tomcat.util.scan.StandardJarScanner.processURLs Failed to scan [file:/usr/local/tomcat/webapps/lpu-reservation-system-0.0.1-SNAPSHOT/WEB-INF/lib/postgresql-42.7.10.jar] from classloader hierarchy
	java.nio.file.NoSuchFileException: /usr/local/tomcat/webapps/lpu-reservation-system-0.0.1-SNAPSHOT/WEB-INF/lib/postgresql-42.7.10.jar
		at java.base/sun.nio.fs.UnixException.translateToIOException(UnixException.java:92)
		at java.base/sun.nio.fs.UnixException.rethrowAsIOException(UnixException.java:106)
		at java.base/sun.nio.fs.UnixException.rethrowAsIOException(UnixException.java:111)
		at java.base/sun.nio.fs.UnixFileAttributeViews$Basic.readAttributes(UnixFileAttributeViews.java:55)
		at java.base/sun.nio.fs.UnixFileSystemProvider.readAttributes(UnixFileSystemProvider.java:171)
		at java.base/sun.nio.fs.LinuxFileSystemProvider.readAttributes(LinuxFileSystemProvider.java:99)
		at java.base/java.nio.file.Files.readAttributes(Files.java:1854)
		at java.base/java.util.zip.ZipFile$Source.get(ZipFile.java:1445)
		at java.base/java.util.zip.ZipFile$CleanableResource.<init>(ZipFile.java:724)
		at java.base/java.util.zip.ZipFile.<init>(ZipFile.java:251)
		at java.base/java.util.zip.ZipFile.<init>(ZipFile.java:180)
		at java.base/java.util.jar.JarFile.<init>(JarFile.java:345)
		at org.apache.tomcat.util.scan.JarFileUrlJar.<init>(JarFileUrlJar.java:64)
		at org.apache.tomcat.util.scan.JarFactory.newInstance(JarFactory.java:50)
		at org.apache.tomcat.util.scan.StandardJarScanner.process(StandardJarScanner.java:391)
		at org.apache.tomcat.util.scan.StandardJarScanner.processURLs(StandardJarScanner.java:332)
		at org.apache.tomcat.util.scan.StandardJarScanner.doScanClassPath(StandardJarScanner.java:278)
		at org.apache.tomcat.util.scan.StandardJarScanner.scan(StandardJarScanner.java:242)
		at org.apache.jasper.servlet.TldScanner.scanJars(TldScanner.java:248)
		at org.apache.jasper.servlet.TldScanner.scan(TldScanner.java:98)
		at org.apache.jasper.servlet.JasperInitializer.onStartup(JasperInitializer.java:79)
		at org.apache.catalina.core.StandardContext.startInternal(StandardContext.java:4420)
		at org.apache.catalina.util.LifecycleBase.start(LifecycleBase.java:164)
		at org.apache.catalina.core.ContainerBase.addChild(ContainerBase.java:564)
		at org.apache.catalina.core.StandardHost.addChild(StandardHost.java:663)
		at org.apache.catalina.startup.HostConfig.deployWAR(HostConfig.java:923)
		at org.apache.catalina.startup.HostConfig$DeployWar.run(HostConfig.java:1839)
		at java.base/java.util.concurrent.Executors$RunnableAdapter.call(Executors.java:572)
		at java.base/java.util.concurrent.FutureTask.run(FutureTask.java:317)
		at org.apache.tomcat.util.threads.InlineExecutorService.execute(InlineExecutorService.java:81)
		at java.base/java.util.concurrent.AbstractExecutorService.submit(AbstractExecutorService.java:123)
		at org.apache.catalina.startup.HostConfig.deployWARs(HostConfig.java:727)
		at org.apache.catalina.startup.HostConfig.deployApps(HostConfig.java:378)
		at org.apache.catalina.startup.HostConfig.check(HostConfig.java:1628)
		at org.apache.catalina.startup.HostConfig.lifecycleEvent(HostConfig.java:260)
		at org.apache.catalina.util.LifecycleBase.fireLifecycleEvent(LifecycleBase.java:109)
		at org.apache.catalina.core.ContainerBase.backgroundProcess(ContainerBase.java:938)
		at org.apache.catalina.core.ContainerBase$ContainerBackgroundProcessor.processChildren(ContainerBase.java:1137)
		at org.apache.catalina.core.ContainerBase$ContainerBackgroundProcessor.processChildren(ContainerBase.java:1141)
		at org.apache.catalina.core.ContainerBase$ContainerBackgroundProcessor.run(ContainerBase.java:1119)
		at java.base/java.util.concurrent.Executors$RunnableAdapter.call(Executors.java:572)
		at java.base/java.util.concurrent.FutureTask.runAndReset(FutureTask.java:358)
		at java.base/java.util.concurrent.ScheduledThreadPoolExecutor$ScheduledFutureTask.run(ScheduledThreadPoolExecutor.java:305)
		at java.base/java.util.concurrent.ThreadPoolExecutor.runWorker(ThreadPoolExecutor.java:1144)
		at java.base/java.util.concurrent.ThreadPoolExecutor$Worker.run(ThreadPoolExecutor.java:642)
		at org.apache.tomcat.util.threads.TaskThread$WrappingRunnable.run(TaskThread.java:57)
		at java.base/java.lang.Thread.run(Thread.java:1583)
04-Jul-2026 23:05:00.828 WARNING [Catalina-utility-1] org.apache.tomcat.util.scan.StandardJarScanner.processURLs Failed to scan [file:/usr/local/tomcat/webapps/lpu-reservation-system-0.0.1-SNAPSHOT/WEB-INF/lib/jakarta.transaction-api-2.0.1.jar] from classloader hierarchy
	java.nio.file.NoSuchFileException: /usr/local/tomcat/webapps/lpu-reservation-system-0.0.1-SNAPSHOT/WEB-INF/lib/jakarta.transaction-api-2.0.1.jar
		at java.base/sun.nio.fs.UnixException.translateToIOException(UnixException.java:92)
		at java.base/sun.nio.fs.UnixException.rethrowAsIOException(UnixException.java:106)
		at java.base/sun.nio.fs.UnixException.rethrowAsIOException(UnixException.java:111)
		at java.base/sun.nio.fs.UnixFileAttributeViews$Basic.readAttributes(UnixFileAttributeViews.java:55)
		at java.base/sun.nio.fs.UnixFileSystemProvider.readAttributes(UnixFileSystemProvider.java:171)
		at java.base/sun.nio.fs.LinuxFileSystemProvider.readAttributes(LinuxFileSystemProvider.java:99)
		at java.base/java.nio.file.Files.readAttributes(Files.java:1854)
		at java.base/java.util.zip.ZipFile$Source.get(ZipFile.java:1445)
		at java.base/java.util.zip.ZipFile$CleanableResource.<init>(ZipFile.java:724)
		at java.base/java.util.zip.ZipFile.<init>(ZipFile.java:251)
		at java.base/java.util.zip.ZipFile.<init>(ZipFile.java:180)
		at java.base/java.util.jar.JarFile.<init>(JarFile.java:345)
		at org.apache.tomcat.util.scan.JarFileUrlJar.<init>(JarFileUrlJar.java:64)
		at org.apache.tomcat.util.scan.JarFactory.newInstance(JarFactory.java:50)
		at org.apache.tomcat.util.scan.StandardJarScanner.process(StandardJarScanner.java:391)
		at org.apache.tomcat.util.scan.StandardJarScanner.processURLs(StandardJarScanner.java:332)
		at org.apache.tomcat.util.scan.StandardJarScanner.doScanClassPath(StandardJarScanner.java:278)
		at org.apache.tomcat.util.scan.StandardJarScanner.scan(StandardJarScanner.java:242)
		at org.apache.jasper.servlet.TldScanner.scanJars(TldScanner.java:248)
		at org.apache.jasper.servlet.TldScanner.scan(TldScanner.java:98)
		at org.apache.jasper.servlet.JasperInitializer.onStartup(JasperInitializer.java:79)
		at org.apache.catalina.core.StandardContext.startInternal(StandardContext.java:4420)
		at org.apache.catalina.util.LifecycleBase.start(LifecycleBase.java:164)
		at org.apache.catalina.core.ContainerBase.addChild(ContainerBase.java:564)
		at org.apache.catalina.core.StandardHost.addChild(StandardHost.java:663)
		at org.apache.catalina.startup.HostConfig.deployWAR(HostConfig.java:923)
		at org.apache.catalina.startup.HostConfig$DeployWar.run(HostConfig.java:1839)
		at java.base/java.util.concurrent.Executors$RunnableAdapter.call(Executors.java:572)
		at java.base/java.util.concurrent.FutureTask.run(FutureTask.java:317)
		at org.apache.tomcat.util.threads.InlineExecutorService.execute(InlineExecutorService.java:81)
		at java.base/java.util.concurrent.AbstractExecutorService.submit(AbstractExecutorService.java:123)
		at org.apache.catalina.startup.HostConfig.deployWARs(HostConfig.java:727)
		at org.apache.catalina.startup.HostConfig.deployApps(HostConfig.java:378)
		at org.apache.catalina.startup.HostConfig.check(HostConfig.java:1628)
		at org.apache.catalina.startup.HostConfig.lifecycleEvent(HostConfig.java:260)
		at org.apache.catalina.util.LifecycleBase.fireLifecycleEvent(LifecycleBase.java:109)
		at org.apache.catalina.core.ContainerBase.backgroundProcess(ContainerBase.java:938)
		at org.apache.catalina.core.ContainerBase$ContainerBackgroundProcessor.processChildren(ContainerBase.java:1137)
		at org.apache.catalina.core.ContainerBase$ContainerBackgroundProcessor.processChildren(ContainerBase.java:1141)
		at org.apache.catalina.core.ContainerBase$ContainerBackgroundProcessor.run(ContainerBase.java:1119)
		at java.base/java.util.concurrent.Executors$RunnableAdapter.call(Executors.java:572)
		at java.base/java.util.concurrent.FutureTask.runAndReset(FutureTask.java:358)
		at java.base/java.util.concurrent.ScheduledThreadPoolExecutor$ScheduledFutureTask.run(ScheduledThreadPoolExecutor.java:305)
		at java.base/java.util.concurrent.ThreadPoolExecutor.runWorker(ThreadPoolExecutor.java:1144)
		at java.base/java.util.concurrent.ThreadPoolExecutor$Worker.run(ThreadPoolExecutor.java:642)
		at org.apache.tomcat.util.threads.TaskThread$WrappingRunnable.run(TaskThread.java:57)
		at java.base/java.lang.Thread.run(Thread.java:1583)
04-Jul-2026 23:05:00.829 WARNING [Catalina-utility-1] org.apache.tomcat.util.scan.StandardJarScanner.processURLs Failed to scan [file:/usr/local/tomcat/webapps/lpu-reservation-system-0.0.1-SNAPSHOT/WEB-INF/lib/spring-security-config-6.3.1.jar] from classloader hierarchy
	java.nio.file.NoSuchFileException: /usr/local/tomcat/webapps/lpu-reservation-system-0.0.1-SNAPSHOT/WEB-INF/lib/spring-security-config-6.3.1.jar
		at java.base/sun.nio.fs.UnixException.translateToIOException(UnixException.java:92)
		at java.base/sun.nio.fs.UnixException.rethrowAsIOException(UnixException.java:106)
		at java.base/sun.nio.fs.UnixException.rethrowAsIOException(UnixException.java:111)
		at java.base/sun.nio.fs.UnixFileAttributeViews$Basic.readAttributes(UnixFileAttributeViews.java:55)
		at java.base/sun.nio.fs.UnixFileSystemProvider.readAttributes(UnixFileSystemProvider.java:171)
		at java.base/sun.nio.fs.LinuxFileSystemProvider.readAttributes(LinuxFileSystemProvider.java:99)
		at java.base/java.nio.file.Files.readAttributes(Files.java:1854)
		at java.base/java.util.zip.ZipFile$Source.get(ZipFile.java:1445)
		at java.base/java.util.zip.ZipFile$CleanableResource.<init>(ZipFile.java:724)
		at java.base/java.util.zip.ZipFile.<init>(ZipFile.java:251)
		at java.base/java.util.zip.ZipFile.<init>(ZipFile.java:180)
		at java.base/java.util.jar.JarFile.<init>(JarFile.java:345)
		at org.apache.tomcat.util.scan.JarFileUrlJar.<init>(JarFileUrlJar.java:64)
		at org.apache.tomcat.util.scan.JarFactory.newInstance(JarFactory.java:50)
		at org.apache.tomcat.util.scan.StandardJarScanner.process(StandardJarScanner.java:391)
		at org.apache.tomcat.util.scan.StandardJarScanner.processURLs(StandardJarScanner.java:332)
		at org.apache.tomcat.util.scan.StandardJarScanner.doScanClassPath(StandardJarScanner.java:278)
		at org.apache.tomcat.util.scan.StandardJarScanner.scan(StandardJarScanner.java:242)
		at org.apache.jasper.servlet.TldScanner.scanJars(TldScanner.java:248)
		at org.apache.jasper.servlet.TldScanner.scan(TldScanner.java:98)
		at org.apache.jasper.servlet.JasperInitializer.onStartup(JasperInitializer.java:79)
		at org.apache.catalina.core.StandardContext.startInternal(StandardContext.java:4420)
		at org.apache.catalina.util.LifecycleBase.start(LifecycleBase.java:164)
		at org.apache.catalina.core.ContainerBase.addChild(ContainerBase.java:564)
		at org.apache.catalina.core.StandardHost.addChild(StandardHost.java:663)
		at org.apache.catalina.startup.HostConfig.deployWAR(HostConfig.java:923)
		at org.apache.catalina.startup.HostConfig$DeployWar.run(HostConfig.java:1839)
		at java.base/java.util.concurrent.Executors$RunnableAdapter.call(Executors.java:572)
		at java.base/java.util.concurrent.FutureTask.run(FutureTask.java:317)
		at org.apache.tomcat.util.threads.InlineExecutorService.execute(InlineExecutorService.java:81)
		at java.base/java.util.concurrent.AbstractExecutorService.submit(AbstractExecutorService.java:123)
		at org.apache.catalina.startup.HostConfig.deployWARs(HostConfig.java:727)
		at org.apache.catalina.startup.HostConfig.deployApps(HostConfig.java:378)
		at org.apache.catalina.startup.HostConfig.check(HostConfig.java:1628)
		at org.apache.catalina.startup.HostConfig.lifecycleEvent(HostConfig.java:260)
		at org.apache.catalina.util.LifecycleBase.fireLifecycleEvent(LifecycleBase.java:109)
		at org.apache.catalina.core.ContainerBase.backgroundProcess(ContainerBase.java:938)
		at org.apache.catalina.core.ContainerBase$ContainerBackgroundProcessor.processChildren(ContainerBase.java:1137)
		at org.apache.catalina.core.ContainerBase$ContainerBackgroundProcessor.processChildren(ContainerBase.java:1141)
		at org.apache.catalina.core.ContainerBase$ContainerBackgroundProcessor.run(ContainerBase.java:1119)
		at java.base/java.util.concurrent.Executors$RunnableAdapter.call(Executors.java:572)
		at java.base/java.util.concurrent.FutureTask.runAndReset(FutureTask.java:358)
		at java.base/java.util.concurrent.ScheduledThreadPoolExecutor$ScheduledFutureTask.run(ScheduledThreadPoolExecutor.java:305)
		at java.base/java.util.concurrent.ThreadPoolExecutor.runWorker(ThreadPoolExecutor.java:1144)
		at java.base/java.util.concurrent.ThreadPoolExecutor$Worker.run(ThreadPoolExecutor.java:642)
		at org.apache.tomcat.util.threads.TaskThread$WrappingRunnable.run(TaskThread.java:57)
		at java.base/java.lang.Thread.run(Thread.java:1583)
04-Jul-2026 23:05:00.830 WARNING [Catalina-utility-1] org.apache.tomcat.util.scan.StandardJarScanner.processURLs Failed to scan [file:/usr/local/tomcat/webapps/lpu-reservation-system-0.0.1-SNAPSHOT/WEB-INF/lib/spring-tx-7.0.6.jar] from classloader hierarchy
	java.nio.file.NoSuchFileException: /usr/local/tomcat/webapps/lpu-reservation-system-0.0.1-SNAPSHOT/WEB-INF/lib/spring-tx-7.0.6.jar
		at java.base/sun.nio.fs.UnixException.translateToIOException(UnixException.java:92)
		at java.base/sun.nio.fs.UnixException.rethrowAsIOException(UnixException.java:106)
		at java.base/sun.nio.fs.UnixException.rethrowAsIOException(UnixException.java:111)
		at java.base/sun.nio.fs.UnixFileAttributeViews$Basic.readAttributes(UnixFileAttributeViews.java:55)
		at java.base/sun.nio.fs.UnixFileSystemProvider.readAttributes(UnixFileSystemProvider.java:171)
		at java.base/sun.nio.fs.LinuxFileSystemProvider.readAttributes(LinuxFileSystemProvider.java:99)
		at java.base/java.nio.file.Files.readAttributes(Files.java:1854)
		at java.base/java.util.zip.ZipFile$Source.get(ZipFile.java:1445)
		at java.base/java.util.zip.ZipFile$CleanableResource.<init>(ZipFile.java:724)
		at java.base/java.util.zip.ZipFile.<init>(ZipFile.java:251)
		at java.base/java.util.zip.ZipFile.<init>(ZipFile.java:180)
		at java.base/java.util.jar.JarFile.<init>(JarFile.java:345)
		at org.apache.tomcat.util.scan.JarFileUrlJar.<init>(JarFileUrlJar.java:64)
		at org.apache.tomcat.util.scan.JarFactory.newInstance(JarFactory.java:50)
		at org.apache.tomcat.util.scan.StandardJarScanner.process(StandardJarScanner.java:391)
		at org.apache.tomcat.util.scan.StandardJarScanner.processURLs(StandardJarScanner.java:332)
		at org.apache.tomcat.util.scan.StandardJarScanner.doScanClassPath(StandardJarScanner.java:278)
		at org.apache.tomcat.util.scan.StandardJarScanner.scan(StandardJarScanner.java:242)
		at org.apache.jasper.servlet.TldScanner.scanJars(TldScanner.java:248)
		at org.apache.jasper.servlet.TldScanner.scan(TldScanner.java:98)
		at org.apache.jasper.servlet.JasperInitializer.onStartup(JasperInitializer.java:79)
		at org.apache.catalina.core.StandardContext.startInternal(StandardContext.java:4420)
		at org.apache.catalina.util.LifecycleBase.start(LifecycleBase.java:164)
		at org.apache.catalina.core.ContainerBase.addChild(ContainerBase.java:564)
		at org.apache.catalina.core.StandardHost.addChild(StandardHost.java:663)
		at org.apache.catalina.startup.HostConfig.deployWAR(HostConfig.java:923)
		at org.apache.catalina.startup.HostConfig$DeployWar.run(HostConfig.java:1839)
		at java.base/java.util.concurrent.Executors$RunnableAdapter.call(Executors.java:572)
		at java.base/java.util.concurrent.FutureTask.run(FutureTask.java:317)
		at org.apache.tomcat.util.threads.InlineExecutorService.execute(InlineExecutorService.java:81)
		at java.base/java.util.concurrent.AbstractExecutorService.submit(AbstractExecutorService.java:123)
		at org.apache.catalina.startup.HostConfig.deployWARs(HostConfig.java:727)
		at org.apache.catalina.startup.HostConfig.deployApps(HostConfig.java:378)
		at org.apache.catalina.startup.HostConfig.check(HostConfig.java:1628)
		at org.apache.catalina.startup.HostConfig.lifecycleEvent(HostConfig.java:260)
		at org.apache.catalina.util.LifecycleBase.fireLifecycleEvent(LifecycleBase.java:109)
		at org.apache.catalina.core.ContainerBase.backgroundProcess(ContainerBase.java:938)
		at org.apache.catalina.core.ContainerBase$ContainerBackgroundProcessor.processChildren(ContainerBase.java:1137)
		at org.apache.catalina.core.ContainerBase$ContainerBackgroundProcessor.processChildren(ContainerBase.java:1141)
		at org.apache.catalina.core.ContainerBase$ContainerBackgroundProcessor.run(ContainerBase.java:1119)
		at java.base/java.util.concurrent.Executors$RunnableAdapter.call(Executors.java:572)
		at java.base/java.util.concurrent.FutureTask.runAndReset(FutureTask.java:358)
		at java.base/java.util.concurrent.ScheduledThreadPoolExecutor$ScheduledFutureTask.run(ScheduledThreadPoolExecutor.java:305)
		at java.base/java.util.concurrent.ThreadPoolExecutor.runWorker(ThreadPoolExecutor.java:1144)
		at java.base/java.util.concurrent.ThreadPoolExecutor$Worker.run(ThreadPoolExecutor.java:642)
		at org.apache.tomcat.util.threads.TaskThread$WrappingRunnable.run(TaskThread.java:57)
		at java.base/java.lang.Thread.run(Thread.java:1583)
04-Jul-2026 23:05:00.830 WARNING [Catalina-utility-1] org.apache.tomcat.util.scan.StandardJarScanner.processURLs Failed to scan [file:/usr/local/tomcat/webapps/lpu-reservation-system-0.0.1-SNAPSHOT/WEB-INF/lib/jjwt-jackson-0.11.5.jar] from classloader hierarchy
	java.nio.file.NoSuchFileException: /usr/local/tomcat/webapps/lpu-reservation-system-0.0.1-SNAPSHOT/WEB-INF/lib/jjwt-jackson-0.11.5.jar
		at java.base/sun.nio.fs.UnixException.translateToIOException(UnixException.java:92)
		at java.base/sun.nio.fs.UnixException.rethrowAsIOException(UnixException.java:106)
		at java.base/sun.nio.fs.UnixException.rethrowAsIOException(UnixException.java:111)
		at java.base/sun.nio.fs.UnixFileAttributeViews$Basic.readAttributes(UnixFileAttributeViews.java:55)
		at java.base/sun.nio.fs.UnixFileSystemProvider.readAttributes(UnixFileSystemProvider.java:171)
		at java.base/sun.nio.fs.LinuxFileSystemProvider.readAttributes(LinuxFileSystemProvider.java:99)
		at java.base/java.nio.file.Files.readAttributes(Files.java:1854)
		at java.base/java.util.zip.ZipFile$Source.get(ZipFile.java:1445)
		at java.base/java.util.zip.ZipFile$CleanableResource.<init>(ZipFile.java:724)
		at java.base/java.util.zip.ZipFile.<init>(ZipFile.java:251)
		at java.base/java.util.zip.ZipFile.<init>(ZipFile.java:180)
		at java.base/java.util.jar.JarFile.<init>(JarFile.java:345)
		at org.apache.tomcat.util.scan.JarFileUrlJar.<init>(JarFileUrlJar.java:64)
		at org.apache.tomcat.util.scan.JarFactory.newInstance(JarFactory.java:50)
		at org.apache.tomcat.util.scan.StandardJarScanner.process(StandardJarScanner.java:391)
		at org.apache.tomcat.util.scan.StandardJarScanner.processURLs(StandardJarScanner.java:332)
		at org.apache.tomcat.util.scan.StandardJarScanner.doScanClassPath(StandardJarScanner.java:278)
		at org.apache.tomcat.util.scan.StandardJarScanner.scan(StandardJarScanner.java:242)
		at org.apache.jasper.servlet.TldScanner.scanJars(TldScanner.java:248)
		at org.apache.jasper.servlet.TldScanner.scan(TldScanner.java:98)
		at org.apache.jasper.servlet.JasperInitializer.onStartup(JasperInitializer.java:79)
		at org.apache.catalina.core.StandardContext.startInternal(StandardContext.java:4420)
		at org.apache.catalina.util.LifecycleBase.start(LifecycleBase.java:164)
		at org.apache.catalina.core.ContainerBase.addChild(ContainerBase.java:564)
		at org.apache.catalina.core.StandardHost.addChild(StandardHost.java:663)
		at org.apache.catalina.startup.HostConfig.deployWAR(HostConfig.java:923)
		at org.apache.catalina.startup.HostConfig$DeployWar.run(HostConfig.java:1839)
		at java.base/java.util.concurrent.Executors$RunnableAdapter.call(Executors.java:572)
		at java.base/java.util.concurrent.FutureTask.run(FutureTask.java:317)
		at org.apache.tomcat.util.threads.InlineExecutorService.execute(InlineExecutorService.java:81)
		at java.base/java.util.concurrent.AbstractExecutorService.submit(AbstractExecutorService.java:123)
		at org.apache.catalina.startup.HostConfig.deployWARs(HostConfig.java:727)
		at org.apache.catalina.startup.HostConfig.deployApps(HostConfig.java:378)
		at org.apache.catalina.startup.HostConfig.check(HostConfig.java:1628)
		at org.apache.catalina.startup.HostConfig.lifecycleEvent(HostConfig.java:260)
		at org.apache.catalina.util.LifecycleBase.fireLifecycleEvent(LifecycleBase.java:109)
		at org.apache.catalina.core.ContainerBase.backgroundProcess(ContainerBase.java:938)
		at org.apache.catalina.core.ContainerBase$ContainerBackgroundProcessor.processChildren(ContainerBase.java:1137)
		at org.apache.catalina.core.ContainerBase$ContainerBackgroundProcessor.processChildren(ContainerBase.java:1141)
		at org.apache.catalina.core.ContainerBase$ContainerBackgroundProcessor.run(ContainerBase.java:1119)
		at java.base/java.util.concurrent.Executors$RunnableAdapter.call(Executors.java:572)
		at java.base/java.util.concurrent.FutureTask.runAndReset(FutureTask.java:358)
		at java.base/java.util.concurrent.ScheduledThreadPoolExecutor$ScheduledFutureTask.run(ScheduledThreadPoolExecutor.java:305)
		at java.base/java.util.concurrent.ThreadPoolExecutor.runWorker(ThreadPoolExecutor.java:1144)
		at java.base/java.util.concurrent.ThreadPoolExecutor$Worker.run(ThreadPoolExecutor.java:642)
		at org.apache.tomcat.util.threads.TaskThread$WrappingRunnable.run(TaskThread.java:57)
		at java.base/java.lang.Thread.run(Thread.java:1583)
04-Jul-2026 23:05:00.831 WARNING [Catalina-utility-1] org.apache.tomcat.util.scan.StandardJarScanner.processURLs Failed to scan [file:/usr/local/tomcat/webapps/lpu-reservation-system-0.0.1-SNAPSHOT/WEB-INF/lib/spring-instrument-7.0.6.jar] from classloader hierarchy
	java.nio.file.NoSuchFileException: /usr/local/tomcat/webapps/lpu-reservation-system-0.0.1-SNAPSHOT/WEB-INF/lib/spring-instrument-7.0.6.jar
		at java.base/sun.nio.fs.UnixException.translateToIOException(UnixException.java:92)
		at java.base/sun.nio.fs.UnixException.rethrowAsIOException(UnixException.java:106)
		at java.base/sun.nio.fs.UnixException.rethrowAsIOException(UnixException.java:111)
		at java.base/sun.nio.fs.UnixFileAttributeViews$Basic.readAttributes(UnixFileAttributeViews.java:55)
		at java.base/sun.nio.fs.UnixFileSystemProvider.readAttributes(UnixFileSystemProvider.java:171)
		at java.base/sun.nio.fs.LinuxFileSystemProvider.readAttributes(LinuxFileSystemProvider.java:99)
		at java.base/java.nio.file.Files.readAttributes(Files.java:1854)
		at java.base/java.util.zip.ZipFile$Source.get(ZipFile.java:1445)
		at java.base/java.util.zip.ZipFile$CleanableResource.<init>(ZipFile.java:724)
		at java.base/java.util.zip.ZipFile.<init>(ZipFile.java:251)
		at java.base/java.util.zip.ZipFile.<init>(ZipFile.java:180)
		at java.base/java.util.jar.JarFile.<init>(JarFile.java:345)
		at org.apache.tomcat.util.scan.JarFileUrlJar.<init>(JarFileUrlJar.java:64)
		at org.apache.tomcat.util.scan.JarFactory.newInstance(JarFactory.java:50)
		at org.apache.tomcat.util.scan.StandardJarScanner.process(StandardJarScanner.java:391)
		at org.apache.tomcat.util.scan.StandardJarScanner.processURLs(StandardJarScanner.java:332)
		at org.apache.tomcat.util.scan.StandardJarScanner.doScanClassPath(StandardJarScanner.java:278)
		at org.apache.tomcat.util.scan.StandardJarScanner.scan(StandardJarScanner.java:242)
		at org.apache.jasper.servlet.TldScanner.scanJars(TldScanner.java:248)
		at org.apache.jasper.servlet.TldScanner.scan(TldScanner.java:98)
		at org.apache.jasper.servlet.JasperInitializer.onStartup(JasperInitializer.java:79)
		at org.apache.catalina.core.StandardContext.startInternal(StandardContext.java:4420)
		at org.apache.catalina.util.LifecycleBase.start(LifecycleBase.java:164)
		at org.apache.catalina.core.ContainerBase.addChild(ContainerBase.java:564)
		at org.apache.catalina.core.StandardHost.addChild(StandardHost.java:663)
		at org.apache.catalina.startup.HostConfig.deployWAR(HostConfig.java:923)
		at org.apache.catalina.startup.HostConfig$DeployWar.run(HostConfig.java:1839)
		at java.base/java.util.concurrent.Executors$RunnableAdapter.call(Executors.java:572)
		at java.base/java.util.concurrent.FutureTask.run(FutureTask.java:317)
		at org.apache.tomcat.util.threads.InlineExecutorService.execute(InlineExecutorService.java:81)
		at java.base/java.util.concurrent.AbstractExecutorService.submit(AbstractExecutorService.java:123)
		at org.apache.catalina.startup.HostConfig.deployWARs(HostConfig.java:727)
		at org.apache.catalina.startup.HostConfig.deployApps(HostConfig.java:378)
		at org.apache.catalina.startup.HostConfig.check(HostConfig.java:1628)
		at org.apache.catalina.startup.HostConfig.lifecycleEvent(HostConfig.java:260)
		at org.apache.catalina.util.LifecycleBase.fireLifecycleEvent(LifecycleBase.java:109)
		at org.apache.catalina.core.ContainerBase.backgroundProcess(ContainerBase.java:938)
		at org.apache.catalina.core.ContainerBase$ContainerBackgroundProcessor.processChildren(ContainerBase.java:1137)
		at org.apache.catalina.core.ContainerBase$ContainerBackgroundProcessor.processChildren(ContainerBase.java:1141)
		at org.apache.catalina.core.ContainerBase$ContainerBackgroundProcessor.run(ContainerBase.java:1119)
		at java.base/java.util.concurrent.Executors$RunnableAdapter.call(Executors.java:572)
		at java.base/java.util.concurrent.FutureTask.runAndReset(FutureTask.java:358)
		at java.base/java.util.concurrent.ScheduledThreadPoolExecutor$ScheduledFutureTask.run(ScheduledThreadPoolExecutor.java:305)
		at java.base/java.util.concurrent.ThreadPoolExecutor.runWorker(ThreadPoolExecutor.java:1144)
		at java.base/java.util.concurrent.ThreadPoolExecutor$Worker.run(ThreadPoolExecutor.java:642)
		at org.apache.tomcat.util.threads.TaskThread$WrappingRunnable.run(TaskThread.java:57)
		at java.base/java.lang.Thread.run(Thread.java:1583)
04-Jul-2026 23:05:00.832 WARNING [Catalina-utility-1] org.apache.tomcat.util.scan.StandardJarScanner.processURLs Failed to scan [file:/usr/local/tomcat/webapps/lpu-reservation-system-0.0.1-SNAPSHOT/WEB-INF/lib/webp-imageio-0.1.6.jar] from classloader hierarchy
	java.nio.file.NoSuchFileException: /usr/local/tomcat/webapps/lpu-reservation-system-0.0.1-SNAPSHOT/WEB-INF/lib/webp-imageio-0.1.6.jar
		at java.base/sun.nio.fs.UnixException.translateToIOException(UnixException.java:92)
		at java.base/sun.nio.fs.UnixException.rethrowAsIOException(UnixException.java:106)
		at java.base/sun.nio.fs.UnixException.rethrowAsIOException(UnixException.java:111)
		at java.base/sun.nio.fs.UnixFileAttributeViews$Basic.readAttributes(UnixFileAttributeViews.java:55)
		at java.base/sun.nio.fs.UnixFileSystemProvider.readAttributes(UnixFileSystemProvider.java:171)
		at java.base/sun.nio.fs.LinuxFileSystemProvider.readAttributes(LinuxFileSystemProvider.java:99)
		at java.base/java.nio.file.Files.readAttributes(Files.java:1854)
		at java.base/java.util.zip.ZipFile$Source.get(ZipFile.java:1445)
		at java.base/java.util.zip.ZipFile$CleanableResource.<init>(ZipFile.java:724)
		at java.base/java.util.zip.ZipFile.<init>(ZipFile.java:251)
		at java.base/java.util.zip.ZipFile.<init>(ZipFile.java:180)
		at java.base/java.util.jar.JarFile.<init>(JarFile.java:345)
		at org.apache.tomcat.util.scan.JarFileUrlJar.<init>(JarFileUrlJar.java:64)
		at org.apache.tomcat.util.scan.JarFactory.newInstance(JarFactory.java:50)
		at org.apache.tomcat.util.scan.StandardJarScanner.process(StandardJarScanner.java:391)
		at org.apache.tomcat.util.scan.StandardJarScanner.processURLs(StandardJarScanner.java:332)
		at org.apache.tomcat.util.scan.StandardJarScanner.doScanClassPath(StandardJarScanner.java:278)
		at org.apache.tomcat.util.scan.StandardJarScanner.scan(StandardJarScanner.java:242)
		at org.apache.jasper.servlet.TldScanner.scanJars(TldScanner.java:248)
		at org.apache.jasper.servlet.TldScanner.scan(TldScanner.java:98)
		at org.apache.jasper.servlet.JasperInitializer.onStartup(JasperInitializer.java:79)
		at org.apache.catalina.core.StandardContext.startInternal(StandardContext.java:4420)
		at org.apache.catalina.util.LifecycleBase.start(LifecycleBase.java:164)
		at org.apache.catalina.core.ContainerBase.addChild(ContainerBase.java:564)
		at org.apache.catalina.core.StandardHost.addChild(StandardHost.java:663)
		at org.apache.catalina.startup.HostConfig.deployWAR(HostConfig.java:923)
		at org.apache.catalina.startup.HostConfig$DeployWar.run(HostConfig.java:1839)
		at java.base/java.util.concurrent.Executors$RunnableAdapter.call(Executors.java:572)
		at java.base/java.util.concurrent.FutureTask.run(FutureTask.java:317)
		at org.apache.tomcat.util.threads.InlineExecutorService.execute(InlineExecutorService.java:81)
		at java.base/java.util.concurrent.AbstractExecutorService.submit(AbstractExecutorService.java:123)
		at org.apache.catalina.startup.HostConfig.deployWARs(HostConfig.java:727)
		at org.apache.catalina.startup.HostConfig.deployApps(HostConfig.java:378)
		at org.apache.catalina.startup.HostConfig.check(HostConfig.java:1628)
		at org.apache.catalina.startup.HostConfig.lifecycleEvent(HostConfig.java:260)
		at org.apache.catalina.util.LifecycleBase.fireLifecycleEvent(LifecycleBase.java:109)
		at org.apache.catalina.core.ContainerBase.backgroundProcess(ContainerBase.java:938)
		at org.apache.catalina.core.ContainerBase$ContainerBackgroundProcessor.processChildren(ContainerBase.java:1137)
		at org.apache.catalina.core.ContainerBase$ContainerBackgroundProcessor.processChildren(ContainerBase.java:1141)
		at org.apache.catalina.core.ContainerBase$ContainerBackgroundProcessor.run(ContainerBase.java:1119)
		at java.base/java.util.concurrent.Executors$RunnableAdapter.call(Executors.java:572)
		at java.base/java.util.concurrent.FutureTask.runAndReset(FutureTask.java:358)
		at java.base/java.util.concurrent.ScheduledThreadPoolExecutor$ScheduledFutureTask.run(ScheduledThreadPoolExecutor.java:305)
		at java.base/java.util.concurrent.ThreadPoolExecutor.runWorker(ThreadPoolExecutor.java:1144)
		at java.base/java.util.concurrent.ThreadPoolExecutor$Worker.run(ThreadPoolExecutor.java:642)
		at org.apache.tomcat.util.threads.TaskThread$WrappingRunnable.run(TaskThread.java:57)
		at java.base/java.lang.Thread.run(Thread.java:1583)
04-Jul-2026 23:05:00.832 WARNING [Catalina-utility-1] org.apache.tomcat.util.scan.StandardJarScanner.processURLs Failed to scan [file:/usr/local/tomcat/webapps/lpu-reservation-system-0.0.1-SNAPSHOT/WEB-INF/lib/spring-jdbc-7.0.6.jar] from classloader hierarchy
	java.nio.file.NoSuchFileException: /usr/local/tomcat/webapps/lpu-reservation-system-0.0.1-SNAPSHOT/WEB-INF/lib/spring-jdbc-7.0.6.jar
		at java.base/sun.nio.fs.UnixException.translateToIOException(UnixException.java:92)
		at java.base/sun.nio.fs.UnixException.rethrowAsIOException(UnixException.java:106)
		at java.base/sun.nio.fs.UnixException.rethrowAsIOException(UnixException.java:111)
		at java.base/sun.nio.fs.UnixFileAttributeViews$Basic.readAttributes(UnixFileAttributeViews.java:55)
		at java.base/sun.nio.fs.UnixFileSystemProvider.readAttributes(UnixFileSystemProvider.java:171)
		at java.base/sun.nio.fs.LinuxFileSystemProvider.readAttributes(LinuxFileSystemProvider.java:99)
		at java.base/java.nio.file.Files.readAttributes(Files.java:1854)
		at java.base/java.util.zip.ZipFile$Source.get(ZipFile.java:1445)
		at java.base/java.util.zip.ZipFile$CleanableResource.<init>(ZipFile.java:724)
		at java.base/java.util.zip.ZipFile.<init>(ZipFile.java:251)
		at java.base/java.util.zip.ZipFile.<init>(ZipFile.java:180)
		at java.base/java.util.jar.JarFile.<init>(JarFile.java:345)
		at org.apache.tomcat.util.scan.JarFileUrlJar.<init>(JarFileUrlJar.java:64)
		at org.apache.tomcat.util.scan.JarFactory.newInstance(JarFactory.java:50)
		at org.apache.tomcat.util.scan.StandardJarScanner.process(StandardJarScanner.java:391)
		at org.apache.tomcat.util.scan.StandardJarScanner.processURLs(StandardJarScanner.java:332)
		at org.apache.tomcat.util.scan.StandardJarScanner.doScanClassPath(StandardJarScanner.java:278)
		at org.apache.tomcat.util.scan.StandardJarScanner.scan(StandardJarScanner.java:242)
		at org.apache.jasper.servlet.TldScanner.scanJars(TldScanner.java:248)
		at org.apache.jasper.servlet.TldScanner.scan(TldScanner.java:98)
		at org.apache.jasper.servlet.JasperInitializer.onStartup(JasperInitializer.java:79)
		at org.apache.catalina.core.StandardContext.startInternal(StandardContext.java:4420)
		at org.apache.catalina.util.LifecycleBase.start(LifecycleBase.java:164)
		at org.apache.catalina.core.ContainerBase.addChild(ContainerBase.java:564)
		at org.apache.catalina.core.StandardHost.addChild(StandardHost.java:663)
		at org.apache.catalina.startup.HostConfig.deployWAR(HostConfig.java:923)
		at org.apache.catalina.startup.HostConfig$DeployWar.run(HostConfig.java:1839)
		at java.base/java.util.concurrent.Executors$RunnableAdapter.call(Executors.java:572)
		at java.base/java.util.concurrent.FutureTask.run(FutureTask.java:317)
		at org.apache.tomcat.util.threads.InlineExecutorService.execute(InlineExecutorService.java:81)
		at java.base/java.util.concurrent.AbstractExecutorService.submit(AbstractExecutorService.java:123)
		at org.apache.catalina.startup.HostConfig.deployWARs(HostConfig.java:727)
		at org.apache.catalina.startup.HostConfig.deployApps(HostConfig.java:378)
		at org.apache.catalina.startup.HostConfig.check(HostConfig.java:1628)
		at org.apache.catalina.startup.HostConfig.lifecycleEvent(HostConfig.java:260)
		at org.apache.catalina.util.LifecycleBase.fireLifecycleEvent(LifecycleBase.java:109)
		at org.apache.catalina.core.ContainerBase.backgroundProcess(ContainerBase.java:938)
		at org.apache.catalina.core.ContainerBase$ContainerBackgroundProcessor.processChildren(ContainerBase.java:1137)
		at org.apache.catalina.core.ContainerBase$ContainerBackgroundProcessor.processChildren(ContainerBase.java:1141)
		at org.apache.catalina.core.ContainerBase$ContainerBackgroundProcessor.run(ContainerBase.java:1119)
		at java.base/java.util.concurrent.Executors$RunnableAdapter.call(Executors.java:572)
		at java.base/java.util.concurrent.FutureTask.runAndReset(FutureTask.java:358)
		at java.base/java.util.concurrent.ScheduledThreadPoolExecutor$ScheduledFutureTask.run(ScheduledThreadPoolExecutor.java:305)
		at java.base/java.util.concurrent.ThreadPoolExecutor.runWorker(ThreadPoolExecutor.java:1144)
		at java.base/java.util.concurrent.ThreadPoolExecutor$Worker.run(ThreadPoolExecutor.java:642)
		at org.apache.tomcat.util.threads.TaskThread$WrappingRunnable.run(TaskThread.java:57)
		at java.base/java.lang.Thread.run(Thread.java:1583)
04-Jul-2026 23:05:00.833 WARNING [Catalina-utility-1] org.apache.tomcat.util.scan.StandardJarScanner.processURLs Failed to scan [file:/usr/local/tomcat/webapps/lpu-reservation-system-0.0.1-SNAPSHOT/WEB-INF/lib/spring-aspects-7.0.6.jar] from classloader hierarchy
	java.nio.file.NoSuchFileException: /usr/local/tomcat/webapps/lpu-reservation-system-0.0.1-SNAPSHOT/WEB-INF/lib/spring-aspects-7.0.6.jar
		at java.base/sun.nio.fs.UnixException.translateToIOException(UnixException.java:92)
		at java.base/sun.nio.fs.UnixException.rethrowAsIOException(UnixException.java:106)
		at java.base/sun.nio.fs.UnixException.rethrowAsIOException(UnixException.java:111)
		at java.base/sun.nio.fs.UnixFileAttributeViews$Basic.readAttributes(UnixFileAttributeViews.java:55)
		at java.base/sun.nio.fs.UnixFileSystemProvider.readAttributes(UnixFileSystemProvider.java:171)
		at java.base/sun.nio.fs.LinuxFileSystemProvider.readAttributes(LinuxFileSystemProvider.java:99)
		at java.base/java.nio.file.Files.readAttributes(Files.java:1854)
		at java.base/java.util.zip.ZipFile$Source.get(ZipFile.java:1445)
		at java.base/java.util.zip.ZipFile$CleanableResource.<init>(ZipFile.java:724)
		at java.base/java.util.zip.ZipFile.<init>(ZipFile.java:251)
		at java.base/java.util.zip.ZipFile.<init>(ZipFile.java:180)
		at java.base/java.util.jar.JarFile.<init>(JarFile.java:345)
		at org.apache.tomcat.util.scan.JarFileUrlJar.<init>(JarFileUrlJar.java:64)
		at org.apache.tomcat.util.scan.JarFactory.newInstance(JarFactory.java:50)
		at org.apache.tomcat.util.scan.StandardJarScanner.process(StandardJarScanner.java:391)
		at org.apache.tomcat.util.scan.StandardJarScanner.processURLs(StandardJarScanner.java:332)
		at org.apache.tomcat.util.scan.StandardJarScanner.doScanClassPath(StandardJarScanner.java:278)
		at org.apache.tomcat.util.scan.StandardJarScanner.scan(StandardJarScanner.java:242)
		at org.apache.jasper.servlet.TldScanner.scanJars(TldScanner.java:248)
		at org.apache.jasper.servlet.TldScanner.scan(TldScanner.java:98)
		at org.apache.jasper.servlet.JasperInitializer.onStartup(JasperInitializer.java:79)
		at org.apache.catalina.core.StandardContext.startInternal(StandardContext.java:4420)
		at org.apache.catalina.util.LifecycleBase.start(LifecycleBase.java:164)
		at org.apache.catalina.core.ContainerBase.addChild(ContainerBase.java:564)
		at org.apache.catalina.core.StandardHost.addChild(StandardHost.java:663)
		at org.apache.catalina.startup.HostConfig.deployWAR(HostConfig.java:923)
		at org.apache.catalina.startup.HostConfig$DeployWar.run(HostConfig.java:1839)
		at java.base/java.util.concurrent.Executors$RunnableAdapter.call(Executors.java:572)
		at java.base/java.util.concurrent.FutureTask.run(FutureTask.java:317)
		at org.apache.tomcat.util.threads.InlineExecutorService.execute(InlineExecutorService.java:81)
		at java.base/java.util.concurrent.AbstractExecutorService.submit(AbstractExecutorService.java:123)
		at org.apache.catalina.startup.HostConfig.deployWARs(HostConfig.java:727)
		at org.apache.catalina.startup.HostConfig.deployApps(HostConfig.java:378)
		at org.apache.catalina.startup.HostConfig.check(HostConfig.java:1628)
		at org.apache.catalina.startup.HostConfig.lifecycleEvent(HostConfig.java:260)
		at org.apache.catalina.util.LifecycleBase.fireLifecycleEvent(LifecycleBase.java:109)
		at org.apache.catalina.core.ContainerBase.backgroundProcess(ContainerBase.java:938)
		at org.apache.catalina.core.ContainerBase$ContainerBackgroundProcessor.processChildren(ContainerBase.java:1137)
		at org.apache.catalina.core.ContainerBase$ContainerBackgroundProcessor.processChildren(ContainerBase.java:1141)
		at org.apache.catalina.core.ContainerBase$ContainerBackgroundProcessor.run(ContainerBase.java:1119)
		at java.base/java.util.concurrent.Executors$RunnableAdapter.call(Executors.java:572)
		at java.base/java.util.concurrent.FutureTask.runAndReset(FutureTask.java:358)
		at java.base/java.util.concurrent.ScheduledThreadPoolExecutor$ScheduledFutureTask.run(ScheduledThreadPoolExecutor.java:305)
		at java.base/java.util.concurrent.ThreadPoolExecutor.runWorker(ThreadPoolExecutor.java:1144)
		at java.base/java.util.concurrent.ThreadPoolExecutor$Worker.run(ThreadPoolExecutor.java:642)
		at org.apache.tomcat.util.threads.TaskThread$WrappingRunnable.run(TaskThread.java:57)
		at java.base/java.lang.Thread.run(Thread.java:1583)
04-Jul-2026 23:05:00.834 WARNING [Catalina-utility-1] org.apache.tomcat.util.scan.StandardJarScanner.processURLs Failed to scan [file:/usr/local/tomcat/webapps/lpu-reservation-system-0.0.1-SNAPSHOT/WEB-INF/lib/spring-messaging-7.0.6.jar] from classloader hierarchy
	java.nio.file.NoSuchFileException: /usr/local/tomcat/webapps/lpu-reservation-system-0.0.1-SNAPSHOT/WEB-INF/lib/spring-messaging-7.0.6.jar
		at java.base/sun.nio.fs.UnixException.translateToIOException(UnixException.java:92)
		at java.base/sun.nio.fs.UnixException.rethrowAsIOException(UnixException.java:106)
		at java.base/sun.nio.fs.UnixException.rethrowAsIOException(UnixException.java:111)
		at java.base/sun.nio.fs.UnixFileAttributeViews$Basic.readAttributes(UnixFileAttributeViews.java:55)
		at java.base/sun.nio.fs.UnixFileSystemProvider.readAttributes(UnixFileSystemProvider.java:171)
		at java.base/sun.nio.fs.LinuxFileSystemProvider.readAttributes(LinuxFileSystemProvider.java:99)
		at java.base/java.nio.file.Files.readAttributes(Files.java:1854)
		at java.base/java.util.zip.ZipFile$Source.get(ZipFile.java:1445)
		at java.base/java.util.zip.ZipFile$CleanableResource.<init>(ZipFile.java:724)
		at java.base/java.util.zip.ZipFile.<init>(ZipFile.java:251)
		at java.base/java.util.zip.ZipFile.<init>(ZipFile.java:180)
		at java.base/java.util.jar.JarFile.<init>(JarFile.java:345)
		at org.apache.tomcat.util.scan.JarFileUrlJar.<init>(JarFileUrlJar.java:64)
		at org.apache.tomcat.util.scan.JarFactory.newInstance(JarFactory.java:50)
		at org.apache.tomcat.util.scan.StandardJarScanner.process(StandardJarScanner.java:391)
		at org.apache.tomcat.util.scan.StandardJarScanner.processURLs(StandardJarScanner.java:332)
		at org.apache.tomcat.util.scan.StandardJarScanner.doScanClassPath(StandardJarScanner.java:278)
		at org.apache.tomcat.util.scan.StandardJarScanner.scan(StandardJarScanner.java:242)
		at org.apache.jasper.servlet.TldScanner.scanJars(TldScanner.java:248)
		at org.apache.jasper.servlet.TldScanner.scan(TldScanner.java:98)
		at org.apache.jasper.servlet.JasperInitializer.onStartup(JasperInitializer.java:79)
		at org.apache.catalina.core.StandardContext.startInternal(StandardContext.java:4420)
		at org.apache.catalina.util.LifecycleBase.start(LifecycleBase.java:164)
		at org.apache.catalina.core.ContainerBase.addChild(ContainerBase.java:564)
		at org.apache.catalina.core.StandardHost.addChild(StandardHost.java:663)
		at org.apache.catalina.startup.HostConfig.deployWAR(HostConfig.java:923)
		at org.apache.catalina.startup.HostConfig$DeployWar.run(HostConfig.java:1839)
		at java.base/java.util.concurrent.Executors$RunnableAdapter.call(Executors.java:572)
		at java.base/java.util.concurrent.FutureTask.run(FutureTask.java:317)
		at org.apache.tomcat.util.threads.InlineExecutorService.execute(InlineExecutorService.java:81)
		at java.base/java.util.concurrent.AbstractExecutorService.submit(AbstractExecutorService.java:123)
		at org.apache.catalina.startup.HostConfig.deployWARs(HostConfig.java:727)
		at org.apache.catalina.startup.HostConfig.deployApps(HostConfig.java:378)
		at org.apache.catalina.startup.HostConfig.check(HostConfig.java:1628)
		at org.apache.catalina.startup.HostConfig.lifecycleEvent(HostConfig.java:260)
		at org.apache.catalina.util.LifecycleBase.fireLifecycleEvent(LifecycleBase.java:109)
		at org.apache.catalina.core.ContainerBase.backgroundProcess(ContainerBase.java:938)
		at org.apache.catalina.core.ContainerBase$ContainerBackgroundProcessor.processChildren(ContainerBase.java:1137)
		at org.apache.catalina.core.ContainerBase$ContainerBackgroundProcessor.processChildren(ContainerBase.java:1141)
		at org.apache.catalina.core.ContainerBase$ContainerBackgroundProcessor.run(ContainerBase.java:1119)
		at java.base/java.util.concurrent.Executors$RunnableAdapter.call(Executors.java:572)
		at java.base/java.util.concurrent.FutureTask.runAndReset(FutureTask.java:358)
		at java.base/java.util.concurrent.ScheduledThreadPoolExecutor$ScheduledFutureTask.run(ScheduledThreadPoolExecutor.java:305)
		at java.base/java.util.concurrent.ThreadPoolExecutor.runWorker(ThreadPoolExecutor.java:1144)
		at java.base/java.util.concurrent.ThreadPoolExecutor$Worker.run(ThreadPoolExecutor.java:642)
		at org.apache.tomcat.util.threads.TaskThread$WrappingRunnable.run(TaskThread.java:57)
		at java.base/java.lang.Thread.run(Thread.java:1583)
04-Jul-2026 23:05:00.836 WARNING [Catalina-utility-1] org.apache.tomcat.util.scan.StandardJarScanner.processURLs Failed to scan [file:/usr/local/tomcat/webapps/lpu-reservation-system-0.0.1-SNAPSHOT/WEB-INF/lib/spring-websocket-7.0.6.jar] from classloader hierarchy
	java.nio.file.NoSuchFileException: /usr/local/tomcat/webapps/lpu-reservation-system-0.0.1-SNAPSHOT/WEB-INF/lib/spring-websocket-7.0.6.jar
		at java.base/sun.nio.fs.UnixException.translateToIOException(UnixException.java:92)
		at java.base/sun.nio.fs.UnixException.rethrowAsIOException(UnixException.java:106)
		at java.base/sun.nio.fs.UnixException.rethrowAsIOException(UnixException.java:111)
		at java.base/sun.nio.fs.UnixFileAttributeViews$Basic.readAttributes(UnixFileAttributeViews.java:55)
		at java.base/sun.nio.fs.UnixFileSystemProvider.readAttributes(UnixFileSystemProvider.java:171)
		at java.base/sun.nio.fs.LinuxFileSystemProvider.readAttributes(LinuxFileSystemProvider.java:99)
		at java.base/java.nio.file.Files.readAttributes(Files.java:1854)
		at java.base/java.util.zip.ZipFile$Source.get(ZipFile.java:1445)
		at java.base/java.util.zip.ZipFile$CleanableResource.<init>(ZipFile.java:724)
		at java.base/java.util.zip.ZipFile.<init>(ZipFile.java:251)
		at java.base/java.util.zip.ZipFile.<init>(ZipFile.java:180)
		at java.base/java.util.jar.JarFile.<init>(JarFile.java:345)
		at org.apache.tomcat.util.scan.JarFileUrlJar.<init>(JarFileUrlJar.java:64)
		at org.apache.tomcat.util.scan.JarFactory.newInstance(JarFactory.java:50)
		at org.apache.tomcat.util.scan.StandardJarScanner.process(StandardJarScanner.java:391)
		at org.apache.tomcat.util.scan.StandardJarScanner.processURLs(StandardJarScanner.java:332)
		at org.apache.tomcat.util.scan.StandardJarScanner.doScanClassPath(StandardJarScanner.java:278)
		at org.apache.tomcat.util.scan.StandardJarScanner.scan(StandardJarScanner.java:242)
		at org.apache.jasper.servlet.TldScanner.scanJars(TldScanner.java:248)
		at org.apache.jasper.servlet.TldScanner.scan(TldScanner.java:98)
		at org.apache.jasper.servlet.JasperInitializer.onStartup(JasperInitializer.java:79)
		at org.apache.catalina.core.StandardContext.startInternal(StandardContext.java:4420)
		at org.apache.catalina.util.LifecycleBase.start(LifecycleBase.java:164)
		at org.apache.catalina.core.ContainerBase.addChild(ContainerBase.java:564)
		at org.apache.catalina.core.StandardHost.addChild(StandardHost.java:663)
		at org.apache.catalina.startup.HostConfig.deployWAR(HostConfig.java:923)
		at org.apache.catalina.startup.HostConfig$DeployWar.run(HostConfig.java:1839)
		at java.base/java.util.concurrent.Executors$RunnableAdapter.call(Executors.java:572)
		at java.base/java.util.concurrent.FutureTask.run(FutureTask.java:317)
		at org.apache.tomcat.util.threads.InlineExecutorService.execute(InlineExecutorService.java:81)
		at java.base/java.util.concurrent.AbstractExecutorService.submit(AbstractExecutorService.java:123)
		at org.apache.catalina.startup.HostConfig.deployWARs(HostConfig.java:727)
		at org.apache.catalina.startup.HostConfig.deployApps(HostConfig.java:378)
		at org.apache.catalina.startup.HostConfig.check(HostConfig.java:1628)
		at org.apache.catalina.startup.HostConfig.lifecycleEvent(HostConfig.java:260)
		at org.apache.catalina.util.LifecycleBase.fireLifecycleEvent(LifecycleBase.java:109)
		at org.apache.catalina.core.ContainerBase.backgroundProcess(ContainerBase.java:938)
		at org.apache.catalina.core.ContainerBase$ContainerBackgroundProcessor.processChildren(ContainerBase.java:1137)
		at org.apache.catalina.core.ContainerBase$ContainerBackgroundProcessor.processChildren(ContainerBase.java:1141)
		at org.apache.catalina.core.ContainerBase$ContainerBackgroundProcessor.run(ContainerBase.java:1119)
		at java.base/java.util.concurrent.Executors$RunnableAdapter.call(Executors.java:572)
		at java.base/java.util.concurrent.FutureTask.runAndReset(FutureTask.java:358)
		at java.base/java.util.concurrent.ScheduledThreadPoolExecutor$ScheduledFutureTask.run(ScheduledThreadPoolExecutor.java:305)
		at java.base/java.util.concurrent.ThreadPoolExecutor.runWorker(ThreadPoolExecutor.java:1144)
		at java.base/java.util.concurrent.ThreadPoolExecutor$Worker.run(ThreadPoolExecutor.java:642)
		at org.apache.tomcat.util.threads.TaskThread$WrappingRunnable.run(TaskThread.java:57)
		at java.base/java.lang.Thread.run(Thread.java:1583)
04-Jul-2026 23:05:00.836 WARNING [Catalina-utility-1] org.apache.tomcat.util.scan.StandardJarScanner.processURLs Failed to scan [file:/usr/local/tomcat/webapps/lpu-reservation-system-0.0.1-SNAPSHOT/WEB-INF/lib/jakarta.activation-api-2.1.4.jar] from classloader hierarchy
	java.nio.file.NoSuchFileException: /usr/local/tomcat/webapps/lpu-reservation-system-0.0.1-SNAPSHOT/WEB-INF/lib/jakarta.activation-api-2.1.4.jar
		at java.base/sun.nio.fs.UnixException.translateToIOException(UnixException.java:92)
		at java.base/sun.nio.fs.UnixException.rethrowAsIOException(UnixException.java:106)
		at java.base/sun.nio.fs.UnixException.rethrowAsIOException(UnixException.java:111)
		at java.base/sun.nio.fs.UnixFileAttributeViews$Basic.readAttributes(UnixFileAttributeViews.java:55)
		at java.base/sun.nio.fs.UnixFileSystemProvider.readAttributes(UnixFileSystemProvider.java:171)
		at java.base/sun.nio.fs.LinuxFileSystemProvider.readAttributes(LinuxFileSystemProvider.java:99)
		at java.base/java.nio.file.Files.readAttributes(Files.java:1854)
		at java.base/java.util.zip.ZipFile$Source.get(ZipFile.java:1445)
		at java.base/java.util.zip.ZipFile$CleanableResource.<init>(ZipFile.java:724)
		at java.base/java.util.zip.ZipFile.<init>(ZipFile.java:251)
		at java.base/java.util.zip.ZipFile.<init>(ZipFile.java:180)
		at java.base/java.util.jar.JarFile.<init>(JarFile.java:345)
		at org.apache.tomcat.util.scan.JarFileUrlJar.<init>(JarFileUrlJar.java:64)
		at org.apache.tomcat.util.scan.JarFactory.newInstance(JarFactory.java:50)
		at org.apache.tomcat.util.scan.StandardJarScanner.process(StandardJarScanner.java:391)
		at org.apache.tomcat.util.scan.StandardJarScanner.processURLs(StandardJarScanner.java:332)
		at org.apache.tomcat.util.scan.StandardJarScanner.doScanClassPath(StandardJarScanner.java:278)
		at org.apache.tomcat.util.scan.StandardJarScanner.scan(StandardJarScanner.java:242)
		at org.apache.jasper.servlet.TldScanner.scanJars(TldScanner.java:248)
		at org.apache.jasper.servlet.TldScanner.scan(TldScanner.java:98)
		at org.apache.jasper.servlet.JasperInitializer.onStartup(JasperInitializer.java:79)
		at org.apache.catalina.core.StandardContext.startInternal(StandardContext.java:4420)
		at org.apache.catalina.util.LifecycleBase.start(LifecycleBase.java:164)
		at org.apache.catalina.core.ContainerBase.addChild(ContainerBase.java:564)
		at org.apache.catalina.core.StandardHost.addChild(StandardHost.java:663)
		at org.apache.catalina.startup.HostConfig.deployWAR(HostConfig.java:923)
		at org.apache.catalina.startup.HostConfig$DeployWar.run(HostConfig.java:1839)
		at java.base/java.util.concurrent.Executors$RunnableAdapter.call(Executors.java:572)
		at java.base/java.util.concurrent.FutureTask.run(FutureTask.java:317)
		at org.apache.tomcat.util.threads.InlineExecutorService.execute(InlineExecutorService.java:81)
		at java.base/java.util.concurrent.AbstractExecutorService.submit(AbstractExecutorService.java:123)
		at org.apache.catalina.startup.HostConfig.deployWARs(HostConfig.java:727)
		at org.apache.catalina.startup.HostConfig.deployApps(HostConfig.java:378)
		at org.apache.catalina.startup.HostConfig.check(HostConfig.java:1628)
		at org.apache.catalina.startup.HostConfig.lifecycleEvent(HostConfig.java:260)
		at org.apache.catalina.util.LifecycleBase.fireLifecycleEvent(LifecycleBase.java:109)
		at org.apache.catalina.core.ContainerBase.backgroundProcess(ContainerBase.java:938)
		at org.apache.catalina.core.ContainerBase$ContainerBackgroundProcessor.processChildren(ContainerBase.java:1137)
		at org.apache.catalina.core.ContainerBase$ContainerBackgroundProcessor.processChildren(ContainerBase.java:1141)
		at org.apache.catalina.core.ContainerBase$ContainerBackgroundProcessor.run(ContainerBase.java:1119)
		at java.base/java.util.concurrent.Executors$RunnableAdapter.call(Executors.java:572)
		at java.base/java.util.concurrent.FutureTask.runAndReset(FutureTask.java:358)
		at java.base/java.util.concurrent.ScheduledThreadPoolExecutor$ScheduledFutureTask.run(ScheduledThreadPoolExecutor.java:305)
		at java.base/java.util.concurrent.ThreadPoolExecutor.runWorker(ThreadPoolExecutor.java:1144)
		at java.base/java.util.concurrent.ThreadPoolExecutor$Worker.run(ThreadPoolExecutor.java:642)
		at org.apache.tomcat.util.threads.TaskThread$WrappingRunnable.run(TaskThread.java:57)
		at java.base/java.lang.Thread.run(Thread.java:1583)
04-Jul-2026 23:05:00.838 WARNING [Catalina-utility-1] org.apache.tomcat.util.scan.StandardJarScanner.processURLs Failed to scan [file:/usr/local/tomcat/webapps/lpu-reservation-system-0.0.1-SNAPSHOT/WEB-INF/lib/jackson-core-2.19.1.jar] from classloader hierarchy
	java.nio.file.NoSuchFileException: /usr/local/tomcat/webapps/lpu-reservation-system-0.0.1-SNAPSHOT/WEB-INF/lib/jackson-core-2.19.1.jar
		at java.base/sun.nio.fs.UnixException.translateToIOException(UnixException.java:92)
		at java.base/sun.nio.fs.UnixException.rethrowAsIOException(UnixException.java:106)
		at java.base/sun.nio.fs.UnixException.rethrowAsIOException(UnixException.java:111)
		at java.base/sun.nio.fs.UnixFileAttributeViews$Basic.readAttributes(UnixFileAttributeViews.java:55)
		at java.base/sun.nio.fs.UnixFileSystemProvider.readAttributes(UnixFileSystemProvider.java:171)
		at java.base/sun.nio.fs.LinuxFileSystemProvider.readAttributes(LinuxFileSystemProvider.java:99)
		at java.base/java.nio.file.Files.readAttributes(Files.java:1854)
		at java.base/java.util.zip.ZipFile$Source.get(ZipFile.java:1445)
		at java.base/java.util.zip.ZipFile$CleanableResource.<init>(ZipFile.java:724)
		at java.base/java.util.zip.ZipFile.<init>(ZipFile.java:251)
		at java.base/java.util.zip.ZipFile.<init>(ZipFile.java:180)
		at java.base/java.util.jar.JarFile.<init>(JarFile.java:345)
		at org.apache.tomcat.util.scan.JarFileUrlJar.<init>(JarFileUrlJar.java:64)
		at org.apache.tomcat.util.scan.JarFactory.newInstance(JarFactory.java:50)
		at org.apache.tomcat.util.scan.StandardJarScanner.process(StandardJarScanner.java:391)
		at org.apache.tomcat.util.scan.StandardJarScanner.processURLs(StandardJarScanner.java:332)
		at org.apache.tomcat.util.scan.StandardJarScanner.doScanClassPath(StandardJarScanner.java:278)
		at org.apache.tomcat.util.scan.StandardJarScanner.scan(StandardJarScanner.java:242)
		at org.apache.jasper.servlet.TldScanner.scanJars(TldScanner.java:248)
		at org.apache.jasper.servlet.TldScanner.scan(TldScanner.java:98)
		at org.apache.jasper.servlet.JasperInitializer.onStartup(JasperInitializer.java:79)
		at org.apache.catalina.core.StandardContext.startInternal(StandardContext.java:4420)
		at org.apache.catalina.util.LifecycleBase.start(LifecycleBase.java:164)
		at org.apache.catalina.core.ContainerBase.addChild(ContainerBase.java:564)
		at org.apache.catalina.core.StandardHost.addChild(StandardHost.java:663)
		at org.apache.catalina.startup.HostConfig.deployWAR(HostConfig.java:923)
		at org.apache.catalina.startup.HostConfig$DeployWar.run(HostConfig.java:1839)
		at java.base/java.util.concurrent.Executors$RunnableAdapter.call(Executors.java:572)
		at java.base/java.util.concurrent.FutureTask.run(FutureTask.java:317)
		at org.apache.tomcat.util.threads.InlineExecutorService.execute(InlineExecutorService.java:81)
		at java.base/java.util.concurrent.AbstractExecutorService.submit(AbstractExecutorService.java:123)
		at org.apache.catalina.startup.HostConfig.deployWARs(HostConfig.java:727)
		at org.apache.catalina.startup.HostConfig.deployApps(HostConfig.java:378)
		at org.apache.catalina.startup.HostConfig.check(HostConfig.java:1628)
		at org.apache.catalina.startup.HostConfig.lifecycleEvent(HostConfig.java:260)
		at org.apache.catalina.util.LifecycleBase.fireLifecycleEvent(LifecycleBase.java:109)
		at org.apache.catalina.core.ContainerBase.backgroundProcess(ContainerBase.java:938)
		at org.apache.catalina.core.ContainerBase$ContainerBackgroundProcessor.processChildren(ContainerBase.java:1137)
		at org.apache.catalina.core.ContainerBase$ContainerBackgroundProcessor.processChildren(ContainerBase.java:1141)
		at org.apache.catalina.core.ContainerBase$ContainerBackgroundProcessor.run(ContainerBase.java:1119)
		at java.base/java.util.concurrent.Executors$RunnableAdapter.call(Executors.java:572)
		at java.base/java.util.concurrent.FutureTask.runAndReset(FutureTask.java:358)
		at java.base/java.util.concurrent.ScheduledThreadPoolExecutor$ScheduledFutureTask.run(ScheduledThreadPoolExecutor.java:305)
		at java.base/java.util.concurrent.ThreadPoolExecutor.runWorker(ThreadPoolExecutor.java:1144)
		at java.base/java.util.concurrent.ThreadPoolExecutor$Worker.run(ThreadPoolExecutor.java:642)
		at org.apache.tomcat.util.threads.TaskThread$WrappingRunnable.run(TaskThread.java:57)
		at java.base/java.lang.Thread.run(Thread.java:1583)
04-Jul-2026 23:05:00.839 WARNING [Catalina-utility-1] org.apache.tomcat.util.scan.StandardJarScanner.processURLs Failed to scan [file:/usr/local/tomcat/webapps/lpu-reservation-system-0.0.1-SNAPSHOT/WEB-INF/lib/expressly-6.0.0.jar] from classloader hierarchy
	java.nio.file.NoSuchFileException: /usr/local/tomcat/webapps/lpu-reservation-system-0.0.1-SNAPSHOT/WEB-INF/lib/expressly-6.0.0.jar
		at java.base/sun.nio.fs.UnixException.translateToIOException(UnixException.java:92)
		at java.base/sun.nio.fs.UnixException.rethrowAsIOException(UnixException.java:106)
		at java.base/sun.nio.fs.UnixException.rethrowAsIOException(UnixException.java:111)
		at java.base/sun.nio.fs.UnixFileAttributeViews$Basic.readAttributes(UnixFileAttributeViews.java:55)
		at java.base/sun.nio.fs.UnixFileSystemProvider.readAttributes(UnixFileSystemProvider.java:171)
		at java.base/sun.nio.fs.LinuxFileSystemProvider.readAttributes(LinuxFileSystemProvider.java:99)
		at java.base/java.nio.file.Files.readAttributes(Files.java:1854)
		at java.base/java.util.zip.ZipFile$Source.get(ZipFile.java:1445)
		at java.base/java.util.zip.ZipFile$CleanableResource.<init>(ZipFile.java:724)
		at java.base/java.util.zip.ZipFile.<init>(ZipFile.java:251)
		at java.base/java.util.zip.ZipFile.<init>(ZipFile.java:180)
		at java.base/java.util.jar.JarFile.<init>(JarFile.java:345)
		at org.apache.tomcat.util.scan.JarFileUrlJar.<init>(JarFileUrlJar.java:64)
		at org.apache.tomcat.util.scan.JarFactory.newInstance(JarFactory.java:50)
		at org.apache.tomcat.util.scan.StandardJarScanner.process(StandardJarScanner.java:391)
		at org.apache.tomcat.util.scan.StandardJarScanner.processURLs(StandardJarScanner.java:332)
		at org.apache.tomcat.util.scan.StandardJarScanner.doScanClassPath(StandardJarScanner.java:278)
		at org.apache.tomcat.util.scan.StandardJarScanner.scan(StandardJarScanner.java:242)
		at org.apache.jasper.servlet.TldScanner.scanJars(TldScanner.java:248)
		at org.apache.jasper.servlet.TldScanner.scan(TldScanner.java:98)
		at org.apache.jasper.servlet.JasperInitializer.onStartup(JasperInitializer.java:79)
		at org.apache.catalina.core.StandardContext.startInternal(StandardContext.java:4420)
		at org.apache.catalina.util.LifecycleBase.start(LifecycleBase.java:164)
		at org.apache.catalina.core.ContainerBase.addChild(ContainerBase.java:564)
		at org.apache.catalina.core.StandardHost.addChild(StandardHost.java:663)
		at org.apache.catalina.startup.HostConfig.deployWAR(HostConfig.java:923)
		at org.apache.catalina.startup.HostConfig$DeployWar.run(HostConfig.java:1839)
		at java.base/java.util.concurrent.Executors$RunnableAdapter.call(Executors.java:572)
		at java.base/java.util.concurrent.FutureTask.run(FutureTask.java:317)
		at org.apache.tomcat.util.threads.InlineExecutorService.execute(InlineExecutorService.java:81)
		at java.base/java.util.concurrent.AbstractExecutorService.submit(AbstractExecutorService.java:123)
		at org.apache.catalina.startup.HostConfig.deployWARs(HostConfig.java:727)
		at org.apache.catalina.startup.HostConfig.deployApps(HostConfig.java:378)
		at org.apache.catalina.startup.HostConfig.check(HostConfig.java:1628)
		at org.apache.catalina.startup.HostConfig.lifecycleEvent(HostConfig.java:260)
		at org.apache.catalina.util.LifecycleBase.fireLifecycleEvent(LifecycleBase.java:109)
		at org.apache.catalina.core.ContainerBase.backgroundProcess(ContainerBase.java:938)
		at org.apache.catalina.core.ContainerBase$ContainerBackgroundProcessor.processChildren(ContainerBase.java:1137)
		at org.apache.catalina.core.ContainerBase$ContainerBackgroundProcessor.processChildren(ContainerBase.java:1141)
		at org.apache.catalina.core.ContainerBase$ContainerBackgroundProcessor.run(ContainerBase.java:1119)
		at java.base/java.util.concurrent.Executors$RunnableAdapter.call(Executors.java:572)
		at java.base/java.util.concurrent.FutureTask.runAndReset(FutureTask.java:358)
		at java.base/java.util.concurrent.ScheduledThreadPoolExecutor$ScheduledFutureTask.run(ScheduledThreadPoolExecutor.java:305)
		at java.base/java.util.concurrent.ThreadPoolExecutor.runWorker(ThreadPoolExecutor.java:1144)
		at java.base/java.util.concurrent.ThreadPoolExecutor$Worker.run(ThreadPoolExecutor.java:642)
		at org.apache.tomcat.util.threads.TaskThread$WrappingRunnable.run(TaskThread.java:57)
		at java.base/java.lang.Thread.run(Thread.java:1583)
04-Jul-2026 23:05:00.840 WARNING [Catalina-utility-1] org.apache.tomcat.util.scan.StandardJarScanner.processURLs Failed to scan [file:/usr/local/tomcat/webapps/lpu-reservation-system-0.0.1-SNAPSHOT/WEB-INF/lib/ehcache-3.11.1-jakarta.jar] from classloader hierarchy
	java.nio.file.NoSuchFileException: /usr/local/tomcat/webapps/lpu-reservation-system-0.0.1-SNAPSHOT/WEB-INF/lib/ehcache-3.11.1-jakarta.jar
		at java.base/sun.nio.fs.UnixException.translateToIOException(UnixException.java:92)
		at java.base/sun.nio.fs.UnixException.rethrowAsIOException(UnixException.java:106)
		at java.base/sun.nio.fs.UnixException.rethrowAsIOException(UnixException.java:111)
		at java.base/sun.nio.fs.UnixFileAttributeViews$Basic.readAttributes(UnixFileAttributeViews.java:55)
		at java.base/sun.nio.fs.UnixFileSystemProvider.readAttributes(UnixFileSystemProvider.java:171)
		at java.base/sun.nio.fs.LinuxFileSystemProvider.readAttributes(LinuxFileSystemProvider.java:99)
		at java.base/java.nio.file.Files.readAttributes(Files.java:1854)
		at java.base/java.util.zip.ZipFile$Source.get(ZipFile.java:1445)
		at java.base/java.util.zip.ZipFile$CleanableResource.<init>(ZipFile.java:724)
		at java.base/java.util.zip.ZipFile.<init>(ZipFile.java:251)
		at java.base/java.util.zip.ZipFile.<init>(ZipFile.java:180)
		at java.base/java.util.jar.JarFile.<init>(JarFile.java:345)
		at org.apache.tomcat.util.scan.JarFileUrlJar.<init>(JarFileUrlJar.java:64)
		at org.apache.tomcat.util.scan.JarFactory.newInstance(JarFactory.java:50)
		at org.apache.tomcat.util.scan.StandardJarScanner.process(StandardJarScanner.java:391)
		at org.apache.tomcat.util.scan.StandardJarScanner.processURLs(StandardJarScanner.java:332)
		at org.apache.tomcat.util.scan.StandardJarScanner.doScanClassPath(StandardJarScanner.java:278)
		at org.apache.tomcat.util.scan.StandardJarScanner.scan(StandardJarScanner.java:242)
		at org.apache.jasper.servlet.TldScanner.scanJars(TldScanner.java:248)
		at org.apache.jasper.servlet.TldScanner.scan(TldScanner.java:98)
		at org.apache.jasper.servlet.JasperInitializer.onStartup(JasperInitializer.java:79)
		at org.apache.catalina.core.StandardContext.startInternal(StandardContext.java:4420)
		at org.apache.catalina.util.LifecycleBase.start(LifecycleBase.java:164)
		at org.apache.catalina.core.ContainerBase.addChild(ContainerBase.java:564)
		at org.apache.catalina.core.StandardHost.addChild(StandardHost.java:663)
		at org.apache.catalina.startup.HostConfig.deployWAR(HostConfig.java:923)
		at org.apache.catalina.startup.HostConfig$DeployWar.run(HostConfig.java:1839)
		at java.base/java.util.concurrent.Executors$RunnableAdapter.call(Executors.java:572)
		at java.base/java.util.concurrent.FutureTask.run(FutureTask.java:317)
		at org.apache.tomcat.util.threads.InlineExecutorService.execute(InlineExecutorService.java:81)
		at java.base/java.util.concurrent.AbstractExecutorService.submit(AbstractExecutorService.java:123)
		at org.apache.catalina.startup.HostConfig.deployWARs(HostConfig.java:727)
		at org.apache.catalina.startup.HostConfig.deployApps(HostConfig.java:378)
		at org.apache.catalina.startup.HostConfig.check(HostConfig.java:1628)
		at org.apache.catalina.startup.HostConfig.lifecycleEvent(HostConfig.java:260)
		at org.apache.catalina.util.LifecycleBase.fireLifecycleEvent(LifecycleBase.java:109)
		at org.apache.catalina.core.ContainerBase.backgroundProcess(ContainerBase.java:938)
		at org.apache.catalina.core.ContainerBase$ContainerBackgroundProcessor.processChildren(ContainerBase.java:1137)
		at org.apache.catalina.core.ContainerBase$ContainerBackgroundProcessor.processChildren(ContainerBase.java:1141)
		at org.apache.catalina.core.ContainerBase$ContainerBackgroundProcessor.run(ContainerBase.java:1119)
		at java.base/java.util.concurrent.Executors$RunnableAdapter.call(Executors.java:572)
		at java.base/java.util.concurrent.FutureTask.runAndReset(FutureTask.java:358)
		at java.base/java.util.concurrent.ScheduledThreadPoolExecutor$ScheduledFutureTask.run(ScheduledThreadPoolExecutor.java:305)
		at java.base/java.util.concurrent.ThreadPoolExecutor.runWorker(ThreadPoolExecutor.java:1144)
		at java.base/java.util.concurrent.ThreadPoolExecutor$Worker.run(ThreadPoolExecutor.java:642)
		at org.apache.tomcat.util.threads.TaskThread$WrappingRunnable.run(TaskThread.java:57)
		at java.base/java.lang.Thread.run(Thread.java:1583)
04-Jul-2026 23:05:00.840 WARNING [Catalina-utility-1] org.apache.tomcat.util.scan.StandardJarScanner.processURLs Failed to scan [file:/usr/local/tomcat/webapps/lpu-reservation-system-0.0.1-SNAPSHOT/WEB-INF/lib/micrometer-commons-1.15.1.jar] from classloader hierarchy
	java.nio.file.NoSuchFileException: /usr/local/tomcat/webapps/lpu-reservation-system-0.0.1-SNAPSHOT/WEB-INF/lib/micrometer-commons-1.15.1.jar
		at java.base/sun.nio.fs.UnixException.translateToIOException(UnixException.java:92)
		at java.base/sun.nio.fs.UnixException.rethrowAsIOException(UnixException.java:106)
		at java.base/sun.nio.fs.UnixException.rethrowAsIOException(UnixException.java:111)
		at java.base/sun.nio.fs.UnixFileAttributeViews$Basic.readAttributes(UnixFileAttributeViews.java:55)
		at java.base/sun.nio.fs.UnixFileSystemProvider.readAttributes(UnixFileSystemProvider.java:171)
		at java.base/sun.nio.fs.LinuxFileSystemProvider.readAttributes(LinuxFileSystemProvider.java:99)
		at java.base/java.nio.file.Files.readAttributes(Files.java:1854)
		at java.base/java.util.zip.ZipFile$Source.get(ZipFile.java:1445)
		at java.base/java.util.zip.ZipFile$CleanableResource.<init>(ZipFile.java:724)
		at java.base/java.util.zip.ZipFile.<init>(ZipFile.java:251)
		at java.base/java.util.zip.ZipFile.<init>(ZipFile.java:180)
		at java.base/java.util.jar.JarFile.<init>(JarFile.java:345)
		at org.apache.tomcat.util.scan.JarFileUrlJar.<init>(JarFileUrlJar.java:64)
		at org.apache.tomcat.util.scan.JarFactory.newInstance(JarFactory.java:50)
		at org.apache.tomcat.util.scan.StandardJarScanner.process(StandardJarScanner.java:391)
		at org.apache.tomcat.util.scan.StandardJarScanner.processURLs(StandardJarScanner.java:332)
		at org.apache.tomcat.util.scan.StandardJarScanner.doScanClassPath(StandardJarScanner.java:278)
		at org.apache.tomcat.util.scan.StandardJarScanner.scan(StandardJarScanner.java:242)
		at org.apache.jasper.servlet.TldScanner.scanJars(TldScanner.java:248)
		at org.apache.jasper.servlet.TldScanner.scan(TldScanner.java:98)
		at org.apache.jasper.servlet.JasperInitializer.onStartup(JasperInitializer.java:79)
		at org.apache.catalina.core.StandardContext.startInternal(StandardContext.java:4420)
		at org.apache.catalina.util.LifecycleBase.start(LifecycleBase.java:164)
		at org.apache.catalina.core.ContainerBase.addChild(ContainerBase.java:564)
		at org.apache.catalina.core.StandardHost.addChild(StandardHost.java:663)
		at org.apache.catalina.startup.HostConfig.deployWAR(HostConfig.java:923)
		at org.apache.catalina.startup.HostConfig$DeployWar.run(HostConfig.java:1839)
		at java.base/java.util.concurrent.Executors$RunnableAdapter.call(Executors.java:572)
		at java.base/java.util.concurrent.FutureTask.run(FutureTask.java:317)
		at org.apache.tomcat.util.threads.InlineExecutorService.execute(InlineExecutorService.java:81)
		at java.base/java.util.concurrent.AbstractExecutorService.submit(AbstractExecutorService.java:123)
		at org.apache.catalina.startup.HostConfig.deployWARs(HostConfig.java:727)
		at org.apache.catalina.startup.HostConfig.deployApps(HostConfig.java:378)
		at org.apache.catalina.startup.HostConfig.check(HostConfig.java:1628)
		at org.apache.catalina.startup.HostConfig.lifecycleEvent(HostConfig.java:260)
		at org.apache.catalina.util.LifecycleBase.fireLifecycleEvent(LifecycleBase.java:109)
		at org.apache.catalina.core.ContainerBase.backgroundProcess(ContainerBase.java:938)
		at org.apache.catalina.core.ContainerBase$ContainerBackgroundProcessor.processChildren(ContainerBase.java:1137)
		at org.apache.catalina.core.ContainerBase$ContainerBackgroundProcessor.processChildren(ContainerBase.java:1141)
		at org.apache.catalina.core.ContainerBase$ContainerBackgroundProcessor.run(ContainerBase.java:1119)
		at java.base/java.util.concurrent.Executors$RunnableAdapter.call(Executors.java:572)
		at java.base/java.util.concurrent.FutureTask.runAndReset(FutureTask.java:358)
		at java.base/java.util.concurrent.ScheduledThreadPoolExecutor$ScheduledFutureTask.run(ScheduledThreadPoolExecutor.java:305)
		at java.base/java.util.concurrent.ThreadPoolExecutor.runWorker(ThreadPoolExecutor.java:1144)
		at java.base/java.util.concurrent.ThreadPoolExecutor$Worker.run(ThreadPoolExecutor.java:642)
		at org.apache.tomcat.util.threads.TaskThread$WrappingRunnable.run(TaskThread.java:57)
		at java.base/java.lang.Thread.run(Thread.java:1583)
04-Jul-2026 23:05:00.842 WARNING [Catalina-utility-1] org.apache.tomcat.util.scan.StandardJarScanner.processURLs Failed to scan [file:/usr/local/tomcat/webapps/lpu-reservation-system-0.0.1-SNAPSHOT/WEB-INF/lib/apiguardian-api-1.1.2.jar] from classloader hierarchy
	java.nio.file.NoSuchFileException: /usr/local/tomcat/webapps/lpu-reservation-system-0.0.1-SNAPSHOT/WEB-INF/lib/apiguardian-api-1.1.2.jar
		at java.base/sun.nio.fs.UnixException.translateToIOException(UnixException.java:92)
		at java.base/sun.nio.fs.UnixException.rethrowAsIOException(UnixException.java:106)
		at java.base/sun.nio.fs.UnixException.rethrowAsIOException(UnixException.java:111)
		at java.base/sun.nio.fs.UnixFileAttributeViews$Basic.readAttributes(UnixFileAttributeViews.java:55)
		at java.base/sun.nio.fs.UnixFileSystemProvider.readAttributes(UnixFileSystemProvider.java:171)
		at java.base/sun.nio.fs.LinuxFileSystemProvider.readAttributes(LinuxFileSystemProvider.java:99)
		at java.base/java.nio.file.Files.readAttributes(Files.java:1854)
		at java.base/java.util.zip.ZipFile$Source.get(ZipFile.java:1445)
		at java.base/java.util.zip.ZipFile$CleanableResource.<init>(ZipFile.java:724)
		at java.base/java.util.zip.ZipFile.<init>(ZipFile.java:251)
		at java.base/java.util.zip.ZipFile.<init>(ZipFile.java:180)
		at java.base/java.util.jar.JarFile.<init>(JarFile.java:345)
		at org.apache.tomcat.util.scan.JarFileUrlJar.<init>(JarFileUrlJar.java:64)
		at org.apache.tomcat.util.scan.JarFactory.newInstance(JarFactory.java:50)
		at org.apache.tomcat.util.scan.StandardJarScanner.process(StandardJarScanner.java:391)
		at org.apache.tomcat.util.scan.StandardJarScanner.processURLs(StandardJarScanner.java:332)
		at org.apache.tomcat.util.scan.StandardJarScanner.doScanClassPath(StandardJarScanner.java:278)
		at org.apache.tomcat.util.scan.StandardJarScanner.scan(StandardJarScanner.java:242)
		at org.apache.jasper.servlet.TldScanner.scanJars(TldScanner.java:248)
		at org.apache.jasper.servlet.TldScanner.scan(TldScanner.java:98)
		at org.apache.jasper.servlet.JasperInitializer.onStartup(JasperInitializer.java:79)
		at org.apache.catalina.core.StandardContext.startInternal(StandardContext.java:4420)
		at org.apache.catalina.util.LifecycleBase.start(LifecycleBase.java:164)
		at org.apache.catalina.core.ContainerBase.addChild(ContainerBase.java:564)
		at org.apache.catalina.core.StandardHost.addChild(StandardHost.java:663)
		at org.apache.catalina.startup.HostConfig.deployWAR(HostConfig.java:923)
		at org.apache.catalina.startup.HostConfig$DeployWar.run(HostConfig.java:1839)
		at java.base/java.util.concurrent.Executors$RunnableAdapter.call(Executors.java:572)
		at java.base/java.util.concurrent.FutureTask.run(FutureTask.java:317)
		at org.apache.tomcat.util.threads.InlineExecutorService.execute(InlineExecutorService.java:81)
		at java.base/java.util.concurrent.AbstractExecutorService.submit(AbstractExecutorService.java:123)
		at org.apache.catalina.startup.HostConfig.deployWARs(HostConfig.java:727)
		at org.apache.catalina.startup.HostConfig.deployApps(HostConfig.java:378)
		at org.apache.catalina.startup.HostConfig.check(HostConfig.java:1628)
		at org.apache.catalina.startup.HostConfig.lifecycleEvent(HostConfig.java:260)
		at org.apache.catalina.util.LifecycleBase.fireLifecycleEvent(LifecycleBase.java:109)
		at org.apache.catalina.core.ContainerBase.backgroundProcess(ContainerBase.java:938)
		at org.apache.catalina.core.ContainerBase$ContainerBackgroundProcessor.processChildren(ContainerBase.java:1137)
		at org.apache.catalina.core.ContainerBase$ContainerBackgroundProcessor.processChildren(ContainerBase.java:1141)
		at org.apache.catalina.core.ContainerBase$ContainerBackgroundProcessor.run(ContainerBase.java:1119)
		at java.base/java.util.concurrent.Executors$RunnableAdapter.call(Executors.java:572)
		at java.base/java.util.concurrent.FutureTask.runAndReset(FutureTask.java:358)
		at java.base/java.util.concurrent.ScheduledThreadPoolExecutor$ScheduledFutureTask.run(ScheduledThreadPoolExecutor.java:305)
		at java.base/java.util.concurrent.ThreadPoolExecutor.runWorker(ThreadPoolExecutor.java:1144)
		at java.base/java.util.concurrent.ThreadPoolExecutor$Worker.run(ThreadPoolExecutor.java:642)
		at org.apache.tomcat.util.threads.TaskThread$WrappingRunnable.run(TaskThread.java:57)
		at java.base/java.lang.Thread.run(Thread.java:1583)
04-Jul-2026 23:05:00.843 WARNING [Catalina-utility-1] org.apache.tomcat.util.scan.StandardJarScanner.processURLs Failed to scan [file:/usr/local/tomcat/webapps/lpu-reservation-system-0.0.1-SNAPSHOT/WEB-INF/lib/spring-context-support-7.0.6.jar] from classloader hierarchy
	java.nio.file.NoSuchFileException: /usr/local/tomcat/webapps/lpu-reservation-system-0.0.1-SNAPSHOT/WEB-INF/lib/spring-context-support-7.0.6.jar
		at java.base/sun.nio.fs.UnixException.translateToIOException(UnixException.java:92)
		at java.base/sun.nio.fs.UnixException.rethrowAsIOException(UnixException.java:106)
		at java.base/sun.nio.fs.UnixException.rethrowAsIOException(UnixException.java:111)
		at java.base/sun.nio.fs.UnixFileAttributeViews$Basic.readAttributes(UnixFileAttributeViews.java:55)
		at java.base/sun.nio.fs.UnixFileSystemProvider.readAttributes(UnixFileSystemProvider.java:171)
		at java.base/sun.nio.fs.LinuxFileSystemProvider.readAttributes(LinuxFileSystemProvider.java:99)
		at java.base/java.nio.file.Files.readAttributes(Files.java:1854)
		at java.base/java.util.zip.ZipFile$Source.get(ZipFile.java:1445)
		at java.base/java.util.zip.ZipFile$CleanableResource.<init>(ZipFile.java:724)
		at java.base/java.util.zip.ZipFile.<init>(ZipFile.java:251)
		at java.base/java.util.zip.ZipFile.<init>(ZipFile.java:180)
		at java.base/java.util.jar.JarFile.<init>(JarFile.java:345)
		at org.apache.tomcat.util.scan.JarFileUrlJar.<init>(JarFileUrlJar.java:64)
		at org.apache.tomcat.util.scan.JarFactory.newInstance(JarFactory.java:50)
		at org.apache.tomcat.util.scan.StandardJarScanner.process(StandardJarScanner.java:391)
		at org.apache.tomcat.util.scan.StandardJarScanner.processURLs(StandardJarScanner.java:332)
		at org.apache.tomcat.util.scan.StandardJarScanner.doScanClassPath(StandardJarScanner.java:278)
		at org.apache.tomcat.util.scan.StandardJarScanner.scan(StandardJarScanner.java:242)
		at org.apache.jasper.servlet.TldScanner.scanJars(TldScanner.java:248)
		at org.apache.jasper.servlet.TldScanner.scan(TldScanner.java:98)
		at org.apache.jasper.servlet.JasperInitializer.onStartup(JasperInitializer.java:79)
		at org.apache.catalina.core.StandardContext.startInternal(StandardContext.java:4420)
		at org.apache.catalina.util.LifecycleBase.start(LifecycleBase.java:164)
		at org.apache.catalina.core.ContainerBase.addChild(ContainerBase.java:564)
		at org.apache.catalina.core.StandardHost.addChild(StandardHost.java:663)
		at org.apache.catalina.startup.HostConfig.deployWAR(HostConfig.java:923)
		at org.apache.catalina.startup.HostConfig$DeployWar.run(HostConfig.java:1839)
		at java.base/java.util.concurrent.Executors$RunnableAdapter.call(Executors.java:572)
		at java.base/java.util.concurrent.FutureTask.run(FutureTask.java:317)
		at org.apache.tomcat.util.threads.InlineExecutorService.execute(InlineExecutorService.java:81)
		at java.base/java.util.concurrent.AbstractExecutorService.submit(AbstractExecutorService.java:123)
		at org.apache.catalina.startup.HostConfig.deployWARs(HostConfig.java:727)
		at org.apache.catalina.startup.HostConfig.deployApps(HostConfig.java:378)
		at org.apache.catalina.startup.HostConfig.check(HostConfig.java:1628)
		at org.apache.catalina.startup.HostConfig.lifecycleEvent(HostConfig.java:260)
		at org.apache.catalina.util.LifecycleBase.fireLifecycleEvent(LifecycleBase.java:109)
		at org.apache.catalina.core.ContainerBase.backgroundProcess(ContainerBase.java:938)
		at org.apache.catalina.core.ContainerBase$ContainerBackgroundProcessor.processChildren(ContainerBase.java:1137)
		at org.apache.catalina.core.ContainerBase$ContainerBackgroundProcessor.processChildren(ContainerBase.java:1141)
		at org.apache.catalina.core.ContainerBase$ContainerBackgroundProcessor.run(ContainerBase.java:1119)
		at java.base/java.util.concurrent.Executors$RunnableAdapter.call(Executors.java:572)
		at java.base/java.util.concurrent.FutureTask.runAndReset(FutureTask.java:358)
		at java.base/java.util.concurrent.ScheduledThreadPoolExecutor$ScheduledFutureTask.run(ScheduledThreadPoolExecutor.java:305)
		at java.base/java.util.concurrent.ThreadPoolExecutor.runWorker(ThreadPoolExecutor.java:1144)
		at java.base/java.util.concurrent.ThreadPoolExecutor$Worker.run(ThreadPoolExecutor.java:642)
		at org.apache.tomcat.util.threads.TaskThread$WrappingRunnable.run(TaskThread.java:57)
		at java.base/java.lang.Thread.run(Thread.java:1583)
04-Jul-2026 23:05:00.844 WARNING [Catalina-utility-1] org.apache.tomcat.util.scan.StandardJarScanner.processURLs Failed to scan [file:/usr/local/tomcat/webapps/lpu-reservation-system-0.0.1-SNAPSHOT/WEB-INF/lib/opentest4j-1.3.0.jar] from classloader hierarchy
	java.nio.file.NoSuchFileException: /usr/local/tomcat/webapps/lpu-reservation-system-0.0.1-SNAPSHOT/WEB-INF/lib/opentest4j-1.3.0.jar
		at java.base/sun.nio.fs.UnixException.translateToIOException(UnixException.java:92)
		at java.base/sun.nio.fs.UnixException.rethrowAsIOException(UnixException.java:106)
		at java.base/sun.nio.fs.UnixException.rethrowAsIOException(UnixException.java:111)
		at java.base/sun.nio.fs.UnixFileAttributeViews$Basic.readAttributes(UnixFileAttributeViews.java:55)
		at java.base/sun.nio.fs.UnixFileSystemProvider.readAttributes(UnixFileSystemProvider.java:171)
		at java.base/sun.nio.fs.LinuxFileSystemProvider.readAttributes(LinuxFileSystemProvider.java:99)
		at java.base/java.nio.file.Files.readAttributes(Files.java:1854)
		at java.base/java.util.zip.ZipFile$Source.get(ZipFile.java:1445)
		at java.base/java.util.zip.ZipFile$CleanableResource.<init>(ZipFile.java:724)
		at java.base/java.util.zip.ZipFile.<init>(ZipFile.java:251)
		at java.base/java.util.zip.ZipFile.<init>(ZipFile.java:180)
		at java.base/java.util.jar.JarFile.<init>(JarFile.java:345)
		at org.apache.tomcat.util.scan.JarFileUrlJar.<init>(JarFileUrlJar.java:64)
		at org.apache.tomcat.util.scan.JarFactory.newInstance(JarFactory.java:50)
		at org.apache.tomcat.util.scan.StandardJarScanner.process(StandardJarScanner.java:391)
		at org.apache.tomcat.util.scan.StandardJarScanner.processURLs(StandardJarScanner.java:332)
		at org.apache.tomcat.util.scan.StandardJarScanner.doScanClassPath(StandardJarScanner.java:278)
		at org.apache.tomcat.util.scan.StandardJarScanner.scan(StandardJarScanner.java:242)
		at org.apache.jasper.servlet.TldScanner.scanJars(TldScanner.java:248)
		at org.apache.jasper.servlet.TldScanner.scan(TldScanner.java:98)
		at org.apache.jasper.servlet.JasperInitializer.onStartup(JasperInitializer.java:79)
		at org.apache.catalina.core.StandardContext.startInternal(StandardContext.java:4420)
		at org.apache.catalina.util.LifecycleBase.start(LifecycleBase.java:164)
		at org.apache.catalina.core.ContainerBase.addChild(ContainerBase.java:564)
		at org.apache.catalina.core.StandardHost.addChild(StandardHost.java:663)
		at org.apache.catalina.startup.HostConfig.deployWAR(HostConfig.java:923)
		at org.apache.catalina.startup.HostConfig$DeployWar.run(HostConfig.java:1839)
		at java.base/java.util.concurrent.Executors$RunnableAdapter.call(Executors.java:572)
		at java.base/java.util.concurrent.FutureTask.run(FutureTask.java:317)
		at org.apache.tomcat.util.threads.InlineExecutorService.execute(InlineExecutorService.java:81)
		at java.base/java.util.concurrent.AbstractExecutorService.submit(AbstractExecutorService.java:123)
		at org.apache.catalina.startup.HostConfig.deployWARs(HostConfig.java:727)
		at org.apache.catalina.startup.HostConfig.deployApps(HostConfig.java:378)
		at org.apache.catalina.startup.HostConfig.check(HostConfig.java:1628)
		at org.apache.catalina.startup.HostConfig.lifecycleEvent(HostConfig.java:260)
		at org.apache.catalina.util.LifecycleBase.fireLifecycleEvent(LifecycleBase.java:109)
		at org.apache.catalina.core.ContainerBase.backgroundProcess(ContainerBase.java:938)
		at org.apache.catalina.core.ContainerBase$ContainerBackgroundProcessor.processChildren(ContainerBase.java:1137)
		at org.apache.catalina.core.ContainerBase$ContainerBackgroundProcessor.processChildren(ContainerBase.java:1141)
		at org.apache.catalina.core.ContainerBase$ContainerBackgroundProcessor.run(ContainerBase.java:1119)
		at java.base/java.util.concurrent.Executors$RunnableAdapter.call(Executors.java:572)
		at java.base/java.util.concurrent.FutureTask.runAndReset(FutureTask.java:358)
		at java.base/java.util.concurrent.ScheduledThreadPoolExecutor$ScheduledFutureTask.run(ScheduledThreadPoolExecutor.java:305)
		at java.base/java.util.concurrent.ThreadPoolExecutor.runWorker(ThreadPoolExecutor.java:1144)
		at java.base/java.util.concurrent.ThreadPoolExecutor$Worker.run(ThreadPoolExecutor.java:642)
		at org.apache.tomcat.util.threads.TaskThread$WrappingRunnable.run(TaskThread.java:57)
		at java.base/java.lang.Thread.run(Thread.java:1583)
04-Jul-2026 23:05:00.845 WARNING [Catalina-utility-1] org.apache.tomcat.util.scan.StandardJarScanner.processURLs Failed to scan [file:/usr/local/tomcat/webapps/lpu-reservation-system-0.0.1-SNAPSHOT/WEB-INF/lib/c3p0-0.9.5.5.jar] from classloader hierarchy
	java.nio.file.NoSuchFileException: /usr/local/tomcat/webapps/lpu-reservation-system-0.0.1-SNAPSHOT/WEB-INF/lib/c3p0-0.9.5.5.jar
		at java.base/sun.nio.fs.UnixException.translateToIOException(UnixException.java:92)
		at java.base/sun.nio.fs.UnixException.rethrowAsIOException(UnixException.java:106)
		at java.base/sun.nio.fs.UnixException.rethrowAsIOException(UnixException.java:111)
		at java.base/sun.nio.fs.UnixFileAttributeViews$Basic.readAttributes(UnixFileAttributeViews.java:55)
		at java.base/sun.nio.fs.UnixFileSystemProvider.readAttributes(UnixFileSystemProvider.java:171)
		at java.base/sun.nio.fs.LinuxFileSystemProvider.readAttributes(LinuxFileSystemProvider.java:99)
		at java.base/java.nio.file.Files.readAttributes(Files.java:1854)
		at java.base/java.util.zip.ZipFile$Source.get(ZipFile.java:1445)
		at java.base/java.util.zip.ZipFile$CleanableResource.<init>(ZipFile.java:724)
		at java.base/java.util.zip.ZipFile.<init>(ZipFile.java:251)
		at java.base/java.util.zip.ZipFile.<init>(ZipFile.java:180)
		at java.base/java.util.jar.JarFile.<init>(JarFile.java:345)
		at org.apache.tomcat.util.scan.JarFileUrlJar.<init>(JarFileUrlJar.java:64)
		at org.apache.tomcat.util.scan.JarFactory.newInstance(JarFactory.java:50)
		at org.apache.tomcat.util.scan.StandardJarScanner.process(StandardJarScanner.java:391)
		at org.apache.tomcat.util.scan.StandardJarScanner.processURLs(StandardJarScanner.java:332)
		at org.apache.tomcat.util.scan.StandardJarScanner.doScanClassPath(StandardJarScanner.java:278)
		at org.apache.tomcat.util.scan.StandardJarScanner.scan(StandardJarScanner.java:242)
		at org.apache.jasper.servlet.TldScanner.scanJars(TldScanner.java:248)
		at org.apache.jasper.servlet.TldScanner.scan(TldScanner.java:98)
		at org.apache.jasper.servlet.JasperInitializer.onStartup(JasperInitializer.java:79)
		at org.apache.catalina.core.StandardContext.startInternal(StandardContext.java:4420)
		at org.apache.catalina.util.LifecycleBase.start(LifecycleBase.java:164)
		at org.apache.catalina.core.ContainerBase.addChild(ContainerBase.java:564)
		at org.apache.catalina.core.StandardHost.addChild(StandardHost.java:663)
		at org.apache.catalina.startup.HostConfig.deployWAR(HostConfig.java:923)
		at org.apache.catalina.startup.HostConfig$DeployWar.run(HostConfig.java:1839)
		at java.base/java.util.concurrent.Executors$RunnableAdapter.call(Executors.java:572)
		at java.base/java.util.concurrent.FutureTask.run(FutureTask.java:317)
		at org.apache.tomcat.util.threads.InlineExecutorService.execute(InlineExecutorService.java:81)
		at java.base/java.util.concurrent.AbstractExecutorService.submit(AbstractExecutorService.java:123)
		at org.apache.catalina.startup.HostConfig.deployWARs(HostConfig.java:727)
		at org.apache.catalina.startup.HostConfig.deployApps(HostConfig.java:378)
		at org.apache.catalina.startup.HostConfig.check(HostConfig.java:1628)
		at org.apache.catalina.startup.HostConfig.lifecycleEvent(HostConfig.java:260)
		at org.apache.catalina.util.LifecycleBase.fireLifecycleEvent(LifecycleBase.java:109)
		at org.apache.catalina.core.ContainerBase.backgroundProcess(ContainerBase.java:938)
		at org.apache.catalina.core.ContainerBase$ContainerBackgroundProcessor.processChildren(ContainerBase.java:1137)
		at org.apache.catalina.core.ContainerBase$ContainerBackgroundProcessor.processChildren(ContainerBase.java:1141)
		at org.apache.catalina.core.ContainerBase$ContainerBackgroundProcessor.run(ContainerBase.java:1119)
		at java.base/java.util.concurrent.Executors$RunnableAdapter.call(Executors.java:572)
		at java.base/java.util.concurrent.FutureTask.runAndReset(FutureTask.java:358)
		at java.base/java.util.concurrent.ScheduledThreadPoolExecutor$ScheduledFutureTask.run(ScheduledThreadPoolExecutor.java:305)
		at java.base/java.util.concurrent.ThreadPoolExecutor.runWorker(ThreadPoolExecutor.java:1144)
		at java.base/java.util.concurrent.ThreadPoolExecutor$Worker.run(ThreadPoolExecutor.java:642)
		at org.apache.tomcat.util.threads.TaskThread$WrappingRunnable.run(TaskThread.java:57)
		at java.base/java.lang.Thread.run(Thread.java:1583)
04-Jul-2026 23:05:00.845 WARNING [Catalina-utility-1] org.apache.tomcat.util.scan.StandardJarScanner.processURLs Failed to scan [file:/usr/local/tomcat/webapps/lpu-reservation-system-0.0.1-SNAPSHOT/WEB-INF/lib/jakarta.validation-api-3.0.2.jar] from classloader hierarchy
	java.nio.file.NoSuchFileException: /usr/local/tomcat/webapps/lpu-reservation-system-0.0.1-SNAPSHOT/WEB-INF/lib/jakarta.validation-api-3.0.2.jar
		at java.base/sun.nio.fs.UnixException.translateToIOException(UnixException.java:92)
		at java.base/sun.nio.fs.UnixException.rethrowAsIOException(UnixException.java:106)
		at java.base/sun.nio.fs.UnixException.rethrowAsIOException(UnixException.java:111)
		at java.base/sun.nio.fs.UnixFileAttributeViews$Basic.readAttributes(UnixFileAttributeViews.java:55)
		at java.base/sun.nio.fs.UnixFileSystemProvider.readAttributes(UnixFileSystemProvider.java:171)
		at java.base/sun.nio.fs.LinuxFileSystemProvider.readAttributes(LinuxFileSystemProvider.java:99)
		at java.base/java.nio.file.Files.readAttributes(Files.java:1854)
		at java.base/java.util.zip.ZipFile$Source.get(ZipFile.java:1445)
		at java.base/java.util.zip.ZipFile$CleanableResource.<init>(ZipFile.java:724)
		at java.base/java.util.zip.ZipFile.<init>(ZipFile.java:251)
		at java.base/java.util.zip.ZipFile.<init>(ZipFile.java:180)
		at java.base/java.util.jar.JarFile.<init>(JarFile.java:345)
		at org.apache.tomcat.util.scan.JarFileUrlJar.<init>(JarFileUrlJar.java:64)
		at org.apache.tomcat.util.scan.JarFactory.newInstance(JarFactory.java:50)
		at org.apache.tomcat.util.scan.StandardJarScanner.process(StandardJarScanner.java:391)
		at org.apache.tomcat.util.scan.StandardJarScanner.processURLs(StandardJarScanner.java:332)
		at org.apache.tomcat.util.scan.StandardJarScanner.doScanClassPath(StandardJarScanner.java:278)
		at org.apache.tomcat.util.scan.StandardJarScanner.scan(StandardJarScanner.java:242)
		at org.apache.jasper.servlet.TldScanner.scanJars(TldScanner.java:248)
		at org.apache.jasper.servlet.TldScanner.scan(TldScanner.java:98)
		at org.apache.jasper.servlet.JasperInitializer.onStartup(JasperInitializer.java:79)
		at org.apache.catalina.core.StandardContext.startInternal(StandardContext.java:4420)
		at org.apache.catalina.util.LifecycleBase.start(LifecycleBase.java:164)
		at org.apache.catalina.core.ContainerBase.addChild(ContainerBase.java:564)
		at org.apache.catalina.core.StandardHost.addChild(StandardHost.java:663)
		at org.apache.catalina.startup.HostConfig.deployWAR(HostConfig.java:923)
		at org.apache.catalina.startup.HostConfig$DeployWar.run(HostConfig.java:1839)
		at java.base/java.util.concurrent.Executors$RunnableAdapter.call(Executors.java:572)
		at java.base/java.util.concurrent.FutureTask.run(FutureTask.java:317)
		at org.apache.tomcat.util.threads.InlineExecutorService.execute(InlineExecutorService.java:81)
		at java.base/java.util.concurrent.AbstractExecutorService.submit(AbstractExecutorService.java:123)
		at org.apache.catalina.startup.HostConfig.deployWARs(HostConfig.java:727)
		at org.apache.catalina.startup.HostConfig.deployApps(HostConfig.java:378)
		at org.apache.catalina.startup.HostConfig.check(HostConfig.java:1628)
		at org.apache.catalina.startup.HostConfig.lifecycleEvent(HostConfig.java:260)
		at org.apache.catalina.util.LifecycleBase.fireLifecycleEvent(LifecycleBase.java:109)
		at org.apache.catalina.core.ContainerBase.backgroundProcess(ContainerBase.java:938)
		at org.apache.catalina.core.ContainerBase$ContainerBackgroundProcessor.processChildren(ContainerBase.java:1137)
		at org.apache.catalina.core.ContainerBase$ContainerBackgroundProcessor.processChildren(ContainerBase.java:1141)
		at org.apache.catalina.core.ContainerBase$ContainerBackgroundProcessor.run(ContainerBase.java:1119)
		at java.base/java.util.concurrent.Executors$RunnableAdapter.call(Executors.java:572)
		at java.base/java.util.concurrent.FutureTask.runAndReset(FutureTask.java:358)
		at java.base/java.util.concurrent.ScheduledThreadPoolExecutor$ScheduledFutureTask.run(ScheduledThreadPoolExecutor.java:305)
		at java.base/java.util.concurrent.ThreadPoolExecutor.runWorker(ThreadPoolExecutor.java:1144)
		at java.base/java.util.concurrent.ThreadPoolExecutor$Worker.run(ThreadPoolExecutor.java:642)
		at org.apache.tomcat.util.threads.TaskThread$WrappingRunnable.run(TaskThread.java:57)
		at java.base/java.lang.Thread.run(Thread.java:1583)
04-Jul-2026 23:05:00.846 WARNING [Catalina-utility-1] org.apache.tomcat.util.scan.StandardJarScanner.processURLs Failed to scan [file:/usr/local/tomcat/webapps/lpu-reservation-system-0.0.1-SNAPSHOT/WEB-INF/lib/jakarta.xml.bind-api-4.0.5.jar] from classloader hierarchy
	java.nio.file.NoSuchFileException: /usr/local/tomcat/webapps/lpu-reservation-system-0.0.1-SNAPSHOT/WEB-INF/lib/jakarta.xml.bind-api-4.0.5.jar
		at java.base/sun.nio.fs.UnixException.translateToIOException(UnixException.java:92)
		at java.base/sun.nio.fs.UnixException.rethrowAsIOException(UnixException.java:106)
		at java.base/sun.nio.fs.UnixException.rethrowAsIOException(UnixException.java:111)
		at java.base/sun.nio.fs.UnixFileAttributeViews$Basic.readAttributes(UnixFileAttributeViews.java:55)
		at java.base/sun.nio.fs.UnixFileSystemProvider.readAttributes(UnixFileSystemProvider.java:171)
		at java.base/sun.nio.fs.LinuxFileSystemProvider.readAttributes(LinuxFileSystemProvider.java:99)
		at java.base/java.nio.file.Files.readAttributes(Files.java:1854)
		at java.base/java.util.zip.ZipFile$Source.get(ZipFile.java:1445)
		at java.base/java.util.zip.ZipFile$CleanableResource.<init>(ZipFile.java:724)
		at java.base/java.util.zip.ZipFile.<init>(ZipFile.java:251)
		at java.base/java.util.zip.ZipFile.<init>(ZipFile.java:180)
		at java.base/java.util.jar.JarFile.<init>(JarFile.java:345)
		at org.apache.tomcat.util.scan.JarFileUrlJar.<init>(JarFileUrlJar.java:64)
		at org.apache.tomcat.util.scan.JarFactory.newInstance(JarFactory.java:50)
		at org.apache.tomcat.util.scan.StandardJarScanner.process(StandardJarScanner.java:391)
		at org.apache.tomcat.util.scan.StandardJarScanner.processURLs(StandardJarScanner.java:332)
		at org.apache.tomcat.util.scan.StandardJarScanner.doScanClassPath(StandardJarScanner.java:278)
		at org.apache.tomcat.util.scan.StandardJarScanner.scan(StandardJarScanner.java:242)
		at org.apache.jasper.servlet.TldScanner.scanJars(TldScanner.java:248)
		at org.apache.jasper.servlet.TldScanner.scan(TldScanner.java:98)
		at org.apache.jasper.servlet.JasperInitializer.onStartup(JasperInitializer.java:79)
		at org.apache.catalina.core.StandardContext.startInternal(StandardContext.java:4420)
		at org.apache.catalina.util.LifecycleBase.start(LifecycleBase.java:164)
		at org.apache.catalina.core.ContainerBase.addChild(ContainerBase.java:564)
		at org.apache.catalina.core.StandardHost.addChild(StandardHost.java:663)
		at org.apache.catalina.startup.HostConfig.deployWAR(HostConfig.java:923)
		at org.apache.catalina.startup.HostConfig$DeployWar.run(HostConfig.java:1839)
		at java.base/java.util.concurrent.Executors$RunnableAdapter.call(Executors.java:572)
		at java.base/java.util.concurrent.FutureTask.run(FutureTask.java:317)
		at org.apache.tomcat.util.threads.InlineExecutorService.execute(InlineExecutorService.java:81)
		at java.base/java.util.concurrent.AbstractExecutorService.submit(AbstractExecutorService.java:123)
		at org.apache.catalina.startup.HostConfig.deployWARs(HostConfig.java:727)
		at org.apache.catalina.startup.HostConfig.deployApps(HostConfig.java:378)
		at org.apache.catalina.startup.HostConfig.check(HostConfig.java:1628)
		at org.apache.catalina.startup.HostConfig.lifecycleEvent(HostConfig.java:260)
		at org.apache.catalina.util.LifecycleBase.fireLifecycleEvent(LifecycleBase.java:109)
		at org.apache.catalina.core.ContainerBase.backgroundProcess(ContainerBase.java:938)
		at org.apache.catalina.core.ContainerBase$ContainerBackgroundProcessor.processChildren(ContainerBase.java:1137)
		at org.apache.catalina.core.ContainerBase$ContainerBackgroundProcessor.processChildren(ContainerBase.java:1141)
		at org.apache.catalina.core.ContainerBase$ContainerBackgroundProcessor.run(ContainerBase.java:1119)
		at java.base/java.util.concurrent.Executors$RunnableAdapter.call(Executors.java:572)
		at java.base/java.util.concurrent.FutureTask.runAndReset(FutureTask.java:358)
		at java.base/java.util.concurrent.ScheduledThreadPoolExecutor$ScheduledFutureTask.run(ScheduledThreadPoolExecutor.java:305)
		at java.base/java.util.concurrent.ThreadPoolExecutor.runWorker(ThreadPoolExecutor.java:1144)
		at java.base/java.util.concurrent.ThreadPoolExecutor$Worker.run(ThreadPoolExecutor.java:642)
		at org.apache.tomcat.util.threads.TaskThread$WrappingRunnable.run(TaskThread.java:57)
		at java.base/java.lang.Thread.run(Thread.java:1583)
04-Jul-2026 23:05:00.847 WARNING [Catalina-utility-1] org.apache.tomcat.util.scan.StandardJarScanner.processURLs Failed to scan [file:/usr/local/tomcat/webapps/lpu-reservation-system-0.0.1-SNAPSHOT/WEB-INF/lib/unbescape-1.1.6.RELEASE.jar] from classloader hierarchy
	java.nio.file.NoSuchFileException: /usr/local/tomcat/webapps/lpu-reservation-system-0.0.1-SNAPSHOT/WEB-INF/lib/unbescape-1.1.6.RELEASE.jar
		at java.base/sun.nio.fs.UnixException.translateToIOException(UnixException.java:92)
		at java.base/sun.nio.fs.UnixException.rethrowAsIOException(UnixException.java:106)
		at java.base/sun.nio.fs.UnixException.rethrowAsIOException(UnixException.java:111)
		at java.base/sun.nio.fs.UnixFileAttributeViews$Basic.readAttributes(UnixFileAttributeViews.java:55)
		at java.base/sun.nio.fs.UnixFileSystemProvider.readAttributes(UnixFileSystemProvider.java:171)
		at java.base/sun.nio.fs.LinuxFileSystemProvider.readAttributes(LinuxFileSystemProvider.java:99)
		at java.base/java.nio.file.Files.readAttributes(Files.java:1854)
		at java.base/java.util.zip.ZipFile$Source.get(ZipFile.java:1445)
		at java.base/java.util.zip.ZipFile$CleanableResource.<init>(ZipFile.java:724)
		at java.base/java.util.zip.ZipFile.<init>(ZipFile.java:251)
		at java.base/java.util.zip.ZipFile.<init>(ZipFile.java:180)
		at java.base/java.util.jar.JarFile.<init>(JarFile.java:345)
		at org.apache.tomcat.util.scan.JarFileUrlJar.<init>(JarFileUrlJar.java:64)
		at org.apache.tomcat.util.scan.JarFactory.newInstance(JarFactory.java:50)
		at org.apache.tomcat.util.scan.StandardJarScanner.process(StandardJarScanner.java:391)
		at org.apache.tomcat.util.scan.StandardJarScanner.processURLs(StandardJarScanner.java:332)
		at org.apache.tomcat.util.scan.StandardJarScanner.doScanClassPath(StandardJarScanner.java:278)
		at org.apache.tomcat.util.scan.StandardJarScanner.scan(StandardJarScanner.java:242)
		at org.apache.jasper.servlet.TldScanner.scanJars(TldScanner.java:248)
		at org.apache.jasper.servlet.TldScanner.scan(TldScanner.java:98)
		at org.apache.jasper.servlet.JasperInitializer.onStartup(JasperInitializer.java:79)
		at org.apache.catalina.core.StandardContext.startInternal(StandardContext.java:4420)
		at org.apache.catalina.util.LifecycleBase.start(LifecycleBase.java:164)
		at org.apache.catalina.core.ContainerBase.addChild(ContainerBase.java:564)
		at org.apache.catalina.core.StandardHost.addChild(StandardHost.java:663)
		at org.apache.catalina.startup.HostConfig.deployWAR(HostConfig.java:923)
		at org.apache.catalina.startup.HostConfig$DeployWar.run(HostConfig.java:1839)
		at java.base/java.util.concurrent.Executors$RunnableAdapter.call(Executors.java:572)
		at java.base/java.util.concurrent.FutureTask.run(FutureTask.java:317)
		at org.apache.tomcat.util.threads.InlineExecutorService.execute(InlineExecutorService.java:81)
		at java.base/java.util.concurrent.AbstractExecutorService.submit(AbstractExecutorService.java:123)
		at org.apache.catalina.startup.HostConfig.deployWARs(HostConfig.java:727)
		at org.apache.catalina.startup.HostConfig.deployApps(HostConfig.java:378)
		at org.apache.catalina.startup.HostConfig.check(HostConfig.java:1628)
		at org.apache.catalina.startup.HostConfig.lifecycleEvent(HostConfig.java:260)
		at org.apache.catalina.util.LifecycleBase.fireLifecycleEvent(LifecycleBase.java:109)
		at org.apache.catalina.core.ContainerBase.backgroundProcess(ContainerBase.java:938)
		at org.apache.catalina.core.ContainerBase$ContainerBackgroundProcessor.processChildren(ContainerBase.java:1137)
		at org.apache.catalina.core.ContainerBase$ContainerBackgroundProcessor.processChildren(ContainerBase.java:1141)
		at org.apache.catalina.core.ContainerBase$ContainerBackgroundProcessor.run(ContainerBase.java:1119)
		at java.base/java.util.concurrent.Executors$RunnableAdapter.call(Executors.java:572)
		at java.base/java.util.concurrent.FutureTask.runAndReset(FutureTask.java:358)
		at java.base/java.util.concurrent.ScheduledThreadPoolExecutor$ScheduledFutureTask.run(ScheduledThreadPoolExecutor.java:305)
		at java.base/java.util.concurrent.ThreadPoolExecutor.runWorker(ThreadPoolExecutor.java:1144)
		at java.base/java.util.concurrent.ThreadPoolExecutor$Worker.run(ThreadPoolExecutor.java:642)
		at org.apache.tomcat.util.threads.TaskThread$WrappingRunnable.run(TaskThread.java:57)
		at java.base/java.lang.Thread.run(Thread.java:1583)
04-Jul-2026 23:05:00.850 WARNING [Catalina-utility-1] org.apache.tomcat.util.scan.StandardJarScanner.processURLs Failed to scan [file:/usr/local/tomcat/webapps/lpu-reservation-system-0.0.1-SNAPSHOT/WEB-INF/lib/spring-security-web-6.3.1.jar] from classloader hierarchy
	java.nio.file.NoSuchFileException: /usr/local/tomcat/webapps/lpu-reservation-system-0.0.1-SNAPSHOT/WEB-INF/lib/spring-security-web-6.3.1.jar
		at java.base/sun.nio.fs.UnixException.translateToIOException(UnixException.java:92)
		at java.base/sun.nio.fs.UnixException.rethrowAsIOException(UnixException.java:106)
		at java.base/sun.nio.fs.UnixException.rethrowAsIOException(UnixException.java:111)
		at java.base/sun.nio.fs.UnixFileAttributeViews$Basic.readAttributes(UnixFileAttributeViews.java:55)
		at java.base/sun.nio.fs.UnixFileSystemProvider.readAttributes(UnixFileSystemProvider.java:171)
		at java.base/sun.nio.fs.LinuxFileSystemProvider.readAttributes(LinuxFileSystemProvider.java:99)
		at java.base/java.nio.file.Files.readAttributes(Files.java:1854)
		at java.base/java.util.zip.ZipFile$Source.get(ZipFile.java:1445)
		at java.base/java.util.zip.ZipFile$CleanableResource.<init>(ZipFile.java:724)
		at java.base/java.util.zip.ZipFile.<init>(ZipFile.java:251)
		at java.base/java.util.zip.ZipFile.<init>(ZipFile.java:180)
		at java.base/java.util.jar.JarFile.<init>(JarFile.java:345)
		at org.apache.tomcat.util.scan.JarFileUrlJar.<init>(JarFileUrlJar.java:64)
		at org.apache.tomcat.util.scan.JarFactory.newInstance(JarFactory.java:50)
		at org.apache.tomcat.util.scan.StandardJarScanner.process(StandardJarScanner.java:391)
		at org.apache.tomcat.util.scan.StandardJarScanner.processURLs(StandardJarScanner.java:332)
		at org.apache.tomcat.util.scan.StandardJarScanner.doScanClassPath(StandardJarScanner.java:278)
		at org.apache.tomcat.util.scan.StandardJarScanner.scan(StandardJarScanner.java:242)
		at org.apache.jasper.servlet.TldScanner.scanJars(TldScanner.java:248)
		at org.apache.jasper.servlet.TldScanner.scan(TldScanner.java:98)
		at org.apache.jasper.servlet.JasperInitializer.onStartup(JasperInitializer.java:79)
		at org.apache.catalina.core.StandardContext.startInternal(StandardContext.java:4420)
		at org.apache.catalina.util.LifecycleBase.start(LifecycleBase.java:164)
		at org.apache.catalina.core.ContainerBase.addChild(ContainerBase.java:564)
		at org.apache.catalina.core.StandardHost.addChild(StandardHost.java:663)
		at org.apache.catalina.startup.HostConfig.deployWAR(HostConfig.java:923)
		at org.apache.catalina.startup.HostConfig$DeployWar.run(HostConfig.java:1839)
		at java.base/java.util.concurrent.Executors$RunnableAdapter.call(Executors.java:572)
		at java.base/java.util.concurrent.FutureTask.run(FutureTask.java:317)
		at org.apache.tomcat.util.threads.InlineExecutorService.execute(InlineExecutorService.java:81)
		at java.base/java.util.concurrent.AbstractExecutorService.submit(AbstractExecutorService.java:123)
		at org.apache.catalina.startup.HostConfig.deployWARs(HostConfig.java:727)
		at org.apache.catalina.startup.HostConfig.deployApps(HostConfig.java:378)
		at org.apache.catalina.startup.HostConfig.check(HostConfig.java:1628)
		at org.apache.catalina.startup.HostConfig.lifecycleEvent(HostConfig.java:260)
		at org.apache.catalina.util.LifecycleBase.fireLifecycleEvent(LifecycleBase.java:109)
		at org.apache.catalina.core.ContainerBase.backgroundProcess(ContainerBase.java:938)
		at org.apache.catalina.core.ContainerBase$ContainerBackgroundProcessor.processChildren(ContainerBase.java:1137)
		at org.apache.catalina.core.ContainerBase$ContainerBackgroundProcessor.processChildren(ContainerBase.java:1141)
		at org.apache.catalina.core.ContainerBase$ContainerBackgroundProcessor.run(ContainerBase.java:1119)
		at java.base/java.util.concurrent.Executors$RunnableAdapter.call(Executors.java:572)
		at java.base/java.util.concurrent.FutureTask.runAndReset(FutureTask.java:358)
		at java.base/java.util.concurrent.ScheduledThreadPoolExecutor$ScheduledFutureTask.run(ScheduledThreadPoolExecutor.java:305)
		at java.base/java.util.concurrent.ThreadPoolExecutor.runWorker(ThreadPoolExecutor.java:1144)
		at java.base/java.util.concurrent.ThreadPoolExecutor$Worker.run(ThreadPoolExecutor.java:642)
		at org.apache.tomcat.util.threads.TaskThread$WrappingRunnable.run(TaskThread.java:57)
		at java.base/java.lang.Thread.run(Thread.java:1583)
04-Jul-2026 23:05:00.850 WARNING [Catalina-utility-1] org.apache.tomcat.util.scan.StandardJarScanner.processURLs Failed to scan [file:/usr/local/tomcat/webapps/lpu-reservation-system-0.0.1-SNAPSHOT/WEB-INF/lib/ognl-3.3.4.jar] from classloader hierarchy
	java.nio.file.NoSuchFileException: /usr/local/tomcat/webapps/lpu-reservation-system-0.0.1-SNAPSHOT/WEB-INF/lib/ognl-3.3.4.jar
		at java.base/sun.nio.fs.UnixException.translateToIOException(UnixException.java:92)
		at java.base/sun.nio.fs.UnixException.rethrowAsIOException(UnixException.java:106)
		at java.base/sun.nio.fs.UnixException.rethrowAsIOException(UnixException.java:111)
		at java.base/sun.nio.fs.UnixFileAttributeViews$Basic.readAttributes(UnixFileAttributeViews.java:55)
		at java.base/sun.nio.fs.UnixFileSystemProvider.readAttributes(UnixFileSystemProvider.java:171)
		at java.base/sun.nio.fs.LinuxFileSystemProvider.readAttributes(LinuxFileSystemProvider.java:99)
		at java.base/java.nio.file.Files.readAttributes(Files.java:1854)
		at java.base/java.util.zip.ZipFile$Source.get(ZipFile.java:1445)
		at java.base/java.util.zip.ZipFile$CleanableResource.<init>(ZipFile.java:724)
		at java.base/java.util.zip.ZipFile.<init>(ZipFile.java:251)
		at java.base/java.util.zip.ZipFile.<init>(ZipFile.java:180)
		at java.base/java.util.jar.JarFile.<init>(JarFile.java:345)
		at org.apache.tomcat.util.scan.JarFileUrlJar.<init>(JarFileUrlJar.java:64)
		at org.apache.tomcat.util.scan.JarFactory.newInstance(JarFactory.java:50)
		at org.apache.tomcat.util.scan.StandardJarScanner.process(StandardJarScanner.java:391)
		at org.apache.tomcat.util.scan.StandardJarScanner.processURLs(StandardJarScanner.java:332)
		at org.apache.tomcat.util.scan.StandardJarScanner.doScanClassPath(StandardJarScanner.java:278)
		at org.apache.tomcat.util.scan.StandardJarScanner.scan(StandardJarScanner.java:242)
		at org.apache.jasper.servlet.TldScanner.scanJars(TldScanner.java:248)
		at org.apache.jasper.servlet.TldScanner.scan(TldScanner.java:98)
		at org.apache.jasper.servlet.JasperInitializer.onStartup(JasperInitializer.java:79)
		at org.apache.catalina.core.StandardContext.startInternal(StandardContext.java:4420)
		at org.apache.catalina.util.LifecycleBase.start(LifecycleBase.java:164)
		at org.apache.catalina.core.ContainerBase.addChild(ContainerBase.java:564)
		at org.apache.catalina.core.StandardHost.addChild(StandardHost.java:663)
		at org.apache.catalina.startup.HostConfig.deployWAR(HostConfig.java:923)
		at org.apache.catalina.startup.HostConfig$DeployWar.run(HostConfig.java:1839)
		at java.base/java.util.concurrent.Executors$RunnableAdapter.call(Executors.java:572)
		at java.base/java.util.concurrent.FutureTask.run(FutureTask.java:317)
		at org.apache.tomcat.util.threads.InlineExecutorService.execute(InlineExecutorService.java:81)
		at java.base/java.util.concurrent.AbstractExecutorService.submit(AbstractExecutorService.java:123)
		at org.apache.catalina.startup.HostConfig.deployWARs(HostConfig.java:727)
		at org.apache.catalina.startup.HostConfig.deployApps(HostConfig.java:378)
		at org.apache.catalina.startup.HostConfig.check(HostConfig.java:1628)
		at org.apache.catalina.startup.HostConfig.lifecycleEvent(HostConfig.java:260)
		at org.apache.catalina.util.LifecycleBase.fireLifecycleEvent(LifecycleBase.java:109)
		at org.apache.catalina.core.ContainerBase.backgroundProcess(ContainerBase.java:938)
		at org.apache.catalina.core.ContainerBase$ContainerBackgroundProcessor.processChildren(ContainerBase.java:1137)
		at org.apache.catalina.core.ContainerBase$ContainerBackgroundProcessor.processChildren(ContainerBase.java:1141)
		at org.apache.catalina.core.ContainerBase$ContainerBackgroundProcessor.run(ContainerBase.java:1119)
		at java.base/java.util.concurrent.Executors$RunnableAdapter.call(Executors.java:572)
		at java.base/java.util.concurrent.FutureTask.runAndReset(FutureTask.java:358)
		at java.base/java.util.concurrent.ScheduledThreadPoolExecutor$ScheduledFutureTask.run(ScheduledThreadPoolExecutor.java:305)
		at java.base/java.util.concurrent.ThreadPoolExecutor.runWorker(ThreadPoolExecutor.java:1144)
		at java.base/java.util.concurrent.ThreadPoolExecutor$Worker.run(ThreadPoolExecutor.java:642)
		at org.apache.tomcat.util.threads.TaskThread$WrappingRunnable.run(TaskThread.java:57)
		at java.base/java.lang.Thread.run(Thread.java:1583)
04-Jul-2026 23:05:00.853 WARNING [Catalina-utility-1] org.apache.tomcat.util.scan.StandardJarScanner.processURLs Failed to scan [file:/usr/local/tomcat/webapps/lpu-reservation-system-0.0.1-SNAPSHOT/WEB-INF/lib/cache-api-1.1.1.jar] from classloader hierarchy
	java.nio.file.NoSuchFileException: /usr/local/tomcat/webapps/lpu-reservation-system-0.0.1-SNAPSHOT/WEB-INF/lib/cache-api-1.1.1.jar
		at java.base/sun.nio.fs.UnixException.translateToIOException(UnixException.java:92)
		at java.base/sun.nio.fs.UnixException.rethrowAsIOException(UnixException.java:106)
		at java.base/sun.nio.fs.UnixException.rethrowAsIOException(UnixException.java:111)
		at java.base/sun.nio.fs.UnixFileAttributeViews$Basic.readAttributes(UnixFileAttributeViews.java:55)
		at java.base/sun.nio.fs.UnixFileSystemProvider.readAttributes(UnixFileSystemProvider.java:171)
		at java.base/sun.nio.fs.LinuxFileSystemProvider.readAttributes(LinuxFileSystemProvider.java:99)
		at java.base/java.nio.file.Files.readAttributes(Files.java:1854)
		at java.base/java.util.zip.ZipFile$Source.get(ZipFile.java:1445)
		at java.base/java.util.zip.ZipFile$CleanableResource.<init>(ZipFile.java:724)
		at java.base/java.util.zip.ZipFile.<init>(ZipFile.java:251)
		at java.base/java.util.zip.ZipFile.<init>(ZipFile.java:180)
		at java.base/java.util.jar.JarFile.<init>(JarFile.java:345)
		at org.apache.tomcat.util.scan.JarFileUrlJar.<init>(JarFileUrlJar.java:64)
		at org.apache.tomcat.util.scan.JarFactory.newInstance(JarFactory.java:50)
		at org.apache.tomcat.util.scan.StandardJarScanner.process(StandardJarScanner.java:391)
		at org.apache.tomcat.util.scan.StandardJarScanner.processURLs(StandardJarScanner.java:332)
		at org.apache.tomcat.util.scan.StandardJarScanner.doScanClassPath(StandardJarScanner.java:278)
		at org.apache.tomcat.util.scan.StandardJarScanner.scan(StandardJarScanner.java:242)
		at org.apache.jasper.servlet.TldScanner.scanJars(TldScanner.java:248)
		at org.apache.jasper.servlet.TldScanner.scan(TldScanner.java:98)
		at org.apache.jasper.servlet.JasperInitializer.onStartup(JasperInitializer.java:79)
		at org.apache.catalina.core.StandardContext.startInternal(StandardContext.java:4420)
		at org.apache.catalina.util.LifecycleBase.start(LifecycleBase.java:164)
		at org.apache.catalina.core.ContainerBase.addChild(ContainerBase.java:564)
		at org.apache.catalina.core.StandardHost.addChild(StandardHost.java:663)
		at org.apache.catalina.startup.HostConfig.deployWAR(HostConfig.java:923)
		at org.apache.catalina.startup.HostConfig$DeployWar.run(HostConfig.java:1839)
		at java.base/java.util.concurrent.Executors$RunnableAdapter.call(Executors.java:572)
		at java.base/java.util.concurrent.FutureTask.run(FutureTask.java:317)
		at org.apache.tomcat.util.threads.InlineExecutorService.execute(InlineExecutorService.java:81)
		at java.base/java.util.concurrent.AbstractExecutorService.submit(AbstractExecutorService.java:123)
		at org.apache.catalina.startup.HostConfig.deployWARs(HostConfig.java:727)
		at org.apache.catalina.startup.HostConfig.deployApps(HostConfig.java:378)
		at org.apache.catalina.startup.HostConfig.check(HostConfig.java:1628)
		at org.apache.catalina.startup.HostConfig.lifecycleEvent(HostConfig.java:260)
		at org.apache.catalina.util.LifecycleBase.fireLifecycleEvent(LifecycleBase.java:109)
		at org.apache.catalina.core.ContainerBase.backgroundProcess(ContainerBase.java:938)
		at org.apache.catalina.core.ContainerBase$ContainerBackgroundProcessor.processChildren(ContainerBase.java:1137)
		at org.apache.catalina.core.ContainerBase$ContainerBackgroundProcessor.processChildren(ContainerBase.java:1141)
		at org.apache.catalina.core.ContainerBase$ContainerBackgroundProcessor.run(ContainerBase.java:1119)
		at java.base/java.util.concurrent.Executors$RunnableAdapter.call(Executors.java:572)
		at java.base/java.util.concurrent.FutureTask.runAndReset(FutureTask.java:358)
		at java.base/java.util.concurrent.ScheduledThreadPoolExecutor$ScheduledFutureTask.run(ScheduledThreadPoolExecutor.java:305)
		at java.base/java.util.concurrent.ThreadPoolExecutor.runWorker(ThreadPoolExecutor.java:1144)
		at java.base/java.util.concurrent.ThreadPoolExecutor$Worker.run(ThreadPoolExecutor.java:642)
		at org.apache.tomcat.util.threads.TaskThread$WrappingRunnable.run(TaskThread.java:57)
		at java.base/java.lang.Thread.run(Thread.java:1583)
04-Jul-2026 23:05:00.854 WARNING [Catalina-utility-1] org.apache.tomcat.util.scan.StandardJarScanner.processURLs Failed to scan [file:/usr/local/tomcat/webapps/lpu-reservation-system-0.0.1-SNAPSHOT/WEB-INF/lib/istack-commons-runtime-4.1.2.jar] from classloader hierarchy
	java.nio.file.NoSuchFileException: /usr/local/tomcat/webapps/lpu-reservation-system-0.0.1-SNAPSHOT/WEB-INF/lib/istack-commons-runtime-4.1.2.jar
		at java.base/sun.nio.fs.UnixException.translateToIOException(UnixException.java:92)
		at java.base/sun.nio.fs.UnixException.rethrowAsIOException(UnixException.java:106)
		at java.base/sun.nio.fs.UnixException.rethrowAsIOException(UnixException.java:111)
		at java.base/sun.nio.fs.UnixFileAttributeViews$Basic.readAttributes(UnixFileAttributeViews.java:55)
		at java.base/sun.nio.fs.UnixFileSystemProvider.readAttributes(UnixFileSystemProvider.java:171)
		at java.base/sun.nio.fs.LinuxFileSystemProvider.readAttributes(LinuxFileSystemProvider.java:99)
		at java.base/java.nio.file.Files.readAttributes(Files.java:1854)
		at java.base/java.util.zip.ZipFile$Source.get(ZipFile.java:1445)
		at java.base/java.util.zip.ZipFile$CleanableResource.<init>(ZipFile.java:724)
		at java.base/java.util.zip.ZipFile.<init>(ZipFile.java:251)
		at java.base/java.util.zip.ZipFile.<init>(ZipFile.java:180)
		at java.base/java.util.jar.JarFile.<init>(JarFile.java:345)
		at org.apache.tomcat.util.scan.JarFileUrlJar.<init>(JarFileUrlJar.java:64)
		at org.apache.tomcat.util.scan.JarFactory.newInstance(JarFactory.java:50)
		at org.apache.tomcat.util.scan.StandardJarScanner.process(StandardJarScanner.java:391)
		at org.apache.tomcat.util.scan.StandardJarScanner.processURLs(StandardJarScanner.java:332)
		at org.apache.tomcat.util.scan.StandardJarScanner.doScanClassPath(StandardJarScanner.java:278)
		at org.apache.tomcat.util.scan.StandardJarScanner.scan(StandardJarScanner.java:242)
		at org.apache.jasper.servlet.TldScanner.scanJars(TldScanner.java:248)
		at org.apache.jasper.servlet.TldScanner.scan(TldScanner.java:98)
		at org.apache.jasper.servlet.JasperInitializer.onStartup(JasperInitializer.java:79)
		at org.apache.catalina.core.StandardContext.startInternal(StandardContext.java:4420)
		at org.apache.catalina.util.LifecycleBase.start(LifecycleBase.java:164)
		at org.apache.catalina.core.ContainerBase.addChild(ContainerBase.java:564)
		at org.apache.catalina.core.StandardHost.addChild(StandardHost.java:663)
		at org.apache.catalina.startup.HostConfig.deployWAR(HostConfig.java:923)
		at org.apache.catalina.startup.HostConfig$DeployWar.run(HostConfig.java:1839)
		at java.base/java.util.concurrent.Executors$RunnableAdapter.call(Executors.java:572)
		at java.base/java.util.concurrent.FutureTask.run(FutureTask.java:317)
		at org.apache.tomcat.util.threads.InlineExecutorService.execute(InlineExecutorService.java:81)
		at java.base/java.util.concurrent.AbstractExecutorService.submit(AbstractExecutorService.java:123)
		at org.apache.catalina.startup.HostConfig.deployWARs(HostConfig.java:727)
		at org.apache.catalina.startup.HostConfig.deployApps(HostConfig.java:378)
		at org.apache.catalina.startup.HostConfig.check(HostConfig.java:1628)
		at org.apache.catalina.startup.HostConfig.lifecycleEvent(HostConfig.java:260)
		at org.apache.catalina.util.LifecycleBase.fireLifecycleEvent(LifecycleBase.java:109)
		at org.apache.catalina.core.ContainerBase.backgroundProcess(ContainerBase.java:938)
		at org.apache.catalina.core.ContainerBase$ContainerBackgroundProcessor.processChildren(ContainerBase.java:1137)
		at org.apache.catalina.core.ContainerBase$ContainerBackgroundProcessor.processChildren(ContainerBase.java:1141)
		at org.apache.catalina.core.ContainerBase$ContainerBackgroundProcessor.run(ContainerBase.java:1119)
		at java.base/java.util.concurrent.Executors$RunnableAdapter.call(Executors.java:572)
		at java.base/java.util.concurrent.FutureTask.runAndReset(FutureTask.java:358)
		at java.base/java.util.concurrent.ScheduledThreadPoolExecutor$ScheduledFutureTask.run(ScheduledThreadPoolExecutor.java:305)
		at java.base/java.util.concurrent.ThreadPoolExecutor.runWorker(ThreadPoolExecutor.java:1144)
		at java.base/java.util.concurrent.ThreadPoolExecutor$Worker.run(ThreadPoolExecutor.java:642)
		at org.apache.tomcat.util.threads.TaskThread$WrappingRunnable.run(TaskThread.java:57)
		at java.base/java.lang.Thread.run(Thread.java:1583)
04-Jul-2026 23:05:00.855 WARNING [Catalina-utility-1] org.apache.tomcat.util.scan.StandardJarScanner.processURLs Failed to scan [file:/usr/local/tomcat/webapps/lpu-reservation-system-0.0.1-SNAPSHOT/WEB-INF/lib/jjwt-impl-0.11.5.jar] from classloader hierarchy
	java.nio.file.NoSuchFileException: /usr/local/tomcat/webapps/lpu-reservation-system-0.0.1-SNAPSHOT/WEB-INF/lib/jjwt-impl-0.11.5.jar
		at java.base/sun.nio.fs.UnixException.translateToIOException(UnixException.java:92)
		at java.base/sun.nio.fs.UnixException.rethrowAsIOException(UnixException.java:106)
		at java.base/sun.nio.fs.UnixException.rethrowAsIOException(UnixException.java:111)
		at java.base/sun.nio.fs.UnixFileAttributeViews$Basic.readAttributes(UnixFileAttributeViews.java:55)
		at java.base/sun.nio.fs.UnixFileSystemProvider.readAttributes(UnixFileSystemProvider.java:171)
		at java.base/sun.nio.fs.LinuxFileSystemProvider.readAttributes(LinuxFileSystemProvider.java:99)
		at java.base/java.nio.file.Files.readAttributes(Files.java:1854)
		at java.base/java.util.zip.ZipFile$Source.get(ZipFile.java:1445)
		at java.base/java.util.zip.ZipFile$CleanableResource.<init>(ZipFile.java:724)
		at java.base/java.util.zip.ZipFile.<init>(ZipFile.java:251)
		at java.base/java.util.zip.ZipFile.<init>(ZipFile.java:180)
		at java.base/java.util.jar.JarFile.<init>(JarFile.java:345)
		at org.apache.tomcat.util.scan.JarFileUrlJar.<init>(JarFileUrlJar.java:64)
		at org.apache.tomcat.util.scan.JarFactory.newInstance(JarFactory.java:50)
		at org.apache.tomcat.util.scan.StandardJarScanner.process(StandardJarScanner.java:391)
		at org.apache.tomcat.util.scan.StandardJarScanner.processURLs(StandardJarScanner.java:332)
		at org.apache.tomcat.util.scan.StandardJarScanner.doScanClassPath(StandardJarScanner.java:278)
		at org.apache.tomcat.util.scan.StandardJarScanner.scan(StandardJarScanner.java:242)
		at org.apache.jasper.servlet.TldScanner.scanJars(TldScanner.java:248)
		at org.apache.jasper.servlet.TldScanner.scan(TldScanner.java:98)
		at org.apache.jasper.servlet.JasperInitializer.onStartup(JasperInitializer.java:79)
		at org.apache.catalina.core.StandardContext.startInternal(StandardContext.java:4420)
		at org.apache.catalina.util.LifecycleBase.start(LifecycleBase.java:164)
		at org.apache.catalina.core.ContainerBase.addChild(ContainerBase.java:564)
		at org.apache.catalina.core.StandardHost.addChild(StandardHost.java:663)
		at org.apache.catalina.startup.HostConfig.deployWAR(HostConfig.java:923)
		at org.apache.catalina.startup.HostConfig$DeployWar.run(HostConfig.java:1839)
		at java.base/java.util.concurrent.Executors$RunnableAdapter.call(Executors.java:572)
		at java.base/java.util.concurrent.FutureTask.run(FutureTask.java:317)
		at org.apache.tomcat.util.threads.InlineExecutorService.execute(InlineExecutorService.java:81)
		at java.base/java.util.concurrent.AbstractExecutorService.submit(AbstractExecutorService.java:123)
		at org.apache.catalina.startup.HostConfig.deployWARs(HostConfig.java:727)
		at org.apache.catalina.startup.HostConfig.deployApps(HostConfig.java:378)
		at org.apache.catalina.startup.HostConfig.check(HostConfig.java:1628)
		at org.apache.catalina.startup.HostConfig.lifecycleEvent(HostConfig.java:260)
		at org.apache.catalina.util.LifecycleBase.fireLifecycleEvent(LifecycleBase.java:109)
		at org.apache.catalina.core.ContainerBase.backgroundProcess(ContainerBase.java:938)
		at org.apache.catalina.core.ContainerBase$ContainerBackgroundProcessor.processChildren(ContainerBase.java:1137)
		at org.apache.catalina.core.ContainerBase$ContainerBackgroundProcessor.processChildren(ContainerBase.java:1141)
		at org.apache.catalina.core.ContainerBase$ContainerBackgroundProcessor.run(ContainerBase.java:1119)
		at java.base/java.util.concurrent.Executors$RunnableAdapter.call(Executors.java:572)
		at java.base/java.util.concurrent.FutureTask.runAndReset(FutureTask.java:358)
		at java.base/java.util.concurrent.ScheduledThreadPoolExecutor$ScheduledFutureTask.run(ScheduledThreadPoolExecutor.java:305)
		at java.base/java.util.concurrent.ThreadPoolExecutor.runWorker(ThreadPoolExecutor.java:1144)
		at java.base/java.util.concurrent.ThreadPoolExecutor$Worker.run(ThreadPoolExecutor.java:642)
		at org.apache.tomcat.util.threads.TaskThread$WrappingRunnable.run(TaskThread.java:57)
		at java.base/java.lang.Thread.run(Thread.java:1583)
04-Jul-2026 23:05:00.856 WARNING [Catalina-utility-1] org.apache.tomcat.util.scan.StandardJarScanner.processURLs Failed to scan [file:/usr/local/tomcat/webapps/lpu-reservation-system-0.0.1-SNAPSHOT/WEB-INF/lib/spring-webmvc-7.0.6.jar] from classloader hierarchy
	java.nio.file.NoSuchFileException: /usr/local/tomcat/webapps/lpu-reservation-system-0.0.1-SNAPSHOT/WEB-INF/lib/spring-webmvc-7.0.6.jar
		at java.base/sun.nio.fs.UnixException.translateToIOException(UnixException.java:92)
		at java.base/sun.nio.fs.UnixException.rethrowAsIOException(UnixException.java:106)
		at java.base/sun.nio.fs.UnixException.rethrowAsIOException(UnixException.java:111)
		at java.base/sun.nio.fs.UnixFileAttributeViews$Basic.readAttributes(UnixFileAttributeViews.java:55)
		at java.base/sun.nio.fs.UnixFileSystemProvider.readAttributes(UnixFileSystemProvider.java:171)
		at java.base/sun.nio.fs.LinuxFileSystemProvider.readAttributes(LinuxFileSystemProvider.java:99)
		at java.base/java.nio.file.Files.readAttributes(Files.java:1854)
		at java.base/java.util.zip.ZipFile$Source.get(ZipFile.java:1445)
		at java.base/java.util.zip.ZipFile$CleanableResource.<init>(ZipFile.java:724)
		at java.base/java.util.zip.ZipFile.<init>(ZipFile.java:251)
		at java.base/java.util.zip.ZipFile.<init>(ZipFile.java:180)
		at java.base/java.util.jar.JarFile.<init>(JarFile.java:345)
		at org.apache.tomcat.util.scan.JarFileUrlJar.<init>(JarFileUrlJar.java:64)
		at org.apache.tomcat.util.scan.JarFactory.newInstance(JarFactory.java:50)
		at org.apache.tomcat.util.scan.StandardJarScanner.process(StandardJarScanner.java:391)
		at org.apache.tomcat.util.scan.StandardJarScanner.processURLs(StandardJarScanner.java:332)
		at org.apache.tomcat.util.scan.StandardJarScanner.doScanClassPath(StandardJarScanner.java:278)
		at org.apache.tomcat.util.scan.StandardJarScanner.scan(StandardJarScanner.java:242)
		at org.apache.jasper.servlet.TldScanner.scanJars(TldScanner.java:248)
		at org.apache.jasper.servlet.TldScanner.scan(TldScanner.java:98)
		at org.apache.jasper.servlet.JasperInitializer.onStartup(JasperInitializer.java:79)
		at org.apache.catalina.core.StandardContext.startInternal(StandardContext.java:4420)
		at org.apache.catalina.util.LifecycleBase.start(LifecycleBase.java:164)
		at org.apache.catalina.core.ContainerBase.addChild(ContainerBase.java:564)
		at org.apache.catalina.core.StandardHost.addChild(StandardHost.java:663)
		at org.apache.catalina.startup.HostConfig.deployWAR(HostConfig.java:923)
		at org.apache.catalina.startup.HostConfig$DeployWar.run(HostConfig.java:1839)
		at java.base/java.util.concurrent.Executors$RunnableAdapter.call(Executors.java:572)
		at java.base/java.util.concurrent.FutureTask.run(FutureTask.java:317)
		at org.apache.tomcat.util.threads.InlineExecutorService.execute(InlineExecutorService.java:81)
		at java.base/java.util.concurrent.AbstractExecutorService.submit(AbstractExecutorService.java:123)
		at org.apache.catalina.startup.HostConfig.deployWARs(HostConfig.java:727)
		at org.apache.catalina.startup.HostConfig.deployApps(HostConfig.java:378)
		at org.apache.catalina.startup.HostConfig.check(HostConfig.java:1628)
		at org.apache.catalina.startup.HostConfig.lifecycleEvent(HostConfig.java:260)
		at org.apache.catalina.util.LifecycleBase.fireLifecycleEvent(LifecycleBase.java:109)
		at org.apache.catalina.core.ContainerBase.backgroundProcess(ContainerBase.java:938)
		at org.apache.catalina.core.ContainerBase$ContainerBackgroundProcessor.processChildren(ContainerBase.java:1137)
		at org.apache.catalina.core.ContainerBase$ContainerBackgroundProcessor.processChildren(ContainerBase.java:1141)
		at org.apache.catalina.core.ContainerBase$ContainerBackgroundProcessor.run(ContainerBase.java:1119)
		at java.base/java.util.concurrent.Executors$RunnableAdapter.call(Executors.java:572)
		at java.base/java.util.concurrent.FutureTask.runAndReset(FutureTask.java:358)
		at java.base/java.util.concurrent.ScheduledThreadPoolExecutor$ScheduledFutureTask.run(ScheduledThreadPoolExecutor.java:305)
		at java.base/java.util.concurrent.ThreadPoolExecutor.runWorker(ThreadPoolExecutor.java:1144)
		at java.base/java.util.concurrent.ThreadPoolExecutor$Worker.run(ThreadPoolExecutor.java:642)
		at org.apache.tomcat.util.threads.TaskThread$WrappingRunnable.run(TaskThread.java:57)
		at java.base/java.lang.Thread.run(Thread.java:1583)
04-Jul-2026 23:05:00.859 WARNING [Catalina-utility-1] org.apache.tomcat.util.scan.StandardJarScanner.processURLs Failed to scan [file:/usr/local/tomcat/webapps/lpu-reservation-system-0.0.1-SNAPSHOT/WEB-INF/lib/spring-aop-7.0.6.jar] from classloader hierarchy
	java.nio.file.NoSuchFileException: /usr/local/tomcat/webapps/lpu-reservation-system-0.0.1-SNAPSHOT/WEB-INF/lib/spring-aop-7.0.6.jar
		at java.base/sun.nio.fs.UnixException.translateToIOException(UnixException.java:92)
		at java.base/sun.nio.fs.UnixException.rethrowAsIOException(UnixException.java:106)
		at java.base/sun.nio.fs.UnixException.rethrowAsIOException(UnixException.java:111)
		at java.base/sun.nio.fs.UnixFileAttributeViews$Basic.readAttributes(UnixFileAttributeViews.java:55)
		at java.base/sun.nio.fs.UnixFileSystemProvider.readAttributes(UnixFileSystemProvider.java:171)
		at java.base/sun.nio.fs.LinuxFileSystemProvider.readAttributes(LinuxFileSystemProvider.java:99)
		at java.base/java.nio.file.Files.readAttributes(Files.java:1854)
		at java.base/java.util.zip.ZipFile$Source.get(ZipFile.java:1445)
		at java.base/java.util.zip.ZipFile$CleanableResource.<init>(ZipFile.java:724)
		at java.base/java.util.zip.ZipFile.<init>(ZipFile.java:251)
		at java.base/java.util.zip.ZipFile.<init>(ZipFile.java:180)
		at java.base/java.util.jar.JarFile.<init>(JarFile.java:345)
		at org.apache.tomcat.util.scan.JarFileUrlJar.<init>(JarFileUrlJar.java:64)
		at org.apache.tomcat.util.scan.JarFactory.newInstance(JarFactory.java:50)
		at org.apache.tomcat.util.scan.StandardJarScanner.process(StandardJarScanner.java:391)
		at org.apache.tomcat.util.scan.StandardJarScanner.processURLs(StandardJarScanner.java:332)
		at org.apache.tomcat.util.scan.StandardJarScanner.doScanClassPath(StandardJarScanner.java:278)
		at org.apache.tomcat.util.scan.StandardJarScanner.scan(StandardJarScanner.java:242)
		at org.apache.jasper.servlet.TldScanner.scanJars(TldScanner.java:248)
		at org.apache.jasper.servlet.TldScanner.scan(TldScanner.java:98)
		at org.apache.jasper.servlet.JasperInitializer.onStartup(JasperInitializer.java:79)
		at org.apache.catalina.core.StandardContext.startInternal(StandardContext.java:4420)
		at org.apache.catalina.util.LifecycleBase.start(LifecycleBase.java:164)
		at org.apache.catalina.core.ContainerBase.addChild(ContainerBase.java:564)
		at org.apache.catalina.core.StandardHost.addChild(StandardHost.java:663)
		at org.apache.catalina.startup.HostConfig.deployWAR(HostConfig.java:923)
		at org.apache.catalina.startup.HostConfig$DeployWar.run(HostConfig.java:1839)
		at java.base/java.util.concurrent.Executors$RunnableAdapter.call(Executors.java:572)
		at java.base/java.util.concurrent.FutureTask.run(FutureTask.java:317)
		at org.apache.tomcat.util.threads.InlineExecutorService.execute(InlineExecutorService.java:81)
		at java.base/java.util.concurrent.AbstractExecutorService.submit(AbstractExecutorService.java:123)
		at org.apache.catalina.startup.HostConfig.deployWARs(HostConfig.java:727)
		at org.apache.catalina.startup.HostConfig.deployApps(HostConfig.java:378)
		at org.apache.catalina.startup.HostConfig.check(HostConfig.java:1628)
		at org.apache.catalina.startup.HostConfig.lifecycleEvent(HostConfig.java:260)
		at org.apache.catalina.util.LifecycleBase.fireLifecycleEvent(LifecycleBase.java:109)
		at org.apache.catalina.core.ContainerBase.backgroundProcess(ContainerBase.java:938)
		at org.apache.catalina.core.ContainerBase$ContainerBackgroundProcessor.processChildren(ContainerBase.java:1137)
		at org.apache.catalina.core.ContainerBase$ContainerBackgroundProcessor.processChildren(ContainerBase.java:1141)
		at org.apache.catalina.core.ContainerBase$ContainerBackgroundProcessor.run(ContainerBase.java:1119)
		at java.base/java.util.concurrent.Executors$RunnableAdapter.call(Executors.java:572)
		at java.base/java.util.concurrent.FutureTask.runAndReset(FutureTask.java:358)
		at java.base/java.util.concurrent.ScheduledThreadPoolExecutor$ScheduledFutureTask.run(ScheduledThreadPoolExecutor.java:305)
		at java.base/java.util.concurrent.ThreadPoolExecutor.runWorker(ThreadPoolExecutor.java:1144)
		at java.base/java.util.concurrent.ThreadPoolExecutor$Worker.run(ThreadPoolExecutor.java:642)
		at org.apache.tomcat.util.threads.TaskThread$WrappingRunnable.run(TaskThread.java:57)
		at java.base/java.lang.Thread.run(Thread.java:1583)
04-Jul-2026 23:05:00.860 WARNING [Catalina-utility-1] org.apache.tomcat.util.scan.StandardJarScanner.processURLs Failed to scan [file:/usr/local/tomcat/webapps/lpu-reservation-system-0.0.1-SNAPSHOT/WEB-INF/lib/spring-web-7.0.6.jar] from classloader hierarchy
	java.nio.file.NoSuchFileException: /usr/local/tomcat/webapps/lpu-reservation-system-0.0.1-SNAPSHOT/WEB-INF/lib/spring-web-7.0.6.jar
		at java.base/sun.nio.fs.UnixException.translateToIOException(UnixException.java:92)
		at java.base/sun.nio.fs.UnixException.rethrowAsIOException(UnixException.java:106)
		at java.base/sun.nio.fs.UnixException.rethrowAsIOException(UnixException.java:111)
		at java.base/sun.nio.fs.UnixFileAttributeViews$Basic.readAttributes(UnixFileAttributeViews.java:55)
		at java.base/sun.nio.fs.UnixFileSystemProvider.readAttributes(UnixFileSystemProvider.java:171)
		at java.base/sun.nio.fs.LinuxFileSystemProvider.readAttributes(LinuxFileSystemProvider.java:99)
		at java.base/java.nio.file.Files.readAttributes(Files.java:1854)
		at java.base/java.util.zip.ZipFile$Source.get(ZipFile.java:1445)
		at java.base/java.util.zip.ZipFile$CleanableResource.<init>(ZipFile.java:724)
		at java.base/java.util.zip.ZipFile.<init>(ZipFile.java:251)
		at java.base/java.util.zip.ZipFile.<init>(ZipFile.java:180)
		at java.base/java.util.jar.JarFile.<init>(JarFile.java:345)
		at org.apache.tomcat.util.scan.JarFileUrlJar.<init>(JarFileUrlJar.java:64)
		at org.apache.tomcat.util.scan.JarFactory.newInstance(JarFactory.java:50)
		at org.apache.tomcat.util.scan.StandardJarScanner.process(StandardJarScanner.java:391)
		at org.apache.tomcat.util.scan.StandardJarScanner.processURLs(StandardJarScanner.java:332)
		at org.apache.tomcat.util.scan.StandardJarScanner.doScanClassPath(StandardJarScanner.java:278)
		at org.apache.tomcat.util.scan.StandardJarScanner.scan(StandardJarScanner.java:242)
		at org.apache.jasper.servlet.TldScanner.scanJars(TldScanner.java:248)
		at org.apache.jasper.servlet.TldScanner.scan(TldScanner.java:98)
		at org.apache.jasper.servlet.JasperInitializer.onStartup(JasperInitializer.java:79)
		at org.apache.catalina.core.StandardContext.startInternal(StandardContext.java:4420)
		at org.apache.catalina.util.LifecycleBase.start(LifecycleBase.java:164)
		at org.apache.catalina.core.ContainerBase.addChild(ContainerBase.java:564)
		at org.apache.catalina.core.StandardHost.addChild(StandardHost.java:663)
		at org.apache.catalina.startup.HostConfig.deployWAR(HostConfig.java:923)
		at org.apache.catalina.startup.HostConfig$DeployWar.run(HostConfig.java:1839)
		at java.base/java.util.concurrent.Executors$RunnableAdapter.call(Executors.java:572)
		at java.base/java.util.concurrent.FutureTask.run(FutureTask.java:317)
		at org.apache.tomcat.util.threads.InlineExecutorService.execute(InlineExecutorService.java:81)
		at java.base/java.util.concurrent.AbstractExecutorService.submit(AbstractExecutorService.java:123)
		at org.apache.catalina.startup.HostConfig.deployWARs(HostConfig.java:727)
		at org.apache.catalina.startup.HostConfig.deployApps(HostConfig.java:378)
		at org.apache.catalina.startup.HostConfig.check(HostConfig.java:1628)
		at org.apache.catalina.startup.HostConfig.lifecycleEvent(HostConfig.java:260)
		at org.apache.catalina.util.LifecycleBase.fireLifecycleEvent(LifecycleBase.java:109)
		at org.apache.catalina.core.ContainerBase.backgroundProcess(ContainerBase.java:938)
		at org.apache.catalina.core.ContainerBase$ContainerBackgroundProcessor.processChildren(ContainerBase.java:1137)
		at org.apache.catalina.core.ContainerBase$ContainerBackgroundProcessor.processChildren(ContainerBase.java:1141)
		at org.apache.catalina.core.ContainerBase$ContainerBackgroundProcessor.run(ContainerBase.java:1119)
		at java.base/java.util.concurrent.Executors$RunnableAdapter.call(Executors.java:572)
		at java.base/java.util.concurrent.FutureTask.runAndReset(FutureTask.java:358)
		at java.base/java.util.concurrent.ScheduledThreadPoolExecutor$ScheduledFutureTask.run(ScheduledThreadPoolExecutor.java:305)
		at java.base/java.util.concurrent.ThreadPoolExecutor.runWorker(ThreadPoolExecutor.java:1144)
		at java.base/java.util.concurrent.ThreadPoolExecutor$Worker.run(ThreadPoolExecutor.java:642)
		at org.apache.tomcat.util.threads.TaskThread$WrappingRunnable.run(TaskThread.java:57)
		at java.base/java.lang.Thread.run(Thread.java:1583)
04-Jul-2026 23:05:00.861 WARNING [Catalina-utility-1] org.apache.tomcat.util.scan.StandardJarScanner.processURLs Failed to scan [file:/usr/local/tomcat/webapps/lpu-reservation-system-0.0.1-SNAPSHOT/WEB-INF/lib/angus-activation-2.0.2.jar] from classloader hierarchy
	java.nio.file.NoSuchFileException: /usr/local/tomcat/webapps/lpu-reservation-system-0.0.1-SNAPSHOT/WEB-INF/lib/angus-activation-2.0.2.jar
		at java.base/sun.nio.fs.UnixException.translateToIOException(UnixException.java:92)
		at java.base/sun.nio.fs.UnixException.rethrowAsIOException(UnixException.java:106)
		at java.base/sun.nio.fs.UnixException.rethrowAsIOException(UnixException.java:111)
		at java.base/sun.nio.fs.UnixFileAttributeViews$Basic.readAttributes(UnixFileAttributeViews.java:55)
		at java.base/sun.nio.fs.UnixFileSystemProvider.readAttributes(UnixFileSystemProvider.java:171)
		at java.base/sun.nio.fs.LinuxFileSystemProvider.readAttributes(LinuxFileSystemProvider.java:99)
		at java.base/java.nio.file.Files.readAttributes(Files.java:1854)
		at java.base/java.util.zip.ZipFile$Source.get(ZipFile.java:1445)
		at java.base/java.util.zip.ZipFile$CleanableResource.<init>(ZipFile.java:724)
		at java.base/java.util.zip.ZipFile.<init>(ZipFile.java:251)
		at java.base/java.util.zip.ZipFile.<init>(ZipFile.java:180)
		at java.base/java.util.jar.JarFile.<init>(JarFile.java:345)
		at org.apache.tomcat.util.scan.JarFileUrlJar.<init>(JarFileUrlJar.java:64)
		at org.apache.tomcat.util.scan.JarFactory.newInstance(JarFactory.java:50)
		at org.apache.tomcat.util.scan.StandardJarScanner.process(StandardJarScanner.java:391)
		at org.apache.tomcat.util.scan.StandardJarScanner.processURLs(StandardJarScanner.java:332)
		at org.apache.tomcat.util.scan.StandardJarScanner.doScanClassPath(StandardJarScanner.java:278)
		at org.apache.tomcat.util.scan.StandardJarScanner.scan(StandardJarScanner.java:242)
		at org.apache.jasper.servlet.TldScanner.scanJars(TldScanner.java:248)
		at org.apache.jasper.servlet.TldScanner.scan(TldScanner.java:98)
		at org.apache.jasper.servlet.JasperInitializer.onStartup(JasperInitializer.java:79)
		at org.apache.catalina.core.StandardContext.startInternal(StandardContext.java:4420)
		at org.apache.catalina.util.LifecycleBase.start(LifecycleBase.java:164)
		at org.apache.catalina.core.ContainerBase.addChild(ContainerBase.java:564)
		at org.apache.catalina.core.StandardHost.addChild(StandardHost.java:663)
		at org.apache.catalina.startup.HostConfig.deployWAR(HostConfig.java:923)
		at org.apache.catalina.startup.HostConfig$DeployWar.run(HostConfig.java:1839)
		at java.base/java.util.concurrent.Executors$RunnableAdapter.call(Executors.java:572)
		at java.base/java.util.concurrent.FutureTask.run(FutureTask.java:317)
		at org.apache.tomcat.util.threads.InlineExecutorService.execute(InlineExecutorService.java:81)
		at java.base/java.util.concurrent.AbstractExecutorService.submit(AbstractExecutorService.java:123)
		at org.apache.catalina.startup.HostConfig.deployWARs(HostConfig.java:727)
		at org.apache.catalina.startup.HostConfig.deployApps(HostConfig.java:378)
		at org.apache.catalina.startup.HostConfig.check(HostConfig.java:1628)
		at org.apache.catalina.startup.HostConfig.lifecycleEvent(HostConfig.java:260)
		at org.apache.catalina.util.LifecycleBase.fireLifecycleEvent(LifecycleBase.java:109)
		at org.apache.catalina.core.ContainerBase.backgroundProcess(ContainerBase.java:938)
		at org.apache.catalina.core.ContainerBase$ContainerBackgroundProcessor.processChildren(ContainerBase.java:1137)
		at org.apache.catalina.core.ContainerBase$ContainerBackgroundProcessor.processChildren(ContainerBase.java:1141)
		at org.apache.catalina.core.ContainerBase$ContainerBackgroundProcessor.run(ContainerBase.java:1119)
		at java.base/java.util.concurrent.Executors$RunnableAdapter.call(Executors.java:572)
		at java.base/java.util.concurrent.FutureTask.runAndReset(FutureTask.java:358)
		at java.base/java.util.concurrent.ScheduledThreadPoolExecutor$ScheduledFutureTask.run(ScheduledThreadPoolExecutor.java:305)
		at java.base/java.util.concurrent.ThreadPoolExecutor.runWorker(ThreadPoolExecutor.java:1144)
		at java.base/java.util.concurrent.ThreadPoolExecutor$Worker.run(ThreadPoolExecutor.java:642)
		at org.apache.tomcat.util.threads.TaskThread$WrappingRunnable.run(TaskThread.java:57)
		at java.base/java.lang.Thread.run(Thread.java:1583)
04-Jul-2026 23:05:00.864 WARNING [Catalina-utility-1] org.apache.tomcat.util.scan.StandardJarScanner.processURLs Failed to scan [file:/usr/local/tomcat/webapps/lpu-reservation-system-0.0.1-SNAPSHOT/WEB-INF/lib/jakarta.servlet-api-6.0.0.jar] from classloader hierarchy
	java.nio.file.NoSuchFileException: /usr/local/tomcat/webapps/lpu-reservation-system-0.0.1-SNAPSHOT/WEB-INF/lib/jakarta.servlet-api-6.0.0.jar
		at java.base/sun.nio.fs.UnixException.translateToIOException(UnixException.java:92)
		at java.base/sun.nio.fs.UnixException.rethrowAsIOException(UnixException.java:106)
		at java.base/sun.nio.fs.UnixException.rethrowAsIOException(UnixException.java:111)
		at java.base/sun.nio.fs.UnixFileAttributeViews$Basic.readAttributes(UnixFileAttributeViews.java:55)
		at java.base/sun.nio.fs.UnixFileSystemProvider.readAttributes(UnixFileSystemProvider.java:171)
		at java.base/sun.nio.fs.LinuxFileSystemProvider.readAttributes(LinuxFileSystemProvider.java:99)
		at java.base/java.nio.file.Files.readAttributes(Files.java:1854)
		at java.base/java.util.zip.ZipFile$Source.get(ZipFile.java:1445)
		at java.base/java.util.zip.ZipFile$CleanableResource.<init>(ZipFile.java:724)
		at java.base/java.util.zip.ZipFile.<init>(ZipFile.java:251)
		at java.base/java.util.zip.ZipFile.<init>(ZipFile.java:180)
		at java.base/java.util.jar.JarFile.<init>(JarFile.java:345)
		at org.apache.tomcat.util.scan.JarFileUrlJar.<init>(JarFileUrlJar.java:64)
		at org.apache.tomcat.util.scan.JarFactory.newInstance(JarFactory.java:50)
		at org.apache.tomcat.util.scan.StandardJarScanner.process(StandardJarScanner.java:391)
		at org.apache.tomcat.util.scan.StandardJarScanner.processURLs(StandardJarScanner.java:332)
		at org.apache.tomcat.util.scan.StandardJarScanner.doScanClassPath(StandardJarScanner.java:278)
		at org.apache.tomcat.util.scan.StandardJarScanner.scan(StandardJarScanner.java:242)
		at org.apache.jasper.servlet.TldScanner.scanJars(TldScanner.java:248)
		at org.apache.jasper.servlet.TldScanner.scan(TldScanner.java:98)
		at org.apache.jasper.servlet.JasperInitializer.onStartup(JasperInitializer.java:79)
		at org.apache.catalina.core.StandardContext.startInternal(StandardContext.java:4420)
		at org.apache.catalina.util.LifecycleBase.start(LifecycleBase.java:164)
		at org.apache.catalina.core.ContainerBase.addChild(ContainerBase.java:564)
		at org.apache.catalina.core.StandardHost.addChild(StandardHost.java:663)
		at org.apache.catalina.startup.HostConfig.deployWAR(HostConfig.java:923)
		at org.apache.catalina.startup.HostConfig$DeployWar.run(HostConfig.java:1839)
		at java.base/java.util.concurrent.Executors$RunnableAdapter.call(Executors.java:572)
		at java.base/java.util.concurrent.FutureTask.run(FutureTask.java:317)
		at org.apache.tomcat.util.threads.InlineExecutorService.execute(InlineExecutorService.java:81)
		at java.base/java.util.concurrent.AbstractExecutorService.submit(AbstractExecutorService.java:123)
		at org.apache.catalina.startup.HostConfig.deployWARs(HostConfig.java:727)
		at org.apache.catalina.startup.HostConfig.deployApps(HostConfig.java:378)
		at org.apache.catalina.startup.HostConfig.check(HostConfig.java:1628)
		at org.apache.catalina.startup.HostConfig.lifecycleEvent(HostConfig.java:260)
		at org.apache.catalina.util.LifecycleBase.fireLifecycleEvent(LifecycleBase.java:109)
		at org.apache.catalina.core.ContainerBase.backgroundProcess(ContainerBase.java:938)
		at org.apache.catalina.core.ContainerBase$ContainerBackgroundProcessor.processChildren(ContainerBase.java:1137)
		at org.apache.catalina.core.ContainerBase$ContainerBackgroundProcessor.processChildren(ContainerBase.java:1141)
		at org.apache.catalina.core.ContainerBase$ContainerBackgroundProcessor.run(ContainerBase.java:1119)
		at java.base/java.util.concurrent.Executors$RunnableAdapter.call(Executors.java:572)
		at java.base/java.util.concurrent.FutureTask.runAndReset(FutureTask.java:358)
		at java.base/java.util.concurrent.ScheduledThreadPoolExecutor$ScheduledFutureTask.run(ScheduledThreadPoolExecutor.java:305)
		at java.base/java.util.concurrent.ThreadPoolExecutor.runWorker(ThreadPoolExecutor.java:1144)
		at java.base/java.util.concurrent.ThreadPoolExecutor$Worker.run(ThreadPoolExecutor.java:642)
		at org.apache.tomcat.util.threads.TaskThread$WrappingRunnable.run(TaskThread.java:57)
		at java.base/java.lang.Thread.run(Thread.java:1583)
04-Jul-2026 23:05:01.163 INFO [Catalina-utility-1] org.apache.catalina.startup.HostConfig.deployWAR Deployment of web application archive [/usr/local/tomcat/webapps/lpu-reservation-system-0.0.1-SNAPSHOT.war] has finished in [5,731] ms
04-Jul-2026 23:05:11.175 INFO [Catalina-utility-2] org.apache.catalina.startup.HostConfig.undeploy Undeploying context [/lpu-reservation-system-0.0.1-SNAPSHOT]
04-Jul-2026 23:05:11.237 INFO [Catalina-utility-2] org.apache.catalina.startup.HostConfig.deployWAR Deploying web application archive [/usr/local/tomcat/webapps/lpu-reservation-system.war]
04-Jul-2026 23:05:17.661 INFO [Catalina-utility-2] org.apache.jasper.servlet.TldScanner.scanJars At least one JAR was scanned for TLDs yet contained no TLDs. Enable debug logging for this logger for a complete list of JARs that were scanned but no TLDs were found in them. Skipping unneeded JARs during scanning can improve startup time and JSP compilation time.
04-Jul-2026 23:05:18.121 INFO [Catalina-utility-2] org.apache.catalina.startup.HostConfig.deployWAR Deployment of web application archive [/usr/local/tomcat/webapps/lpu-reservation-system.war] has finished in [6,884] ms
