10-Jul-2026 03:23:08.927 INFO [Catalina-utility-1] org.apache.catalina.startup.HostConfig.undeploy Undeploying context [/lpu-reservation-system]
10-Jul-2026 03:23:09.123 WARNING [Catalina-utility-1] org.apache.catalina.loader.WebappClassLoaderBase.clearReferencesJdbc The web application [lpu-reservation-system] registered the JDBC driver [org.postgresql.Driver] but failed to unregister it when the web application was stopped. To prevent a memory leak, the JDBC Driver has been forcibly unregistered.
10-Jul-2026 03:23:09.125 WARNING [Catalina-utility-1] org.apache.catalina.loader.WebappClassLoaderBase.clearReferencesThreads The web application [lpu-reservation-system] appears to have started a thread named [Resource Destroyer in BasicResourcePool.close()] but has failed to stop it. This is very likely to create a memory leak. Stack trace of thread:
 java.base/java.io.UnixFileSystem.canonicalize0(Native Method)
 java.base/java.io.UnixFileSystem.canonicalize(UnixFileSystem.java:166)
 java.base/java.io.File.getCanonicalPath(File.java:626)
 org.apache.catalina.webresources.AbstractFileResourceSet.file(AbstractFileResourceSet.java:108)
 org.apache.catalina.webresources.DirResourceSet.getResource(DirResourceSet.java:117)
 org.apache.catalina.webresources.StandardRoot.getResourceInternal(StandardRoot.java:273)
 org.apache.catalina.webresources.Cache.getResource(Cache.java:64)
 org.apache.catalina.webresources.StandardRoot.getResource(StandardRoot.java:212)
 org.apache.catalina.webresources.StandardRoot.getClassLoaderResource(StandardRoot.java:221)
 org.apache.catalina.loader.WebappClassLoaderBase.findClassInternal(WebappClassLoaderBase.java:2065)
 org.apache.catalina.loader.WebappClassLoaderBase.findClass(WebappClassLoaderBase.java:693)
 org.apache.catalina.loader.WebappClassLoaderBase.loadClass(WebappClassLoaderBase.java:1186)
 org.apache.catalina.loader.WebappClassLoaderBase.loadClass(WebappClassLoaderBase.java:1056)
 com.mchange.v2.resourcepool.BasicResourcePool.destroyResource(BasicResourcePool.java:1130)
 com.mchange.v2.resourcepool.BasicResourcePool.destroyResource(BasicResourcePool.java:1100)
 com.mchange.v2.resourcepool.BasicResourcePool.access$100(BasicResourcePool.java:44)
 com.mchange.v2.resourcepool.BasicResourcePool$5.run(BasicResourcePool.java:1354)
10-Jul-2026 03:23:09.177 INFO [Catalina-utility-1] org.apache.catalina.startup.HostConfig.deployWAR Deploying web application archive [/usr/local/tomcat/webapps/lpu-reservation-system-0.0.1-SNAPSHOT.war]
10-Jul-2026 03:23:12.849 SEVERE [Catalina-utility-1] org.apache.catalina.startup.ContextConfig.processAnnotationsJar Unable to process Jar [file:/usr/local/tomcat/webapps/lpu-reservation-system-0.0.1-SNAPSHOT/WEB-INF/lib/byte-buddy-1.17.6.jar] for annotations
	java.nio.file.NoSuchFileException: /usr/local/tomcat/webapps/lpu-reservation-system-0.0.1-SNAPSHOT/WEB-INF/lib/byte-buddy-1.17.6.jar
		at java.base/sun.nio.fs.UnixException.translateToIOException(UnixException.java:92)
		at java.base/sun.nio.fs.UnixException.rethrowAsIOException(UnixException.java:106)
		at java.base/sun.nio.fs.UnixException.rethrowAsIOException(UnixException.java:111)
		at java.base/sun.nio.fs.UnixFileAttributeViews$Basic.readAttributes(UnixFileAttributeViews.java:55)
		at java.base/sun.nio.fs.UnixFileSystemProvider.readAttributes(UnixFileSystemProvider.java:171)
		at java.base/sun.nio.fs.LinuxFileSystemProvider.readAttributes(LinuxFileSystemProvider.java:99)
		at java.base/java.nio.file.Files.readAttributes(Files.java:1854)
		at java.base/java.util.zip.ZipFile$Source.get(ZipFile.java:1445)
		at java.base/java.util.zip.ZipFile$CleanableResource.<init>(ZipFile.java:724)
		at java.base/java.util.zip.ZipFile.<init>(ZipFile.java:251)
		at java.base/java.util.zip.ZipFile.<init>(ZipFile.java:180)
		at java.base/java.util.jar.JarFile.<init>(JarFile.java:345)
		at org.apache.tomcat.util.scan.JarFileUrlJar.<init>(JarFileUrlJar.java:64)
		at org.apache.tomcat.util.scan.JarFactory.newInstance(JarFactory.java:50)
		at org.apache.catalina.startup.ContextConfig.processAnnotationsJar(ContextConfig.java:2178)
		at org.apache.catalina.startup.ContextConfig.processAnnotationsUrl(ContextConfig.java:2161)
		at org.apache.catalina.startup.ContextConfig.scanWebXmlFragment(ContextConfig.java:2070)
		at org.apache.catalina.startup.ContextConfig.processAnnotations(ContextConfig.java:2050)
		at org.apache.catalina.startup.ContextConfig.processClasses(ContextConfig.java:1366)
		at org.apache.catalina.startup.ContextConfig.webConfig(ContextConfig.java:1267)
		at org.apache.catalina.startup.ContextConfig.configureStart(ContextConfig.java:968)
		at org.apache.catalina.startup.ContextConfig.lifecycleEvent(ContextConfig.java:288)
		at org.apache.catalina.util.LifecycleBase.fireLifecycleEvent(LifecycleBase.java:109)
		at org.apache.catalina.core.StandardContext.startInternal(StandardContext.java:4338)
		at org.apache.catalina.util.LifecycleBase.start(LifecycleBase.java:164)
		at org.apache.catalina.core.ContainerBase.addChild(ContainerBase.java:564)
		at org.apache.catalina.core.StandardHost.addChild(StandardHost.java:663)
		at org.apache.catalina.startup.HostConfig.deployWAR(HostConfig.java:923)
		at org.apache.catalina.startup.HostConfig$DeployWar.run(HostConfig.java:1839)
		at java.base/java.util.concurrent.Executors$RunnableAdapter.call(Executors.java:572)
		at java.base/java.util.concurrent.FutureTask.run(FutureTask.java:317)
		at org.apache.tomcat.util.threads.InlineExecutorService.execute(InlineExecutorService.java:81)
		at java.base/java.util.concurrent.AbstractExecutorService.submit(AbstractExecutorService.java:123)
		at org.apache.catalina.startup.HostConfig.deployWARs(HostConfig.java:727)
		at org.apache.catalina.startup.HostConfig.deployApps(HostConfig.java:378)
		at org.apache.catalina.startup.HostConfig.check(HostConfig.java:1628)
		at org.apache.catalina.startup.HostConfig.lifecycleEvent(HostConfig.java:260)
		at org.apache.catalina.util.LifecycleBase.fireLifecycleEvent(LifecycleBase.java:109)
		at org.apache.catalina.core.ContainerBase.backgroundProcess(ContainerBase.java:938)
		at org.apache.catalina.core.ContainerBase$ContainerBackgroundProcessor.processChildren(ContainerBase.java:1137)
		at org.apache.catalina.core.ContainerBase$ContainerBackgroundProcessor.processChildren(ContainerBase.java:1141)
		at org.apache.catalina.core.ContainerBase$ContainerBackgroundProcessor.run(ContainerBase.java:1119)
		at java.base/java.util.concurrent.Executors$RunnableAdapter.call(Executors.java:572)
		at java.base/java.util.concurrent.FutureTask.runAndReset(FutureTask.java:358)
		at java.base/java.util.concurrent.ScheduledThreadPoolExecutor$ScheduledFutureTask.run(ScheduledThreadPoolExecutor.java:305)
		at java.base/java.util.concurrent.ThreadPoolExecutor.runWorker(ThreadPoolExecutor.java:1144)
		at java.base/java.util.concurrent.ThreadPoolExecutor$Worker.run(ThreadPoolExecutor.java:642)
		at org.apache.tomcat.util.threads.TaskThread$WrappingRunnable.run(TaskThread.java:57)
		at java.base/java.lang.Thread.run(Thread.java:1583)
10-Jul-2026 03:23:12.851 SEVERE [Catalina-utility-1] org.apache.catalina.startup.ContextConfig.processAnnotationsJar Unable to process Jar [file:/usr/local/tomcat/webapps/lpu-reservation-system-0.0.1-SNAPSHOT/WEB-INF/lib/spring-oxm-7.0.6.jar] for annotations
	java.nio.file.NoSuchFileException: /usr/local/tomcat/webapps/lpu-reservation-system-0.0.1-SNAPSHOT/WEB-INF/lib/spring-oxm-7.0.6.jar
		at java.base/sun.nio.fs.UnixException.translateToIOException(UnixException.java:92)
		at java.base/sun.nio.fs.UnixException.rethrowAsIOException(UnixException.java:106)
		at java.base/sun.nio.fs.UnixException.rethrowAsIOException(UnixException.java:111)
		at java.base/sun.nio.fs.UnixFileAttributeViews$Basic.readAttributes(UnixFileAttributeViews.java:55)
		at java.base/sun.nio.fs.UnixFileSystemProvider.readAttributes(UnixFileSystemProvider.java:171)
		at java.base/sun.nio.fs.LinuxFileSystemProvider.readAttributes(LinuxFileSystemProvider.java:99)
		at java.base/java.nio.file.Files.readAttributes(Files.java:1854)
		at java.base/java.util.zip.ZipFile$Source.get(ZipFile.java:1445)
		at java.base/java.util.zip.ZipFile$CleanableResource.<init>(ZipFile.java:724)
		at java.base/java.util.zip.ZipFile.<init>(ZipFile.java:251)
		at java.base/java.util.zip.ZipFile.<init>(ZipFile.java:180)
		at java.base/java.util.jar.JarFile.<init>(JarFile.java:345)
		at org.apache.tomcat.util.scan.JarFileUrlJar.<init>(JarFileUrlJar.java:64)
		at org.apache.tomcat.util.scan.JarFactory.newInstance(JarFactory.java:50)
		at org.apache.catalina.startup.ContextConfig.processAnnotationsJar(ContextConfig.java:2178)
		at org.apache.catalina.startup.ContextConfig.processAnnotationsUrl(ContextConfig.java:2161)
		at org.apache.catalina.startup.ContextConfig.scanWebXmlFragment(ContextConfig.java:2070)
		at org.apache.catalina.startup.ContextConfig.processAnnotations(ContextConfig.java:2050)
		at org.apache.catalina.startup.ContextConfig.processClasses(ContextConfig.java:1366)
		at org.apache.catalina.startup.ContextConfig.webConfig(ContextConfig.java:1267)
		at org.apache.catalina.startup.ContextConfig.configureStart(ContextConfig.java:968)
		at org.apache.catalina.startup.ContextConfig.lifecycleEvent(ContextConfig.java:288)
		at org.apache.catalina.util.LifecycleBase.fireLifecycleEvent(LifecycleBase.java:109)
		at org.apache.catalina.core.StandardContext.startInternal(StandardContext.java:4338)
		at org.apache.catalina.util.LifecycleBase.start(LifecycleBase.java:164)
		at org.apache.catalina.core.ContainerBase.addChild(ContainerBase.java:564)
		at org.apache.catalina.core.StandardHost.addChild(StandardHost.java:663)
		at org.apache.catalina.startup.HostConfig.deployWAR(HostConfig.java:923)
		at org.apache.catalina.startup.HostConfig$DeployWar.run(HostConfig.java:1839)
		at java.base/java.util.concurrent.Executors$RunnableAdapter.call(Executors.java:572)
		at java.base/java.util.concurrent.FutureTask.run(FutureTask.java:317)
		at org.apache.tomcat.util.threads.InlineExecutorService.execute(InlineExecutorService.java:81)
		at java.base/java.util.concurrent.AbstractExecutorService.submit(AbstractExecutorService.java:123)
		at org.apache.catalina.startup.HostConfig.deployWARs(HostConfig.java:727)
		at org.apache.catalina.startup.HostConfig.deployApps(HostConfig.java:378)
		at org.apache.catalina.startup.HostConfig.check(HostConfig.java:1628)
		at org.apache.catalina.startup.HostConfig.lifecycleEvent(HostConfig.java:260)
		at org.apache.catalina.util.LifecycleBase.fireLifecycleEvent(LifecycleBase.java:109)
		at org.apache.catalina.core.ContainerBase.backgroundProcess(ContainerBase.java:938)
		at org.apache.catalina.core.ContainerBase$ContainerBackgroundProcessor.processChildren(ContainerBase.java:1137)
		at org.apache.catalina.core.ContainerBase$ContainerBackgroundProcessor.processChildren(ContainerBase.java:1141)
		at org.apache.catalina.core.ContainerBase$ContainerBackgroundProcessor.run(ContainerBase.java:1119)
		at java.base/java.util.concurrent.Executors$RunnableAdapter.call(Executors.java:572)
		at java.base/java.util.concurrent.FutureTask.runAndReset(FutureTask.java:358)
		at java.base/java.util.concurrent.ScheduledThreadPoolExecutor$ScheduledFutureTask.run(ScheduledThreadPoolExecutor.java:305)
		at java.base/java.util.concurrent.ThreadPoolExecutor.runWorker(ThreadPoolExecutor.java:1144)
		at java.base/java.util.concurrent.ThreadPoolExecutor$Worker.run(ThreadPoolExecutor.java:642)
		at org.apache.tomcat.util.threads.TaskThread$WrappingRunnable.run(TaskThread.java:57)
		at java.base/java.lang.Thread.run(Thread.java:1583)
10-Jul-2026 03:23:12.852 SEVERE [Catalina-utility-1] org.apache.catalina.startup.ContextConfig.processAnnotationsJar Unable to process Jar [file:/usr/local/tomcat/webapps/lpu-reservation-system-0.0.1-SNAPSHOT/WEB-INF/lib/expressly-6.0.0.jar] for annotations
	java.nio.file.NoSuchFileException: /usr/local/tomcat/webapps/lpu-reservation-system-0.0.1-SNAPSHOT/WEB-INF/lib/expressly-6.0.0.jar
		at java.base/sun.nio.fs.UnixException.translateToIOException(UnixException.java:92)
		at java.base/sun.nio.fs.UnixException.rethrowAsIOException(UnixException.java:106)
		at java.base/sun.nio.fs.UnixException.rethrowAsIOException(UnixException.java:111)
		at java.base/sun.nio.fs.UnixFileAttributeViews$Basic.readAttributes(UnixFileAttributeViews.java:55)
		at java.base/sun.nio.fs.UnixFileSystemProvider.readAttributes(UnixFileSystemProvider.java:171)
		at java.base/sun.nio.fs.LinuxFileSystemProvider.readAttributes(LinuxFileSystemProvider.java:99)
		at java.base/java.nio.file.Files.readAttributes(Files.java:1854)
		at java.base/java.util.zip.ZipFile$Source.get(ZipFile.java:1445)
		at java.base/java.util.zip.ZipFile$CleanableResource.<init>(ZipFile.java:724)
		at java.base/java.util.zip.ZipFile.<init>(ZipFile.java:251)
		at java.base/java.util.zip.ZipFile.<init>(ZipFile.java:180)
		at java.base/java.util.jar.JarFile.<init>(JarFile.java:345)
		at org.apache.tomcat.util.scan.JarFileUrlJar.<init>(JarFileUrlJar.java:64)
		at org.apache.tomcat.util.scan.JarFactory.newInstance(JarFactory.java:50)
		at org.apache.catalina.startup.ContextConfig.processAnnotationsJar(ContextConfig.java:2178)
		at org.apache.catalina.startup.ContextConfig.processAnnotationsUrl(ContextConfig.java:2161)
		at org.apache.catalina.startup.ContextConfig.scanWebXmlFragment(ContextConfig.java:2070)
		at org.apache.catalina.startup.ContextConfig.processAnnotations(ContextConfig.java:2050)
		at org.apache.catalina.startup.ContextConfig.processClasses(ContextConfig.java:1366)
		at org.apache.catalina.startup.ContextConfig.webConfig(ContextConfig.java:1267)
		at org.apache.catalina.startup.ContextConfig.configureStart(ContextConfig.java:968)
		at org.apache.catalina.startup.ContextConfig.lifecycleEvent(ContextConfig.java:288)
		at org.apache.catalina.util.LifecycleBase.fireLifecycleEvent(LifecycleBase.java:109)
		at org.apache.catalina.core.StandardContext.startInternal(StandardContext.java:4338)
		at org.apache.catalina.util.LifecycleBase.start(LifecycleBase.java:164)
		at org.apache.catalina.core.ContainerBase.addChild(ContainerBase.java:564)
		at org.apache.catalina.core.StandardHost.addChild(StandardHost.java:663)
		at org.apache.catalina.startup.HostConfig.deployWAR(HostConfig.java:923)
		at org.apache.catalina.startup.HostConfig$DeployWar.run(HostConfig.java:1839)
		at java.base/java.util.concurrent.Executors$RunnableAdapter.call(Executors.java:572)
		at java.base/java.util.concurrent.FutureTask.run(FutureTask.java:317)
		at org.apache.tomcat.util.threads.InlineExecutorService.execute(InlineExecutorService.java:81)
		at java.base/java.util.concurrent.AbstractExecutorService.submit(AbstractExecutorService.java:123)
		at org.apache.catalina.startup.HostConfig.deployWARs(HostConfig.java:727)
		at org.apache.catalina.startup.HostConfig.deployApps(HostConfig.java:378)
		at org.apache.catalina.startup.HostConfig.check(HostConfig.java:1628)
		at org.apache.catalina.startup.HostConfig.lifecycleEvent(HostConfig.java:260)
		at org.apache.catalina.util.LifecycleBase.fireLifecycleEvent(LifecycleBase.java:109)
		at org.apache.catalina.core.ContainerBase.backgroundProcess(ContainerBase.java:938)
		at org.apache.catalina.core.ContainerBase$ContainerBackgroundProcessor.processChildren(ContainerBase.java:1137)
		at org.apache.catalina.core.ContainerBase$ContainerBackgroundProcessor.processChildren(ContainerBase.java:1141)
		at org.apache.catalina.core.ContainerBase$ContainerBackgroundProcessor.run(ContainerBase.java:1119)
		at java.base/java.util.concurrent.Executors$RunnableAdapter.call(Executors.java:572)
		at java.base/java.util.concurrent.FutureTask.runAndReset(FutureTask.java:358)
		at java.base/java.util.concurrent.ScheduledThreadPoolExecutor$ScheduledFutureTask.run(ScheduledThreadPoolExecutor.java:305)
		at java.base/java.util.concurrent.ThreadPoolExecutor.runWorker(ThreadPoolExecutor.java:1144)
		at java.base/java.util.concurrent.ThreadPoolExecutor$Worker.run(ThreadPoolExecutor.java:642)
		at org.apache.tomcat.util.threads.TaskThread$WrappingRunnable.run(TaskThread.java:57)
		at java.base/java.lang.Thread.run(Thread.java:1583)
10-Jul-2026 03:23:12.853 SEVERE [Catalina-utility-1] org.apache.catalina.startup.ContextConfig.processAnnotationsJar Unable to process Jar [file:/usr/local/tomcat/webapps/lpu-reservation-system-0.0.1-SNAPSHOT/WEB-INF/lib/istack-commons-runtime-4.1.2.jar] for annotations
	java.nio.file.NoSuchFileException: /usr/local/tomcat/webapps/lpu-reservation-system-0.0.1-SNAPSHOT/WEB-INF/lib/istack-commons-runtime-4.1.2.jar
		at java.base/sun.nio.fs.UnixException.translateToIOException(UnixException.java:92)
		at java.base/sun.nio.fs.UnixException.rethrowAsIOException(UnixException.java:106)
		at java.base/sun.nio.fs.UnixException.rethrowAsIOException(UnixException.java:111)
		at java.base/sun.nio.fs.UnixFileAttributeViews$Basic.readAttributes(UnixFileAttributeViews.java:55)
		at java.base/sun.nio.fs.UnixFileSystemProvider.readAttributes(UnixFileSystemProvider.java:171)
		at java.base/sun.nio.fs.LinuxFileSystemProvider.readAttributes(LinuxFileSystemProvider.java:99)
		at java.base/java.nio.file.Files.readAttributes(Files.java:1854)
		at java.base/java.util.zip.ZipFile$Source.get(ZipFile.java:1445)
		at java.base/java.util.zip.ZipFile$CleanableResource.<init>(ZipFile.java:724)
		at java.base/java.util.zip.ZipFile.<init>(ZipFile.java:251)
		at java.base/java.util.zip.ZipFile.<init>(ZipFile.java:180)
		at java.base/java.util.jar.JarFile.<init>(JarFile.java:345)
		at org.apache.tomcat.util.scan.JarFileUrlJar.<init>(JarFileUrlJar.java:64)
		at org.apache.tomcat.util.scan.JarFactory.newInstance(JarFactory.java:50)
		at org.apache.catalina.startup.ContextConfig.processAnnotationsJar(ContextConfig.java:2178)
		at org.apache.catalina.startup.ContextConfig.processAnnotationsUrl(ContextConfig.java:2161)
		at org.apache.catalina.startup.ContextConfig.scanWebXmlFragment(ContextConfig.java:2070)
		at org.apache.catalina.startup.ContextConfig.processAnnotations(ContextConfig.java:2050)
		at org.apache.catalina.startup.ContextConfig.processClasses(ContextConfig.java:1366)
		at org.apache.catalina.startup.ContextConfig.webConfig(ContextConfig.java:1267)
		at org.apache.catalina.startup.ContextConfig.configureStart(ContextConfig.java:968)
		at org.apache.catalina.startup.ContextConfig.lifecycleEvent(ContextConfig.java:288)
		at org.apache.catalina.util.LifecycleBase.fireLifecycleEvent(LifecycleBase.java:109)
		at org.apache.catalina.core.StandardContext.startInternal(StandardContext.java:4338)
		at org.apache.catalina.util.LifecycleBase.start(LifecycleBase.java:164)
		at org.apache.catalina.core.ContainerBase.addChild(ContainerBase.java:564)
		at org.apache.catalina.core.StandardHost.addChild(StandardHost.java:663)
		at org.apache.catalina.startup.HostConfig.deployWAR(HostConfig.java:923)
		at org.apache.catalina.startup.HostConfig$DeployWar.run(HostConfig.java:1839)
		at java.base/java.util.concurrent.Executors$RunnableAdapter.call(Executors.java:572)
		at java.base/java.util.concurrent.FutureTask.run(FutureTask.java:317)
		at org.apache.tomcat.util.threads.InlineExecutorService.execute(InlineExecutorService.java:81)
		at java.base/java.util.concurrent.AbstractExecutorService.submit(AbstractExecutorService.java:123)
		at org.apache.catalina.startup.HostConfig.deployWARs(HostConfig.java:727)
		at org.apache.catalina.startup.HostConfig.deployApps(HostConfig.java:378)
		at org.apache.catalina.startup.HostConfig.check(HostConfig.java:1628)
		at org.apache.catalina.startup.HostConfig.lifecycleEvent(HostConfig.java:260)
		at org.apache.catalina.util.LifecycleBase.fireLifecycleEvent(LifecycleBase.java:109)
		at org.apache.catalina.core.ContainerBase.backgroundProcess(ContainerBase.java:938)
		at org.apache.catalina.core.ContainerBase$ContainerBackgroundProcessor.processChildren(ContainerBase.java:1137)
		at org.apache.catalina.core.ContainerBase$ContainerBackgroundProcessor.processChildren(ContainerBase.java:1141)
		at org.apache.catalina.core.ContainerBase$ContainerBackgroundProcessor.run(ContainerBase.java:1119)
		at java.base/java.util.concurrent.Executors$RunnableAdapter.call(Executors.java:572)
		at java.base/java.util.concurrent.FutureTask.runAndReset(FutureTask.java:358)
		at java.base/java.util.concurrent.ScheduledThreadPoolExecutor$ScheduledFutureTask.run(ScheduledThreadPoolExecutor.java:305)
		at java.base/java.util.concurrent.ThreadPoolExecutor.runWorker(ThreadPoolExecutor.java:1144)
		at java.base/java.util.concurrent.ThreadPoolExecutor$Worker.run(ThreadPoolExecutor.java:642)
		at org.apache.tomcat.util.threads.TaskThread$WrappingRunnable.run(TaskThread.java:57)
		at java.base/java.lang.Thread.run(Thread.java:1583)
10-Jul-2026 03:23:12.854 SEVERE [Catalina-utility-1] org.apache.catalina.startup.ContextConfig.processAnnotationsJar Unable to process Jar [file:/usr/local/tomcat/webapps/lpu-reservation-system-0.0.1-SNAPSHOT/WEB-INF/lib/spring-tx-7.0.6.jar] for annotations
	java.nio.file.NoSuchFileException: /usr/local/tomcat/webapps/lpu-reservation-system-0.0.1-SNAPSHOT/WEB-INF/lib/spring-tx-7.0.6.jar
		at java.base/sun.nio.fs.UnixException.translateToIOException(UnixException.java:92)
		at java.base/sun.nio.fs.UnixException.rethrowAsIOException(UnixException.java:106)
		at java.base/sun.nio.fs.UnixException.rethrowAsIOException(UnixException.java:111)
		at java.base/sun.nio.fs.UnixFileAttributeViews$Basic.readAttributes(UnixFileAttributeViews.java:55)
		at java.base/sun.nio.fs.UnixFileSystemProvider.readAttributes(UnixFileSystemProvider.java:171)
		at java.base/sun.nio.fs.LinuxFileSystemProvider.readAttributes(LinuxFileSystemProvider.java:99)
		at java.base/java.nio.file.Files.readAttributes(Files.java:1854)
		at java.base/java.util.zip.ZipFile$Source.get(ZipFile.java:1445)
		at java.base/java.util.zip.ZipFile$CleanableResource.<init>(ZipFile.java:724)
		at java.base/java.util.zip.ZipFile.<init>(ZipFile.java:251)
		at java.base/java.util.zip.ZipFile.<init>(ZipFile.java:180)
		at java.base/java.util.jar.JarFile.<init>(JarFile.java:345)
		at org.apache.tomcat.util.scan.JarFileUrlJar.<init>(JarFileUrlJar.java:64)
		at org.apache.tomcat.util.scan.JarFactory.newInstance(JarFactory.java:50)
		at org.apache.catalina.startup.ContextConfig.processAnnotationsJar(ContextConfig.java:2178)
		at org.apache.catalina.startup.ContextConfig.processAnnotationsUrl(ContextConfig.java:2161)
		at org.apache.catalina.startup.ContextConfig.scanWebXmlFragment(ContextConfig.java:2070)
		at org.apache.catalina.startup.ContextConfig.processAnnotations(ContextConfig.java:2050)
		at org.apache.catalina.startup.ContextConfig.processClasses(ContextConfig.java:1366)
		at org.apache.catalina.startup.ContextConfig.webConfig(ContextConfig.java:1267)
		at org.apache.catalina.startup.ContextConfig.configureStart(ContextConfig.java:968)
		at org.apache.catalina.startup.ContextConfig.lifecycleEvent(ContextConfig.java:288)
		at org.apache.catalina.util.LifecycleBase.fireLifecycleEvent(LifecycleBase.java:109)
		at org.apache.catalina.core.StandardContext.startInternal(StandardContext.java:4338)
		at org.apache.catalina.util.LifecycleBase.start(LifecycleBase.java:164)
		at org.apache.catalina.core.ContainerBase.addChild(ContainerBase.java:564)
		at org.apache.catalina.core.StandardHost.addChild(StandardHost.java:663)
		at org.apache.catalina.startup.HostConfig.deployWAR(HostConfig.java:923)
		at org.apache.catalina.startup.HostConfig$DeployWar.run(HostConfig.java:1839)
		at java.base/java.util.concurrent.Executors$RunnableAdapter.call(Executors.java:572)
		at java.base/java.util.concurrent.FutureTask.run(FutureTask.java:317)
		at org.apache.tomcat.util.threads.InlineExecutorService.execute(InlineExecutorService.java:81)
		at java.base/java.util.concurrent.AbstractExecutorService.submit(AbstractExecutorService.java:123)
		at org.apache.catalina.startup.HostConfig.deployWARs(HostConfig.java:727)
		at org.apache.catalina.startup.HostConfig.deployApps(HostConfig.java:378)
		at org.apache.catalina.startup.HostConfig.check(HostConfig.java:1628)
		at org.apache.catalina.startup.HostConfig.lifecycleEvent(HostConfig.java:260)
		at org.apache.catalina.util.LifecycleBase.fireLifecycleEvent(LifecycleBase.java:109)
		at org.apache.catalina.core.ContainerBase.backgroundProcess(ContainerBase.java:938)
		at org.apache.catalina.core.ContainerBase$ContainerBackgroundProcessor.processChildren(ContainerBase.java:1137)
		at org.apache.catalina.core.ContainerBase$ContainerBackgroundProcessor.processChildren(ContainerBase.java:1141)
		at org.apache.catalina.core.ContainerBase$ContainerBackgroundProcessor.run(ContainerBase.java:1119)
		at java.base/java.util.concurrent.Executors$RunnableAdapter.call(Executors.java:572)
		at java.base/java.util.concurrent.FutureTask.runAndReset(FutureTask.java:358)
		at java.base/java.util.concurrent.ScheduledThreadPoolExecutor$ScheduledFutureTask.run(ScheduledThreadPoolExecutor.java:305)
		at java.base/java.util.concurrent.ThreadPoolExecutor.runWorker(ThreadPoolExecutor.java:1144)
		at java.base/java.util.concurrent.ThreadPoolExecutor$Worker.run(ThreadPoolExecutor.java:642)
		at org.apache.tomcat.util.threads.TaskThread$WrappingRunnable.run(TaskThread.java:57)
		at java.base/java.lang.Thread.run(Thread.java:1583)
10-Jul-2026 03:23:12.855 SEVERE [Catalina-utility-1] org.apache.catalina.startup.ContextConfig.processAnnotationsJar Unable to process Jar [file:/usr/local/tomcat/webapps/lpu-reservation-system-0.0.1-SNAPSHOT/WEB-INF/lib/jakarta.persistence-api-3.2.0.jar] for annotations
	java.nio.file.NoSuchFileException: /usr/local/tomcat/webapps/lpu-reservation-system-0.0.1-SNAPSHOT/WEB-INF/lib/jakarta.persistence-api-3.2.0.jar
		at java.base/sun.nio.fs.UnixException.translateToIOException(UnixException.java:92)
		at java.base/sun.nio.fs.UnixException.rethrowAsIOException(UnixException.java:106)
		at java.base/sun.nio.fs.UnixException.rethrowAsIOException(UnixException.java:111)
		at java.base/sun.nio.fs.UnixFileAttributeViews$Basic.readAttributes(UnixFileAttributeViews.java:55)
		at java.base/sun.nio.fs.UnixFileSystemProvider.readAttributes(UnixFileSystemProvider.java:171)
		at java.base/sun.nio.fs.LinuxFileSystemProvider.readAttributes(LinuxFileSystemProvider.java:99)
		at java.base/java.nio.file.Files.readAttributes(Files.java:1854)
		at java.base/java.util.zip.ZipFile$Source.get(ZipFile.java:1445)
		at java.base/java.util.zip.ZipFile$CleanableResource.<init>(ZipFile.java:724)
		at java.base/java.util.zip.ZipFile.<init>(ZipFile.java:251)
		at java.base/java.util.zip.ZipFile.<init>(ZipFile.java:180)
		at java.base/java.util.jar.JarFile.<init>(JarFile.java:345)
		at org.apache.tomcat.util.scan.JarFileUrlJar.<init>(JarFileUrlJar.java:64)
		at org.apache.tomcat.util.scan.JarFactory.newInstance(JarFactory.java:50)
		at org.apache.catalina.startup.ContextConfig.processAnnotationsJar(ContextConfig.java:2178)
		at org.apache.catalina.startup.ContextConfig.processAnnotationsUrl(ContextConfig.java:2161)
		at org.apache.catalina.startup.ContextConfig.scanWebXmlFragment(ContextConfig.java:2070)
		at org.apache.catalina.startup.ContextConfig.processAnnotations(ContextConfig.java:2050)
		at org.apache.catalina.startup.ContextConfig.processClasses(ContextConfig.java:1366)
		at org.apache.catalina.startup.ContextConfig.webConfig(ContextConfig.java:1267)
		at org.apache.catalina.startup.ContextConfig.configureStart(ContextConfig.java:968)
		at org.apache.catalina.startup.ContextConfig.lifecycleEvent(ContextConfig.java:288)
		at org.apache.catalina.util.LifecycleBase.fireLifecycleEvent(LifecycleBase.java:109)
		at org.apache.catalina.core.StandardContext.startInternal(StandardContext.java:4338)
		at org.apache.catalina.util.LifecycleBase.start(LifecycleBase.java:164)
		at org.apache.catalina.core.ContainerBase.addChild(ContainerBase.java:564)
		at org.apache.catalina.core.StandardHost.addChild(StandardHost.java:663)
		at org.apache.catalina.startup.HostConfig.deployWAR(HostConfig.java:923)
		at org.apache.catalina.startup.HostConfig$DeployWar.run(HostConfig.java:1839)
		at java.base/java.util.concurrent.Executors$RunnableAdapter.call(Executors.java:572)
		at java.base/java.util.concurrent.FutureTask.run(FutureTask.java:317)
		at org.apache.tomcat.util.threads.InlineExecutorService.execute(InlineExecutorService.java:81)
		at java.base/java.util.concurrent.AbstractExecutorService.submit(AbstractExecutorService.java:123)
		at org.apache.catalina.startup.HostConfig.deployWARs(HostConfig.java:727)
		at org.apache.catalina.startup.HostConfig.deployApps(HostConfig.java:378)
		at org.apache.catalina.startup.HostConfig.check(HostConfig.java:1628)
		at org.apache.catalina.startup.HostConfig.lifecycleEvent(HostConfig.java:260)
		at org.apache.catalina.util.LifecycleBase.fireLifecycleEvent(LifecycleBase.java:109)
		at org.apache.catalina.core.ContainerBase.backgroundProcess(ContainerBase.java:938)
		at org.apache.catalina.core.ContainerBase$ContainerBackgroundProcessor.processChildren(ContainerBase.java:1137)
		at org.apache.catalina.core.ContainerBase$ContainerBackgroundProcessor.processChildren(ContainerBase.java:1141)
		at org.apache.catalina.core.ContainerBase$ContainerBackgroundProcessor.run(ContainerBase.java:1119)
		at java.base/java.util.concurrent.Executors$RunnableAdapter.call(Executors.java:572)
		at java.base/java.util.concurrent.FutureTask.runAndReset(FutureTask.java:358)
		at java.base/java.util.concurrent.ScheduledThreadPoolExecutor$ScheduledFutureTask.run(ScheduledThreadPoolExecutor.java:305)
		at java.base/java.util.concurrent.ThreadPoolExecutor.runWorker(ThreadPoolExecutor.java:1144)
		at java.base/java.util.concurrent.ThreadPoolExecutor$Worker.run(ThreadPoolExecutor.java:642)
		at org.apache.tomcat.util.threads.TaskThread$WrappingRunnable.run(TaskThread.java:57)
		at java.base/java.lang.Thread.run(Thread.java:1583)
10-Jul-2026 03:23:12.856 SEVERE [Catalina-utility-1] org.apache.catalina.startup.ContextConfig.processAnnotationsJar Unable to process Jar [file:/usr/local/tomcat/webapps/lpu-reservation-system-0.0.1-SNAPSHOT/WEB-INF/lib/jjwt-jackson-0.11.5.jar] for annotations
	java.nio.file.NoSuchFileException: /usr/local/tomcat/webapps/lpu-reservation-system-0.0.1-SNAPSHOT/WEB-INF/lib/jjwt-jackson-0.11.5.jar
		at java.base/sun.nio.fs.UnixException.translateToIOException(UnixException.java:92)
		at java.base/sun.nio.fs.UnixException.rethrowAsIOException(UnixException.java:106)
		at java.base/sun.nio.fs.UnixException.rethrowAsIOException(UnixException.java:111)
		at java.base/sun.nio.fs.UnixFileAttributeViews$Basic.readAttributes(UnixFileAttributeViews.java:55)
		at java.base/sun.nio.fs.UnixFileSystemProvider.readAttributes(UnixFileSystemProvider.java:171)
		at java.base/sun.nio.fs.LinuxFileSystemProvider.readAttributes(LinuxFileSystemProvider.java:99)
		at java.base/java.nio.file.Files.readAttributes(Files.java:1854)
		at java.base/java.util.zip.ZipFile$Source.get(ZipFile.java:1445)
		at java.base/java.util.zip.ZipFile$CleanableResource.<init>(ZipFile.java:724)
		at java.base/java.util.zip.ZipFile.<init>(ZipFile.java:251)
		at java.base/java.util.zip.ZipFile.<init>(ZipFile.java:180)
		at java.base/java.util.jar.JarFile.<init>(JarFile.java:345)
		at org.apache.tomcat.util.scan.JarFileUrlJar.<init>(JarFileUrlJar.java:64)
		at org.apache.tomcat.util.scan.JarFactory.newInstance(JarFactory.java:50)
		at org.apache.catalina.startup.ContextConfig.processAnnotationsJar(ContextConfig.java:2178)
		at org.apache.catalina.startup.ContextConfig.processAnnotationsUrl(ContextConfig.java:2161)
		at org.apache.catalina.startup.ContextConfig.scanWebXmlFragment(ContextConfig.java:2070)
		at org.apache.catalina.startup.ContextConfig.processAnnotations(ContextConfig.java:2050)
		at org.apache.catalina.startup.ContextConfig.processClasses(ContextConfig.java:1366)
		at org.apache.catalina.startup.ContextConfig.webConfig(ContextConfig.java:1267)
		at org.apache.catalina.startup.ContextConfig.configureStart(ContextConfig.java:968)
		at org.apache.catalina.startup.ContextConfig.lifecycleEvent(ContextConfig.java:288)
		at org.apache.catalina.util.LifecycleBase.fireLifecycleEvent(LifecycleBase.java:109)
		at org.apache.catalina.core.StandardContext.startInternal(StandardContext.java:4338)
		at org.apache.catalina.util.LifecycleBase.start(LifecycleBase.java:164)
		at org.apache.catalina.core.ContainerBase.addChild(ContainerBase.java:564)
		at org.apache.catalina.core.StandardHost.addChild(StandardHost.java:663)
		at org.apache.catalina.startup.HostConfig.deployWAR(HostConfig.java:923)
		at org.apache.catalina.startup.HostConfig$DeployWar.run(HostConfig.java:1839)
		at java.base/java.util.concurrent.Executors$RunnableAdapter.call(Executors.java:572)
		at java.base/java.util.concurrent.FutureTask.run(FutureTask.java:317)
		at org.apache.tomcat.util.threads.InlineExecutorService.execute(InlineExecutorService.java:81)
		at java.base/java.util.concurrent.AbstractExecutorService.submit(AbstractExecutorService.java:123)
		at org.apache.catalina.startup.HostConfig.deployWARs(HostConfig.java:727)
		at org.apache.catalina.startup.HostConfig.deployApps(HostConfig.java:378)
		at org.apache.catalina.startup.HostConfig.check(HostConfig.java:1628)
		at org.apache.catalina.startup.HostConfig.lifecycleEvent(HostConfig.java:260)
		at org.apache.catalina.util.LifecycleBase.fireLifecycleEvent(LifecycleBase.java:109)
		at org.apache.catalina.core.ContainerBase.backgroundProcess(ContainerBase.java:938)
		at org.apache.catalina.core.ContainerBase$ContainerBackgroundProcessor.processChildren(ContainerBase.java:1137)
		at org.apache.catalina.core.ContainerBase$ContainerBackgroundProcessor.processChildren(ContainerBase.java:1141)
		at org.apache.catalina.core.ContainerBase$ContainerBackgroundProcessor.run(ContainerBase.java:1119)
		at java.base/java.util.concurrent.Executors$RunnableAdapter.call(Executors.java:572)
		at java.base/java.util.concurrent.FutureTask.runAndReset(FutureTask.java:358)
		at java.base/java.util.concurrent.ScheduledThreadPoolExecutor$ScheduledFutureTask.run(ScheduledThreadPoolExecutor.java:305)
		at java.base/java.util.concurrent.ThreadPoolExecutor.runWorker(ThreadPoolExecutor.java:1144)
		at java.base/java.util.concurrent.ThreadPoolExecutor$Worker.run(ThreadPoolExecutor.java:642)
		at org.apache.tomcat.util.threads.TaskThread$WrappingRunnable.run(TaskThread.java:57)
		at java.base/java.lang.Thread.run(Thread.java:1583)
10-Jul-2026 03:23:12.857 SEVERE [Catalina-utility-1] org.apache.catalina.startup.ContextConfig.processAnnotationsJar Unable to process Jar [file:/usr/local/tomcat/webapps/lpu-reservation-system-0.0.1-SNAPSHOT/WEB-INF/lib/postgresql-42.7.10.jar] for annotations
	java.nio.file.NoSuchFileException: /usr/local/tomcat/webapps/lpu-reservation-system-0.0.1-SNAPSHOT/WEB-INF/lib/postgresql-42.7.10.jar
		at java.base/sun.nio.fs.UnixException.translateToIOException(UnixException.java:92)
		at java.base/sun.nio.fs.UnixException.rethrowAsIOException(UnixException.java:106)
		at java.base/sun.nio.fs.UnixException.rethrowAsIOException(UnixException.java:111)
		at java.base/sun.nio.fs.UnixFileAttributeViews$Basic.readAttributes(UnixFileAttributeViews.java:55)
		at java.base/sun.nio.fs.UnixFileSystemProvider.readAttributes(UnixFileSystemProvider.java:171)
		at java.base/sun.nio.fs.LinuxFileSystemProvider.readAttributes(LinuxFileSystemProvider.java:99)
		at java.base/java.nio.file.Files.readAttributes(Files.java:1854)
		at java.base/java.util.zip.ZipFile$Source.get(ZipFile.java:1445)
		at java.base/java.util.zip.ZipFile$CleanableResource.<init>(ZipFile.java:724)
		at java.base/java.util.zip.ZipFile.<init>(ZipFile.java:251)
		at java.base/java.util.zip.ZipFile.<init>(ZipFile.java:180)
		at java.base/java.util.jar.JarFile.<init>(JarFile.java:345)
		at org.apache.tomcat.util.scan.JarFileUrlJar.<init>(JarFileUrlJar.java:64)
		at org.apache.tomcat.util.scan.JarFactory.newInstance(JarFactory.java:50)
		at org.apache.catalina.startup.ContextConfig.processAnnotationsJar(ContextConfig.java:2178)
		at org.apache.catalina.startup.ContextConfig.processAnnotationsUrl(ContextConfig.java:2161)
		at org.apache.catalina.startup.ContextConfig.scanWebXmlFragment(ContextConfig.java:2070)
		at org.apache.catalina.startup.ContextConfig.processAnnotations(ContextConfig.java:2050)
		at org.apache.catalina.startup.ContextConfig.processClasses(ContextConfig.java:1366)
		at org.apache.catalina.startup.ContextConfig.webConfig(ContextConfig.java:1267)
		at org.apache.catalina.startup.ContextConfig.configureStart(ContextConfig.java:968)
		at org.apache.catalina.startup.ContextConfig.lifecycleEvent(ContextConfig.java:288)
		at org.apache.catalina.util.LifecycleBase.fireLifecycleEvent(LifecycleBase.java:109)
		at org.apache.catalina.core.StandardContext.startInternal(StandardContext.java:4338)
		at org.apache.catalina.util.LifecycleBase.start(LifecycleBase.java:164)
		at org.apache.catalina.core.ContainerBase.addChild(ContainerBase.java:564)
		at org.apache.catalina.core.StandardHost.addChild(StandardHost.java:663)
		at org.apache.catalina.startup.HostConfig.deployWAR(HostConfig.java:923)
		at org.apache.catalina.startup.HostConfig$DeployWar.run(HostConfig.java:1839)
		at java.base/java.util.concurrent.Executors$RunnableAdapter.call(Executors.java:572)
		at java.base/java.util.concurrent.FutureTask.run(FutureTask.java:317)
		at org.apache.tomcat.util.threads.InlineExecutorService.execute(InlineExecutorService.java:81)
		at java.base/java.util.concurrent.AbstractExecutorService.submit(AbstractExecutorService.java:123)
		at org.apache.catalina.startup.HostConfig.deployWARs(HostConfig.java:727)
		at org.apache.catalina.startup.HostConfig.deployApps(HostConfig.java:378)
		at org.apache.catalina.startup.HostConfig.check(HostConfig.java:1628)
		at org.apache.catalina.startup.HostConfig.lifecycleEvent(HostConfig.java:260)
		at org.apache.catalina.util.LifecycleBase.fireLifecycleEvent(LifecycleBase.java:109)
		at org.apache.catalina.core.ContainerBase.backgroundProcess(ContainerBase.java:938)
		at org.apache.catalina.core.ContainerBase$ContainerBackgroundProcessor.processChildren(ContainerBase.java:1137)
		at org.apache.catalina.core.ContainerBase$ContainerBackgroundProcessor.processChildren(ContainerBase.java:1141)
		at org.apache.catalina.core.ContainerBase$ContainerBackgroundProcessor.run(ContainerBase.java:1119)
		at java.base/java.util.concurrent.Executors$RunnableAdapter.call(Executors.java:572)
		at java.base/java.util.concurrent.FutureTask.runAndReset(FutureTask.java:358)
		at java.base/java.util.concurrent.ScheduledThreadPoolExecutor$ScheduledFutureTask.run(ScheduledThreadPoolExecutor.java:305)
		at java.base/java.util.concurrent.ThreadPoolExecutor.runWorker(ThreadPoolExecutor.java:1144)
		at java.base/java.util.concurrent.ThreadPoolExecutor$Worker.run(ThreadPoolExecutor.java:642)
		at org.apache.tomcat.util.threads.TaskThread$WrappingRunnable.run(TaskThread.java:57)
		at java.base/java.lang.Thread.run(Thread.java:1583)
10-Jul-2026 03:23:12.858 SEVERE [Catalina-utility-1] org.apache.catalina.startup.ContextConfig.processAnnotationsJar Unable to process Jar [file:/usr/local/tomcat/webapps/lpu-reservation-system-0.0.1-SNAPSHOT/WEB-INF/lib/spring-aop-7.0.6.jar] for annotations
	java.nio.file.NoSuchFileException: /usr/local/tomcat/webapps/lpu-reservation-system-0.0.1-SNAPSHOT/WEB-INF/lib/spring-aop-7.0.6.jar
		at java.base/sun.nio.fs.UnixException.translateToIOException(UnixException.java:92)
		at java.base/sun.nio.fs.UnixException.rethrowAsIOException(UnixException.java:106)
		at java.base/sun.nio.fs.UnixException.rethrowAsIOException(UnixException.java:111)
		at java.base/sun.nio.fs.UnixFileAttributeViews$Basic.readAttributes(UnixFileAttributeViews.java:55)
		at java.base/sun.nio.fs.UnixFileSystemProvider.readAttributes(UnixFileSystemProvider.java:171)
		at java.base/sun.nio.fs.LinuxFileSystemProvider.readAttributes(LinuxFileSystemProvider.java:99)
		at java.base/java.nio.file.Files.readAttributes(Files.java:1854)
		at java.base/java.util.zip.ZipFile$Source.get(ZipFile.java:1445)
		at java.base/java.util.zip.ZipFile$CleanableResource.<init>(ZipFile.java:724)
		at java.base/java.util.zip.ZipFile.<init>(ZipFile.java:251)
		at java.base/java.util.zip.ZipFile.<init>(ZipFile.java:180)
		at java.base/java.util.jar.JarFile.<init>(JarFile.java:345)
		at org.apache.tomcat.util.scan.JarFileUrlJar.<init>(JarFileUrlJar.java:64)
		at org.apache.tomcat.util.scan.JarFactory.newInstance(JarFactory.java:50)
		at org.apache.catalina.startup.ContextConfig.processAnnotationsJar(ContextConfig.java:2178)
		at org.apache.catalina.startup.ContextConfig.processAnnotationsUrl(ContextConfig.java:2161)
		at org.apache.catalina.startup.ContextConfig.scanWebXmlFragment(ContextConfig.java:2070)
		at org.apache.catalina.startup.ContextConfig.processAnnotations(ContextConfig.java:2050)
		at org.apache.catalina.startup.ContextConfig.processClasses(ContextConfig.java:1366)
		at org.apache.catalina.startup.ContextConfig.webConfig(ContextConfig.java:1267)
		at org.apache.catalina.startup.ContextConfig.configureStart(ContextConfig.java:968)
		at org.apache.catalina.startup.ContextConfig.lifecycleEvent(ContextConfig.java:288)
		at org.apache.catalina.util.LifecycleBase.fireLifecycleEvent(LifecycleBase.java:109)
		at org.apache.catalina.core.StandardContext.startInternal(StandardContext.java:4338)
		at org.apache.catalina.util.LifecycleBase.start(LifecycleBase.java:164)
		at org.apache.catalina.core.ContainerBase.addChild(ContainerBase.java:564)
		at org.apache.catalina.core.StandardHost.addChild(StandardHost.java:663)
		at org.apache.catalina.startup.HostConfig.deployWAR(HostConfig.java:923)
		at org.apache.catalina.startup.HostConfig$DeployWar.run(HostConfig.java:1839)
		at java.base/java.util.concurrent.Executors$RunnableAdapter.call(Executors.java:572)
		at java.base/java.util.concurrent.FutureTask.run(FutureTask.java:317)
		at org.apache.tomcat.util.threads.InlineExecutorService.execute(InlineExecutorService.java:81)
		at java.base/java.util.concurrent.AbstractExecutorService.submit(AbstractExecutorService.java:123)
		at org.apache.catalina.startup.HostConfig.deployWARs(HostConfig.java:727)
		at org.apache.catalina.startup.HostConfig.deployApps(HostConfig.java:378)
		at org.apache.catalina.startup.HostConfig.check(HostConfig.java:1628)
		at org.apache.catalina.startup.HostConfig.lifecycleEvent(HostConfig.java:260)
		at org.apache.catalina.util.LifecycleBase.fireLifecycleEvent(LifecycleBase.java:109)
		at org.apache.catalina.core.ContainerBase.backgroundProcess(ContainerBase.java:938)
		at org.apache.catalina.core.ContainerBase$ContainerBackgroundProcessor.processChildren(ContainerBase.java:1137)
		at org.apache.catalina.core.ContainerBase$ContainerBackgroundProcessor.processChildren(ContainerBase.java:1141)
		at org.apache.catalina.core.ContainerBase$ContainerBackgroundProcessor.run(ContainerBase.java:1119)
		at java.base/java.util.concurrent.Executors$RunnableAdapter.call(Executors.java:572)
		at java.base/java.util.concurrent.FutureTask.runAndReset(FutureTask.java:358)
		at java.base/java.util.concurrent.ScheduledThreadPoolExecutor$ScheduledFutureTask.run(ScheduledThreadPoolExecutor.java:305)
		at java.base/java.util.concurrent.ThreadPoolExecutor.runWorker(ThreadPoolExecutor.java:1144)
		at java.base/java.util.concurrent.ThreadPoolExecutor$Worker.run(ThreadPoolExecutor.java:642)
		at org.apache.tomcat.util.threads.TaskThread$WrappingRunnable.run(TaskThread.java:57)
		at java.base/java.lang.Thread.run(Thread.java:1583)
10-Jul-2026 03:23:12.858 SEVERE [Catalina-utility-1] org.apache.catalina.startup.ContextConfig.processAnnotationsJar Unable to process Jar [file:/usr/local/tomcat/webapps/lpu-reservation-system-0.0.1-SNAPSHOT/WEB-INF/lib/webp-imageio-0.1.6.jar] for annotations
	java.nio.file.NoSuchFileException: /usr/local/tomcat/webapps/lpu-reservation-system-0.0.1-SNAPSHOT/WEB-INF/lib/webp-imageio-0.1.6.jar
		at java.base/sun.nio.fs.UnixException.translateToIOException(UnixException.java:92)
		at java.base/sun.nio.fs.UnixException.rethrowAsIOException(UnixException.java:106)
		at java.base/sun.nio.fs.UnixException.rethrowAsIOException(UnixException.java:111)
		at java.base/sun.nio.fs.UnixFileAttributeViews$Basic.readAttributes(UnixFileAttributeViews.java:55)
		at java.base/sun.nio.fs.UnixFileSystemProvider.readAttributes(UnixFileSystemProvider.java:171)
		at java.base/sun.nio.fs.LinuxFileSystemProvider.readAttributes(LinuxFileSystemProvider.java:99)
		at java.base/java.nio.file.Files.readAttributes(Files.java:1854)
		at java.base/java.util.zip.ZipFile$Source.get(ZipFile.java:1445)
		at java.base/java.util.zip.ZipFile$CleanableResource.<init>(ZipFile.java:724)
		at java.base/java.util.zip.ZipFile.<init>(ZipFile.java:251)
		at java.base/java.util.zip.ZipFile.<init>(ZipFile.java:180)
		at java.base/java.util.jar.JarFile.<init>(JarFile.java:345)
		at org.apache.tomcat.util.scan.JarFileUrlJar.<init>(JarFileUrlJar.java:64)
		at org.apache.tomcat.util.scan.JarFactory.newInstance(JarFactory.java:50)
		at org.apache.catalina.startup.ContextConfig.processAnnotationsJar(ContextConfig.java:2178)
		at org.apache.catalina.startup.ContextConfig.processAnnotationsUrl(ContextConfig.java:2161)
		at org.apache.catalina.startup.ContextConfig.scanWebXmlFragment(ContextConfig.java:2070)
		at org.apache.catalina.startup.ContextConfig.processAnnotations(ContextConfig.java:2050)
		at org.apache.catalina.startup.ContextConfig.processClasses(ContextConfig.java:1366)
		at org.apache.catalina.startup.ContextConfig.webConfig(ContextConfig.java:1267)
		at org.apache.catalina.startup.ContextConfig.configureStart(ContextConfig.java:968)
		at org.apache.catalina.startup.ContextConfig.lifecycleEvent(ContextConfig.java:288)
		at org.apache.catalina.util.LifecycleBase.fireLifecycleEvent(LifecycleBase.java:109)
		at org.apache.catalina.core.StandardContext.startInternal(StandardContext.java:4338)
		at org.apache.catalina.util.LifecycleBase.start(LifecycleBase.java:164)
		at org.apache.catalina.core.ContainerBase.addChild(ContainerBase.java:564)
		at org.apache.catalina.core.StandardHost.addChild(StandardHost.java:663)
		at org.apache.catalina.startup.HostConfig.deployWAR(HostConfig.java:923)
		at org.apache.catalina.startup.HostConfig$DeployWar.run(HostConfig.java:1839)
		at java.base/java.util.concurrent.Executors$RunnableAdapter.call(Executors.java:572)
		at java.base/java.util.concurrent.FutureTask.run(FutureTask.java:317)
		at org.apache.tomcat.util.threads.InlineExecutorService.execute(InlineExecutorService.java:81)
		at java.base/java.util.concurrent.AbstractExecutorService.submit(AbstractExecutorService.java:123)
		at org.apache.catalina.startup.HostConfig.deployWARs(HostConfig.java:727)
		at org.apache.catalina.startup.HostConfig.deployApps(HostConfig.java:378)
		at org.apache.catalina.startup.HostConfig.check(HostConfig.java:1628)
		at org.apache.catalina.startup.HostConfig.lifecycleEvent(HostConfig.java:260)
		at org.apache.catalina.util.LifecycleBase.fireLifecycleEvent(LifecycleBase.java:109)
		at org.apache.catalina.core.ContainerBase.backgroundProcess(ContainerBase.java:938)
		at org.apache.catalina.core.ContainerBase$ContainerBackgroundProcessor.processChildren(ContainerBase.java:1137)
		at org.apache.catalina.core.ContainerBase$ContainerBackgroundProcessor.processChildren(ContainerBase.java:1141)
		at org.apache.catalina.core.ContainerBase$ContainerBackgroundProcessor.run(ContainerBase.java:1119)
		at java.base/java.util.concurrent.Executors$RunnableAdapter.call(Executors.java:572)
		at java.base/java.util.concurrent.FutureTask.runAndReset(FutureTask.java:358)
		at java.base/java.util.concurrent.ScheduledThreadPoolExecutor$ScheduledFutureTask.run(ScheduledThreadPoolExecutor.java:305)
		at java.base/java.util.concurrent.ThreadPoolExecutor.runWorker(ThreadPoolExecutor.java:1144)
		at java.base/java.util.concurrent.ThreadPoolExecutor$Worker.run(ThreadPoolExecutor.java:642)
		at org.apache.tomcat.util.threads.TaskThread$WrappingRunnable.run(TaskThread.java:57)
		at java.base/java.lang.Thread.run(Thread.java:1583)
10-Jul-2026 03:23:12.859 SEVERE [Catalina-utility-1] org.apache.catalina.startup.ContextConfig.processAnnotationsJar Unable to process Jar [file:/usr/local/tomcat/webapps/lpu-reservation-system-0.0.1-SNAPSHOT/WEB-INF/lib/jackson-annotations-2.19.1.jar] for annotations
	java.nio.file.NoSuchFileException: /usr/local/tomcat/webapps/lpu-reservation-system-0.0.1-SNAPSHOT/WEB-INF/lib/jackson-annotations-2.19.1.jar
		at java.base/sun.nio.fs.UnixException.translateToIOException(UnixException.java:92)
		at java.base/sun.nio.fs.UnixException.rethrowAsIOException(UnixException.java:106)
		at java.base/sun.nio.fs.UnixException.rethrowAsIOException(UnixException.java:111)
		at java.base/sun.nio.fs.UnixFileAttributeViews$Basic.readAttributes(UnixFileAttributeViews.java:55)
		at java.base/sun.nio.fs.UnixFileSystemProvider.readAttributes(UnixFileSystemProvider.java:171)
		at java.base/sun.nio.fs.LinuxFileSystemProvider.readAttributes(LinuxFileSystemProvider.java:99)
		at java.base/java.nio.file.Files.readAttributes(Files.java:1854)
		at java.base/java.util.zip.ZipFile$Source.get(ZipFile.java:1445)
		at java.base/java.util.zip.ZipFile$CleanableResource.<init>(ZipFile.java:724)
		at java.base/java.util.zip.ZipFile.<init>(ZipFile.java:251)
		at java.base/java.util.zip.ZipFile.<init>(ZipFile.java:180)
		at java.base/java.util.jar.JarFile.<init>(JarFile.java:345)
		at org.apache.tomcat.util.scan.JarFileUrlJar.<init>(JarFileUrlJar.java:64)
		at org.apache.tomcat.util.scan.JarFactory.newInstance(JarFactory.java:50)
		at org.apache.catalina.startup.ContextConfig.processAnnotationsJar(ContextConfig.java:2178)
		at org.apache.catalina.startup.ContextConfig.processAnnotationsUrl(ContextConfig.java:2161)
		at org.apache.catalina.startup.ContextConfig.scanWebXmlFragment(ContextConfig.java:2070)
		at org.apache.catalina.startup.ContextConfig.processAnnotations(ContextConfig.java:2050)
		at org.apache.catalina.startup.ContextConfig.processClasses(ContextConfig.java:1366)
		at org.apache.catalina.startup.ContextConfig.webConfig(ContextConfig.java:1267)
		at org.apache.catalina.startup.ContextConfig.configureStart(ContextConfig.java:968)
		at org.apache.catalina.startup.ContextConfig.lifecycleEvent(ContextConfig.java:288)
		at org.apache.catalina.util.LifecycleBase.fireLifecycleEvent(LifecycleBase.java:109)
		at org.apache.catalina.core.StandardContext.startInternal(StandardContext.java:4338)
		at org.apache.catalina.util.LifecycleBase.start(LifecycleBase.java:164)
		at org.apache.catalina.core.ContainerBase.addChild(ContainerBase.java:564)
		at org.apache.catalina.core.StandardHost.addChild(StandardHost.java:663)
		at org.apache.catalina.startup.HostConfig.deployWAR(HostConfig.java:923)
		at org.apache.catalina.startup.HostConfig$DeployWar.run(HostConfig.java:1839)
		at java.base/java.util.concurrent.Executors$RunnableAdapter.call(Executors.java:572)
		at java.base/java.util.concurrent.FutureTask.run(FutureTask.java:317)
		at org.apache.tomcat.util.threads.InlineExecutorService.execute(InlineExecutorService.java:81)
		at java.base/java.util.concurrent.AbstractExecutorService.submit(AbstractExecutorService.java:123)
		at org.apache.catalina.startup.HostConfig.deployWARs(HostConfig.java:727)
		at org.apache.catalina.startup.HostConfig.deployApps(HostConfig.java:378)
		at org.apache.catalina.startup.HostConfig.check(HostConfig.java:1628)
		at org.apache.catalina.startup.HostConfig.lifecycleEvent(HostConfig.java:260)
		at org.apache.catalina.util.LifecycleBase.fireLifecycleEvent(LifecycleBase.java:109)
		at org.apache.catalina.core.ContainerBase.backgroundProcess(ContainerBase.java:938)
		at org.apache.catalina.core.ContainerBase$ContainerBackgroundProcessor.processChildren(ContainerBase.java:1137)
		at org.apache.catalina.core.ContainerBase$ContainerBackgroundProcessor.processChildren(ContainerBase.java:1141)
		at org.apache.catalina.core.ContainerBase$ContainerBackgroundProcessor.run(ContainerBase.java:1119)
		at java.base/java.util.concurrent.Executors$RunnableAdapter.call(Executors.java:572)
		at java.base/java.util.concurrent.FutureTask.runAndReset(FutureTask.java:358)
		at java.base/java.util.concurrent.ScheduledThreadPoolExecutor$ScheduledFutureTask.run(ScheduledThreadPoolExecutor.java:305)
		at java.base/java.util.concurrent.ThreadPoolExecutor.runWorker(ThreadPoolExecutor.java:1144)
		at java.base/java.util.concurrent.ThreadPoolExecutor$Worker.run(ThreadPoolExecutor.java:642)
		at org.apache.tomcat.util.threads.TaskThread$WrappingRunnable.run(TaskThread.java:57)
		at java.base/java.lang.Thread.run(Thread.java:1583)
10-Jul-2026 03:23:12.859 SEVERE [Catalina-utility-1] org.apache.catalina.startup.ContextConfig.processAnnotationsJar Unable to process Jar [file:/usr/local/tomcat/webapps/lpu-reservation-system-0.0.1-SNAPSHOT/WEB-INF/lib/jackson-core-2.19.1.jar] for annotations
	java.nio.file.NoSuchFileException: /usr/local/tomcat/webapps/lpu-reservation-system-0.0.1-SNAPSHOT/WEB-INF/lib/jackson-core-2.19.1.jar
		at java.base/sun.nio.fs.UnixException.translateToIOException(UnixException.java:92)
		at java.base/sun.nio.fs.UnixException.rethrowAsIOException(UnixException.java:106)
		at java.base/sun.nio.fs.UnixException.rethrowAsIOException(UnixException.java:111)
		at java.base/sun.nio.fs.UnixFileAttributeViews$Basic.readAttributes(UnixFileAttributeViews.java:55)
		at java.base/sun.nio.fs.UnixFileSystemProvider.readAttributes(UnixFileSystemProvider.java:171)
		at java.base/sun.nio.fs.LinuxFileSystemProvider.readAttributes(LinuxFileSystemProvider.java:99)
		at java.base/java.nio.file.Files.readAttributes(Files.java:1854)
		at java.base/java.util.zip.ZipFile$Source.get(ZipFile.java:1445)
		at java.base/java.util.zip.ZipFile$CleanableResource.<init>(ZipFile.java:724)
		at java.base/java.util.zip.ZipFile.<init>(ZipFile.java:251)
		at java.base/java.util.zip.ZipFile.<init>(ZipFile.java:180)
		at java.base/java.util.jar.JarFile.<init>(JarFile.java:345)
		at org.apache.tomcat.util.scan.JarFileUrlJar.<init>(JarFileUrlJar.java:64)
		at org.apache.tomcat.util.scan.JarFactory.newInstance(JarFactory.java:50)
		at org.apache.catalina.startup.ContextConfig.processAnnotationsJar(ContextConfig.java:2178)
		at org.apache.catalina.startup.ContextConfig.processAnnotationsUrl(ContextConfig.java:2161)
		at org.apache.catalina.startup.ContextConfig.scanWebXmlFragment(ContextConfig.java:2070)
		at org.apache.catalina.startup.ContextConfig.processAnnotations(ContextConfig.java:2050)
		at org.apache.catalina.startup.ContextConfig.processClasses(ContextConfig.java:1366)
		at org.apache.catalina.startup.ContextConfig.webConfig(ContextConfig.java:1267)
		at org.apache.catalina.startup.ContextConfig.configureStart(ContextConfig.java:968)
		at org.apache.catalina.startup.ContextConfig.lifecycleEvent(ContextConfig.java:288)
		at org.apache.catalina.util.LifecycleBase.fireLifecycleEvent(LifecycleBase.java:109)
		at org.apache.catalina.core.StandardContext.startInternal(StandardContext.java:4338)
		at org.apache.catalina.util.LifecycleBase.start(LifecycleBase.java:164)
		at org.apache.catalina.core.ContainerBase.addChild(ContainerBase.java:564)
		at org.apache.catalina.core.StandardHost.addChild(StandardHost.java:663)
		at org.apache.catalina.startup.HostConfig.deployWAR(HostConfig.java:923)
		at org.apache.catalina.startup.HostConfig$DeployWar.run(HostConfig.java:1839)
		at java.base/java.util.concurrent.Executors$RunnableAdapter.call(Executors.java:572)
		at java.base/java.util.concurrent.FutureTask.run(FutureTask.java:317)
		at org.apache.tomcat.util.threads.InlineExecutorService.execute(InlineExecutorService.java:81)
		at java.base/java.util.concurrent.AbstractExecutorService.submit(AbstractExecutorService.java:123)
		at org.apache.catalina.startup.HostConfig.deployWARs(HostConfig.java:727)
		at org.apache.catalina.startup.HostConfig.deployApps(HostConfig.java:378)
		at org.apache.catalina.startup.HostConfig.check(HostConfig.java:1628)
		at org.apache.catalina.startup.HostConfig.lifecycleEvent(HostConfig.java:260)
		at org.apache.catalina.util.LifecycleBase.fireLifecycleEvent(LifecycleBase.java:109)
		at org.apache.catalina.core.ContainerBase.backgroundProcess(ContainerBase.java:938)
		at org.apache.catalina.core.ContainerBase$ContainerBackgroundProcessor.processChildren(ContainerBase.java:1137)
		at org.apache.catalina.core.ContainerBase$ContainerBackgroundProcessor.processChildren(ContainerBase.java:1141)
		at org.apache.catalina.core.ContainerBase$ContainerBackgroundProcessor.run(ContainerBase.java:1119)
		at java.base/java.util.concurrent.Executors$RunnableAdapter.call(Executors.java:572)
		at java.base/java.util.concurrent.FutureTask.runAndReset(FutureTask.java:358)
		at java.base/java.util.concurrent.ScheduledThreadPoolExecutor$ScheduledFutureTask.run(ScheduledThreadPoolExecutor.java:305)
		at java.base/java.util.concurrent.ThreadPoolExecutor.runWorker(ThreadPoolExecutor.java:1144)
		at java.base/java.util.concurrent.ThreadPoolExecutor$Worker.run(ThreadPoolExecutor.java:642)
		at org.apache.tomcat.util.threads.TaskThread$WrappingRunnable.run(TaskThread.java:57)
		at java.base/java.lang.Thread.run(Thread.java:1583)
10-Jul-2026 03:23:12.860 SEVERE [Catalina-utility-1] org.apache.catalina.startup.ContextConfig.processAnnotationsJar Unable to process Jar [file:/usr/local/tomcat/webapps/lpu-reservation-system-0.0.1-SNAPSHOT/WEB-INF/lib/spring-aspects-7.0.6.jar] for annotations
	java.nio.file.NoSuchFileException: /usr/local/tomcat/webapps/lpu-reservation-system-0.0.1-SNAPSHOT/WEB-INF/lib/spring-aspects-7.0.6.jar
		at java.base/sun.nio.fs.UnixException.translateToIOException(UnixException.java:92)
		at java.base/sun.nio.fs.UnixException.rethrowAsIOException(UnixException.java:106)
		at java.base/sun.nio.fs.UnixException.rethrowAsIOException(UnixException.java:111)
		at java.base/sun.nio.fs.UnixFileAttributeViews$Basic.readAttributes(UnixFileAttributeViews.java:55)
		at java.base/sun.nio.fs.UnixFileSystemProvider.readAttributes(UnixFileSystemProvider.java:171)
		at java.base/sun.nio.fs.LinuxFileSystemProvider.readAttributes(LinuxFileSystemProvider.java:99)
		at java.base/java.nio.file.Files.readAttributes(Files.java:1854)
		at java.base/java.util.zip.ZipFile$Source.get(ZipFile.java:1445)
		at java.base/java.util.zip.ZipFile$CleanableResource.<init>(ZipFile.java:724)
		at java.base/java.util.zip.ZipFile.<init>(ZipFile.java:251)
		at java.base/java.util.zip.ZipFile.<init>(ZipFile.java:180)
		at java.base/java.util.jar.JarFile.<init>(JarFile.java:345)
		at org.apache.tomcat.util.scan.JarFileUrlJar.<init>(JarFileUrlJar.java:64)
		at org.apache.tomcat.util.scan.JarFactory.newInstance(JarFactory.java:50)
		at org.apache.catalina.startup.ContextConfig.processAnnotationsJar(ContextConfig.java:2178)
		at org.apache.catalina.startup.ContextConfig.processAnnotationsUrl(ContextConfig.java:2161)
		at org.apache.catalina.startup.ContextConfig.scanWebXmlFragment(ContextConfig.java:2070)
		at org.apache.catalina.startup.ContextConfig.processAnnotations(ContextConfig.java:2050)
		at org.apache.catalina.startup.ContextConfig.processClasses(ContextConfig.java:1366)
		at org.apache.catalina.startup.ContextConfig.webConfig(ContextConfig.java:1267)
		at org.apache.catalina.startup.ContextConfig.configureStart(ContextConfig.java:968)
		at org.apache.catalina.startup.ContextConfig.lifecycleEvent(ContextConfig.java:288)
		at org.apache.catalina.util.LifecycleBase.fireLifecycleEvent(LifecycleBase.java:109)
		at org.apache.catalina.core.StandardContext.startInternal(StandardContext.java:4338)
		at org.apache.catalina.util.LifecycleBase.start(LifecycleBase.java:164)
		at org.apache.catalina.core.ContainerBase.addChild(ContainerBase.java:564)
		at org.apache.catalina.core.StandardHost.addChild(StandardHost.java:663)
		at org.apache.catalina.startup.HostConfig.deployWAR(HostConfig.java:923)
		at org.apache.catalina.startup.HostConfig$DeployWar.run(HostConfig.java:1839)
		at java.base/java.util.concurrent.Executors$RunnableAdapter.call(Executors.java:572)
		at java.base/java.util.concurrent.FutureTask.run(FutureTask.java:317)
		at org.apache.tomcat.util.threads.InlineExecutorService.execute(InlineExecutorService.java:81)
		at java.base/java.util.concurrent.AbstractExecutorService.submit(AbstractExecutorService.java:123)
		at org.apache.catalina.startup.HostConfig.deployWARs(HostConfig.java:727)
		at org.apache.catalina.startup.HostConfig.deployApps(HostConfig.java:378)
		at org.apache.catalina.startup.HostConfig.check(HostConfig.java:1628)
		at org.apache.catalina.startup.HostConfig.lifecycleEvent(HostConfig.java:260)
		at org.apache.catalina.util.LifecycleBase.fireLifecycleEvent(LifecycleBase.java:109)
		at org.apache.catalina.core.ContainerBase.backgroundProcess(ContainerBase.java:938)
		at org.apache.catalina.core.ContainerBase$ContainerBackgroundProcessor.processChildren(ContainerBase.java:1137)
		at org.apache.catalina.core.ContainerBase$ContainerBackgroundProcessor.processChildren(ContainerBase.java:1141)
		at org.apache.catalina.core.ContainerBase$ContainerBackgroundProcessor.run(ContainerBase.java:1119)
		at java.base/java.util.concurrent.Executors$RunnableAdapter.call(Executors.java:572)
		at java.base/java.util.concurrent.FutureTask.runAndReset(FutureTask.java:358)
		at java.base/java.util.concurrent.ScheduledThreadPoolExecutor$ScheduledFutureTask.run(ScheduledThreadPoolExecutor.java:305)
		at java.base/java.util.concurrent.ThreadPoolExecutor.runWorker(ThreadPoolExecutor.java:1144)
		at java.base/java.util.concurrent.ThreadPoolExecutor$Worker.run(ThreadPoolExecutor.java:642)
		at org.apache.tomcat.util.threads.TaskThread$WrappingRunnable.run(TaskThread.java:57)
		at java.base/java.lang.Thread.run(Thread.java:1583)
10-Jul-2026 03:23:12.861 SEVERE [Catalina-utility-1] org.apache.catalina.startup.ContextConfig.processAnnotationsJar Unable to process Jar [file:/usr/local/tomcat/webapps/lpu-reservation-system-0.0.1-SNAPSHOT/WEB-INF/lib/jakarta.activation-api-2.1.4.jar] for annotations
	java.nio.file.NoSuchFileException: /usr/local/tomcat/webapps/lpu-reservation-system-0.0.1-SNAPSHOT/WEB-INF/lib/jakarta.activation-api-2.1.4.jar
		at java.base/sun.nio.fs.UnixException.translateToIOException(UnixException.java:92)
		at java.base/sun.nio.fs.UnixException.rethrowAsIOException(UnixException.java:106)
		at java.base/sun.nio.fs.UnixException.rethrowAsIOException(UnixException.java:111)
		at java.base/sun.nio.fs.UnixFileAttributeViews$Basic.readAttributes(UnixFileAttributeViews.java:55)
		at java.base/sun.nio.fs.UnixFileSystemProvider.readAttributes(UnixFileSystemProvider.java:171)
		at java.base/sun.nio.fs.LinuxFileSystemProvider.readAttributes(LinuxFileSystemProvider.java:99)
		at java.base/java.nio.file.Files.readAttributes(Files.java:1854)
		at java.base/java.util.zip.ZipFile$Source.get(ZipFile.java:1445)
		at java.base/java.util.zip.ZipFile$CleanableResource.<init>(ZipFile.java:724)
		at java.base/java.util.zip.ZipFile.<init>(ZipFile.java:251)
		at java.base/java.util.zip.ZipFile.<init>(ZipFile.java:180)
		at java.base/java.util.jar.JarFile.<init>(JarFile.java:345)
		at org.apache.tomcat.util.scan.JarFileUrlJar.<init>(JarFileUrlJar.java:64)
		at org.apache.tomcat.util.scan.JarFactory.newInstance(JarFactory.java:50)
		at org.apache.catalina.startup.ContextConfig.processAnnotationsJar(ContextConfig.java:2178)
		at org.apache.catalina.startup.ContextConfig.processAnnotationsUrl(ContextConfig.java:2161)
		at org.apache.catalina.startup.ContextConfig.scanWebXmlFragment(ContextConfig.java:2070)
		at org.apache.catalina.startup.ContextConfig.processAnnotations(ContextConfig.java:2050)
		at org.apache.catalina.startup.ContextConfig.processClasses(ContextConfig.java:1366)
		at org.apache.catalina.startup.ContextConfig.webConfig(ContextConfig.java:1267)
		at org.apache.catalina.startup.ContextConfig.configureStart(ContextConfig.java:968)
		at org.apache.catalina.startup.ContextConfig.lifecycleEvent(ContextConfig.java:288)
		at org.apache.catalina.util.LifecycleBase.fireLifecycleEvent(LifecycleBase.java:109)
		at org.apache.catalina.core.StandardContext.startInternal(StandardContext.java:4338)
		at org.apache.catalina.util.LifecycleBase.start(LifecycleBase.java:164)
		at org.apache.catalina.core.ContainerBase.addChild(ContainerBase.java:564)
		at org.apache.catalina.core.StandardHost.addChild(StandardHost.java:663)
		at org.apache.catalina.startup.HostConfig.deployWAR(HostConfig.java:923)
		at org.apache.catalina.startup.HostConfig$DeployWar.run(HostConfig.java:1839)
		at java.base/java.util.concurrent.Executors$RunnableAdapter.call(Executors.java:572)
		at java.base/java.util.concurrent.FutureTask.run(FutureTask.java:317)
		at org.apache.tomcat.util.threads.InlineExecutorService.execute(InlineExecutorService.java:81)
		at java.base/java.util.concurrent.AbstractExecutorService.submit(AbstractExecutorService.java:123)
		at org.apache.catalina.startup.HostConfig.deployWARs(HostConfig.java:727)
		at org.apache.catalina.startup.HostConfig.deployApps(HostConfig.java:378)
		at org.apache.catalina.startup.HostConfig.check(HostConfig.java:1628)
		at org.apache.catalina.startup.HostConfig.lifecycleEvent(HostConfig.java:260)
		at org.apache.catalina.util.LifecycleBase.fireLifecycleEvent(LifecycleBase.java:109)
		at org.apache.catalina.core.ContainerBase.backgroundProcess(ContainerBase.java:938)
		at org.apache.catalina.core.ContainerBase$ContainerBackgroundProcessor.processChildren(ContainerBase.java:1137)
		at org.apache.catalina.core.ContainerBase$ContainerBackgroundProcessor.processChildren(ContainerBase.java:1141)
		at org.apache.catalina.core.ContainerBase$ContainerBackgroundProcessor.run(ContainerBase.java:1119)
		at java.base/java.util.concurrent.Executors$RunnableAdapter.call(Executors.java:572)
		at java.base/java.util.concurrent.FutureTask.runAndReset(FutureTask.java:358)
		at java.base/java.util.concurrent.ScheduledThreadPoolExecutor$ScheduledFutureTask.run(ScheduledThreadPoolExecutor.java:305)
		at java.base/java.util.concurrent.ThreadPoolExecutor.runWorker(ThreadPoolExecutor.java:1144)
		at java.base/java.util.concurrent.ThreadPoolExecutor$Worker.run(ThreadPoolExecutor.java:642)
		at org.apache.tomcat.util.threads.TaskThread$WrappingRunnable.run(TaskThread.java:57)
		at java.base/java.lang.Thread.run(Thread.java:1583)
10-Jul-2026 03:23:12.861 SEVERE [Catalina-utility-1] org.apache.catalina.startup.ContextConfig.processAnnotationsJar Unable to process Jar [file:/usr/local/tomcat/webapps/lpu-reservation-system-0.0.1-SNAPSHOT/WEB-INF/lib/spring-webmvc-7.0.6.jar] for annotations
	java.nio.file.NoSuchFileException: /usr/local/tomcat/webapps/lpu-reservation-system-0.0.1-SNAPSHOT/WEB-INF/lib/spring-webmvc-7.0.6.jar
		at java.base/sun.nio.fs.UnixException.translateToIOException(UnixException.java:92)
		at java.base/sun.nio.fs.UnixException.rethrowAsIOException(UnixException.java:106)
		at java.base/sun.nio.fs.UnixException.rethrowAsIOException(UnixException.java:111)
		at java.base/sun.nio.fs.UnixFileAttributeViews$Basic.readAttributes(UnixFileAttributeViews.java:55)
		at java.base/sun.nio.fs.UnixFileSystemProvider.readAttributes(UnixFileSystemProvider.java:171)
		at java.base/sun.nio.fs.LinuxFileSystemProvider.readAttributes(LinuxFileSystemProvider.java:99)
		at java.base/java.nio.file.Files.readAttributes(Files.java:1854)
		at java.base/java.util.zip.ZipFile$Source.get(ZipFile.java:1445)
		at java.base/java.util.zip.ZipFile$CleanableResource.<init>(ZipFile.java:724)
		at java.base/java.util.zip.ZipFile.<init>(ZipFile.java:251)
		at java.base/java.util.zip.ZipFile.<init>(ZipFile.java:180)
		at java.base/java.util.jar.JarFile.<init>(JarFile.java:345)
		at org.apache.tomcat.util.scan.JarFileUrlJar.<init>(JarFileUrlJar.java:64)
		at org.apache.tomcat.util.scan.JarFactory.newInstance(JarFactory.java:50)
		at org.apache.catalina.startup.ContextConfig.processAnnotationsJar(ContextConfig.java:2178)
		at org.apache.catalina.startup.ContextConfig.processAnnotationsUrl(ContextConfig.java:2161)
		at org.apache.catalina.startup.ContextConfig.scanWebXmlFragment(ContextConfig.java:2070)
		at org.apache.catalina.startup.ContextConfig.processAnnotations(ContextConfig.java:2050)
		at org.apache.catalina.startup.ContextConfig.processClasses(ContextConfig.java:1366)
		at org.apache.catalina.startup.ContextConfig.webConfig(ContextConfig.java:1267)
		at org.apache.catalina.startup.ContextConfig.configureStart(ContextConfig.java:968)
		at org.apache.catalina.startup.ContextConfig.lifecycleEvent(ContextConfig.java:288)
		at org.apache.catalina.util.LifecycleBase.fireLifecycleEvent(LifecycleBase.java:109)
		at org.apache.catalina.core.StandardContext.startInternal(StandardContext.java:4338)
		at org.apache.catalina.util.LifecycleBase.start(LifecycleBase.java:164)
		at org.apache.catalina.core.ContainerBase.addChild(ContainerBase.java:564)
		at org.apache.catalina.core.StandardHost.addChild(StandardHost.java:663)
		at org.apache.catalina.startup.HostConfig.deployWAR(HostConfig.java:923)
		at org.apache.catalina.startup.HostConfig$DeployWar.run(HostConfig.java:1839)
		at java.base/java.util.concurrent.Executors$RunnableAdapter.call(Executors.java:572)
		at java.base/java.util.concurrent.FutureTask.run(FutureTask.java:317)
		at org.apache.tomcat.util.threads.InlineExecutorService.execute(InlineExecutorService.java:81)
		at java.base/java.util.concurrent.AbstractExecutorService.submit(AbstractExecutorService.java:123)
		at org.apache.catalina.startup.HostConfig.deployWARs(HostConfig.java:727)
		at org.apache.catalina.startup.HostConfig.deployApps(HostConfig.java:378)
		at org.apache.catalina.startup.HostConfig.check(HostConfig.java:1628)
		at org.apache.catalina.startup.HostConfig.lifecycleEvent(HostConfig.java:260)
		at org.apache.catalina.util.LifecycleBase.fireLifecycleEvent(LifecycleBase.java:109)
		at org.apache.catalina.core.ContainerBase.backgroundProcess(ContainerBase.java:938)
		at org.apache.catalina.core.ContainerBase$ContainerBackgroundProcessor.processChildren(ContainerBase.java:1137)
		at org.apache.catalina.core.ContainerBase$ContainerBackgroundProcessor.processChildren(ContainerBase.java:1141)
		at org.apache.catalina.core.ContainerBase$ContainerBackgroundProcessor.run(ContainerBase.java:1119)
		at java.base/java.util.concurrent.Executors$RunnableAdapter.call(Executors.java:572)
		at java.base/java.util.concurrent.FutureTask.runAndReset(FutureTask.java:358)
		at java.base/java.util.concurrent.ScheduledThreadPoolExecutor$ScheduledFutureTask.run(ScheduledThreadPoolExecutor.java:305)
		at java.base/java.util.concurrent.ThreadPoolExecutor.runWorker(ThreadPoolExecutor.java:1144)
		at java.base/java.util.concurrent.ThreadPoolExecutor$Worker.run(ThreadPoolExecutor.java:642)
		at org.apache.tomcat.util.threads.TaskThread$WrappingRunnable.run(TaskThread.java:57)
		at java.base/java.lang.Thread.run(Thread.java:1583)
10-Jul-2026 03:23:12.861 SEVERE [Catalina-utility-1] org.apache.catalina.startup.ContextConfig.processAnnotationsJar Unable to process Jar [file:/usr/local/tomcat/webapps/lpu-reservation-system-0.0.1-SNAPSHOT/WEB-INF/lib/spring-context-7.0.6.jar] for annotations
	java.nio.file.NoSuchFileException: /usr/local/tomcat/webapps/lpu-reservation-system-0.0.1-SNAPSHOT/WEB-INF/lib/spring-context-7.0.6.jar
		at java.base/sun.nio.fs.UnixException.translateToIOException(UnixException.java:92)
		at java.base/sun.nio.fs.UnixException.rethrowAsIOException(UnixException.java:106)
		at java.base/sun.nio.fs.UnixException.rethrowAsIOException(UnixException.java:111)
		at java.base/sun.nio.fs.UnixFileAttributeViews$Basic.readAttributes(UnixFileAttributeViews.java:55)
		at java.base/sun.nio.fs.UnixFileSystemProvider.readAttributes(UnixFileSystemProvider.java:171)
		at java.base/sun.nio.fs.LinuxFileSystemProvider.readAttributes(LinuxFileSystemProvider.java:99)
		at java.base/java.nio.file.Files.readAttributes(Files.java:1854)
		at java.base/java.util.zip.ZipFile$Source.get(ZipFile.java:1445)
		at java.base/java.util.zip.ZipFile$CleanableResource.<init>(ZipFile.java:724)
		at java.base/java.util.zip.ZipFile.<init>(ZipFile.java:251)
		at java.base/java.util.zip.ZipFile.<init>(ZipFile.java:180)
		at java.base/java.util.jar.JarFile.<init>(JarFile.java:345)
		at org.apache.tomcat.util.scan.JarFileUrlJar.<init>(JarFileUrlJar.java:64)
		at org.apache.tomcat.util.scan.JarFactory.newInstance(JarFactory.java:50)
		at org.apache.catalina.startup.ContextConfig.processAnnotationsJar(ContextConfig.java:2178)
		at org.apache.catalina.startup.ContextConfig.processAnnotationsUrl(ContextConfig.java:2161)
		at org.apache.catalina.startup.ContextConfig.scanWebXmlFragment(ContextConfig.java:2070)
		at org.apache.catalina.startup.ContextConfig.processAnnotations(ContextConfig.java:2050)
		at org.apache.catalina.startup.ContextConfig.processClasses(ContextConfig.java:1366)
		at org.apache.catalina.startup.ContextConfig.webConfig(ContextConfig.java:1267)
		at org.apache.catalina.startup.ContextConfig.configureStart(ContextConfig.java:968)
		at org.apache.catalina.startup.ContextConfig.lifecycleEvent(ContextConfig.java:288)
		at org.apache.catalina.util.LifecycleBase.fireLifecycleEvent(LifecycleBase.java:109)
		at org.apache.catalina.core.StandardContext.startInternal(StandardContext.java:4338)
		at org.apache.catalina.util.LifecycleBase.start(LifecycleBase.java:164)
		at org.apache.catalina.core.ContainerBase.addChild(ContainerBase.java:564)
		at org.apache.catalina.core.StandardHost.addChild(StandardHost.java:663)
		at org.apache.catalina.startup.HostConfig.deployWAR(HostConfig.java:923)
		at org.apache.catalina.startup.HostConfig$DeployWar.run(HostConfig.java:1839)
		at java.base/java.util.concurrent.Executors$RunnableAdapter.call(Executors.java:572)
		at java.base/java.util.concurrent.FutureTask.run(FutureTask.java:317)
		at org.apache.tomcat.util.threads.InlineExecutorService.execute(InlineExecutorService.java:81)
		at java.base/java.util.concurrent.AbstractExecutorService.submit(AbstractExecutorService.java:123)
		at org.apache.catalina.startup.HostConfig.deployWARs(HostConfig.java:727)
		at org.apache.catalina.startup.HostConfig.deployApps(HostConfig.java:378)
		at org.apache.catalina.startup.HostConfig.check(HostConfig.java:1628)
		at org.apache.catalina.startup.HostConfig.lifecycleEvent(HostConfig.java:260)
		at org.apache.catalina.util.LifecycleBase.fireLifecycleEvent(LifecycleBase.java:109)
		at org.apache.catalina.core.ContainerBase.backgroundProcess(ContainerBase.java:938)
		at org.apache.catalina.core.ContainerBase$ContainerBackgroundProcessor.processChildren(ContainerBase.java:1137)
		at org.apache.catalina.core.ContainerBase$ContainerBackgroundProcessor.processChildren(ContainerBase.java:1141)
		at org.apache.catalina.core.ContainerBase$ContainerBackgroundProcessor.run(ContainerBase.java:1119)
		at java.base/java.util.concurrent.Executors$RunnableAdapter.call(Executors.java:572)
		at java.base/java.util.concurrent.FutureTask.runAndReset(FutureTask.java:358)
		at java.base/java.util.concurrent.ScheduledThreadPoolExecutor$ScheduledFutureTask.run(ScheduledThreadPoolExecutor.java:305)
		at java.base/java.util.concurrent.ThreadPoolExecutor.runWorker(ThreadPoolExecutor.java:1144)
		at java.base/java.util.concurrent.ThreadPoolExecutor$Worker.run(ThreadPoolExecutor.java:642)
		at org.apache.tomcat.util.threads.TaskThread$WrappingRunnable.run(TaskThread.java:57)
		at java.base/java.lang.Thread.run(Thread.java:1583)
10-Jul-2026 03:23:12.862 SEVERE [Catalina-utility-1] org.apache.catalina.startup.ContextConfig.processAnnotationsJar Unable to process Jar [file:/usr/local/tomcat/webapps/lpu-reservation-system-0.0.1-SNAPSHOT/WEB-INF/lib/spring-instrument-7.0.6.jar] for annotations
	java.nio.file.NoSuchFileException: /usr/local/tomcat/webapps/lpu-reservation-system-0.0.1-SNAPSHOT/WEB-INF/lib/spring-instrument-7.0.6.jar
		at java.base/sun.nio.fs.UnixException.translateToIOException(UnixException.java:92)
		at java.base/sun.nio.fs.UnixException.rethrowAsIOException(UnixException.java:106)
		at java.base/sun.nio.fs.UnixException.rethrowAsIOException(UnixException.java:111)
		at java.base/sun.nio.fs.UnixFileAttributeViews$Basic.readAttributes(UnixFileAttributeViews.java:55)
		at java.base/sun.nio.fs.UnixFileSystemProvider.readAttributes(UnixFileSystemProvider.java:171)
		at java.base/sun.nio.fs.LinuxFileSystemProvider.readAttributes(LinuxFileSystemProvider.java:99)
		at java.base/java.nio.file.Files.readAttributes(Files.java:1854)
		at java.base/java.util.zip.ZipFile$Source.get(ZipFile.java:1445)
		at java.base/java.util.zip.ZipFile$CleanableResource.<init>(ZipFile.java:724)
		at java.base/java.util.zip.ZipFile.<init>(ZipFile.java:251)
		at java.base/java.util.zip.ZipFile.<init>(ZipFile.java:180)
		at java.base/java.util.jar.JarFile.<init>(JarFile.java:345)
		at org.apache.tomcat.util.scan.JarFileUrlJar.<init>(JarFileUrlJar.java:64)
		at org.apache.tomcat.util.scan.JarFactory.newInstance(JarFactory.java:50)
		at org.apache.catalina.startup.ContextConfig.processAnnotationsJar(ContextConfig.java:2178)
		at org.apache.catalina.startup.ContextConfig.processAnnotationsUrl(ContextConfig.java:2161)
		at org.apache.catalina.startup.ContextConfig.scanWebXmlFragment(ContextConfig.java:2070)
		at org.apache.catalina.startup.ContextConfig.processAnnotations(ContextConfig.java:2050)
		at org.apache.catalina.startup.ContextConfig.processClasses(ContextConfig.java:1366)
		at org.apache.catalina.startup.ContextConfig.webConfig(ContextConfig.java:1267)
		at org.apache.catalina.startup.ContextConfig.configureStart(ContextConfig.java:968)
		at org.apache.catalina.startup.ContextConfig.lifecycleEvent(ContextConfig.java:288)
		at org.apache.catalina.util.LifecycleBase.fireLifecycleEvent(LifecycleBase.java:109)
		at org.apache.catalina.core.StandardContext.startInternal(StandardContext.java:4338)
		at org.apache.catalina.util.LifecycleBase.start(LifecycleBase.java:164)
		at org.apache.catalina.core.ContainerBase.addChild(ContainerBase.java:564)
		at org.apache.catalina.core.StandardHost.addChild(StandardHost.java:663)
		at org.apache.catalina.startup.HostConfig.deployWAR(HostConfig.java:923)
		at org.apache.catalina.startup.HostConfig$DeployWar.run(HostConfig.java:1839)
		at java.base/java.util.concurrent.Executors$RunnableAdapter.call(Executors.java:572)
		at java.base/java.util.concurrent.FutureTask.run(FutureTask.java:317)
		at org.apache.tomcat.util.threads.InlineExecutorService.execute(InlineExecutorService.java:81)
		at java.base/java.util.concurrent.AbstractExecutorService.submit(AbstractExecutorService.java:123)
		at org.apache.catalina.startup.HostConfig.deployWARs(HostConfig.java:727)
		at org.apache.catalina.startup.HostConfig.deployApps(HostConfig.java:378)
		at org.apache.catalina.startup.HostConfig.check(HostConfig.java:1628)
		at org.apache.catalina.startup.HostConfig.lifecycleEvent(HostConfig.java:260)
		at org.apache.catalina.util.LifecycleBase.fireLifecycleEvent(LifecycleBase.java:109)
		at org.apache.catalina.core.ContainerBase.backgroundProcess(ContainerBase.java:938)
		at org.apache.catalina.core.ContainerBase$ContainerBackgroundProcessor.processChildren(ContainerBase.java:1137)
		at org.apache.catalina.core.ContainerBase$ContainerBackgroundProcessor.processChildren(ContainerBase.java:1141)
		at org.apache.catalina.core.ContainerBase$ContainerBackgroundProcessor.run(ContainerBase.java:1119)
		at java.base/java.util.concurrent.Executors$RunnableAdapter.call(Executors.java:572)
		at java.base/java.util.concurrent.FutureTask.runAndReset(FutureTask.java:358)
		at java.base/java.util.concurrent.ScheduledThreadPoolExecutor$ScheduledFutureTask.run(ScheduledThreadPoolExecutor.java:305)
		at java.base/java.util.concurrent.ThreadPoolExecutor.runWorker(ThreadPoolExecutor.java:1144)
		at java.base/java.util.concurrent.ThreadPoolExecutor$Worker.run(ThreadPoolExecutor.java:642)
		at org.apache.tomcat.util.threads.TaskThread$WrappingRunnable.run(TaskThread.java:57)
		at java.base/java.lang.Thread.run(Thread.java:1583)
10-Jul-2026 03:23:12.868 SEVERE [Catalina-utility-1] org.apache.catalina.startup.ContextConfig.processResourceJARs Failed to process JAR found at URL [file:/usr/local/tomcat/webapps/lpu-reservation-system-0.0.1-SNAPSHOT/WEB-INF/lib/jjwt-impl-0.11.5.jar] for static resources to be included in context with name [/lpu-reservation-system-0.0.1-SNAPSHOT]
10-Jul-2026 03:23:12.868 SEVERE [Catalina-utility-1] org.apache.catalina.startup.ContextConfig.processResourceJARs Failed to process JAR found at URL [file:/usr/local/tomcat/webapps/lpu-reservation-system-0.0.1-SNAPSHOT/WEB-INF/lib/jakarta.el-api-6.0.1.jar] for static resources to be included in context with name [/lpu-reservation-system-0.0.1-SNAPSHOT]
10-Jul-2026 03:23:12.868 SEVERE [Catalina-utility-1] org.apache.catalina.startup.ContextConfig.processResourceJARs Failed to process JAR found at URL [file:/usr/local/tomcat/webapps/lpu-reservation-system-0.0.1-SNAPSHOT/WEB-INF/lib/jackson-databind-2.18.3.jar] for static resources to be included in context with name [/lpu-reservation-system-0.0.1-SNAPSHOT]
10-Jul-2026 03:23:12.869 SEVERE [Catalina-utility-1] org.apache.catalina.startup.ContextConfig.processResourceJARs Failed to process JAR found at URL [file:/usr/local/tomcat/webapps/lpu-reservation-system-0.0.1-SNAPSHOT/WEB-INF/lib/attoparser-2.0.7.RELEASE.jar] for static resources to be included in context with name [/lpu-reservation-system-0.0.1-SNAPSHOT]
10-Jul-2026 03:23:12.869 SEVERE [Catalina-utility-1] org.apache.catalina.startup.ContextConfig.processResourceJARs Failed to process JAR found at URL [file:/usr/local/tomcat/webapps/lpu-reservation-system-0.0.1-SNAPSHOT/WEB-INF/lib/jakarta.xml.bind-api-4.0.5.jar] for static resources to be included in context with name [/lpu-reservation-system-0.0.1-SNAPSHOT]
10-Jul-2026 03:23:12.869 SEVERE [Catalina-utility-1] org.apache.catalina.startup.ContextConfig.processResourceJARs Failed to process JAR found at URL [file:/usr/local/tomcat/webapps/lpu-reservation-system-0.0.1-SNAPSHOT/WEB-INF/lib/mchange-commons-java-0.2.19.jar] for static resources to be included in context with name [/lpu-reservation-system-0.0.1-SNAPSHOT]
10-Jul-2026 03:23:12.869 SEVERE [Catalina-utility-1] org.apache.catalina.startup.ContextConfig.processResourceJARs Failed to process JAR found at URL [file:/usr/local/tomcat/webapps/lpu-reservation-system-0.0.1-SNAPSHOT/WEB-INF/lib/thymeleaf-3.1.3.RELEASE.jar] for static resources to be included in context with name [/lpu-reservation-system-0.0.1-SNAPSHOT]
10-Jul-2026 03:23:12.869 SEVERE [Catalina-utility-1] org.apache.catalina.startup.ContextConfig.processResourceJARs Failed to process JAR found at URL [file:/usr/local/tomcat/webapps/lpu-reservation-system-0.0.1-SNAPSHOT/WEB-INF/lib/spring-orm-7.0.6.jar] for static resources to be included in context with name [/lpu-reservation-system-0.0.1-SNAPSHOT]
10-Jul-2026 03:23:12.869 SEVERE [Catalina-utility-1] org.apache.catalina.startup.ContextConfig.processResourceJARs Failed to process JAR found at URL [file:/usr/local/tomcat/webapps/lpu-reservation-system-0.0.1-SNAPSHOT/WEB-INF/lib/jakarta.servlet.jsp.jstl-api-3.0.2.jar] for static resources to be included in context with name [/lpu-reservation-system-0.0.1-SNAPSHOT]
10-Jul-2026 03:23:12.870 SEVERE [Catalina-utility-1] org.apache.catalina.startup.ContextConfig.processResourceJARs Failed to process JAR found at URL [file:/usr/local/tomcat/webapps/lpu-reservation-system-0.0.1-SNAPSHOT/WEB-INF/lib/jakarta.servlet.jsp.jstl-3.0.1.jar] for static resources to be included in context with name [/lpu-reservation-system-0.0.1-SNAPSHOT]
10-Jul-2026 03:23:12.870 SEVERE [Catalina-utility-1] org.apache.catalina.startup.ContextConfig.processResourceJARs Failed to process JAR found at URL [file:/usr/local/tomcat/webapps/lpu-reservation-system-0.0.1-SNAPSHOT/WEB-INF/lib/jakarta.mail-api-2.1.3.jar] for static resources to be included in context with name [/lpu-reservation-system-0.0.1-SNAPSHOT]
10-Jul-2026 03:23:12.870 SEVERE [Catalina-utility-1] org.apache.catalina.startup.ContextConfig.processResourceJARs Failed to process JAR found at URL [file:/usr/local/tomcat/webapps/lpu-reservation-system-0.0.1-SNAPSHOT/WEB-INF/lib/spring-context-support-7.0.6.jar] for static resources to be included in context with name [/lpu-reservation-system-0.0.1-SNAPSHOT]
10-Jul-2026 03:23:12.870 SEVERE [Catalina-utility-1] org.apache.catalina.startup.ContextConfig.processResourceJARs Failed to process JAR found at URL [file:/usr/local/tomcat/webapps/lpu-reservation-system-0.0.1-SNAPSHOT/WEB-INF/lib/spring-web-7.0.6.jar] for static resources to be included in context with name [/lpu-reservation-system-0.0.1-SNAPSHOT]
10-Jul-2026 03:23:12.870 SEVERE [Catalina-utility-1] org.apache.catalina.startup.ContextConfig.processResourceJARs Failed to process JAR found at URL [file:/usr/local/tomcat/webapps/lpu-reservation-system-0.0.1-SNAPSHOT/WEB-INF/lib/micrometer-commons-1.15.1.jar] for static resources to be included in context with name [/lpu-reservation-system-0.0.1-SNAPSHOT]
10-Jul-2026 03:23:12.870 SEVERE [Catalina-utility-1] org.apache.catalina.startup.ContextConfig.processResourceJARs Failed to process JAR found at URL [file:/usr/local/tomcat/webapps/lpu-reservation-system-0.0.1-SNAPSHOT/WEB-INF/lib/ehcache-3.11.1-jakarta.jar] for static resources to be included in context with name [/lpu-reservation-system-0.0.1-SNAPSHOT]
10-Jul-2026 03:23:12.871 SEVERE [Catalina-utility-1] org.apache.catalina.startup.ContextConfig.processResourceJARs Failed to process JAR found at URL [file:/usr/local/tomcat/webapps/lpu-reservation-system-0.0.1-SNAPSHOT/WEB-INF/lib/jakarta.validation-api-3.0.2.jar] for static resources to be included in context with name [/lpu-reservation-system-0.0.1-SNAPSHOT]
10-Jul-2026 03:23:12.871 SEVERE [Catalina-utility-1] org.apache.catalina.startup.ContextConfig.processResourceJARs Failed to process JAR found at URL [file:/usr/local/tomcat/webapps/lpu-reservation-system-0.0.1-SNAPSHOT/WEB-INF/lib/angus-activation-2.0.2.jar] for static resources to be included in context with name [/lpu-reservation-system-0.0.1-SNAPSHOT]
10-Jul-2026 03:23:12.871 SEVERE [Catalina-utility-1] org.apache.catalina.startup.ContextConfig.processResourceJARs Failed to process JAR found at URL [file:/usr/local/tomcat/webapps/lpu-reservation-system-0.0.1-SNAPSHOT/WEB-INF/lib/spring-websocket-7.0.6.jar] for static resources to be included in context with name [/lpu-reservation-system-0.0.1-SNAPSHOT]
10-Jul-2026 03:23:12.871 SEVERE [Catalina-utility-1] org.apache.catalina.startup.ContextConfig.processResourceJARs Failed to process JAR found at URL [file:/usr/local/tomcat/webapps/lpu-reservation-system-0.0.1-SNAPSHOT/WEB-INF/lib/jboss-logging-3.6.1.Final.jar] for static resources to be included in context with name [/lpu-reservation-system-0.0.1-SNAPSHOT]
10-Jul-2026 03:23:12.871 SEVERE [Catalina-utility-1] org.apache.catalina.startup.ContextConfig.processResourceJARs Failed to process JAR found at URL [file:/usr/local/tomcat/webapps/lpu-reservation-system-0.0.1-SNAPSHOT/WEB-INF/lib/spring-beans-7.0.6.jar] for static resources to be included in context with name [/lpu-reservation-system-0.0.1-SNAPSHOT]
10-Jul-2026 03:23:12.871 SEVERE [Catalina-utility-1] org.apache.catalina.startup.ContextConfig.processResourceJARs Failed to process JAR found at URL [file:/usr/local/tomcat/webapps/lpu-reservation-system-0.0.1-SNAPSHOT/WEB-INF/lib/thymeleaf-spring6-3.1.3.RELEASE.jar] for static resources to be included in context with name [/lpu-reservation-system-0.0.1-SNAPSHOT]
10-Jul-2026 03:23:12.871 SEVERE [Catalina-utility-1] org.apache.catalina.startup.ContextConfig.processResourceJARs Failed to process JAR found at URL [file:/usr/local/tomcat/webapps/lpu-reservation-system-0.0.1-SNAPSHOT/WEB-INF/lib/jakarta.inject-api-2.0.1.jar] for static resources to be included in context with name [/lpu-reservation-system-0.0.1-SNAPSHOT]
10-Jul-2026 03:23:12.872 SEVERE [Catalina-utility-1] org.apache.catalina.startup.ContextConfig.processResourceJARs Failed to process JAR found at URL [file:/usr/local/tomcat/webapps/lpu-reservation-system-0.0.1-SNAPSHOT/WEB-INF/lib/checker-qual-3.52.0.jar] for static resources to be included in context with name [/lpu-reservation-system-0.0.1-SNAPSHOT]
10-Jul-2026 03:23:12.872 SEVERE [Catalina-utility-1] org.apache.catalina.startup.ContextConfig.processResourceJARs Failed to process JAR found at URL [file:/usr/local/tomcat/webapps/lpu-reservation-system-0.0.1-SNAPSHOT/WEB-INF/lib/spring-messaging-7.0.6.jar] for static resources to be included in context with name [/lpu-reservation-system-0.0.1-SNAPSHOT]
10-Jul-2026 03:23:12.872 SEVERE [Catalina-utility-1] org.apache.catalina.startup.ContextConfig.processResourceJARs Failed to process JAR found at URL [file:/usr/local/tomcat/webapps/lpu-reservation-system-0.0.1-SNAPSHOT/WEB-INF/lib/micrometer-observation-1.15.1.jar] for static resources to be included in context with name [/lpu-reservation-system-0.0.1-SNAPSHOT]
10-Jul-2026 03:23:12.872 SEVERE [Catalina-utility-1] org.apache.catalina.startup.ContextConfig.processResourceJARs Failed to process JAR found at URL [file:/usr/local/tomcat/webapps/lpu-reservation-system-0.0.1-SNAPSHOT/WEB-INF/lib/javassist-3.29.0-GA.jar] for static resources to be included in context with name [/lpu-reservation-system-0.0.1-SNAPSHOT]
10-Jul-2026 03:23:12.872 SEVERE [Catalina-utility-1] org.apache.catalina.startup.ContextConfig.processResourceJARs Failed to process JAR found at URL [file:/usr/local/tomcat/webapps/lpu-reservation-system-0.0.1-SNAPSHOT/WEB-INF/lib/opentest4j-1.3.0.jar] for static resources to be included in context with name [/lpu-reservation-system-0.0.1-SNAPSHOT]
10-Jul-2026 03:23:12.873 SEVERE [Catalina-utility-1] org.apache.catalina.startup.ContextConfig.processResourceJARs Failed to process JAR found at URL [file:/usr/local/tomcat/webapps/lpu-reservation-system-0.0.1-SNAPSHOT/WEB-INF/lib/btm-2.1.4.jar] for static resources to be included in context with name [/lpu-reservation-system-0.0.1-SNAPSHOT]
10-Jul-2026 03:23:12.873 SEVERE [Catalina-utility-1] org.apache.catalina.startup.ContextConfig.processResourceJARs Failed to process JAR found at URL [file:/usr/local/tomcat/webapps/lpu-reservation-system-0.0.1-SNAPSHOT/WEB-INF/lib/spring-security-core-6.5.1.jar] for static resources to be included in context with name [/lpu-reservation-system-0.0.1-SNAPSHOT]
10-Jul-2026 03:23:12.873 SEVERE [Catalina-utility-1] org.apache.catalina.startup.ContextConfig.processResourceJARs Failed to process JAR found at URL [file:/usr/local/tomcat/webapps/lpu-reservation-system-0.0.1-SNAPSHOT/WEB-INF/lib/classmate-1.7.0.jar] for static resources to be included in context with name [/lpu-reservation-system-0.0.1-SNAPSHOT]
10-Jul-2026 03:23:12.873 SEVERE [Catalina-utility-1] org.apache.catalina.startup.ContextConfig.processResourceJARs Failed to process JAR found at URL [file:/usr/local/tomcat/webapps/lpu-reservation-system-0.0.1-SNAPSHOT/WEB-INF/lib/spring-jdbc-7.0.6.jar] for static resources to be included in context with name [/lpu-reservation-system-0.0.1-SNAPSHOT]
10-Jul-2026 03:23:12.873 SEVERE [Catalina-utility-1] org.apache.catalina.startup.ContextConfig.processResourceJARs Failed to process JAR found at URL [file:/usr/local/tomcat/webapps/lpu-reservation-system-0.0.1-SNAPSHOT/WEB-INF/lib/c3p0-0.9.5.5.jar] for static resources to be included in context with name [/lpu-reservation-system-0.0.1-SNAPSHOT]
10-Jul-2026 03:23:12.874 SEVERE [Catalina-utility-1] org.apache.catalina.startup.ContextConfig.processResourceJARs Failed to process JAR found at URL [file:/usr/local/tomcat/webapps/lpu-reservation-system-0.0.1-SNAPSHOT/WEB-INF/lib/ehcache-transactions-3.11.1.jar] for static resources to be included in context with name [/lpu-reservation-system-0.0.1-SNAPSHOT]
10-Jul-2026 03:23:12.874 SEVERE [Catalina-utility-1] org.apache.catalina.startup.ContextConfig.processResourceJARs Failed to process JAR found at URL [file:/usr/local/tomcat/webapps/lpu-reservation-system-0.0.1-SNAPSHOT/WEB-INF/lib/txw2-4.0.5.jar] for static resources to be included in context with name [/lpu-reservation-system-0.0.1-SNAPSHOT]
10-Jul-2026 03:23:12.874 SEVERE [Catalina-utility-1] org.apache.catalina.startup.ContextConfig.processResourceJARs Failed to process JAR found at URL [file:/usr/local/tomcat/webapps/lpu-reservation-system-0.0.1-SNAPSHOT/WEB-INF/lib/jjwt-api-0.11.5.jar] for static resources to be included in context with name [/lpu-reservation-system-0.0.1-SNAPSHOT]
10-Jul-2026 03:23:12.874 SEVERE [Catalina-utility-1] org.apache.catalina.startup.ContextConfig.processResourceJARs Failed to process JAR found at URL [file:/usr/local/tomcat/webapps/lpu-reservation-system-0.0.1-SNAPSHOT/WEB-INF/lib/jakarta.transaction-api-2.0.1.jar] for static resources to be included in context with name [/lpu-reservation-system-0.0.1-SNAPSHOT]
10-Jul-2026 03:23:12.874 SEVERE [Catalina-utility-1] org.apache.catalina.startup.ContextConfig.processResourceJARs Failed to process JAR found at URL [file:/usr/local/tomcat/webapps/lpu-reservation-system-0.0.1-SNAPSHOT/WEB-INF/lib/ognl-3.3.4.jar] for static resources to be included in context with name [/lpu-reservation-system-0.0.1-SNAPSHOT]
10-Jul-2026 03:23:12.874 SEVERE [Catalina-utility-1] org.apache.catalina.startup.ContextConfig.processResourceJARs Failed to process JAR found at URL [file:/usr/local/tomcat/webapps/lpu-reservation-system-0.0.1-SNAPSHOT/WEB-INF/lib/spring-security-crypto-7.1.0.jar] for static resources to be included in context with name [/lpu-reservation-system-0.0.1-SNAPSHOT]
10-Jul-2026 03:23:12.874 SEVERE [Catalina-utility-1] org.apache.catalina.startup.ContextConfig.processResourceJARs Failed to process JAR found at URL [file:/usr/local/tomcat/webapps/lpu-reservation-system-0.0.1-SNAPSHOT/WEB-INF/lib/jspecify-1.0.0.jar] for static resources to be included in context with name [/lpu-reservation-system-0.0.1-SNAPSHOT]
10-Jul-2026 03:23:12.874 SEVERE [Catalina-utility-1] org.apache.catalina.startup.ContextConfig.processResourceJARs Failed to process JAR found at URL [file:/usr/local/tomcat/webapps/lpu-reservation-system-0.0.1-SNAPSHOT/WEB-INF/lib/apiguardian-api-1.1.2.jar] for static resources to be included in context with name [/lpu-reservation-system-0.0.1-SNAPSHOT]
10-Jul-2026 03:23:12.875 SEVERE [Catalina-utility-1] org.apache.catalina.startup.ContextConfig.processResourceJARs Failed to process JAR found at URL [file:/usr/local/tomcat/webapps/lpu-reservation-system-0.0.1-SNAPSHOT/WEB-INF/lib/angus-mail-2.0.3.jar] for static resources to be included in context with name [/lpu-reservation-system-0.0.1-SNAPSHOT]
10-Jul-2026 03:23:12.875 SEVERE [Catalina-utility-1] org.apache.catalina.startup.ContextConfig.processResourceJARs Failed to process JAR found at URL [file:/usr/local/tomcat/webapps/lpu-reservation-system-0.0.1-SNAPSHOT/WEB-INF/lib/spring-security-config-6.3.1.jar] for static resources to be included in context with name [/lpu-reservation-system-0.0.1-SNAPSHOT]
10-Jul-2026 03:23:12.877 SEVERE [Catalina-utility-1] org.apache.catalina.startup.ContextConfig.processResourceJARs Failed to process JAR found at URL [file:/usr/local/tomcat/webapps/lpu-reservation-system-0.0.1-SNAPSHOT/WEB-INF/lib/thumbnailator-0.4.20.jar] for static resources to be included in context with name [/lpu-reservation-system-0.0.1-SNAPSHOT]
10-Jul-2026 03:23:12.877 SEVERE [Catalina-utility-1] org.apache.catalina.startup.ContextConfig.processResourceJARs Failed to process JAR found at URL [file:/usr/local/tomcat/webapps/lpu-reservation-system-0.0.1-SNAPSHOT/WEB-INF/lib/unbescape-1.1.6.RELEASE.jar] for static resources to be included in context with name [/lpu-reservation-system-0.0.1-SNAPSHOT]
10-Jul-2026 03:23:12.877 SEVERE [Catalina-utility-1] org.apache.catalina.startup.ContextConfig.processResourceJARs Failed to process JAR found at URL [file:/usr/local/tomcat/webapps/lpu-reservation-system-0.0.1-SNAPSHOT/WEB-INF/lib/spring-core-7.0.6.jar] for static resources to be included in context with name [/lpu-reservation-system-0.0.1-SNAPSHOT]
10-Jul-2026 03:23:12.877 SEVERE [Catalina-utility-1] org.apache.catalina.startup.ContextConfig.processResourceJARs Failed to process JAR found at URL [file:/usr/local/tomcat/webapps/lpu-reservation-system-0.0.1-SNAPSHOT/WEB-INF/lib/spring-expression-7.0.6.jar] for static resources to be included in context with name [/lpu-reservation-system-0.0.1-SNAPSHOT]
10-Jul-2026 03:23:12.877 SEVERE [Catalina-utility-1] org.apache.catalina.startup.ContextConfig.processResourceJARs Failed to process JAR found at URL [file:/usr/local/tomcat/webapps/lpu-reservation-system-0.0.1-SNAPSHOT/WEB-INF/lib/cache-api-1.1.1.jar] for static resources to be included in context with name [/lpu-reservation-system-0.0.1-SNAPSHOT]
10-Jul-2026 03:23:12.877 SEVERE [Catalina-utility-1] org.apache.catalina.startup.ContextConfig.processResourceJARs Failed to process JAR found at URL [file:/usr/local/tomcat/webapps/lpu-reservation-system-0.0.1-SNAPSHOT/WEB-INF/lib/jakarta.servlet-api-6.0.0.jar] for static resources to be included in context with name [/lpu-reservation-system-0.0.1-SNAPSHOT]
10-Jul-2026 03:23:12.877 SEVERE [Catalina-utility-1] org.apache.catalina.startup.ContextConfig.processResourceJARs Failed to process JAR found at URL [file:/usr/local/tomcat/webapps/lpu-reservation-system-0.0.1-SNAPSHOT/WEB-INF/lib/spring-security-web-6.3.1.jar] for static resources to be included in context with name [/lpu-reservation-system-0.0.1-SNAPSHOT]
10-Jul-2026 03:23:12.878 SEVERE [Catalina-utility-1] org.apache.catalina.startup.ContextConfig.processResourceJARs Failed to process JAR found at URL [file:/usr/local/tomcat/webapps/lpu-reservation-system-0.0.1-SNAPSHOT/WEB-INF/lib/byte-buddy-1.17.6.jar] for static resources to be included in context with name [/lpu-reservation-system-0.0.1-SNAPSHOT]
10-Jul-2026 03:23:12.878 SEVERE [Catalina-utility-1] org.apache.catalina.startup.ContextConfig.processResourceJARs Failed to process JAR found at URL [file:/usr/local/tomcat/webapps/lpu-reservation-system-0.0.1-SNAPSHOT/WEB-INF/lib/spring-oxm-7.0.6.jar] for static resources to be included in context with name [/lpu-reservation-system-0.0.1-SNAPSHOT]
10-Jul-2026 03:23:12.878 SEVERE [Catalina-utility-1] org.apache.catalina.startup.ContextConfig.processResourceJARs Failed to process JAR found at URL [file:/usr/local/tomcat/webapps/lpu-reservation-system-0.0.1-SNAPSHOT/WEB-INF/lib/expressly-6.0.0.jar] for static resources to be included in context with name [/lpu-reservation-system-0.0.1-SNAPSHOT]
10-Jul-2026 03:23:12.878 SEVERE [Catalina-utility-1] org.apache.catalina.startup.ContextConfig.processResourceJARs Failed to process JAR found at URL [file:/usr/local/tomcat/webapps/lpu-reservation-system-0.0.1-SNAPSHOT/WEB-INF/lib/istack-commons-runtime-4.1.2.jar] for static resources to be included in context with name [/lpu-reservation-system-0.0.1-SNAPSHOT]
10-Jul-2026 03:23:12.878 SEVERE [Catalina-utility-1] org.apache.catalina.startup.ContextConfig.processResourceJARs Failed to process JAR found at URL [file:/usr/local/tomcat/webapps/lpu-reservation-system-0.0.1-SNAPSHOT/WEB-INF/lib/spring-tx-7.0.6.jar] for static resources to be included in context with name [/lpu-reservation-system-0.0.1-SNAPSHOT]
10-Jul-2026 03:23:12.878 SEVERE [Catalina-utility-1] org.apache.catalina.startup.ContextConfig.processResourceJARs Failed to process JAR found at URL [file:/usr/local/tomcat/webapps/lpu-reservation-system-0.0.1-SNAPSHOT/WEB-INF/lib/jakarta.persistence-api-3.2.0.jar] for static resources to be included in context with name [/lpu-reservation-system-0.0.1-SNAPSHOT]
10-Jul-2026 03:23:12.879 SEVERE [Catalina-utility-1] org.apache.catalina.startup.ContextConfig.processResourceJARs Failed to process JAR found at URL [file:/usr/local/tomcat/webapps/lpu-reservation-system-0.0.1-SNAPSHOT/WEB-INF/lib/jjwt-jackson-0.11.5.jar] for static resources to be included in context with name [/lpu-reservation-system-0.0.1-SNAPSHOT]
10-Jul-2026 03:23:12.879 SEVERE [Catalina-utility-1] org.apache.catalina.startup.ContextConfig.processResourceJARs Failed to process JAR found at URL [file:/usr/local/tomcat/webapps/lpu-reservation-system-0.0.1-SNAPSHOT/WEB-INF/lib/postgresql-42.7.10.jar] for static resources to be included in context with name [/lpu-reservation-system-0.0.1-SNAPSHOT]
10-Jul-2026 03:23:12.879 SEVERE [Catalina-utility-1] org.apache.catalina.startup.ContextConfig.processResourceJARs Failed to process JAR found at URL [file:/usr/local/tomcat/webapps/lpu-reservation-system-0.0.1-SNAPSHOT/WEB-INF/lib/spring-aop-7.0.6.jar] for static resources to be included in context with name [/lpu-reservation-system-0.0.1-SNAPSHOT]
10-Jul-2026 03:23:12.879 SEVERE [Catalina-utility-1] org.apache.catalina.startup.ContextConfig.processResourceJARs Failed to process JAR found at URL [file:/usr/local/tomcat/webapps/lpu-reservation-system-0.0.1-SNAPSHOT/WEB-INF/lib/webp-imageio-0.1.6.jar] for static resources to be included in context with name [/lpu-reservation-system-0.0.1-SNAPSHOT]
10-Jul-2026 03:23:12.879 SEVERE [Catalina-utility-1] org.apache.catalina.startup.ContextConfig.processResourceJARs Failed to process JAR found at URL [file:/usr/local/tomcat/webapps/lpu-reservation-system-0.0.1-SNAPSHOT/WEB-INF/lib/jackson-annotations-2.19.1.jar] for static resources to be included in context with name [/lpu-reservation-system-0.0.1-SNAPSHOT]
10-Jul-2026 03:23:12.879 SEVERE [Catalina-utility-1] org.apache.catalina.startup.ContextConfig.processResourceJARs Failed to process JAR found at URL [file:/usr/local/tomcat/webapps/lpu-reservation-system-0.0.1-SNAPSHOT/WEB-INF/lib/jackson-core-2.19.1.jar] for static resources to be included in context with name [/lpu-reservation-system-0.0.1-SNAPSHOT]
10-Jul-2026 03:23:12.879 SEVERE [Catalina-utility-1] org.apache.catalina.startup.ContextConfig.processResourceJARs Failed to process JAR found at URL [file:/usr/local/tomcat/webapps/lpu-reservation-system-0.0.1-SNAPSHOT/WEB-INF/lib/spring-aspects-7.0.6.jar] for static resources to be included in context with name [/lpu-reservation-system-0.0.1-SNAPSHOT]
10-Jul-2026 03:23:12.879 SEVERE [Catalina-utility-1] org.apache.catalina.startup.ContextConfig.processResourceJARs Failed to process JAR found at URL [file:/usr/local/tomcat/webapps/lpu-reservation-system-0.0.1-SNAPSHOT/WEB-INF/lib/jakarta.activation-api-2.1.4.jar] for static resources to be included in context with name [/lpu-reservation-system-0.0.1-SNAPSHOT]
10-Jul-2026 03:23:12.880 SEVERE [Catalina-utility-1] org.apache.catalina.startup.ContextConfig.processResourceJARs Failed to process JAR found at URL [file:/usr/local/tomcat/webapps/lpu-reservation-system-0.0.1-SNAPSHOT/WEB-INF/lib/spring-webmvc-7.0.6.jar] for static resources to be included in context with name [/lpu-reservation-system-0.0.1-SNAPSHOT]
10-Jul-2026 03:23:12.880 SEVERE [Catalina-utility-1] org.apache.catalina.startup.ContextConfig.processResourceJARs Failed to process JAR found at URL [file:/usr/local/tomcat/webapps/lpu-reservation-system-0.0.1-SNAPSHOT/WEB-INF/lib/spring-context-7.0.6.jar] for static resources to be included in context with name [/lpu-reservation-system-0.0.1-SNAPSHOT]
10-Jul-2026 03:23:12.880 SEVERE [Catalina-utility-1] org.apache.catalina.startup.ContextConfig.processResourceJARs Failed to process JAR found at URL [file:/usr/local/tomcat/webapps/lpu-reservation-system-0.0.1-SNAPSHOT/WEB-INF/lib/spring-instrument-7.0.6.jar] for static resources to be included in context with name [/lpu-reservation-system-0.0.1-SNAPSHOT]
10-Jul-2026 03:23:12.988 WARNING [Catalina-utility-1] org.apache.tomcat.util.scan.StandardJarScanner.processURLs Failed to scan [file:/usr/local/tomcat/webapps/lpu-reservation-system-0.0.1-SNAPSHOT/WEB-INF/lib/angus-mail-2.0.3.jar] from classloader hierarchy
	java.nio.file.NoSuchFileException: /usr/local/tomcat/webapps/lpu-reservation-system-0.0.1-SNAPSHOT/WEB-INF/lib/angus-mail-2.0.3.jar
		at java.base/sun.nio.fs.UnixException.translateToIOException(UnixException.java:92)
		at java.base/sun.nio.fs.UnixException.rethrowAsIOException(UnixException.java:106)
		at java.base/sun.nio.fs.UnixException.rethrowAsIOException(UnixException.java:111)
		at java.base/sun.nio.fs.UnixFileAttributeViews$Basic.readAttributes(UnixFileAttributeViews.java:55)
		at java.base/sun.nio.fs.UnixFileSystemProvider.readAttributes(UnixFileSystemProvider.java:171)
		at java.base/sun.nio.fs.LinuxFileSystemProvider.readAttributes(LinuxFileSystemProvider.java:99)
		at java.base/java.nio.file.Files.readAttributes(Files.java:1854)
		at java.base/java.util.zip.ZipFile$Source.get(ZipFile.java:1445)
		at java.base/java.util.zip.ZipFile$CleanableResource.<init>(ZipFile.java:724)
		at java.base/java.util.zip.ZipFile.<init>(ZipFile.java:251)
		at java.base/java.util.zip.ZipFile.<init>(ZipFile.java:180)
		at java.base/java.util.jar.JarFile.<init>(JarFile.java:345)
		at org.apache.tomcat.util.scan.JarFileUrlJar.<init>(JarFileUrlJar.java:64)
		at org.apache.tomcat.util.scan.JarFactory.newInstance(JarFactory.java:50)
		at org.apache.tomcat.util.scan.StandardJarScanner.process(StandardJarScanner.java:391)
		at org.apache.tomcat.util.scan.StandardJarScanner.processURLs(StandardJarScanner.java:332)
		at org.apache.tomcat.util.scan.StandardJarScanner.doScanClassPath(StandardJarScanner.java:278)
		at org.apache.tomcat.util.scan.StandardJarScanner.scan(StandardJarScanner.java:242)
		at org.apache.jasper.servlet.TldScanner.scanJars(TldScanner.java:248)
		at org.apache.jasper.servlet.TldScanner.scan(TldScanner.java:98)
		at org.apache.jasper.servlet.JasperInitializer.onStartup(JasperInitializer.java:79)
		at org.apache.catalina.core.StandardContext.startInternal(StandardContext.java:4420)
		at org.apache.catalina.util.LifecycleBase.start(LifecycleBase.java:164)
		at org.apache.catalina.core.ContainerBase.addChild(ContainerBase.java:564)
		at org.apache.catalina.core.StandardHost.addChild(StandardHost.java:663)
		at org.apache.catalina.startup.HostConfig.deployWAR(HostConfig.java:923)
		at org.apache.catalina.startup.HostConfig$DeployWar.run(HostConfig.java:1839)
		at java.base/java.util.concurrent.Executors$RunnableAdapter.call(Executors.java:572)
		at java.base/java.util.concurrent.FutureTask.run(FutureTask.java:317)
		at org.apache.tomcat.util.threads.InlineExecutorService.execute(InlineExecutorService.java:81)
		at java.base/java.util.concurrent.AbstractExecutorService.submit(AbstractExecutorService.java:123)
		at org.apache.catalina.startup.HostConfig.deployWARs(HostConfig.java:727)
		at org.apache.catalina.startup.HostConfig.deployApps(HostConfig.java:378)
		at org.apache.catalina.startup.HostConfig.check(HostConfig.java:1628)
		at org.apache.catalina.startup.HostConfig.lifecycleEvent(HostConfig.java:260)
		at org.apache.catalina.util.LifecycleBase.fireLifecycleEvent(LifecycleBase.java:109)
		at org.apache.catalina.core.ContainerBase.backgroundProcess(ContainerBase.java:938)
		at org.apache.catalina.core.ContainerBase$ContainerBackgroundProcessor.processChildren(ContainerBase.java:1137)
		at org.apache.catalina.core.ContainerBase$ContainerBackgroundProcessor.processChildren(ContainerBase.java:1141)
		at org.apache.catalina.core.ContainerBase$ContainerBackgroundProcessor.run(ContainerBase.java:1119)
		at java.base/java.util.concurrent.Executors$RunnableAdapter.call(Executors.java:572)
		at java.base/java.util.concurrent.FutureTask.runAndReset(FutureTask.java:358)
		at java.base/java.util.concurrent.ScheduledThreadPoolExecutor$ScheduledFutureTask.run(ScheduledThreadPoolExecutor.java:305)
		at java.base/java.util.concurrent.ThreadPoolExecutor.runWorker(ThreadPoolExecutor.java:1144)
		at java.base/java.util.concurrent.ThreadPoolExecutor$Worker.run(ThreadPoolExecutor.java:642)
		at org.apache.tomcat.util.threads.TaskThread$WrappingRunnable.run(TaskThread.java:57)
		at java.base/java.lang.Thread.run(Thread.java:1583)
10-Jul-2026 03:23:12.990 WARNING [Catalina-utility-1] org.apache.tomcat.util.scan.StandardJarScanner.processURLs Failed to scan [file:/usr/local/tomcat/webapps/lpu-reservation-system-0.0.1-SNAPSHOT/WEB-INF/lib/thumbnailator-0.4.20.jar] from classloader hierarchy
	java.nio.file.NoSuchFileException: /usr/local/tomcat/webapps/lpu-reservation-system-0.0.1-SNAPSHOT/WEB-INF/lib/thumbnailator-0.4.20.jar
		at java.base/sun.nio.fs.UnixException.translateToIOException(UnixException.java:92)
		at java.base/sun.nio.fs.UnixException.rethrowAsIOException(UnixException.java:106)
		at java.base/sun.nio.fs.UnixException.rethrowAsIOException(UnixException.java:111)
		at java.base/sun.nio.fs.UnixFileAttributeViews$Basic.readAttributes(UnixFileAttributeViews.java:55)
		at java.base/sun.nio.fs.UnixFileSystemProvider.readAttributes(UnixFileSystemProvider.java:171)
		at java.base/sun.nio.fs.LinuxFileSystemProvider.readAttributes(LinuxFileSystemProvider.java:99)
		at java.base/java.nio.file.Files.readAttributes(Files.java:1854)
		at java.base/java.util.zip.ZipFile$Source.get(ZipFile.java:1445)
		at java.base/java.util.zip.ZipFile$CleanableResource.<init>(ZipFile.java:724)
		at java.base/java.util.zip.ZipFile.<init>(ZipFile.java:251)
		at java.base/java.util.zip.ZipFile.<init>(ZipFile.java:180)
		at java.base/java.util.jar.JarFile.<init>(JarFile.java:345)
		at org.apache.tomcat.util.scan.JarFileUrlJar.<init>(JarFileUrlJar.java:64)
		at org.apache.tomcat.util.scan.JarFactory.newInstance(JarFactory.java:50)
		at org.apache.tomcat.util.scan.StandardJarScanner.process(StandardJarScanner.java:391)
		at org.apache.tomcat.util.scan.StandardJarScanner.processURLs(StandardJarScanner.java:332)
		at org.apache.tomcat.util.scan.StandardJarScanner.doScanClassPath(StandardJarScanner.java:278)
		at org.apache.tomcat.util.scan.StandardJarScanner.scan(StandardJarScanner.java:242)
		at org.apache.jasper.servlet.TldScanner.scanJars(TldScanner.java:248)
		at org.apache.jasper.servlet.TldScanner.scan(TldScanner.java:98)
		at org.apache.jasper.servlet.JasperInitializer.onStartup(JasperInitializer.java:79)
		at org.apache.catalina.core.StandardContext.startInternal(StandardContext.java:4420)
		at org.apache.catalina.util.LifecycleBase.start(LifecycleBase.java:164)
		at org.apache.catalina.core.ContainerBase.addChild(ContainerBase.java:564)
		at org.apache.catalina.core.StandardHost.addChild(StandardHost.java:663)
		at org.apache.catalina.startup.HostConfig.deployWAR(HostConfig.java:923)
		at org.apache.catalina.startup.HostConfig$DeployWar.run(HostConfig.java:1839)
		at java.base/java.util.concurrent.Executors$RunnableAdapter.call(Executors.java:572)
		at java.base/java.util.concurrent.FutureTask.run(FutureTask.java:317)
		at org.apache.tomcat.util.threads.InlineExecutorService.execute(InlineExecutorService.java:81)
		at java.base/java.util.concurrent.AbstractExecutorService.submit(AbstractExecutorService.java:123)
		at org.apache.catalina.startup.HostConfig.deployWARs(HostConfig.java:727)
		at org.apache.catalina.startup.HostConfig.deployApps(HostConfig.java:378)
		at org.apache.catalina.startup.HostConfig.check(HostConfig.java:1628)
		at org.apache.catalina.startup.HostConfig.lifecycleEvent(HostConfig.java:260)
		at org.apache.catalina.util.LifecycleBase.fireLifecycleEvent(LifecycleBase.java:109)
		at org.apache.catalina.core.ContainerBase.backgroundProcess(ContainerBase.java:938)
		at org.apache.catalina.core.ContainerBase$ContainerBackgroundProcessor.processChildren(ContainerBase.java:1137)
		at org.apache.catalina.core.ContainerBase$ContainerBackgroundProcessor.processChildren(ContainerBase.java:1141)
		at org.apache.catalina.core.ContainerBase$ContainerBackgroundProcessor.run(ContainerBase.java:1119)
		at java.base/java.util.concurrent.Executors$RunnableAdapter.call(Executors.java:572)
		at java.base/java.util.concurrent.FutureTask.runAndReset(FutureTask.java:358)
		at java.base/java.util.concurrent.ScheduledThreadPoolExecutor$ScheduledFutureTask.run(ScheduledThreadPoolExecutor.java:305)
		at java.base/java.util.concurrent.ThreadPoolExecutor.runWorker(ThreadPoolExecutor.java:1144)
		at java.base/java.util.concurrent.ThreadPoolExecutor$Worker.run(ThreadPoolExecutor.java:642)
		at org.apache.tomcat.util.threads.TaskThread$WrappingRunnable.run(TaskThread.java:57)
		at java.base/java.lang.Thread.run(Thread.java:1583)
10-Jul-2026 03:23:12.992 WARNING [Catalina-utility-1] org.apache.tomcat.util.scan.StandardJarScanner.processURLs Failed to scan [file:/usr/local/tomcat/webapps/lpu-reservation-system-0.0.1-SNAPSHOT/WEB-INF/lib/jakarta.mail-api-2.1.3.jar] from classloader hierarchy
	java.nio.file.NoSuchFileException: /usr/local/tomcat/webapps/lpu-reservation-system-0.0.1-SNAPSHOT/WEB-INF/lib/jakarta.mail-api-2.1.3.jar
		at java.base/sun.nio.fs.UnixException.translateToIOException(UnixException.java:92)
		at java.base/sun.nio.fs.UnixException.rethrowAsIOException(UnixException.java:106)
		at java.base/sun.nio.fs.UnixException.rethrowAsIOException(UnixException.java:111)
		at java.base/sun.nio.fs.UnixFileAttributeViews$Basic.readAttributes(UnixFileAttributeViews.java:55)
		at java.base/sun.nio.fs.UnixFileSystemProvider.readAttributes(UnixFileSystemProvider.java:171)
		at java.base/sun.nio.fs.LinuxFileSystemProvider.readAttributes(LinuxFileSystemProvider.java:99)
		at java.base/java.nio.file.Files.readAttributes(Files.java:1854)
		at java.base/java.util.zip.ZipFile$Source.get(ZipFile.java:1445)
		at java.base/java.util.zip.ZipFile$CleanableResource.<init>(ZipFile.java:724)
		at java.base/java.util.zip.ZipFile.<init>(ZipFile.java:251)
		at java.base/java.util.zip.ZipFile.<init>(ZipFile.java:180)
		at java.base/java.util.jar.JarFile.<init>(JarFile.java:345)
		at org.apache.tomcat.util.scan.JarFileUrlJar.<init>(JarFileUrlJar.java:64)
		at org.apache.tomcat.util.scan.JarFactory.newInstance(JarFactory.java:50)
		at org.apache.tomcat.util.scan.StandardJarScanner.process(StandardJarScanner.java:391)
		at org.apache.tomcat.util.scan.StandardJarScanner.processURLs(StandardJarScanner.java:332)
		at org.apache.tomcat.util.scan.StandardJarScanner.doScanClassPath(StandardJarScanner.java:278)
		at org.apache.tomcat.util.scan.StandardJarScanner.scan(StandardJarScanner.java:242)
		at org.apache.jasper.servlet.TldScanner.scanJars(TldScanner.java:248)
		at org.apache.jasper.servlet.TldScanner.scan(TldScanner.java:98)
		at org.apache.jasper.servlet.JasperInitializer.onStartup(JasperInitializer.java:79)
		at org.apache.catalina.core.StandardContext.startInternal(StandardContext.java:4420)
		at org.apache.catalina.util.LifecycleBase.start(LifecycleBase.java:164)
		at org.apache.catalina.core.ContainerBase.addChild(ContainerBase.java:564)
		at org.apache.catalina.core.StandardHost.addChild(StandardHost.java:663)
		at org.apache.catalina.startup.HostConfig.deployWAR(HostConfig.java:923)
		at org.apache.catalina.startup.HostConfig$DeployWar.run(HostConfig.java:1839)
		at java.base/java.util.concurrent.Executors$RunnableAdapter.call(Executors.java:572)
		at java.base/java.util.concurrent.FutureTask.run(FutureTask.java:317)
		at org.apache.tomcat.util.threads.InlineExecutorService.execute(InlineExecutorService.java:81)
		at java.base/java.util.concurrent.AbstractExecutorService.submit(AbstractExecutorService.java:123)
		at org.apache.catalina.startup.HostConfig.deployWARs(HostConfig.java:727)
		at org.apache.catalina.startup.HostConfig.deployApps(HostConfig.java:378)
		at org.apache.catalina.startup.HostConfig.check(HostConfig.java:1628)
		at org.apache.catalina.startup.HostConfig.lifecycleEvent(HostConfig.java:260)
		at org.apache.catalina.util.LifecycleBase.fireLifecycleEvent(LifecycleBase.java:109)
		at org.apache.catalina.core.ContainerBase.backgroundProcess(ContainerBase.java:938)
		at org.apache.catalina.core.ContainerBase$ContainerBackgroundProcessor.processChildren(ContainerBase.java:1137)
		at org.apache.catalina.core.ContainerBase$ContainerBackgroundProcessor.processChildren(ContainerBase.java:1141)
		at org.apache.catalina.core.ContainerBase$ContainerBackgroundProcessor.run(ContainerBase.java:1119)
		at java.base/java.util.concurrent.Executors$RunnableAdapter.call(Executors.java:572)
		at java.base/java.util.concurrent.FutureTask.runAndReset(FutureTask.java:358)
		at java.base/java.util.concurrent.ScheduledThreadPoolExecutor$ScheduledFutureTask.run(ScheduledThreadPoolExecutor.java:305)
		at java.base/java.util.concurrent.ThreadPoolExecutor.runWorker(ThreadPoolExecutor.java:1144)
		at java.base/java.util.concurrent.ThreadPoolExecutor$Worker.run(ThreadPoolExecutor.java:642)
		at org.apache.tomcat.util.threads.TaskThread$WrappingRunnable.run(TaskThread.java:57)
		at java.base/java.lang.Thread.run(Thread.java:1583)
10-Jul-2026 03:23:12.992 WARNING [Catalina-utility-1] org.apache.tomcat.util.scan.StandardJarScanner.processURLs Failed to scan [file:/usr/local/tomcat/webapps/lpu-reservation-system-0.0.1-SNAPSHOT/WEB-INF/lib/spring-context-7.0.6.jar] from classloader hierarchy
	java.nio.file.NoSuchFileException: /usr/local/tomcat/webapps/lpu-reservation-system-0.0.1-SNAPSHOT/WEB-INF/lib/spring-context-7.0.6.jar
		at java.base/sun.nio.fs.UnixException.translateToIOException(UnixException.java:92)
		at java.base/sun.nio.fs.UnixException.rethrowAsIOException(UnixException.java:106)
		at java.base/sun.nio.fs.UnixException.rethrowAsIOException(UnixException.java:111)
		at java.base/sun.nio.fs.UnixFileAttributeViews$Basic.readAttributes(UnixFileAttributeViews.java:55)
		at java.base/sun.nio.fs.UnixFileSystemProvider.readAttributes(UnixFileSystemProvider.java:171)
		at java.base/sun.nio.fs.LinuxFileSystemProvider.readAttributes(LinuxFileSystemProvider.java:99)
		at java.base/java.nio.file.Files.readAttributes(Files.java:1854)
		at java.base/java.util.zip.ZipFile$Source.get(ZipFile.java:1445)
		at java.base/java.util.zip.ZipFile$CleanableResource.<init>(ZipFile.java:724)
		at java.base/java.util.zip.ZipFile.<init>(ZipFile.java:251)
		at java.base/java.util.zip.ZipFile.<init>(ZipFile.java:180)
		at java.base/java.util.jar.JarFile.<init>(JarFile.java:345)
		at org.apache.tomcat.util.scan.JarFileUrlJar.<init>(JarFileUrlJar.java:64)
		at org.apache.tomcat.util.scan.JarFactory.newInstance(JarFactory.java:50)
		at org.apache.tomcat.util.scan.StandardJarScanner.process(StandardJarScanner.java:391)
		at org.apache.tomcat.util.scan.StandardJarScanner.processURLs(StandardJarScanner.java:332)
		at org.apache.tomcat.util.scan.StandardJarScanner.doScanClassPath(StandardJarScanner.java:278)
		at org.apache.tomcat.util.scan.StandardJarScanner.scan(StandardJarScanner.java:242)
		at org.apache.jasper.servlet.TldScanner.scanJars(TldScanner.java:248)
		at org.apache.jasper.servlet.TldScanner.scan(TldScanner.java:98)
		at org.apache.jasper.servlet.JasperInitializer.onStartup(JasperInitializer.java:79)
		at org.apache.catalina.core.StandardContext.startInternal(StandardContext.java:4420)
		at org.apache.catalina.util.LifecycleBase.start(LifecycleBase.java:164)
		at org.apache.catalina.core.ContainerBase.addChild(ContainerBase.java:564)
		at org.apache.catalina.core.StandardHost.addChild(StandardHost.java:663)
		at org.apache.catalina.startup.HostConfig.deployWAR(HostConfig.java:923)
		at org.apache.catalina.startup.HostConfig$DeployWar.run(HostConfig.java:1839)
		at java.base/java.util.concurrent.Executors$RunnableAdapter.call(Executors.java:572)
		at java.base/java.util.concurrent.FutureTask.run(FutureTask.java:317)
		at org.apache.tomcat.util.threads.InlineExecutorService.execute(InlineExecutorService.java:81)
		at java.base/java.util.concurrent.AbstractExecutorService.submit(AbstractExecutorService.java:123)
		at org.apache.catalina.startup.HostConfig.deployWARs(HostConfig.java:727)
		at org.apache.catalina.startup.HostConfig.deployApps(HostConfig.java:378)
		at org.apache.catalina.startup.HostConfig.check(HostConfig.java:1628)
		at org.apache.catalina.startup.HostConfig.lifecycleEvent(HostConfig.java:260)
		at org.apache.catalina.util.LifecycleBase.fireLifecycleEvent(LifecycleBase.java:109)
		at org.apache.catalina.core.ContainerBase.backgroundProcess(ContainerBase.java:938)
		at org.apache.catalina.core.ContainerBase$ContainerBackgroundProcessor.processChildren(ContainerBase.java:1137)
		at org.apache.catalina.core.ContainerBase$ContainerBackgroundProcessor.processChildren(ContainerBase.java:1141)
		at org.apache.catalina.core.ContainerBase$ContainerBackgroundProcessor.run(ContainerBase.java:1119)
		at java.base/java.util.concurrent.Executors$RunnableAdapter.call(Executors.java:572)
		at java.base/java.util.concurrent.FutureTask.runAndReset(FutureTask.java:358)
		at java.base/java.util.concurrent.ScheduledThreadPoolExecutor$ScheduledFutureTask.run(ScheduledThreadPoolExecutor.java:305)
		at java.base/java.util.concurrent.ThreadPoolExecutor.runWorker(ThreadPoolExecutor.java:1144)
		at java.base/java.util.concurrent.ThreadPoolExecutor$Worker.run(ThreadPoolExecutor.java:642)
		at org.apache.tomcat.util.threads.TaskThread$WrappingRunnable.run(TaskThread.java:57)
		at java.base/java.lang.Thread.run(Thread.java:1583)
10-Jul-2026 03:23:12.993 WARNING [Catalina-utility-1] org.apache.tomcat.util.scan.StandardJarScanner.processURLs Failed to scan [file:/usr/local/tomcat/webapps/lpu-reservation-system-0.0.1-SNAPSHOT/WEB-INF/lib/thymeleaf-3.1.3.RELEASE.jar] from classloader hierarchy
	java.nio.file.NoSuchFileException: /usr/local/tomcat/webapps/lpu-reservation-system-0.0.1-SNAPSHOT/WEB-INF/lib/thymeleaf-3.1.3.RELEASE.jar
		at java.base/sun.nio.fs.UnixException.translateToIOException(UnixException.java:92)
		at java.base/sun.nio.fs.UnixException.rethrowAsIOException(UnixException.java:106)
		at java.base/sun.nio.fs.UnixException.rethrowAsIOException(UnixException.java:111)
		at java.base/sun.nio.fs.UnixFileAttributeViews$Basic.readAttributes(UnixFileAttributeViews.java:55)
		at java.base/sun.nio.fs.UnixFileSystemProvider.readAttributes(UnixFileSystemProvider.java:171)
		at java.base/sun.nio.fs.LinuxFileSystemProvider.readAttributes(LinuxFileSystemProvider.java:99)
		at java.base/java.nio.file.Files.readAttributes(Files.java:1854)
		at java.base/java.util.zip.ZipFile$Source.get(ZipFile.java:1445)
		at java.base/java.util.zip.ZipFile$CleanableResource.<init>(ZipFile.java:724)
		at java.base/java.util.zip.ZipFile.<init>(ZipFile.java:251)
		at java.base/java.util.zip.ZipFile.<init>(ZipFile.java:180)
		at java.base/java.util.jar.JarFile.<init>(JarFile.java:345)
		at org.apache.tomcat.util.scan.JarFileUrlJar.<init>(JarFileUrlJar.java:64)
		at org.apache.tomcat.util.scan.JarFactory.newInstance(JarFactory.java:50)
		at org.apache.tomcat.util.scan.StandardJarScanner.process(StandardJarScanner.java:391)
		at org.apache.tomcat.util.scan.StandardJarScanner.processURLs(StandardJarScanner.java:332)
		at org.apache.tomcat.util.scan.StandardJarScanner.doScanClassPath(StandardJarScanner.java:278)
		at org.apache.tomcat.util.scan.StandardJarScanner.scan(StandardJarScanner.java:242)
		at org.apache.jasper.servlet.TldScanner.scanJars(TldScanner.java:248)
		at org.apache.jasper.servlet.TldScanner.scan(TldScanner.java:98)
		at org.apache.jasper.servlet.JasperInitializer.onStartup(JasperInitializer.java:79)
		at org.apache.catalina.core.StandardContext.startInternal(StandardContext.java:4420)
		at org.apache.catalina.util.LifecycleBase.start(LifecycleBase.java:164)
		at org.apache.catalina.core.ContainerBase.addChild(ContainerBase.java:564)
		at org.apache.catalina.core.StandardHost.addChild(StandardHost.java:663)
		at org.apache.catalina.startup.HostConfig.deployWAR(HostConfig.java:923)
		at org.apache.catalina.startup.HostConfig$DeployWar.run(HostConfig.java:1839)
		at java.base/java.util.concurrent.Executors$RunnableAdapter.call(Executors.java:572)
		at java.base/java.util.concurrent.FutureTask.run(FutureTask.java:317)
		at org.apache.tomcat.util.threads.InlineExecutorService.execute(InlineExecutorService.java:81)
		at java.base/java.util.concurrent.AbstractExecutorService.submit(AbstractExecutorService.java:123)
		at org.apache.catalina.startup.HostConfig.deployWARs(HostConfig.java:727)
		at org.apache.catalina.startup.HostConfig.deployApps(HostConfig.java:378)
		at org.apache.catalina.startup.HostConfig.check(HostConfig.java:1628)
		at org.apache.catalina.startup.HostConfig.lifecycleEvent(HostConfig.java:260)
		at org.apache.catalina.util.LifecycleBase.fireLifecycleEvent(LifecycleBase.java:109)
		at org.apache.catalina.core.ContainerBase.backgroundProcess(ContainerBase.java:938)
		at org.apache.catalina.core.ContainerBase$ContainerBackgroundProcessor.processChildren(ContainerBase.java:1137)
		at org.apache.catalina.core.ContainerBase$ContainerBackgroundProcessor.processChildren(ContainerBase.java:1141)
		at org.apache.catalina.core.ContainerBase$ContainerBackgroundProcessor.run(ContainerBase.java:1119)
		at java.base/java.util.concurrent.Executors$RunnableAdapter.call(Executors.java:572)
		at java.base/java.util.concurrent.FutureTask.runAndReset(FutureTask.java:358)
		at java.base/java.util.concurrent.ScheduledThreadPoolExecutor$ScheduledFutureTask.run(ScheduledThreadPoolExecutor.java:305)
		at java.base/java.util.concurrent.ThreadPoolExecutor.runWorker(ThreadPoolExecutor.java:1144)
		at java.base/java.util.concurrent.ThreadPoolExecutor$Worker.run(ThreadPoolExecutor.java:642)
		at org.apache.tomcat.util.threads.TaskThread$WrappingRunnable.run(TaskThread.java:57)
		at java.base/java.lang.Thread.run(Thread.java:1583)
10-Jul-2026 03:23:12.994 WARNING [Catalina-utility-1] org.apache.tomcat.util.scan.StandardJarScanner.processURLs Failed to scan [file:/usr/local/tomcat/webapps/lpu-reservation-system-0.0.1-SNAPSHOT/WEB-INF/lib/spring-orm-7.0.6.jar] from classloader hierarchy
	java.nio.file.NoSuchFileException: /usr/local/tomcat/webapps/lpu-reservation-system-0.0.1-SNAPSHOT/WEB-INF/lib/spring-orm-7.0.6.jar
		at java.base/sun.nio.fs.UnixException.translateToIOException(UnixException.java:92)
		at java.base/sun.nio.fs.UnixException.rethrowAsIOException(UnixException.java:106)
		at java.base/sun.nio.fs.UnixException.rethrowAsIOException(UnixException.java:111)
		at java.base/sun.nio.fs.UnixFileAttributeViews$Basic.readAttributes(UnixFileAttributeViews.java:55)
		at java.base/sun.nio.fs.UnixFileSystemProvider.readAttributes(UnixFileSystemProvider.java:171)
		at java.base/sun.nio.fs.LinuxFileSystemProvider.readAttributes(LinuxFileSystemProvider.java:99)
		at java.base/java.nio.file.Files.readAttributes(Files.java:1854)
		at java.base/java.util.zip.ZipFile$Source.get(ZipFile.java:1445)
		at java.base/java.util.zip.ZipFile$CleanableResource.<init>(ZipFile.java:724)
		at java.base/java.util.zip.ZipFile.<init>(ZipFile.java:251)
		at java.base/java.util.zip.ZipFile.<init>(ZipFile.java:180)
		at java.base/java.util.jar.JarFile.<init>(JarFile.java:345)
		at org.apache.tomcat.util.scan.JarFileUrlJar.<init>(JarFileUrlJar.java:64)
		at org.apache.tomcat.util.scan.JarFactory.newInstance(JarFactory.java:50)
		at org.apache.tomcat.util.scan.StandardJarScanner.process(StandardJarScanner.java:391)
		at org.apache.tomcat.util.scan.StandardJarScanner.processURLs(StandardJarScanner.java:332)
		at org.apache.tomcat.util.scan.StandardJarScanner.doScanClassPath(StandardJarScanner.java:278)
		at org.apache.tomcat.util.scan.StandardJarScanner.scan(StandardJarScanner.java:242)
		at org.apache.jasper.servlet.TldScanner.scanJars(TldScanner.java:248)
		at org.apache.jasper.servlet.TldScanner.scan(TldScanner.java:98)
		at org.apache.jasper.servlet.JasperInitializer.onStartup(JasperInitializer.java:79)
		at org.apache.catalina.core.StandardContext.startInternal(StandardContext.java:4420)
		at org.apache.catalina.util.LifecycleBase.start(LifecycleBase.java:164)
		at org.apache.catalina.core.ContainerBase.addChild(ContainerBase.java:564)
		at org.apache.catalina.core.StandardHost.addChild(StandardHost.java:663)
		at org.apache.catalina.startup.HostConfig.deployWAR(HostConfig.java:923)
		at org.apache.catalina.startup.HostConfig$DeployWar.run(HostConfig.java:1839)
		at java.base/java.util.concurrent.Executors$RunnableAdapter.call(Executors.java:572)
		at java.base/java.util.concurrent.FutureTask.run(FutureTask.java:317)
		at org.apache.tomcat.util.threads.InlineExecutorService.execute(InlineExecutorService.java:81)
		at java.base/java.util.concurrent.AbstractExecutorService.submit(AbstractExecutorService.java:123)
		at org.apache.catalina.startup.HostConfig.deployWARs(HostConfig.java:727)
		at org.apache.catalina.startup.HostConfig.deployApps(HostConfig.java:378)
		at org.apache.catalina.startup.HostConfig.check(HostConfig.java:1628)
		at org.apache.catalina.startup.HostConfig.lifecycleEvent(HostConfig.java:260)
		at org.apache.catalina.util.LifecycleBase.fireLifecycleEvent(LifecycleBase.java:109)
		at org.apache.catalina.core.ContainerBase.backgroundProcess(ContainerBase.java:938)
		at org.apache.catalina.core.ContainerBase$ContainerBackgroundProcessor.processChildren(ContainerBase.java:1137)
		at org.apache.catalina.core.ContainerBase$ContainerBackgroundProcessor.processChildren(ContainerBase.java:1141)
		at org.apache.catalina.core.ContainerBase$ContainerBackgroundProcessor.run(ContainerBase.java:1119)
		at java.base/java.util.concurrent.Executors$RunnableAdapter.call(Executors.java:572)
		at java.base/java.util.concurrent.FutureTask.runAndReset(FutureTask.java:358)
		at java.base/java.util.concurrent.ScheduledThreadPoolExecutor$ScheduledFutureTask.run(ScheduledThreadPoolExecutor.java:305)
		at java.base/java.util.concurrent.ThreadPoolExecutor.runWorker(ThreadPoolExecutor.java:1144)
		at java.base/java.util.concurrent.ThreadPoolExecutor$Worker.run(ThreadPoolExecutor.java:642)
		at org.apache.tomcat.util.threads.TaskThread$WrappingRunnable.run(TaskThread.java:57)
		at java.base/java.lang.Thread.run(Thread.java:1583)
10-Jul-2026 03:23:12.995 WARNING [Catalina-utility-1] org.apache.tomcat.util.scan.StandardJarScanner.processURLs Failed to scan [file:/usr/local/tomcat/webapps/lpu-reservation-system-0.0.1-SNAPSHOT/WEB-INF/lib/attoparser-2.0.7.RELEASE.jar] from classloader hierarchy
	java.nio.file.NoSuchFileException: /usr/local/tomcat/webapps/lpu-reservation-system-0.0.1-SNAPSHOT/WEB-INF/lib/attoparser-2.0.7.RELEASE.jar
		at java.base/sun.nio.fs.UnixException.translateToIOException(UnixException.java:92)
		at java.base/sun.nio.fs.UnixException.rethrowAsIOException(UnixException.java:106)
		at java.base/sun.nio.fs.UnixException.rethrowAsIOException(UnixException.java:111)
		at java.base/sun.nio.fs.UnixFileAttributeViews$Basic.readAttributes(UnixFileAttributeViews.java:55)
		at java.base/sun.nio.fs.UnixFileSystemProvider.readAttributes(UnixFileSystemProvider.java:171)
		at java.base/sun.nio.fs.LinuxFileSystemProvider.readAttributes(LinuxFileSystemProvider.java:99)
		at java.base/java.nio.file.Files.readAttributes(Files.java:1854)
		at java.base/java.util.zip.ZipFile$Source.get(ZipFile.java:1445)
		at java.base/java.util.zip.ZipFile$CleanableResource.<init>(ZipFile.java:724)
		at java.base/java.util.zip.ZipFile.<init>(ZipFile.java:251)
		at java.base/java.util.zip.ZipFile.<init>(ZipFile.java:180)
		at java.base/java.util.jar.JarFile.<init>(JarFile.java:345)
		at org.apache.tomcat.util.scan.JarFileUrlJar.<init>(JarFileUrlJar.java:64)
		at org.apache.tomcat.util.scan.JarFactory.newInstance(JarFactory.java:50)
		at org.apache.tomcat.util.scan.StandardJarScanner.process(StandardJarScanner.java:391)
		at org.apache.tomcat.util.scan.StandardJarScanner.processURLs(StandardJarScanner.java:332)
		at org.apache.tomcat.util.scan.StandardJarScanner.doScanClassPath(StandardJarScanner.java:278)
		at org.apache.tomcat.util.scan.StandardJarScanner.scan(StandardJarScanner.java:242)
		at org.apache.jasper.servlet.TldScanner.scanJars(TldScanner.java:248)
		at org.apache.jasper.servlet.TldScanner.scan(TldScanner.java:98)
		at org.apache.jasper.servlet.JasperInitializer.onStartup(JasperInitializer.java:79)
		at org.apache.catalina.core.StandardContext.startInternal(StandardContext.java:4420)
		at org.apache.catalina.util.LifecycleBase.start(LifecycleBase.java:164)
		at org.apache.catalina.core.ContainerBase.addChild(ContainerBase.java:564)
		at org.apache.catalina.core.StandardHost.addChild(StandardHost.java:663)
		at org.apache.catalina.startup.HostConfig.deployWAR(HostConfig.java:923)
		at org.apache.catalina.startup.HostConfig$DeployWar.run(HostConfig.java:1839)
		at java.base/java.util.concurrent.Executors$RunnableAdapter.call(Executors.java:572)
		at java.base/java.util.concurrent.FutureTask.run(FutureTask.java:317)
		at org.apache.tomcat.util.threads.InlineExecutorService.execute(InlineExecutorService.java:81)
		at java.base/java.util.concurrent.AbstractExecutorService.submit(AbstractExecutorService.java:123)
		at org.apache.catalina.startup.HostConfig.deployWARs(HostConfig.java:727)
		at org.apache.catalina.startup.HostConfig.deployApps(HostConfig.java:378)
		at org.apache.catalina.startup.HostConfig.check(HostConfig.java:1628)
		at org.apache.catalina.startup.HostConfig.lifecycleEvent(HostConfig.java:260)
		at org.apache.catalina.util.LifecycleBase.fireLifecycleEvent(LifecycleBase.java:109)
		at org.apache.catalina.core.ContainerBase.backgroundProcess(ContainerBase.java:938)
		at org.apache.catalina.core.ContainerBase$ContainerBackgroundProcessor.processChildren(ContainerBase.java:1137)
		at org.apache.catalina.core.ContainerBase$ContainerBackgroundProcessor.processChildren(ContainerBase.java:1141)
		at org.apache.catalina.core.ContainerBase$ContainerBackgroundProcessor.run(ContainerBase.java:1119)
		at java.base/java.util.concurrent.Executors$RunnableAdapter.call(Executors.java:572)
		at java.base/java.util.concurrent.FutureTask.runAndReset(FutureTask.java:358)
		at java.base/java.util.concurrent.ScheduledThreadPoolExecutor$ScheduledFutureTask.run(ScheduledThreadPoolExecutor.java:305)
		at java.base/java.util.concurrent.ThreadPoolExecutor.runWorker(ThreadPoolExecutor.java:1144)
		at java.base/java.util.concurrent.ThreadPoolExecutor$Worker.run(ThreadPoolExecutor.java:642)
		at org.apache.tomcat.util.threads.TaskThread$WrappingRunnable.run(TaskThread.java:57)
		at java.base/java.lang.Thread.run(Thread.java:1583)
10-Jul-2026 03:23:12.996 WARNING [Catalina-utility-1] org.apache.tomcat.util.scan.StandardJarScanner.processURLs Failed to scan [file:/usr/local/tomcat/webapps/lpu-reservation-system-0.0.1-SNAPSHOT/WEB-INF/lib/jakarta.servlet.jsp.jstl-api-3.0.2.jar] from classloader hierarchy
	java.nio.file.NoSuchFileException: /usr/local/tomcat/webapps/lpu-reservation-system-0.0.1-SNAPSHOT/WEB-INF/lib/jakarta.servlet.jsp.jstl-api-3.0.2.jar
		at java.base/sun.nio.fs.UnixException.translateToIOException(UnixException.java:92)
		at java.base/sun.nio.fs.UnixException.rethrowAsIOException(UnixException.java:106)
		at java.base/sun.nio.fs.UnixException.rethrowAsIOException(UnixException.java:111)
		at java.base/sun.nio.fs.UnixFileAttributeViews$Basic.readAttributes(UnixFileAttributeViews.java:55)
		at java.base/sun.nio.fs.UnixFileSystemProvider.readAttributes(UnixFileSystemProvider.java:171)
		at java.base/sun.nio.fs.LinuxFileSystemProvider.readAttributes(LinuxFileSystemProvider.java:99)
		at java.base/java.nio.file.Files.readAttributes(Files.java:1854)
		at java.base/java.util.zip.ZipFile$Source.get(ZipFile.java:1445)
		at java.base/java.util.zip.ZipFile$CleanableResource.<init>(ZipFile.java:724)
		at java.base/java.util.zip.ZipFile.<init>(ZipFile.java:251)
		at java.base/java.util.zip.ZipFile.<init>(ZipFile.java:180)
		at java.base/java.util.jar.JarFile.<init>(JarFile.java:345)
		at org.apache.tomcat.util.scan.JarFileUrlJar.<init>(JarFileUrlJar.java:64)
		at org.apache.tomcat.util.scan.JarFactory.newInstance(JarFactory.java:50)
		at org.apache.tomcat.util.scan.StandardJarScanner.process(StandardJarScanner.java:391)
		at org.apache.tomcat.util.scan.StandardJarScanner.processURLs(StandardJarScanner.java:332)
		at org.apache.tomcat.util.scan.StandardJarScanner.doScanClassPath(StandardJarScanner.java:278)
		at org.apache.tomcat.util.scan.StandardJarScanner.scan(StandardJarScanner.java:242)
		at org.apache.jasper.servlet.TldScanner.scanJars(TldScanner.java:248)
		at org.apache.jasper.servlet.TldScanner.scan(TldScanner.java:98)
		at org.apache.jasper.servlet.JasperInitializer.onStartup(JasperInitializer.java:79)
		at org.apache.catalina.core.StandardContext.startInternal(StandardContext.java:4420)
		at org.apache.catalina.util.LifecycleBase.start(LifecycleBase.java:164)
		at org.apache.catalina.core.ContainerBase.addChild(ContainerBase.java:564)
		at org.apache.catalina.core.StandardHost.addChild(StandardHost.java:663)
		at org.apache.catalina.startup.HostConfig.deployWAR(HostConfig.java:923)
		at org.apache.catalina.startup.HostConfig$DeployWar.run(HostConfig.java:1839)
		at java.base/java.util.concurrent.Executors$RunnableAdapter.call(Executors.java:572)
		at java.base/java.util.concurrent.FutureTask.run(FutureTask.java:317)
		at org.apache.tomcat.util.threads.InlineExecutorService.execute(InlineExecutorService.java:81)
		at java.base/java.util.concurrent.AbstractExecutorService.submit(AbstractExecutorService.java:123)
		at org.apache.catalina.startup.HostConfig.deployWARs(HostConfig.java:727)
		at org.apache.catalina.startup.HostConfig.deployApps(HostConfig.java:378)
		at org.apache.catalina.startup.HostConfig.check(HostConfig.java:1628)
		at org.apache.catalina.startup.HostConfig.lifecycleEvent(HostConfig.java:260)
		at org.apache.catalina.util.LifecycleBase.fireLifecycleEvent(LifecycleBase.java:109)
		at org.apache.catalina.core.ContainerBase.backgroundProcess(ContainerBase.java:938)
		at org.apache.catalina.core.ContainerBase$ContainerBackgroundProcessor.processChildren(ContainerBase.java:1137)
		at org.apache.catalina.core.ContainerBase$ContainerBackgroundProcessor.processChildren(ContainerBase.java:1141)
		at org.apache.catalina.core.ContainerBase$ContainerBackgroundProcessor.run(ContainerBase.java:1119)
		at java.base/java.util.concurrent.Executors$RunnableAdapter.call(Executors.java:572)
		at java.base/java.util.concurrent.FutureTask.runAndReset(FutureTask.java:358)
		at java.base/java.util.concurrent.ScheduledThreadPoolExecutor$ScheduledFutureTask.run(ScheduledThreadPoolExecutor.java:305)
		at java.base/java.util.concurrent.ThreadPoolExecutor.runWorker(ThreadPoolExecutor.java:1144)
		at java.base/java.util.concurrent.ThreadPoolExecutor$Worker.run(ThreadPoolExecutor.java:642)
		at org.apache.tomcat.util.threads.TaskThread$WrappingRunnable.run(TaskThread.java:57)
		at java.base/java.lang.Thread.run(Thread.java:1583)
10-Jul-2026 03:23:12.997 WARNING [Catalina-utility-1] org.apache.tomcat.util.scan.StandardJarScanner.processURLs Failed to scan [file:/usr/local/tomcat/webapps/lpu-reservation-system-0.0.1-SNAPSHOT/WEB-INF/lib/txw2-4.0.5.jar] from classloader hierarchy
	java.nio.file.NoSuchFileException: /usr/local/tomcat/webapps/lpu-reservation-system-0.0.1-SNAPSHOT/WEB-INF/lib/txw2-4.0.5.jar
		at java.base/sun.nio.fs.UnixException.translateToIOException(UnixException.java:92)
		at java.base/sun.nio.fs.UnixException.rethrowAsIOException(UnixException.java:106)
		at java.base/sun.nio.fs.UnixException.rethrowAsIOException(UnixException.java:111)
		at java.base/sun.nio.fs.UnixFileAttributeViews$Basic.readAttributes(UnixFileAttributeViews.java:55)
		at java.base/sun.nio.fs.UnixFileSystemProvider.readAttributes(UnixFileSystemProvider.java:171)
		at java.base/sun.nio.fs.LinuxFileSystemProvider.readAttributes(LinuxFileSystemProvider.java:99)
		at java.base/java.nio.file.Files.readAttributes(Files.java:1854)
		at java.base/java.util.zip.ZipFile$Source.get(ZipFile.java:1445)
		at java.base/java.util.zip.ZipFile$CleanableResource.<init>(ZipFile.java:724)
		at java.base/java.util.zip.ZipFile.<init>(ZipFile.java:251)
		at java.base/java.util.zip.ZipFile.<init>(ZipFile.java:180)
		at java.base/java.util.jar.JarFile.<init>(JarFile.java:345)
		at org.apache.tomcat.util.scan.JarFileUrlJar.<init>(JarFileUrlJar.java:64)
		at org.apache.tomcat.util.scan.JarFactory.newInstance(JarFactory.java:50)
		at org.apache.tomcat.util.scan.StandardJarScanner.process(StandardJarScanner.java:391)
		at org.apache.tomcat.util.scan.StandardJarScanner.processURLs(StandardJarScanner.java:332)
		at org.apache.tomcat.util.scan.StandardJarScanner.doScanClassPath(StandardJarScanner.java:278)
		at org.apache.tomcat.util.scan.StandardJarScanner.scan(StandardJarScanner.java:242)
		at org.apache.jasper.servlet.TldScanner.scanJars(TldScanner.java:248)
		at org.apache.jasper.servlet.TldScanner.scan(TldScanner.java:98)
		at org.apache.jasper.servlet.JasperInitializer.onStartup(JasperInitializer.java:79)
		at org.apache.catalina.core.StandardContext.startInternal(StandardContext.java:4420)
		at org.apache.catalina.util.LifecycleBase.start(LifecycleBase.java:164)
		at org.apache.catalina.core.ContainerBase.addChild(ContainerBase.java:564)
		at org.apache.catalina.core.StandardHost.addChild(StandardHost.java:663)
		at org.apache.catalina.startup.HostConfig.deployWAR(HostConfig.java:923)
		at org.apache.catalina.startup.HostConfig$DeployWar.run(HostConfig.java:1839)
		at java.base/java.util.concurrent.Executors$RunnableAdapter.call(Executors.java:572)
		at java.base/java.util.concurrent.FutureTask.run(FutureTask.java:317)
		at org.apache.tomcat.util.threads.InlineExecutorService.execute(InlineExecutorService.java:81)
		at java.base/java.util.concurrent.AbstractExecutorService.submit(AbstractExecutorService.java:123)
		at org.apache.catalina.startup.HostConfig.deployWARs(HostConfig.java:727)
		at org.apache.catalina.startup.HostConfig.deployApps(HostConfig.java:378)
		at org.apache.catalina.startup.HostConfig.check(HostConfig.java:1628)
		at org.apache.catalina.startup.HostConfig.lifecycleEvent(HostConfig.java:260)
		at org.apache.catalina.util.LifecycleBase.fireLifecycleEvent(LifecycleBase.java:109)
		at org.apache.catalina.core.ContainerBase.backgroundProcess(ContainerBase.java:938)
		at org.apache.catalina.core.ContainerBase$ContainerBackgroundProcessor.processChildren(ContainerBase.java:1137)
		at org.apache.catalina.core.ContainerBase$ContainerBackgroundProcessor.processChildren(ContainerBase.java:1141)
		at org.apache.catalina.core.ContainerBase$ContainerBackgroundProcessor.run(ContainerBase.java:1119)
		at java.base/java.util.concurrent.Executors$RunnableAdapter.call(Executors.java:572)
		at java.base/java.util.concurrent.FutureTask.runAndReset(FutureTask.java:358)
		at java.base/java.util.concurrent.ScheduledThreadPoolExecutor$ScheduledFutureTask.run(ScheduledThreadPoolExecutor.java:305)
		at java.base/java.util.concurrent.ThreadPoolExecutor.runWorker(ThreadPoolExecutor.java:1144)
		at java.base/java.util.concurrent.ThreadPoolExecutor$Worker.run(ThreadPoolExecutor.java:642)
		at org.apache.tomcat.util.threads.TaskThread$WrappingRunnable.run(TaskThread.java:57)
		at java.base/java.lang.Thread.run(Thread.java:1583)
10-Jul-2026 03:23:12.999 WARNING [Catalina-utility-1] org.apache.tomcat.util.scan.StandardJarScanner.processURLs Failed to scan [file:/usr/local/tomcat/webapps/lpu-reservation-system-0.0.1-SNAPSHOT/WEB-INF/lib/jackson-databind-2.18.3.jar] from classloader hierarchy
	java.nio.file.NoSuchFileException: /usr/local/tomcat/webapps/lpu-reservation-system-0.0.1-SNAPSHOT/WEB-INF/lib/jackson-databind-2.18.3.jar
		at java.base/sun.nio.fs.UnixException.translateToIOException(UnixException.java:92)
		at java.base/sun.nio.fs.UnixException.rethrowAsIOException(UnixException.java:106)
		at java.base/sun.nio.fs.UnixException.rethrowAsIOException(UnixException.java:111)
		at java.base/sun.nio.fs.UnixFileAttributeViews$Basic.readAttributes(UnixFileAttributeViews.java:55)
		at java.base/sun.nio.fs.UnixFileSystemProvider.readAttributes(UnixFileSystemProvider.java:171)
		at java.base/sun.nio.fs.LinuxFileSystemProvider.readAttributes(LinuxFileSystemProvider.java:99)
		at java.base/java.nio.file.Files.readAttributes(Files.java:1854)
		at java.base/java.util.zip.ZipFile$Source.get(ZipFile.java:1445)
		at java.base/java.util.zip.ZipFile$CleanableResource.<init>(ZipFile.java:724)
		at java.base/java.util.zip.ZipFile.<init>(ZipFile.java:251)
		at java.base/java.util.zip.ZipFile.<init>(ZipFile.java:180)
		at java.base/java.util.jar.JarFile.<init>(JarFile.java:345)
		at org.apache.tomcat.util.scan.JarFileUrlJar.<init>(JarFileUrlJar.java:64)
		at org.apache.tomcat.util.scan.JarFactory.newInstance(JarFactory.java:50)
		at org.apache.tomcat.util.scan.StandardJarScanner.process(StandardJarScanner.java:391)
		at org.apache.tomcat.util.scan.StandardJarScanner.processURLs(StandardJarScanner.java:332)
		at org.apache.tomcat.util.scan.StandardJarScanner.doScanClassPath(StandardJarScanner.java:278)
		at org.apache.tomcat.util.scan.StandardJarScanner.scan(StandardJarScanner.java:242)
		at org.apache.jasper.servlet.TldScanner.scanJars(TldScanner.java:248)
		at org.apache.jasper.servlet.TldScanner.scan(TldScanner.java:98)
		at org.apache.jasper.servlet.JasperInitializer.onStartup(JasperInitializer.java:79)
		at org.apache.catalina.core.StandardContext.startInternal(StandardContext.java:4420)
		at org.apache.catalina.util.LifecycleBase.start(LifecycleBase.java:164)
		at org.apache.catalina.core.ContainerBase.addChild(ContainerBase.java:564)
		at org.apache.catalina.core.StandardHost.addChild(StandardHost.java:663)
		at org.apache.catalina.startup.HostConfig.deployWAR(HostConfig.java:923)
		at org.apache.catalina.startup.HostConfig$DeployWar.run(HostConfig.java:1839)
		at java.base/java.util.concurrent.Executors$RunnableAdapter.call(Executors.java:572)
		at java.base/java.util.concurrent.FutureTask.run(FutureTask.java:317)
		at org.apache.tomcat.util.threads.InlineExecutorService.execute(InlineExecutorService.java:81)
		at java.base/java.util.concurrent.AbstractExecutorService.submit(AbstractExecutorService.java:123)
		at org.apache.catalina.startup.HostConfig.deployWARs(HostConfig.java:727)
		at org.apache.catalina.startup.HostConfig.deployApps(HostConfig.java:378)
		at org.apache.catalina.startup.HostConfig.check(HostConfig.java:1628)
		at org.apache.catalina.startup.HostConfig.lifecycleEvent(HostConfig.java:260)
		at org.apache.catalina.util.LifecycleBase.fireLifecycleEvent(LifecycleBase.java:109)
		at org.apache.catalina.core.ContainerBase.backgroundProcess(ContainerBase.java:938)
		at org.apache.catalina.core.ContainerBase$ContainerBackgroundProcessor.processChildren(ContainerBase.java:1137)
		at org.apache.catalina.core.ContainerBase$ContainerBackgroundProcessor.processChildren(ContainerBase.java:1141)
		at org.apache.catalina.core.ContainerBase$ContainerBackgroundProcessor.run(ContainerBase.java:1119)
		at java.base/java.util.concurrent.Executors$RunnableAdapter.call(Executors.java:572)
		at java.base/java.util.concurrent.FutureTask.runAndReset(FutureTask.java:358)
		at java.base/java.util.concurrent.ScheduledThreadPoolExecutor$ScheduledFutureTask.run(ScheduledThreadPoolExecutor.java:305)
		at java.base/java.util.concurrent.ThreadPoolExecutor.runWorker(ThreadPoolExecutor.java:1144)
		at java.base/java.util.concurrent.ThreadPoolExecutor$Worker.run(ThreadPoolExecutor.java:642)
		at org.apache.tomcat.util.threads.TaskThread$WrappingRunnable.run(TaskThread.java:57)
		at java.base/java.lang.Thread.run(Thread.java:1583)
10-Jul-2026 03:23:12.999 WARNING [Catalina-utility-1] org.apache.tomcat.util.scan.StandardJarScanner.processURLs Failed to scan [file:/usr/local/tomcat/webapps/lpu-reservation-system-0.0.1-SNAPSHOT/WEB-INF/lib/spring-core-7.0.6.jar] from classloader hierarchy
	java.nio.file.NoSuchFileException: /usr/local/tomcat/webapps/lpu-reservation-system-0.0.1-SNAPSHOT/WEB-INF/lib/spring-core-7.0.6.jar
		at java.base/sun.nio.fs.UnixException.translateToIOException(UnixException.java:92)
		at java.base/sun.nio.fs.UnixException.rethrowAsIOException(UnixException.java:106)
		at java.base/sun.nio.fs.UnixException.rethrowAsIOException(UnixException.java:111)
		at java.base/sun.nio.fs.UnixFileAttributeViews$Basic.readAttributes(UnixFileAttributeViews.java:55)
		at java.base/sun.nio.fs.UnixFileSystemProvider.readAttributes(UnixFileSystemProvider.java:171)
		at java.base/sun.nio.fs.LinuxFileSystemProvider.readAttributes(LinuxFileSystemProvider.java:99)
		at java.base/java.nio.file.Files.readAttributes(Files.java:1854)
		at java.base/java.util.zip.ZipFile$Source.get(ZipFile.java:1445)
		at java.base/java.util.zip.ZipFile$CleanableResource.<init>(ZipFile.java:724)
		at java.base/java.util.zip.ZipFile.<init>(ZipFile.java:251)
		at java.base/java.util.zip.ZipFile.<init>(ZipFile.java:180)
		at java.base/java.util.jar.JarFile.<init>(JarFile.java:345)
		at org.apache.tomcat.util.scan.JarFileUrlJar.<init>(JarFileUrlJar.java:64)
		at org.apache.tomcat.util.scan.JarFactory.newInstance(JarFactory.java:50)
		at org.apache.tomcat.util.scan.StandardJarScanner.process(StandardJarScanner.java:391)
		at org.apache.tomcat.util.scan.StandardJarScanner.processURLs(StandardJarScanner.java:332)
		at org.apache.tomcat.util.scan.StandardJarScanner.doScanClassPath(StandardJarScanner.java:278)
		at org.apache.tomcat.util.scan.StandardJarScanner.scan(StandardJarScanner.java:242)
		at org.apache.jasper.servlet.TldScanner.scanJars(TldScanner.java:248)
		at org.apache.jasper.servlet.TldScanner.scan(TldScanner.java:98)
		at org.apache.jasper.servlet.JasperInitializer.onStartup(JasperInitializer.java:79)
		at org.apache.catalina.core.StandardContext.startInternal(StandardContext.java:4420)
		at org.apache.catalina.util.LifecycleBase.start(LifecycleBase.java:164)
		at org.apache.catalina.core.ContainerBase.addChild(ContainerBase.java:564)
		at org.apache.catalina.core.StandardHost.addChild(StandardHost.java:663)
		at org.apache.catalina.startup.HostConfig.deployWAR(HostConfig.java:923)
		at org.apache.catalina.startup.HostConfig$DeployWar.run(HostConfig.java:1839)
		at java.base/java.util.concurrent.Executors$RunnableAdapter.call(Executors.java:572)
		at java.base/java.util.concurrent.FutureTask.run(FutureTask.java:317)
		at org.apache.tomcat.util.threads.InlineExecutorService.execute(InlineExecutorService.java:81)
		at java.base/java.util.concurrent.AbstractExecutorService.submit(AbstractExecutorService.java:123)
		at org.apache.catalina.startup.HostConfig.deployWARs(HostConfig.java:727)
		at org.apache.catalina.startup.HostConfig.deployApps(HostConfig.java:378)
		at org.apache.catalina.startup.HostConfig.check(HostConfig.java:1628)
		at org.apache.catalina.startup.HostConfig.lifecycleEvent(HostConfig.java:260)
		at org.apache.catalina.util.LifecycleBase.fireLifecycleEvent(LifecycleBase.java:109)
		at org.apache.catalina.core.ContainerBase.backgroundProcess(ContainerBase.java:938)
		at org.apache.catalina.core.ContainerBase$ContainerBackgroundProcessor.processChildren(ContainerBase.java:1137)
		at org.apache.catalina.core.ContainerBase$ContainerBackgroundProcessor.processChildren(ContainerBase.java:1141)
		at org.apache.catalina.core.ContainerBase$ContainerBackgroundProcessor.run(ContainerBase.java:1119)
		at java.base/java.util.concurrent.Executors$RunnableAdapter.call(Executors.java:572)
		at java.base/java.util.concurrent.FutureTask.runAndReset(FutureTask.java:358)
		at java.base/java.util.concurrent.ScheduledThreadPoolExecutor$ScheduledFutureTask.run(ScheduledThreadPoolExecutor.java:305)
		at java.base/java.util.concurrent.ThreadPoolExecutor.runWorker(ThreadPoolExecutor.java:1144)
		at java.base/java.util.concurrent.ThreadPoolExecutor$Worker.run(ThreadPoolExecutor.java:642)
		at org.apache.tomcat.util.threads.TaskThread$WrappingRunnable.run(TaskThread.java:57)
		at java.base/java.lang.Thread.run(Thread.java:1583)
10-Jul-2026 03:23:13.000 WARNING [Catalina-utility-1] org.apache.tomcat.util.scan.StandardJarScanner.processURLs Failed to scan [file:/usr/local/tomcat/webapps/lpu-reservation-system-0.0.1-SNAPSHOT/WEB-INF/lib/javassist-3.29.0-GA.jar] from classloader hierarchy
	java.nio.file.NoSuchFileException: /usr/local/tomcat/webapps/lpu-reservation-system-0.0.1-SNAPSHOT/WEB-INF/lib/javassist-3.29.0-GA.jar
		at java.base/sun.nio.fs.UnixException.translateToIOException(UnixException.java:92)
		at java.base/sun.nio.fs.UnixException.rethrowAsIOException(UnixException.java:106)
		at java.base/sun.nio.fs.UnixException.rethrowAsIOException(UnixException.java:111)
		at java.base/sun.nio.fs.UnixFileAttributeViews$Basic.readAttributes(UnixFileAttributeViews.java:55)
		at java.base/sun.nio.fs.UnixFileSystemProvider.readAttributes(UnixFileSystemProvider.java:171)
		at java.base/sun.nio.fs.LinuxFileSystemProvider.readAttributes(LinuxFileSystemProvider.java:99)
		at java.base/java.nio.file.Files.readAttributes(Files.java:1854)
		at java.base/java.util.zip.ZipFile$Source.get(ZipFile.java:1445)
		at java.base/java.util.zip.ZipFile$CleanableResource.<init>(ZipFile.java:724)
		at java.base/java.util.zip.ZipFile.<init>(ZipFile.java:251)
		at java.base/java.util.zip.ZipFile.<init>(ZipFile.java:180)
		at java.base/java.util.jar.JarFile.<init>(JarFile.java:345)
		at org.apache.tomcat.util.scan.JarFileUrlJar.<init>(JarFileUrlJar.java:64)
		at org.apache.tomcat.util.scan.JarFactory.newInstance(JarFactory.java:50)
		at org.apache.tomcat.util.scan.StandardJarScanner.process(StandardJarScanner.java:391)
		at org.apache.tomcat.util.scan.StandardJarScanner.processURLs(StandardJarScanner.java:332)
		at org.apache.tomcat.util.scan.StandardJarScanner.doScanClassPath(StandardJarScanner.java:278)
		at org.apache.tomcat.util.scan.StandardJarScanner.scan(StandardJarScanner.java:242)
		at org.apache.jasper.servlet.TldScanner.scanJars(TldScanner.java:248)
		at org.apache.jasper.servlet.TldScanner.scan(TldScanner.java:98)
		at org.apache.jasper.servlet.JasperInitializer.onStartup(JasperInitializer.java:79)
		at org.apache.catalina.core.StandardContext.startInternal(StandardContext.java:4420)
		at org.apache.catalina.util.LifecycleBase.start(LifecycleBase.java:164)
		at org.apache.catalina.core.ContainerBase.addChild(ContainerBase.java:564)
		at org.apache.catalina.core.StandardHost.addChild(StandardHost.java:663)
		at org.apache.catalina.startup.HostConfig.deployWAR(HostConfig.java:923)
		at org.apache.catalina.startup.HostConfig$DeployWar.run(HostConfig.java:1839)
		at java.base/java.util.concurrent.Executors$RunnableAdapter.call(Executors.java:572)
		at java.base/java.util.concurrent.FutureTask.run(FutureTask.java:317)
		at org.apache.tomcat.util.threads.InlineExecutorService.execute(InlineExecutorService.java:81)
		at java.base/java.util.concurrent.AbstractExecutorService.submit(AbstractExecutorService.java:123)
		at org.apache.catalina.startup.HostConfig.deployWARs(HostConfig.java:727)
		at org.apache.catalina.startup.HostConfig.deployApps(HostConfig.java:378)
		at org.apache.catalina.startup.HostConfig.check(HostConfig.java:1628)
		at org.apache.catalina.startup.HostConfig.lifecycleEvent(HostConfig.java:260)
		at org.apache.catalina.util.LifecycleBase.fireLifecycleEvent(LifecycleBase.java:109)
		at org.apache.catalina.core.ContainerBase.backgroundProcess(ContainerBase.java:938)
		at org.apache.catalina.core.ContainerBase$ContainerBackgroundProcessor.processChildren(ContainerBase.java:1137)
		at org.apache.catalina.core.ContainerBase$ContainerBackgroundProcessor.processChildren(ContainerBase.java:1141)
		at org.apache.catalina.core.ContainerBase$ContainerBackgroundProcessor.run(ContainerBase.java:1119)
		at java.base/java.util.concurrent.Executors$RunnableAdapter.call(Executors.java:572)
		at java.base/java.util.concurrent.FutureTask.runAndReset(FutureTask.java:358)
		at java.base/java.util.concurrent.ScheduledThreadPoolExecutor$ScheduledFutureTask.run(ScheduledThreadPoolExecutor.java:305)
		at java.base/java.util.concurrent.ThreadPoolExecutor.runWorker(ThreadPoolExecutor.java:1144)
		at java.base/java.util.concurrent.ThreadPoolExecutor$Worker.run(ThreadPoolExecutor.java:642)
		at org.apache.tomcat.util.threads.TaskThread$WrappingRunnable.run(TaskThread.java:57)
		at java.base/java.lang.Thread.run(Thread.java:1583)
10-Jul-2026 03:23:13.000 WARNING [Catalina-utility-1] org.apache.tomcat.util.scan.StandardJarScanner.processURLs Failed to scan [file:/usr/local/tomcat/webapps/lpu-reservation-system-0.0.1-SNAPSHOT/WEB-INF/lib/jakarta.inject-api-2.0.1.jar] from classloader hierarchy
	java.nio.file.NoSuchFileException: /usr/local/tomcat/webapps/lpu-reservation-system-0.0.1-SNAPSHOT/WEB-INF/lib/jakarta.inject-api-2.0.1.jar
		at java.base/sun.nio.fs.UnixException.translateToIOException(UnixException.java:92)
		at java.base/sun.nio.fs.UnixException.rethrowAsIOException(UnixException.java:106)
		at java.base/sun.nio.fs.UnixException.rethrowAsIOException(UnixException.java:111)
		at java.base/sun.nio.fs.UnixFileAttributeViews$Basic.readAttributes(UnixFileAttributeViews.java:55)
		at java.base/sun.nio.fs.UnixFileSystemProvider.readAttributes(UnixFileSystemProvider.java:171)
		at java.base/sun.nio.fs.LinuxFileSystemProvider.readAttributes(LinuxFileSystemProvider.java:99)
		at java.base/java.nio.file.Files.readAttributes(Files.java:1854)
		at java.base/java.util.zip.ZipFile$Source.get(ZipFile.java:1445)
		at java.base/java.util.zip.ZipFile$CleanableResource.<init>(ZipFile.java:724)
		at java.base/java.util.zip.ZipFile.<init>(ZipFile.java:251)
		at java.base/java.util.zip.ZipFile.<init>(ZipFile.java:180)
		at java.base/java.util.jar.JarFile.<init>(JarFile.java:345)
		at org.apache.tomcat.util.scan.JarFileUrlJar.<init>(JarFileUrlJar.java:64)
		at org.apache.tomcat.util.scan.JarFactory.newInstance(JarFactory.java:50)
		at org.apache.tomcat.util.scan.StandardJarScanner.process(StandardJarScanner.java:391)
		at org.apache.tomcat.util.scan.StandardJarScanner.processURLs(StandardJarScanner.java:332)
		at org.apache.tomcat.util.scan.StandardJarScanner.doScanClassPath(StandardJarScanner.java:278)
		at org.apache.tomcat.util.scan.StandardJarScanner.scan(StandardJarScanner.java:242)
		at org.apache.jasper.servlet.TldScanner.scanJars(TldScanner.java:248)
		at org.apache.jasper.servlet.TldScanner.scan(TldScanner.java:98)
		at org.apache.jasper.servlet.JasperInitializer.onStartup(JasperInitializer.java:79)
		at org.apache.catalina.core.StandardContext.startInternal(StandardContext.java:4420)
		at org.apache.catalina.util.LifecycleBase.start(LifecycleBase.java:164)
		at org.apache.catalina.core.ContainerBase.addChild(ContainerBase.java:564)
		at org.apache.catalina.core.StandardHost.addChild(StandardHost.java:663)
		at org.apache.catalina.startup.HostConfig.deployWAR(HostConfig.java:923)
		at org.apache.catalina.startup.HostConfig$DeployWar.run(HostConfig.java:1839)
		at java.base/java.util.concurrent.Executors$RunnableAdapter.call(Executors.java:572)
		at java.base/java.util.concurrent.FutureTask.run(FutureTask.java:317)
		at org.apache.tomcat.util.threads.InlineExecutorService.execute(InlineExecutorService.java:81)
		at java.base/java.util.concurrent.AbstractExecutorService.submit(AbstractExecutorService.java:123)
		at org.apache.catalina.startup.HostConfig.deployWARs(HostConfig.java:727)
		at org.apache.catalina.startup.HostConfig.deployApps(HostConfig.java:378)
		at org.apache.catalina.startup.HostConfig.check(HostConfig.java:1628)
		at org.apache.catalina.startup.HostConfig.lifecycleEvent(HostConfig.java:260)
		at org.apache.catalina.util.LifecycleBase.fireLifecycleEvent(LifecycleBase.java:109)
		at org.apache.catalina.core.ContainerBase.backgroundProcess(ContainerBase.java:938)
		at org.apache.catalina.core.ContainerBase$ContainerBackgroundProcessor.processChildren(ContainerBase.java:1137)
		at org.apache.catalina.core.ContainerBase$ContainerBackgroundProcessor.processChildren(ContainerBase.java:1141)
		at org.apache.catalina.core.ContainerBase$ContainerBackgroundProcessor.run(ContainerBase.java:1119)
		at java.base/java.util.concurrent.Executors$RunnableAdapter.call(Executors.java:572)
		at java.base/java.util.concurrent.FutureTask.runAndReset(FutureTask.java:358)
		at java.base/java.util.concurrent.ScheduledThreadPoolExecutor$ScheduledFutureTask.run(ScheduledThreadPoolExecutor.java:305)
		at java.base/java.util.concurrent.ThreadPoolExecutor.runWorker(ThreadPoolExecutor.java:1144)
		at java.base/java.util.concurrent.ThreadPoolExecutor$Worker.run(ThreadPoolExecutor.java:642)
		at org.apache.tomcat.util.threads.TaskThread$WrappingRunnable.run(TaskThread.java:57)
		at java.base/java.lang.Thread.run(Thread.java:1583)
10-Jul-2026 03:23:13.001 WARNING [Catalina-utility-1] org.apache.tomcat.util.scan.StandardJarScanner.processURLs Failed to scan [file:/usr/local/tomcat/webapps/lpu-reservation-system-0.0.1-SNAPSHOT/WEB-INF/lib/mchange-commons-java-0.2.19.jar] from classloader hierarchy
	java.nio.file.NoSuchFileException: /usr/local/tomcat/webapps/lpu-reservation-system-0.0.1-SNAPSHOT/WEB-INF/lib/mchange-commons-java-0.2.19.jar
		at java.base/sun.nio.fs.UnixException.translateToIOException(UnixException.java:92)
		at java.base/sun.nio.fs.UnixException.rethrowAsIOException(UnixException.java:106)
		at java.base/sun.nio.fs.UnixException.rethrowAsIOException(UnixException.java:111)
		at java.base/sun.nio.fs.UnixFileAttributeViews$Basic.readAttributes(UnixFileAttributeViews.java:55)
		at java.base/sun.nio.fs.UnixFileSystemProvider.readAttributes(UnixFileSystemProvider.java:171)
		at java.base/sun.nio.fs.LinuxFileSystemProvider.readAttributes(LinuxFileSystemProvider.java:99)
		at java.base/java.nio.file.Files.readAttributes(Files.java:1854)
		at java.base/java.util.zip.ZipFile$Source.get(ZipFile.java:1445)
		at java.base/java.util.zip.ZipFile$CleanableResource.<init>(ZipFile.java:724)
		at java.base/java.util.zip.ZipFile.<init>(ZipFile.java:251)
		at java.base/java.util.zip.ZipFile.<init>(ZipFile.java:180)
		at java.base/java.util.jar.JarFile.<init>(JarFile.java:345)
		at org.apache.tomcat.util.scan.JarFileUrlJar.<init>(JarFileUrlJar.java:64)
		at org.apache.tomcat.util.scan.JarFactory.newInstance(JarFactory.java:50)
		at org.apache.tomcat.util.scan.StandardJarScanner.process(StandardJarScanner.java:391)
		at org.apache.tomcat.util.scan.StandardJarScanner.processURLs(StandardJarScanner.java:332)
		at org.apache.tomcat.util.scan.StandardJarScanner.doScanClassPath(StandardJarScanner.java:278)
		at org.apache.tomcat.util.scan.StandardJarScanner.scan(StandardJarScanner.java:242)
		at org.apache.jasper.servlet.TldScanner.scanJars(TldScanner.java:248)
		at org.apache.jasper.servlet.TldScanner.scan(TldScanner.java:98)
		at org.apache.jasper.servlet.JasperInitializer.onStartup(JasperInitializer.java:79)
		at org.apache.catalina.core.StandardContext.startInternal(StandardContext.java:4420)
		at org.apache.catalina.util.LifecycleBase.start(LifecycleBase.java:164)
		at org.apache.catalina.core.ContainerBase.addChild(ContainerBase.java:564)
		at org.apache.catalina.core.StandardHost.addChild(StandardHost.java:663)
		at org.apache.catalina.startup.HostConfig.deployWAR(HostConfig.java:923)
		at org.apache.catalina.startup.HostConfig$DeployWar.run(HostConfig.java:1839)
		at java.base/java.util.concurrent.Executors$RunnableAdapter.call(Executors.java:572)
		at java.base/java.util.concurrent.FutureTask.run(FutureTask.java:317)
		at org.apache.tomcat.util.threads.InlineExecutorService.execute(InlineExecutorService.java:81)
		at java.base/java.util.concurrent.AbstractExecutorService.submit(AbstractExecutorService.java:123)
		at org.apache.catalina.startup.HostConfig.deployWARs(HostConfig.java:727)
		at org.apache.catalina.startup.HostConfig.deployApps(HostConfig.java:378)
		at org.apache.catalina.startup.HostConfig.check(HostConfig.java:1628)
		at org.apache.catalina.startup.HostConfig.lifecycleEvent(HostConfig.java:260)
		at org.apache.catalina.util.LifecycleBase.fireLifecycleEvent(LifecycleBase.java:109)
		at org.apache.catalina.core.ContainerBase.backgroundProcess(ContainerBase.java:938)
		at org.apache.catalina.core.ContainerBase$ContainerBackgroundProcessor.processChildren(ContainerBase.java:1137)
		at org.apache.catalina.core.ContainerBase$ContainerBackgroundProcessor.processChildren(ContainerBase.java:1141)
		at org.apache.catalina.core.ContainerBase$ContainerBackgroundProcessor.run(ContainerBase.java:1119)
		at java.base/java.util.concurrent.Executors$RunnableAdapter.call(Executors.java:572)
		at java.base/java.util.concurrent.FutureTask.runAndReset(FutureTask.java:358)
		at java.base/java.util.concurrent.ScheduledThreadPoolExecutor$ScheduledFutureTask.run(ScheduledThreadPoolExecutor.java:305)
		at java.base/java.util.concurrent.ThreadPoolExecutor.runWorker(ThreadPoolExecutor.java:1144)
		at java.base/java.util.concurrent.ThreadPoolExecutor$Worker.run(ThreadPoolExecutor.java:642)
		at org.apache.tomcat.util.threads.TaskThread$WrappingRunnable.run(TaskThread.java:57)
		at java.base/java.lang.Thread.run(Thread.java:1583)
10-Jul-2026 03:23:13.001 WARNING [Catalina-utility-1] org.apache.tomcat.util.scan.StandardJarScanner.processURLs Failed to scan [file:/usr/local/tomcat/webapps/lpu-reservation-system-0.0.1-SNAPSHOT/WEB-INF/lib/checker-qual-3.52.0.jar] from classloader hierarchy
	java.nio.file.NoSuchFileException: /usr/local/tomcat/webapps/lpu-reservation-system-0.0.1-SNAPSHOT/WEB-INF/lib/checker-qual-3.52.0.jar
		at java.base/sun.nio.fs.UnixException.translateToIOException(UnixException.java:92)
		at java.base/sun.nio.fs.UnixException.rethrowAsIOException(UnixException.java:106)
		at java.base/sun.nio.fs.UnixException.rethrowAsIOException(UnixException.java:111)
		at java.base/sun.nio.fs.UnixFileAttributeViews$Basic.readAttributes(UnixFileAttributeViews.java:55)
		at java.base/sun.nio.fs.UnixFileSystemProvider.readAttributes(UnixFileSystemProvider.java:171)
		at java.base/sun.nio.fs.LinuxFileSystemProvider.readAttributes(LinuxFileSystemProvider.java:99)
		at java.base/java.nio.file.Files.readAttributes(Files.java:1854)
		at java.base/java.util.zip.ZipFile$Source.get(ZipFile.java:1445)
		at java.base/java.util.zip.ZipFile$CleanableResource.<init>(ZipFile.java:724)
		at java.base/java.util.zip.ZipFile.<init>(ZipFile.java:251)
		at java.base/java.util.zip.ZipFile.<init>(ZipFile.java:180)
		at java.base/java.util.jar.JarFile.<init>(JarFile.java:345)
		at org.apache.tomcat.util.scan.JarFileUrlJar.<init>(JarFileUrlJar.java:64)
		at org.apache.tomcat.util.scan.JarFactory.newInstance(JarFactory.java:50)
		at org.apache.tomcat.util.scan.StandardJarScanner.process(StandardJarScanner.java:391)
		at org.apache.tomcat.util.scan.StandardJarScanner.processURLs(StandardJarScanner.java:332)
		at org.apache.tomcat.util.scan.StandardJarScanner.doScanClassPath(StandardJarScanner.java:278)
		at org.apache.tomcat.util.scan.StandardJarScanner.scan(StandardJarScanner.java:242)
		at org.apache.jasper.servlet.TldScanner.scanJars(TldScanner.java:248)
		at org.apache.jasper.servlet.TldScanner.scan(TldScanner.java:98)
		at org.apache.jasper.servlet.JasperInitializer.onStartup(JasperInitializer.java:79)
		at org.apache.catalina.core.StandardContext.startInternal(StandardContext.java:4420)
		at org.apache.catalina.util.LifecycleBase.start(LifecycleBase.java:164)
		at org.apache.catalina.core.ContainerBase.addChild(ContainerBase.java:564)
		at org.apache.catalina.core.StandardHost.addChild(StandardHost.java:663)
		at org.apache.catalina.startup.HostConfig.deployWAR(HostConfig.java:923)
		at org.apache.catalina.startup.HostConfig$DeployWar.run(HostConfig.java:1839)
		at java.base/java.util.concurrent.Executors$RunnableAdapter.call(Executors.java:572)
		at java.base/java.util.concurrent.FutureTask.run(FutureTask.java:317)
		at org.apache.tomcat.util.threads.InlineExecutorService.execute(InlineExecutorService.java:81)
		at java.base/java.util.concurrent.AbstractExecutorService.submit(AbstractExecutorService.java:123)
		at org.apache.catalina.startup.HostConfig.deployWARs(HostConfig.java:727)
		at org.apache.catalina.startup.HostConfig.deployApps(HostConfig.java:378)
		at org.apache.catalina.startup.HostConfig.check(HostConfig.java:1628)
		at org.apache.catalina.startup.HostConfig.lifecycleEvent(HostConfig.java:260)
		at org.apache.catalina.util.LifecycleBase.fireLifecycleEvent(LifecycleBase.java:109)
		at org.apache.catalina.core.ContainerBase.backgroundProcess(ContainerBase.java:938)
		at org.apache.catalina.core.ContainerBase$ContainerBackgroundProcessor.processChildren(ContainerBase.java:1137)
		at org.apache.catalina.core.ContainerBase$ContainerBackgroundProcessor.processChildren(ContainerBase.java:1141)
		at org.apache.catalina.core.ContainerBase$ContainerBackgroundProcessor.run(ContainerBase.java:1119)
		at java.base/java.util.concurrent.Executors$RunnableAdapter.call(Executors.java:572)
		at java.base/java.util.concurrent.FutureTask.runAndReset(FutureTask.java:358)
		at java.base/java.util.concurrent.ScheduledThreadPoolExecutor$ScheduledFutureTask.run(ScheduledThreadPoolExecutor.java:305)
		at java.base/java.util.concurrent.ThreadPoolExecutor.runWorker(ThreadPoolExecutor.java:1144)
		at java.base/java.util.concurrent.ThreadPoolExecutor$Worker.run(ThreadPoolExecutor.java:642)
		at org.apache.tomcat.util.threads.TaskThread$WrappingRunnable.run(TaskThread.java:57)
		at java.base/java.lang.Thread.run(Thread.java:1583)
10-Jul-2026 03:23:13.002 WARNING [Catalina-utility-1] org.apache.tomcat.util.scan.StandardJarScanner.processURLs Failed to scan [file:/usr/local/tomcat/webapps/lpu-reservation-system-0.0.1-SNAPSHOT/WEB-INF/lib/jboss-logging-3.6.1.Final.jar] from classloader hierarchy
	java.nio.file.NoSuchFileException: /usr/local/tomcat/webapps/lpu-reservation-system-0.0.1-SNAPSHOT/WEB-INF/lib/jboss-logging-3.6.1.Final.jar
		at java.base/sun.nio.fs.UnixException.translateToIOException(UnixException.java:92)
		at java.base/sun.nio.fs.UnixException.rethrowAsIOException(UnixException.java:106)
		at java.base/sun.nio.fs.UnixException.rethrowAsIOException(UnixException.java:111)
		at java.base/sun.nio.fs.UnixFileAttributeViews$Basic.readAttributes(UnixFileAttributeViews.java:55)
		at java.base/sun.nio.fs.UnixFileSystemProvider.readAttributes(UnixFileSystemProvider.java:171)
		at java.base/sun.nio.fs.LinuxFileSystemProvider.readAttributes(LinuxFileSystemProvider.java:99)
		at java.base/java.nio.file.Files.readAttributes(Files.java:1854)
		at java.base/java.util.zip.ZipFile$Source.get(ZipFile.java:1445)
		at java.base/java.util.zip.ZipFile$CleanableResource.<init>(ZipFile.java:724)
		at java.base/java.util.zip.ZipFile.<init>(ZipFile.java:251)
		at java.base/java.util.zip.ZipFile.<init>(ZipFile.java:180)
		at java.base/java.util.jar.JarFile.<init>(JarFile.java:345)
		at org.apache.tomcat.util.scan.JarFileUrlJar.<init>(JarFileUrlJar.java:64)
		at org.apache.tomcat.util.scan.JarFactory.newInstance(JarFactory.java:50)
		at org.apache.tomcat.util.scan.StandardJarScanner.process(StandardJarScanner.java:391)
		at org.apache.tomcat.util.scan.StandardJarScanner.processURLs(StandardJarScanner.java:332)
		at org.apache.tomcat.util.scan.StandardJarScanner.doScanClassPath(StandardJarScanner.java:278)
		at org.apache.tomcat.util.scan.StandardJarScanner.scan(StandardJarScanner.java:242)
		at org.apache.jasper.servlet.TldScanner.scanJars(TldScanner.java:248)
		at org.apache.jasper.servlet.TldScanner.scan(TldScanner.java:98)
		at org.apache.jasper.servlet.JasperInitializer.onStartup(JasperInitializer.java:79)
		at org.apache.catalina.core.StandardContext.startInternal(StandardContext.java:4420)
		at org.apache.catalina.util.LifecycleBase.start(LifecycleBase.java:164)
		at org.apache.catalina.core.ContainerBase.addChild(ContainerBase.java:564)
		at org.apache.catalina.core.StandardHost.addChild(StandardHost.java:663)
		at org.apache.catalina.startup.HostConfig.deployWAR(HostConfig.java:923)
		at org.apache.catalina.startup.HostConfig$DeployWar.run(HostConfig.java:1839)
		at java.base/java.util.concurrent.Executors$RunnableAdapter.call(Executors.java:572)
		at java.base/java.util.concurrent.FutureTask.run(FutureTask.java:317)
		at org.apache.tomcat.util.threads.InlineExecutorService.execute(InlineExecutorService.java:81)
		at java.base/java.util.concurrent.AbstractExecutorService.submit(AbstractExecutorService.java:123)
		at org.apache.catalina.startup.HostConfig.deployWARs(HostConfig.java:727)
		at org.apache.catalina.startup.HostConfig.deployApps(HostConfig.java:378)
		at org.apache.catalina.startup.HostConfig.check(HostConfig.java:1628)
		at org.apache.catalina.startup.HostConfig.lifecycleEvent(HostConfig.java:260)
		at org.apache.catalina.util.LifecycleBase.fireLifecycleEvent(LifecycleBase.java:109)
		at org.apache.catalina.core.ContainerBase.backgroundProcess(ContainerBase.java:938)
		at org.apache.catalina.core.ContainerBase$ContainerBackgroundProcessor.processChildren(ContainerBase.java:1137)
		at org.apache.catalina.core.ContainerBase$ContainerBackgroundProcessor.processChildren(ContainerBase.java:1141)
		at org.apache.catalina.core.ContainerBase$ContainerBackgroundProcessor.run(ContainerBase.java:1119)
		at java.base/java.util.concurrent.Executors$RunnableAdapter.call(Executors.java:572)
		at java.base/java.util.concurrent.FutureTask.runAndReset(FutureTask.java:358)
		at java.base/java.util.concurrent.ScheduledThreadPoolExecutor$ScheduledFutureTask.run(ScheduledThreadPoolExecutor.java:305)
		at java.base/java.util.concurrent.ThreadPoolExecutor.runWorker(ThreadPoolExecutor.java:1144)
		at java.base/java.util.concurrent.ThreadPoolExecutor$Worker.run(ThreadPoolExecutor.java:642)
		at org.apache.tomcat.util.threads.TaskThread$WrappingRunnable.run(TaskThread.java:57)
		at java.base/java.lang.Thread.run(Thread.java:1583)
10-Jul-2026 03:23:13.003 WARNING [Catalina-utility-1] org.apache.tomcat.util.scan.StandardJarScanner.processURLs Failed to scan [file:/usr/local/tomcat/webapps/lpu-reservation-system-0.0.1-SNAPSHOT/WEB-INF/lib/jspecify-1.0.0.jar] from classloader hierarchy
	java.nio.file.NoSuchFileException: /usr/local/tomcat/webapps/lpu-reservation-system-0.0.1-SNAPSHOT/WEB-INF/lib/jspecify-1.0.0.jar
		at java.base/sun.nio.fs.UnixException.translateToIOException(UnixException.java:92)
		at java.base/sun.nio.fs.UnixException.rethrowAsIOException(UnixException.java:106)
		at java.base/sun.nio.fs.UnixException.rethrowAsIOException(UnixException.java:111)
		at java.base/sun.nio.fs.UnixFileAttributeViews$Basic.readAttributes(UnixFileAttributeViews.java:55)
		at java.base/sun.nio.fs.UnixFileSystemProvider.readAttributes(UnixFileSystemProvider.java:171)
		at java.base/sun.nio.fs.LinuxFileSystemProvider.readAttributes(LinuxFileSystemProvider.java:99)
		at java.base/java.nio.file.Files.readAttributes(Files.java:1854)
		at java.base/java.util.zip.ZipFile$Source.get(ZipFile.java:1445)
		at java.base/java.util.zip.ZipFile$CleanableResource.<init>(ZipFile.java:724)
		at java.base/java.util.zip.ZipFile.<init>(ZipFile.java:251)
		at java.base/java.util.zip.ZipFile.<init>(ZipFile.java:180)
		at java.base/java.util.jar.JarFile.<init>(JarFile.java:345)
		at org.apache.tomcat.util.scan.JarFileUrlJar.<init>(JarFileUrlJar.java:64)
		at org.apache.tomcat.util.scan.JarFactory.newInstance(JarFactory.java:50)
		at org.apache.tomcat.util.scan.StandardJarScanner.process(StandardJarScanner.java:391)
		at org.apache.tomcat.util.scan.StandardJarScanner.processURLs(StandardJarScanner.java:332)
		at org.apache.tomcat.util.scan.StandardJarScanner.doScanClassPath(StandardJarScanner.java:278)
		at org.apache.tomcat.util.scan.StandardJarScanner.scan(StandardJarScanner.java:242)
		at org.apache.jasper.servlet.TldScanner.scanJars(TldScanner.java:248)
		at org.apache.jasper.servlet.TldScanner.scan(TldScanner.java:98)
		at org.apache.jasper.servlet.JasperInitializer.onStartup(JasperInitializer.java:79)
		at org.apache.catalina.core.StandardContext.startInternal(StandardContext.java:4420)
		at org.apache.catalina.util.LifecycleBase.start(LifecycleBase.java:164)
		at org.apache.catalina.core.ContainerBase.addChild(ContainerBase.java:564)
		at org.apache.catalina.core.StandardHost.addChild(StandardHost.java:663)
		at org.apache.catalina.startup.HostConfig.deployWAR(HostConfig.java:923)
		at org.apache.catalina.startup.HostConfig$DeployWar.run(HostConfig.java:1839)
		at java.base/java.util.concurrent.Executors$RunnableAdapter.call(Executors.java:572)
		at java.base/java.util.concurrent.FutureTask.run(FutureTask.java:317)
		at org.apache.tomcat.util.threads.InlineExecutorService.execute(InlineExecutorService.java:81)
		at java.base/java.util.concurrent.AbstractExecutorService.submit(AbstractExecutorService.java:123)
		at org.apache.catalina.startup.HostConfig.deployWARs(HostConfig.java:727)
		at org.apache.catalina.startup.HostConfig.deployApps(HostConfig.java:378)
		at org.apache.catalina.startup.HostConfig.check(HostConfig.java:1628)
		at org.apache.catalina.startup.HostConfig.lifecycleEvent(HostConfig.java:260)
		at org.apache.catalina.util.LifecycleBase.fireLifecycleEvent(LifecycleBase.java:109)
		at org.apache.catalina.core.ContainerBase.backgroundProcess(ContainerBase.java:938)
		at org.apache.catalina.core.ContainerBase$ContainerBackgroundProcessor.processChildren(ContainerBase.java:1137)
		at org.apache.catalina.core.ContainerBase$ContainerBackgroundProcessor.processChildren(ContainerBase.java:1141)
		at org.apache.catalina.core.ContainerBase$ContainerBackgroundProcessor.run(ContainerBase.java:1119)
		at java.base/java.util.concurrent.Executors$RunnableAdapter.call(Executors.java:572)
		at java.base/java.util.concurrent.FutureTask.runAndReset(FutureTask.java:358)
		at java.base/java.util.concurrent.ScheduledThreadPoolExecutor$ScheduledFutureTask.run(ScheduledThreadPoolExecutor.java:305)
		at java.base/java.util.concurrent.ThreadPoolExecutor.runWorker(ThreadPoolExecutor.java:1144)
		at java.base/java.util.concurrent.ThreadPoolExecutor$Worker.run(ThreadPoolExecutor.java:642)
		at org.apache.tomcat.util.threads.TaskThread$WrappingRunnable.run(TaskThread.java:57)
		at java.base/java.lang.Thread.run(Thread.java:1583)
10-Jul-2026 03:23:13.003 WARNING [Catalina-utility-1] org.apache.tomcat.util.scan.StandardJarScanner.processURLs Failed to scan [file:/usr/local/tomcat/webapps/lpu-reservation-system-0.0.1-SNAPSHOT/WEB-INF/lib/jakarta.servlet.jsp.jstl-3.0.1.jar] from classloader hierarchy
	java.nio.file.NoSuchFileException: /usr/local/tomcat/webapps/lpu-reservation-system-0.0.1-SNAPSHOT/WEB-INF/lib/jakarta.servlet.jsp.jstl-3.0.1.jar
		at java.base/sun.nio.fs.UnixException.translateToIOException(UnixException.java:92)
		at java.base/sun.nio.fs.UnixException.rethrowAsIOException(UnixException.java:106)
		at java.base/sun.nio.fs.UnixException.rethrowAsIOException(UnixException.java:111)
		at java.base/sun.nio.fs.UnixFileAttributeViews$Basic.readAttributes(UnixFileAttributeViews.java:55)
		at java.base/sun.nio.fs.UnixFileSystemProvider.readAttributes(UnixFileSystemProvider.java:171)
		at java.base/sun.nio.fs.LinuxFileSystemProvider.readAttributes(LinuxFileSystemProvider.java:99)
		at java.base/java.nio.file.Files.readAttributes(Files.java:1854)
		at java.base/java.util.zip.ZipFile$Source.get(ZipFile.java:1445)
		at java.base/java.util.zip.ZipFile$CleanableResource.<init>(ZipFile.java:724)
		at java.base/java.util.zip.ZipFile.<init>(ZipFile.java:251)
		at java.base/java.util.zip.ZipFile.<init>(ZipFile.java:180)
		at java.base/java.util.jar.JarFile.<init>(JarFile.java:345)
		at org.apache.tomcat.util.scan.JarFileUrlJar.<init>(JarFileUrlJar.java:64)
		at org.apache.tomcat.util.scan.JarFactory.newInstance(JarFactory.java:50)
		at org.apache.tomcat.util.scan.StandardJarScanner.process(StandardJarScanner.java:391)
		at org.apache.tomcat.util.scan.StandardJarScanner.processURLs(StandardJarScanner.java:332)
		at org.apache.tomcat.util.scan.StandardJarScanner.doScanClassPath(StandardJarScanner.java:278)
		at org.apache.tomcat.util.scan.StandardJarScanner.scan(StandardJarScanner.java:242)
		at org.apache.jasper.servlet.TldScanner.scanJars(TldScanner.java:248)
		at org.apache.jasper.servlet.TldScanner.scan(TldScanner.java:98)
		at org.apache.jasper.servlet.JasperInitializer.onStartup(JasperInitializer.java:79)
		at org.apache.catalina.core.StandardContext.startInternal(StandardContext.java:4420)
		at org.apache.catalina.util.LifecycleBase.start(LifecycleBase.java:164)
		at org.apache.catalina.core.ContainerBase.addChild(ContainerBase.java:564)
		at org.apache.catalina.core.StandardHost.addChild(StandardHost.java:663)
		at org.apache.catalina.startup.HostConfig.deployWAR(HostConfig.java:923)
		at org.apache.catalina.startup.HostConfig$DeployWar.run(HostConfig.java:1839)
		at java.base/java.util.concurrent.Executors$RunnableAdapter.call(Executors.java:572)
		at java.base/java.util.concurrent.FutureTask.run(FutureTask.java:317)
		at org.apache.tomcat.util.threads.InlineExecutorService.execute(InlineExecutorService.java:81)
		at java.base/java.util.concurrent.AbstractExecutorService.submit(AbstractExecutorService.java:123)
		at org.apache.catalina.startup.HostConfig.deployWARs(HostConfig.java:727)
		at org.apache.catalina.startup.HostConfig.deployApps(HostConfig.java:378)
		at org.apache.catalina.startup.HostConfig.check(HostConfig.java:1628)
		at org.apache.catalina.startup.HostConfig.lifecycleEvent(HostConfig.java:260)
		at org.apache.catalina.util.LifecycleBase.fireLifecycleEvent(LifecycleBase.java:109)
		at org.apache.catalina.core.ContainerBase.backgroundProcess(ContainerBase.java:938)
		at org.apache.catalina.core.ContainerBase$ContainerBackgroundProcessor.processChildren(ContainerBase.java:1137)
		at org.apache.catalina.core.ContainerBase$ContainerBackgroundProcessor.processChildren(ContainerBase.java:1141)
		at org.apache.catalina.core.ContainerBase$ContainerBackgroundProcessor.run(ContainerBase.java:1119)
		at java.base/java.util.concurrent.Executors$RunnableAdapter.call(Executors.java:572)
		at java.base/java.util.concurrent.FutureTask.runAndReset(FutureTask.java:358)
		at java.base/java.util.concurrent.ScheduledThreadPoolExecutor$ScheduledFutureTask.run(ScheduledThreadPoolExecutor.java:305)
		at java.base/java.util.concurrent.ThreadPoolExecutor.runWorker(ThreadPoolExecutor.java:1144)
		at java.base/java.util.concurrent.ThreadPoolExecutor$Worker.run(ThreadPoolExecutor.java:642)
		at org.apache.tomcat.util.threads.TaskThread$WrappingRunnable.run(TaskThread.java:57)
		at java.base/java.lang.Thread.run(Thread.java:1583)
10-Jul-2026 03:23:13.004 WARNING [Catalina-utility-1] org.apache.tomcat.util.scan.StandardJarScanner.processURLs Failed to scan [file:/usr/local/tomcat/webapps/lpu-reservation-system-0.0.1-SNAPSHOT/WEB-INF/lib/btm-2.1.4.jar] from classloader hierarchy
	java.nio.file.NoSuchFileException: /usr/local/tomcat/webapps/lpu-reservation-system-0.0.1-SNAPSHOT/WEB-INF/lib/btm-2.1.4.jar
		at java.base/sun.nio.fs.UnixException.translateToIOException(UnixException.java:92)
		at java.base/sun.nio.fs.UnixException.rethrowAsIOException(UnixException.java:106)
		at java.base/sun.nio.fs.UnixException.rethrowAsIOException(UnixException.java:111)
		at java.base/sun.nio.fs.UnixFileAttributeViews$Basic.readAttributes(UnixFileAttributeViews.java:55)
		at java.base/sun.nio.fs.UnixFileSystemProvider.readAttributes(UnixFileSystemProvider.java:171)
		at java.base/sun.nio.fs.LinuxFileSystemProvider.readAttributes(LinuxFileSystemProvider.java:99)
		at java.base/java.nio.file.Files.readAttributes(Files.java:1854)
		at java.base/java.util.zip.ZipFile$Source.get(ZipFile.java:1445)
		at java.base/java.util.zip.ZipFile$CleanableResource.<init>(ZipFile.java:724)
		at java.base/java.util.zip.ZipFile.<init>(ZipFile.java:251)
		at java.base/java.util.zip.ZipFile.<init>(ZipFile.java:180)
		at java.base/java.util.jar.JarFile.<init>(JarFile.java:345)
		at org.apache.tomcat.util.scan.JarFileUrlJar.<init>(JarFileUrlJar.java:64)
		at org.apache.tomcat.util.scan.JarFactory.newInstance(JarFactory.java:50)
		at org.apache.tomcat.util.scan.StandardJarScanner.process(StandardJarScanner.java:391)
		at org.apache.tomcat.util.scan.StandardJarScanner.processURLs(StandardJarScanner.java:332)
		at org.apache.tomcat.util.scan.StandardJarScanner.doScanClassPath(StandardJarScanner.java:278)
		at org.apache.tomcat.util.scan.StandardJarScanner.scan(StandardJarScanner.java:242)
		at org.apache.jasper.servlet.TldScanner.scanJars(TldScanner.java:248)
		at org.apache.jasper.servlet.TldScanner.scan(TldScanner.java:98)
		at org.apache.jasper.servlet.JasperInitializer.onStartup(JasperInitializer.java:79)
		at org.apache.catalina.core.StandardContext.startInternal(StandardContext.java:4420)
		at org.apache.catalina.util.LifecycleBase.start(LifecycleBase.java:164)
		at org.apache.catalina.core.ContainerBase.addChild(ContainerBase.java:564)
		at org.apache.catalina.core.StandardHost.addChild(StandardHost.java:663)
		at org.apache.catalina.startup.HostConfig.deployWAR(HostConfig.java:923)
		at org.apache.catalina.startup.HostConfig$DeployWar.run(HostConfig.java:1839)
		at java.base/java.util.concurrent.Executors$RunnableAdapter.call(Executors.java:572)
		at java.base/java.util.concurrent.FutureTask.run(FutureTask.java:317)
		at org.apache.tomcat.util.threads.InlineExecutorService.execute(InlineExecutorService.java:81)
		at java.base/java.util.concurrent.AbstractExecutorService.submit(AbstractExecutorService.java:123)
		at org.apache.catalina.startup.HostConfig.deployWARs(HostConfig.java:727)
		at org.apache.catalina.startup.HostConfig.deployApps(HostConfig.java:378)
		at org.apache.catalina.startup.HostConfig.check(HostConfig.java:1628)
		at org.apache.catalina.startup.HostConfig.lifecycleEvent(HostConfig.java:260)
		at org.apache.catalina.util.LifecycleBase.fireLifecycleEvent(LifecycleBase.java:109)
		at org.apache.catalina.core.ContainerBase.backgroundProcess(ContainerBase.java:938)
		at org.apache.catalina.core.ContainerBase$ContainerBackgroundProcessor.processChildren(ContainerBase.java:1137)
		at org.apache.catalina.core.ContainerBase$ContainerBackgroundProcessor.processChildren(ContainerBase.java:1141)
		at org.apache.catalina.core.ContainerBase$ContainerBackgroundProcessor.run(ContainerBase.java:1119)
		at java.base/java.util.concurrent.Executors$RunnableAdapter.call(Executors.java:572)
		at java.base/java.util.concurrent.FutureTask.runAndReset(FutureTask.java:358)
		at java.base/java.util.concurrent.ScheduledThreadPoolExecutor$ScheduledFutureTask.run(ScheduledThreadPoolExecutor.java:305)
		at java.base/java.util.concurrent.ThreadPoolExecutor.runWorker(ThreadPoolExecutor.java:1144)
		at java.base/java.util.concurrent.ThreadPoolExecutor$Worker.run(ThreadPoolExecutor.java:642)
		at org.apache.tomcat.util.threads.TaskThread$WrappingRunnable.run(TaskThread.java:57)
		at java.base/java.lang.Thread.run(Thread.java:1583)
10-Jul-2026 03:23:13.004 WARNING [Catalina-utility-1] org.apache.tomcat.util.scan.StandardJarScanner.processURLs Failed to scan [file:/usr/local/tomcat/webapps/lpu-reservation-system-0.0.1-SNAPSHOT/WEB-INF/lib/jjwt-api-0.11.5.jar] from classloader hierarchy
	java.nio.file.NoSuchFileException: /usr/local/tomcat/webapps/lpu-reservation-system-0.0.1-SNAPSHOT/WEB-INF/lib/jjwt-api-0.11.5.jar
		at java.base/sun.nio.fs.UnixException.translateToIOException(UnixException.java:92)
		at java.base/sun.nio.fs.UnixException.rethrowAsIOException(UnixException.java:106)
		at java.base/sun.nio.fs.UnixException.rethrowAsIOException(UnixException.java:111)
		at java.base/sun.nio.fs.UnixFileAttributeViews$Basic.readAttributes(UnixFileAttributeViews.java:55)
		at java.base/sun.nio.fs.UnixFileSystemProvider.readAttributes(UnixFileSystemProvider.java:171)
		at java.base/sun.nio.fs.LinuxFileSystemProvider.readAttributes(LinuxFileSystemProvider.java:99)
		at java.base/java.nio.file.Files.readAttributes(Files.java:1854)
		at java.base/java.util.zip.ZipFile$Source.get(ZipFile.java:1445)
		at java.base/java.util.zip.ZipFile$CleanableResource.<init>(ZipFile.java:724)
		at java.base/java.util.zip.ZipFile.<init>(ZipFile.java:251)
		at java.base/java.util.zip.ZipFile.<init>(ZipFile.java:180)
		at java.base/java.util.jar.JarFile.<init>(JarFile.java:345)
		at org.apache.tomcat.util.scan.JarFileUrlJar.<init>(JarFileUrlJar.java:64)
		at org.apache.tomcat.util.scan.JarFactory.newInstance(JarFactory.java:50)
		at org.apache.tomcat.util.scan.StandardJarScanner.process(StandardJarScanner.java:391)
		at org.apache.tomcat.util.scan.StandardJarScanner.processURLs(StandardJarScanner.java:332)
		at org.apache.tomcat.util.scan.StandardJarScanner.doScanClassPath(StandardJarScanner.java:278)
		at org.apache.tomcat.util.scan.StandardJarScanner.scan(StandardJarScanner.java:242)
		at org.apache.jasper.servlet.TldScanner.scanJars(TldScanner.java:248)
		at org.apache.jasper.servlet.TldScanner.scan(TldScanner.java:98)
		at org.apache.jasper.servlet.JasperInitializer.onStartup(JasperInitializer.java:79)
		at org.apache.catalina.core.StandardContext.startInternal(StandardContext.java:4420)
		at org.apache.catalina.util.LifecycleBase.start(LifecycleBase.java:164)
		at org.apache.catalina.core.ContainerBase.addChild(ContainerBase.java:564)
		at org.apache.catalina.core.StandardHost.addChild(StandardHost.java:663)
		at org.apache.catalina.startup.HostConfig.deployWAR(HostConfig.java:923)
		at org.apache.catalina.startup.HostConfig$DeployWar.run(HostConfig.java:1839)
		at java.base/java.util.concurrent.Executors$RunnableAdapter.call(Executors.java:572)
		at java.base/java.util.concurrent.FutureTask.run(FutureTask.java:317)
		at org.apache.tomcat.util.threads.InlineExecutorService.execute(InlineExecutorService.java:81)
		at java.base/java.util.concurrent.AbstractExecutorService.submit(AbstractExecutorService.java:123)
		at org.apache.catalina.startup.HostConfig.deployWARs(HostConfig.java:727)
		at org.apache.catalina.startup.HostConfig.deployApps(HostConfig.java:378)
		at org.apache.catalina.startup.HostConfig.check(HostConfig.java:1628)
		at org.apache.catalina.startup.HostConfig.lifecycleEvent(HostConfig.java:260)
		at org.apache.catalina.util.LifecycleBase.fireLifecycleEvent(LifecycleBase.java:109)
		at org.apache.catalina.core.ContainerBase.backgroundProcess(ContainerBase.java:938)
		at org.apache.catalina.core.ContainerBase$ContainerBackgroundProcessor.processChildren(ContainerBase.java:1137)
		at org.apache.catalina.core.ContainerBase$ContainerBackgroundProcessor.processChildren(ContainerBase.java:1141)
		at org.apache.catalina.core.ContainerBase$ContainerBackgroundProcessor.run(ContainerBase.java:1119)
		at java.base/java.util.concurrent.Executors$RunnableAdapter.call(Executors.java:572)
		at java.base/java.util.concurrent.FutureTask.runAndReset(FutureTask.java:358)
		at java.base/java.util.concurrent.ScheduledThreadPoolExecutor$ScheduledFutureTask.run(ScheduledThreadPoolExecutor.java:305)
		at java.base/java.util.concurrent.ThreadPoolExecutor.runWorker(ThreadPoolExecutor.java:1144)
		at java.base/java.util.concurrent.ThreadPoolExecutor$Worker.run(ThreadPoolExecutor.java:642)
		at org.apache.tomcat.util.threads.TaskThread$WrappingRunnable.run(TaskThread.java:57)
		at java.base/java.lang.Thread.run(Thread.java:1583)
10-Jul-2026 03:23:13.005 WARNING [Catalina-utility-1] org.apache.tomcat.util.scan.StandardJarScanner.processURLs Failed to scan [file:/usr/local/tomcat/webapps/lpu-reservation-system-0.0.1-SNAPSHOT/WEB-INF/lib/spring-beans-7.0.6.jar] from classloader hierarchy
	java.nio.file.NoSuchFileException: /usr/local/tomcat/webapps/lpu-reservation-system-0.0.1-SNAPSHOT/WEB-INF/lib/spring-beans-7.0.6.jar
		at java.base/sun.nio.fs.UnixException.translateToIOException(UnixException.java:92)
		at java.base/sun.nio.fs.UnixException.rethrowAsIOException(UnixException.java:106)
		at java.base/sun.nio.fs.UnixException.rethrowAsIOException(UnixException.java:111)
		at java.base/sun.nio.fs.UnixFileAttributeViews$Basic.readAttributes(UnixFileAttributeViews.java:55)
		at java.base/sun.nio.fs.UnixFileSystemProvider.readAttributes(UnixFileSystemProvider.java:171)
		at java.base/sun.nio.fs.LinuxFileSystemProvider.readAttributes(LinuxFileSystemProvider.java:99)
		at java.base/java.nio.file.Files.readAttributes(Files.java:1854)
		at java.base/java.util.zip.ZipFile$Source.get(ZipFile.java:1445)
		at java.base/java.util.zip.ZipFile$CleanableResource.<init>(ZipFile.java:724)
		at java.base/java.util.zip.ZipFile.<init>(ZipFile.java:251)
		at java.base/java.util.zip.ZipFile.<init>(ZipFile.java:180)
		at java.base/java.util.jar.JarFile.<init>(JarFile.java:345)
		at org.apache.tomcat.util.scan.JarFileUrlJar.<init>(JarFileUrlJar.java:64)
		at org.apache.tomcat.util.scan.JarFactory.newInstance(JarFactory.java:50)
		at org.apache.tomcat.util.scan.StandardJarScanner.process(StandardJarScanner.java:391)
		at org.apache.tomcat.util.scan.StandardJarScanner.processURLs(StandardJarScanner.java:332)
		at org.apache.tomcat.util.scan.StandardJarScanner.doScanClassPath(StandardJarScanner.java:278)
		at org.apache.tomcat.util.scan.StandardJarScanner.scan(StandardJarScanner.java:242)
		at org.apache.jasper.servlet.TldScanner.scanJars(TldScanner.java:248)
		at org.apache.jasper.servlet.TldScanner.scan(TldScanner.java:98)
		at org.apache.jasper.servlet.JasperInitializer.onStartup(JasperInitializer.java:79)
		at org.apache.catalina.core.StandardContext.startInternal(StandardContext.java:4420)
		at org.apache.catalina.util.LifecycleBase.start(LifecycleBase.java:164)
		at org.apache.catalina.core.ContainerBase.addChild(ContainerBase.java:564)
		at org.apache.catalina.core.StandardHost.addChild(StandardHost.java:663)
		at org.apache.catalina.startup.HostConfig.deployWAR(HostConfig.java:923)
		at org.apache.catalina.startup.HostConfig$DeployWar.run(HostConfig.java:1839)
		at java.base/java.util.concurrent.Executors$RunnableAdapter.call(Executors.java:572)
		at java.base/java.util.concurrent.FutureTask.run(FutureTask.java:317)
		at org.apache.tomcat.util.threads.InlineExecutorService.execute(InlineExecutorService.java:81)
		at java.base/java.util.concurrent.AbstractExecutorService.submit(AbstractExecutorService.java:123)
		at org.apache.catalina.startup.HostConfig.deployWARs(HostConfig.java:727)
		at org.apache.catalina.startup.HostConfig.deployApps(HostConfig.java:378)
		at org.apache.catalina.startup.HostConfig.check(HostConfig.java:1628)
		at org.apache.catalina.startup.HostConfig.lifecycleEvent(HostConfig.java:260)
		at org.apache.catalina.util.LifecycleBase.fireLifecycleEvent(LifecycleBase.java:109)
		at org.apache.catalina.core.ContainerBase.backgroundProcess(ContainerBase.java:938)
		at org.apache.catalina.core.ContainerBase$ContainerBackgroundProcessor.processChildren(ContainerBase.java:1137)
		at org.apache.catalina.core.ContainerBase$ContainerBackgroundProcessor.processChildren(ContainerBase.java:1141)
		at org.apache.catalina.core.ContainerBase$ContainerBackgroundProcessor.run(ContainerBase.java:1119)
		at java.base/java.util.concurrent.Executors$RunnableAdapter.call(Executors.java:572)
		at java.base/java.util.concurrent.FutureTask.runAndReset(FutureTask.java:358)
		at java.base/java.util.concurrent.ScheduledThreadPoolExecutor$ScheduledFutureTask.run(ScheduledThreadPoolExecutor.java:305)
		at java.base/java.util.concurrent.ThreadPoolExecutor.runWorker(ThreadPoolExecutor.java:1144)
		at java.base/java.util.concurrent.ThreadPoolExecutor$Worker.run(ThreadPoolExecutor.java:642)
		at org.apache.tomcat.util.threads.TaskThread$WrappingRunnable.run(TaskThread.java:57)
		at java.base/java.lang.Thread.run(Thread.java:1583)
10-Jul-2026 03:23:13.009 WARNING [Catalina-utility-1] org.apache.tomcat.util.scan.StandardJarScanner.processURLs Failed to scan [file:/usr/local/tomcat/webapps/lpu-reservation-system-0.0.1-SNAPSHOT/WEB-INF/lib/thymeleaf-spring6-3.1.3.RELEASE.jar] from classloader hierarchy
	java.nio.file.NoSuchFileException: /usr/local/tomcat/webapps/lpu-reservation-system-0.0.1-SNAPSHOT/WEB-INF/lib/thymeleaf-spring6-3.1.3.RELEASE.jar
		at java.base/sun.nio.fs.UnixException.translateToIOException(UnixException.java:92)
		at java.base/sun.nio.fs.UnixException.rethrowAsIOException(UnixException.java:106)
		at java.base/sun.nio.fs.UnixException.rethrowAsIOException(UnixException.java:111)
		at java.base/sun.nio.fs.UnixFileAttributeViews$Basic.readAttributes(UnixFileAttributeViews.java:55)
		at java.base/sun.nio.fs.UnixFileSystemProvider.readAttributes(UnixFileSystemProvider.java:171)
		at java.base/sun.nio.fs.LinuxFileSystemProvider.readAttributes(LinuxFileSystemProvider.java:99)
		at java.base/java.nio.file.Files.readAttributes(Files.java:1854)
		at java.base/java.util.zip.ZipFile$Source.get(ZipFile.java:1445)
		at java.base/java.util.zip.ZipFile$CleanableResource.<init>(ZipFile.java:724)
		at java.base/java.util.zip.ZipFile.<init>(ZipFile.java:251)
		at java.base/java.util.zip.ZipFile.<init>(ZipFile.java:180)
		at java.base/java.util.jar.JarFile.<init>(JarFile.java:345)
		at org.apache.tomcat.util.scan.JarFileUrlJar.<init>(JarFileUrlJar.java:64)
		at org.apache.tomcat.util.scan.JarFactory.newInstance(JarFactory.java:50)
		at org.apache.tomcat.util.scan.StandardJarScanner.process(StandardJarScanner.java:391)
		at org.apache.tomcat.util.scan.StandardJarScanner.processURLs(StandardJarScanner.java:332)
		at org.apache.tomcat.util.scan.StandardJarScanner.doScanClassPath(StandardJarScanner.java:278)
		at org.apache.tomcat.util.scan.StandardJarScanner.scan(StandardJarScanner.java:242)
		at org.apache.jasper.servlet.TldScanner.scanJars(TldScanner.java:248)
		at org.apache.jasper.servlet.TldScanner.scan(TldScanner.java:98)
		at org.apache.jasper.servlet.JasperInitializer.onStartup(JasperInitializer.java:79)
		at org.apache.catalina.core.StandardContext.startInternal(StandardContext.java:4420)
		at org.apache.catalina.util.LifecycleBase.start(LifecycleBase.java:164)
		at org.apache.catalina.core.ContainerBase.addChild(ContainerBase.java:564)
		at org.apache.catalina.core.StandardHost.addChild(StandardHost.java:663)
		at org.apache.catalina.startup.HostConfig.deployWAR(HostConfig.java:923)
		at org.apache.catalina.startup.HostConfig$DeployWar.run(HostConfig.java:1839)
		at java.base/java.util.concurrent.Executors$RunnableAdapter.call(Executors.java:572)
		at java.base/java.util.concurrent.FutureTask.run(FutureTask.java:317)
		at org.apache.tomcat.util.threads.InlineExecutorService.execute(InlineExecutorService.java:81)
		at java.base/java.util.concurrent.AbstractExecutorService.submit(AbstractExecutorService.java:123)
		at org.apache.catalina.startup.HostConfig.deployWARs(HostConfig.java:727)
		at org.apache.catalina.startup.HostConfig.deployApps(HostConfig.java:378)
		at org.apache.catalina.startup.HostConfig.check(HostConfig.java:1628)
		at org.apache.catalina.startup.HostConfig.lifecycleEvent(HostConfig.java:260)
		at org.apache.catalina.util.LifecycleBase.fireLifecycleEvent(LifecycleBase.java:109)
		at org.apache.catalina.core.ContainerBase.backgroundProcess(ContainerBase.java:938)
		at org.apache.catalina.core.ContainerBase$ContainerBackgroundProcessor.processChildren(ContainerBase.java:1137)
		at org.apache.catalina.core.ContainerBase$ContainerBackgroundProcessor.processChildren(ContainerBase.java:1141)
		at org.apache.catalina.core.ContainerBase$ContainerBackgroundProcessor.run(ContainerBase.java:1119)
		at java.base/java.util.concurrent.Executors$RunnableAdapter.call(Executors.java:572)
		at java.base/java.util.concurrent.FutureTask.runAndReset(FutureTask.java:358)
		at java.base/java.util.concurrent.ScheduledThreadPoolExecutor$ScheduledFutureTask.run(ScheduledThreadPoolExecutor.java:305)
		at java.base/java.util.concurrent.ThreadPoolExecutor.runWorker(ThreadPoolExecutor.java:1144)
		at java.base/java.util.concurrent.ThreadPoolExecutor$Worker.run(ThreadPoolExecutor.java:642)
		at org.apache.tomcat.util.threads.TaskThread$WrappingRunnable.run(TaskThread.java:57)
		at java.base/java.lang.Thread.run(Thread.java:1583)
10-Jul-2026 03:23:13.013 WARNING [Catalina-utility-1] org.apache.tomcat.util.scan.StandardJarScanner.processURLs Failed to scan [file:/usr/local/tomcat/webapps/lpu-reservation-system-0.0.1-SNAPSHOT/WEB-INF/lib/spring-security-crypto-7.1.0.jar] from classloader hierarchy
	java.nio.file.NoSuchFileException: /usr/local/tomcat/webapps/lpu-reservation-system-0.0.1-SNAPSHOT/WEB-INF/lib/spring-security-crypto-7.1.0.jar
		at java.base/sun.nio.fs.UnixException.translateToIOException(UnixException.java:92)
		at java.base/sun.nio.fs.UnixException.rethrowAsIOException(UnixException.java:106)
		at java.base/sun.nio.fs.UnixException.rethrowAsIOException(UnixException.java:111)
		at java.base/sun.nio.fs.UnixFileAttributeViews$Basic.readAttributes(UnixFileAttributeViews.java:55)
		at java.base/sun.nio.fs.UnixFileSystemProvider.readAttributes(UnixFileSystemProvider.java:171)
		at java.base/sun.nio.fs.LinuxFileSystemProvider.readAttributes(LinuxFileSystemProvider.java:99)
		at java.base/java.nio.file.Files.readAttributes(Files.java:1854)
		at java.base/java.util.zip.ZipFile$Source.get(ZipFile.java:1445)
		at java.base/java.util.zip.ZipFile$CleanableResource.<init>(ZipFile.java:724)
		at java.base/java.util.zip.ZipFile.<init>(ZipFile.java:251)
		at java.base/java.util.zip.ZipFile.<init>(ZipFile.java:180)
		at java.base/java.util.jar.JarFile.<init>(JarFile.java:345)
		at org.apache.tomcat.util.scan.JarFileUrlJar.<init>(JarFileUrlJar.java:64)
		at org.apache.tomcat.util.scan.JarFactory.newInstance(JarFactory.java:50)
		at org.apache.tomcat.util.scan.StandardJarScanner.process(StandardJarScanner.java:391)
		at org.apache.tomcat.util.scan.StandardJarScanner.processURLs(StandardJarScanner.java:332)
		at org.apache.tomcat.util.scan.StandardJarScanner.doScanClassPath(StandardJarScanner.java:278)
		at org.apache.tomcat.util.scan.StandardJarScanner.scan(StandardJarScanner.java:242)
		at org.apache.jasper.servlet.TldScanner.scanJars(TldScanner.java:248)
		at org.apache.jasper.servlet.TldScanner.scan(TldScanner.java:98)
		at org.apache.jasper.servlet.JasperInitializer.onStartup(JasperInitializer.java:79)
		at org.apache.catalina.core.StandardContext.startInternal(StandardContext.java:4420)
		at org.apache.catalina.util.LifecycleBase.start(LifecycleBase.java:164)
		at org.apache.catalina.core.ContainerBase.addChild(ContainerBase.java:564)
		at org.apache.catalina.core.StandardHost.addChild(StandardHost.java:663)
		at org.apache.catalina.startup.HostConfig.deployWAR(HostConfig.java:923)
		at org.apache.catalina.startup.HostConfig$DeployWar.run(HostConfig.java:1839)
		at java.base/java.util.concurrent.Executors$RunnableAdapter.call(Executors.java:572)
		at java.base/java.util.concurrent.FutureTask.run(FutureTask.java:317)
		at org.apache.tomcat.util.threads.InlineExecutorService.execute(InlineExecutorService.java:81)
		at java.base/java.util.concurrent.AbstractExecutorService.submit(AbstractExecutorService.java:123)
		at org.apache.catalina.startup.HostConfig.deployWARs(HostConfig.java:727)
		at org.apache.catalina.startup.HostConfig.deployApps(HostConfig.java:378)
		at org.apache.catalina.startup.HostConfig.check(HostConfig.java:1628)
		at org.apache.catalina.startup.HostConfig.lifecycleEvent(HostConfig.java:260)
		at org.apache.catalina.util.LifecycleBase.fireLifecycleEvent(LifecycleBase.java:109)
		at org.apache.catalina.core.ContainerBase.backgroundProcess(ContainerBase.java:938)
		at org.apache.catalina.core.ContainerBase$ContainerBackgroundProcessor.processChildren(ContainerBase.java:1137)
		at org.apache.catalina.core.ContainerBase$ContainerBackgroundProcessor.processChildren(ContainerBase.java:1141)
		at org.apache.catalina.core.ContainerBase$ContainerBackgroundProcessor.run(ContainerBase.java:1119)
		at java.base/java.util.concurrent.Executors$RunnableAdapter.call(Executors.java:572)
		at java.base/java.util.concurrent.FutureTask.runAndReset(FutureTask.java:358)
		at java.base/java.util.concurrent.ScheduledThreadPoolExecutor$ScheduledFutureTask.run(ScheduledThreadPoolExecutor.java:305)
		at java.base/java.util.concurrent.ThreadPoolExecutor.runWorker(ThreadPoolExecutor.java:1144)
		at java.base/java.util.concurrent.ThreadPoolExecutor$Worker.run(ThreadPoolExecutor.java:642)
		at org.apache.tomcat.util.threads.TaskThread$WrappingRunnable.run(TaskThread.java:57)
		at java.base/java.lang.Thread.run(Thread.java:1583)
10-Jul-2026 03:23:13.014 WARNING [Catalina-utility-1] org.apache.tomcat.util.scan.StandardJarScanner.processURLs Failed to scan [file:/usr/local/tomcat/webapps/lpu-reservation-system-0.0.1-SNAPSHOT/WEB-INF/lib/jackson-annotations-2.19.1.jar] from classloader hierarchy
	java.nio.file.NoSuchFileException: /usr/local/tomcat/webapps/lpu-reservation-system-0.0.1-SNAPSHOT/WEB-INF/lib/jackson-annotations-2.19.1.jar
		at java.base/sun.nio.fs.UnixException.translateToIOException(UnixException.java:92)
		at java.base/sun.nio.fs.UnixException.rethrowAsIOException(UnixException.java:106)
		at java.base/sun.nio.fs.UnixException.rethrowAsIOException(UnixException.java:111)
		at java.base/sun.nio.fs.UnixFileAttributeViews$Basic.readAttributes(UnixFileAttributeViews.java:55)
		at java.base/sun.nio.fs.UnixFileSystemProvider.readAttributes(UnixFileSystemProvider.java:171)
		at java.base/sun.nio.fs.LinuxFileSystemProvider.readAttributes(LinuxFileSystemProvider.java:99)
		at java.base/java.nio.file.Files.readAttributes(Files.java:1854)
		at java.base/java.util.zip.ZipFile$Source.get(ZipFile.java:1445)
		at java.base/java.util.zip.ZipFile$CleanableResource.<init>(ZipFile.java:724)
		at java.base/java.util.zip.ZipFile.<init>(ZipFile.java:251)
		at java.base/java.util.zip.ZipFile.<init>(ZipFile.java:180)
		at java.base/java.util.jar.JarFile.<init>(JarFile.java:345)
		at org.apache.tomcat.util.scan.JarFileUrlJar.<init>(JarFileUrlJar.java:64)
		at org.apache.tomcat.util.scan.JarFactory.newInstance(JarFactory.java:50)
		at org.apache.tomcat.util.scan.StandardJarScanner.process(StandardJarScanner.java:391)
		at org.apache.tomcat.util.scan.StandardJarScanner.processURLs(StandardJarScanner.java:332)
		at org.apache.tomcat.util.scan.StandardJarScanner.doScanClassPath(StandardJarScanner.java:278)
		at org.apache.tomcat.util.scan.StandardJarScanner.scan(StandardJarScanner.java:242)
		at org.apache.jasper.servlet.TldScanner.scanJars(TldScanner.java:248)
		at org.apache.jasper.servlet.TldScanner.scan(TldScanner.java:98)
		at org.apache.jasper.servlet.JasperInitializer.onStartup(JasperInitializer.java:79)
		at org.apache.catalina.core.StandardContext.startInternal(StandardContext.java:4420)
		at org.apache.catalina.util.LifecycleBase.start(LifecycleBase.java:164)
		at org.apache.catalina.core.ContainerBase.addChild(ContainerBase.java:564)
		at org.apache.catalina.core.StandardHost.addChild(StandardHost.java:663)
		at org.apache.catalina.startup.HostConfig.deployWAR(HostConfig.java:923)
		at org.apache.catalina.startup.HostConfig$DeployWar.run(HostConfig.java:1839)
		at java.base/java.util.concurrent.Executors$RunnableAdapter.call(Executors.java:572)
		at java.base/java.util.concurrent.FutureTask.run(FutureTask.java:317)
		at org.apache.tomcat.util.threads.InlineExecutorService.execute(InlineExecutorService.java:81)
		at java.base/java.util.concurrent.AbstractExecutorService.submit(AbstractExecutorService.java:123)
		at org.apache.catalina.startup.HostConfig.deployWARs(HostConfig.java:727)
		at org.apache.catalina.startup.HostConfig.deployApps(HostConfig.java:378)
		at org.apache.catalina.startup.HostConfig.check(HostConfig.java:1628)
		at org.apache.catalina.startup.HostConfig.lifecycleEvent(HostConfig.java:260)
		at org.apache.catalina.util.LifecycleBase.fireLifecycleEvent(LifecycleBase.java:109)
		at org.apache.catalina.core.ContainerBase.backgroundProcess(ContainerBase.java:938)
		at org.apache.catalina.core.ContainerBase$ContainerBackgroundProcessor.processChildren(ContainerBase.java:1137)
		at org.apache.catalina.core.ContainerBase$ContainerBackgroundProcessor.processChildren(ContainerBase.java:1141)
		at org.apache.catalina.core.ContainerBase$ContainerBackgroundProcessor.run(ContainerBase.java:1119)
		at java.base/java.util.concurrent.Executors$RunnableAdapter.call(Executors.java:572)
		at java.base/java.util.concurrent.FutureTask.runAndReset(FutureTask.java:358)
		at java.base/java.util.concurrent.ScheduledThreadPoolExecutor$ScheduledFutureTask.run(ScheduledThreadPoolExecutor.java:305)
		at java.base/java.util.concurrent.ThreadPoolExecutor.runWorker(ThreadPoolExecutor.java:1144)
		at java.base/java.util.concurrent.ThreadPoolExecutor$Worker.run(ThreadPoolExecutor.java:642)
		at org.apache.tomcat.util.threads.TaskThread$WrappingRunnable.run(TaskThread.java:57)
		at java.base/java.lang.Thread.run(Thread.java:1583)
10-Jul-2026 03:23:13.015 WARNING [Catalina-utility-1] org.apache.tomcat.util.scan.StandardJarScanner.processURLs Failed to scan [file:/usr/local/tomcat/webapps/lpu-reservation-system-0.0.1-SNAPSHOT/WEB-INF/lib/jakarta.el-api-6.0.1.jar] from classloader hierarchy
	java.nio.file.NoSuchFileException: /usr/local/tomcat/webapps/lpu-reservation-system-0.0.1-SNAPSHOT/WEB-INF/lib/jakarta.el-api-6.0.1.jar
		at java.base/sun.nio.fs.UnixException.translateToIOException(UnixException.java:92)
		at java.base/sun.nio.fs.UnixException.rethrowAsIOException(UnixException.java:106)
		at java.base/sun.nio.fs.UnixException.rethrowAsIOException(UnixException.java:111)
		at java.base/sun.nio.fs.UnixFileAttributeViews$Basic.readAttributes(UnixFileAttributeViews.java:55)
		at java.base/sun.nio.fs.UnixFileSystemProvider.readAttributes(UnixFileSystemProvider.java:171)
		at java.base/sun.nio.fs.LinuxFileSystemProvider.readAttributes(LinuxFileSystemProvider.java:99)
		at java.base/java.nio.file.Files.readAttributes(Files.java:1854)
		at java.base/java.util.zip.ZipFile$Source.get(ZipFile.java:1445)
		at java.base/java.util.zip.ZipFile$CleanableResource.<init>(ZipFile.java:724)
		at java.base/java.util.zip.ZipFile.<init>(ZipFile.java:251)
		at java.base/java.util.zip.ZipFile.<init>(ZipFile.java:180)
		at java.base/java.util.jar.JarFile.<init>(JarFile.java:345)
		at org.apache.tomcat.util.scan.JarFileUrlJar.<init>(JarFileUrlJar.java:64)
		at org.apache.tomcat.util.scan.JarFactory.newInstance(JarFactory.java:50)
		at org.apache.tomcat.util.scan.StandardJarScanner.process(StandardJarScanner.java:391)
		at org.apache.tomcat.util.scan.StandardJarScanner.processURLs(StandardJarScanner.java:332)
		at org.apache.tomcat.util.scan.StandardJarScanner.doScanClassPath(StandardJarScanner.java:278)
		at org.apache.tomcat.util.scan.StandardJarScanner.scan(StandardJarScanner.java:242)
		at org.apache.jasper.servlet.TldScanner.scanJars(TldScanner.java:248)
		at org.apache.jasper.servlet.TldScanner.scan(TldScanner.java:98)
		at org.apache.jasper.servlet.JasperInitializer.onStartup(JasperInitializer.java:79)
		at org.apache.catalina.core.StandardContext.startInternal(StandardContext.java:4420)
		at org.apache.catalina.util.LifecycleBase.start(LifecycleBase.java:164)
		at org.apache.catalina.core.ContainerBase.addChild(ContainerBase.java:564)
		at org.apache.catalina.core.StandardHost.addChild(StandardHost.java:663)
		at org.apache.catalina.startup.HostConfig.deployWAR(HostConfig.java:923)
		at org.apache.catalina.startup.HostConfig$DeployWar.run(HostConfig.java:1839)
		at java.base/java.util.concurrent.Executors$RunnableAdapter.call(Executors.java:572)
		at java.base/java.util.concurrent.FutureTask.run(FutureTask.java:317)
		at org.apache.tomcat.util.threads.InlineExecutorService.execute(InlineExecutorService.java:81)
		at java.base/java.util.concurrent.AbstractExecutorService.submit(AbstractExecutorService.java:123)
		at org.apache.catalina.startup.HostConfig.deployWARs(HostConfig.java:727)
		at org.apache.catalina.startup.HostConfig.deployApps(HostConfig.java:378)
		at org.apache.catalina.startup.HostConfig.check(HostConfig.java:1628)
		at org.apache.catalina.startup.HostConfig.lifecycleEvent(HostConfig.java:260)
		at org.apache.catalina.util.LifecycleBase.fireLifecycleEvent(LifecycleBase.java:109)
		at org.apache.catalina.core.ContainerBase.backgroundProcess(ContainerBase.java:938)
		at org.apache.catalina.core.ContainerBase$ContainerBackgroundProcessor.processChildren(ContainerBase.java:1137)
		at org.apache.catalina.core.ContainerBase$ContainerBackgroundProcessor.processChildren(ContainerBase.java:1141)
		at org.apache.catalina.core.ContainerBase$ContainerBackgroundProcessor.run(ContainerBase.java:1119)
		at java.base/java.util.concurrent.Executors$RunnableAdapter.call(Executors.java:572)
		at java.base/java.util.concurrent.FutureTask.runAndReset(FutureTask.java:358)
		at java.base/java.util.concurrent.ScheduledThreadPoolExecutor$ScheduledFutureTask.run(ScheduledThreadPoolExecutor.java:305)
		at java.base/java.util.concurrent.ThreadPoolExecutor.runWorker(ThreadPoolExecutor.java:1144)
		at java.base/java.util.concurrent.ThreadPoolExecutor$Worker.run(ThreadPoolExecutor.java:642)
		at org.apache.tomcat.util.threads.TaskThread$WrappingRunnable.run(TaskThread.java:57)
		at java.base/java.lang.Thread.run(Thread.java:1583)
10-Jul-2026 03:23:13.018 WARNING [Catalina-utility-1] org.apache.tomcat.util.scan.StandardJarScanner.processURLs Failed to scan [file:/usr/local/tomcat/webapps/lpu-reservation-system-0.0.1-SNAPSHOT/WEB-INF/lib/byte-buddy-1.17.6.jar] from classloader hierarchy
	java.nio.file.NoSuchFileException: /usr/local/tomcat/webapps/lpu-reservation-system-0.0.1-SNAPSHOT/WEB-INF/lib/byte-buddy-1.17.6.jar
		at java.base/sun.nio.fs.UnixException.translateToIOException(UnixException.java:92)
		at java.base/sun.nio.fs.UnixException.rethrowAsIOException(UnixException.java:106)
		at java.base/sun.nio.fs.UnixException.rethrowAsIOException(UnixException.java:111)
		at java.base/sun.nio.fs.UnixFileAttributeViews$Basic.readAttributes(UnixFileAttributeViews.java:55)
		at java.base/sun.nio.fs.UnixFileSystemProvider.readAttributes(UnixFileSystemProvider.java:171)
		at java.base/sun.nio.fs.LinuxFileSystemProvider.readAttributes(LinuxFileSystemProvider.java:99)
		at java.base/java.nio.file.Files.readAttributes(Files.java:1854)
		at java.base/java.util.zip.ZipFile$Source.get(ZipFile.java:1445)
		at java.base/java.util.zip.ZipFile$CleanableResource.<init>(ZipFile.java:724)
		at java.base/java.util.zip.ZipFile.<init>(ZipFile.java:251)
		at java.base/java.util.zip.ZipFile.<init>(ZipFile.java:180)
		at java.base/java.util.jar.JarFile.<init>(JarFile.java:345)
		at org.apache.tomcat.util.scan.JarFileUrlJar.<init>(JarFileUrlJar.java:64)
		at org.apache.tomcat.util.scan.JarFactory.newInstance(JarFactory.java:50)
		at org.apache.tomcat.util.scan.StandardJarScanner.process(StandardJarScanner.java:391)
		at org.apache.tomcat.util.scan.StandardJarScanner.processURLs(StandardJarScanner.java:332)
		at org.apache.tomcat.util.scan.StandardJarScanner.doScanClassPath(StandardJarScanner.java:278)
		at org.apache.tomcat.util.scan.StandardJarScanner.scan(StandardJarScanner.java:242)
		at org.apache.jasper.servlet.TldScanner.scanJars(TldScanner.java:248)
		at org.apache.jasper.servlet.TldScanner.scan(TldScanner.java:98)
		at org.apache.jasper.servlet.JasperInitializer.onStartup(JasperInitializer.java:79)
		at org.apache.catalina.core.StandardContext.startInternal(StandardContext.java:4420)
		at org.apache.catalina.util.LifecycleBase.start(LifecycleBase.java:164)
		at org.apache.catalina.core.ContainerBase.addChild(ContainerBase.java:564)
		at org.apache.catalina.core.StandardHost.addChild(StandardHost.java:663)
		at org.apache.catalina.startup.HostConfig.deployWAR(HostConfig.java:923)
		at org.apache.catalina.startup.HostConfig$DeployWar.run(HostConfig.java:1839)
		at java.base/java.util.concurrent.Executors$RunnableAdapter.call(Executors.java:572)
		at java.base/java.util.concurrent.FutureTask.run(FutureTask.java:317)
		at org.apache.tomcat.util.threads.InlineExecutorService.execute(InlineExecutorService.java:81)
		at java.base/java.util.concurrent.AbstractExecutorService.submit(AbstractExecutorService.java:123)
		at org.apache.catalina.startup.HostConfig.deployWARs(HostConfig.java:727)
		at org.apache.catalina.startup.HostConfig.deployApps(HostConfig.java:378)
		at org.apache.catalina.startup.HostConfig.check(HostConfig.java:1628)
		at org.apache.catalina.startup.HostConfig.lifecycleEvent(HostConfig.java:260)
		at org.apache.catalina.util.LifecycleBase.fireLifecycleEvent(LifecycleBase.java:109)
		at org.apache.catalina.core.ContainerBase.backgroundProcess(ContainerBase.java:938)
		at org.apache.catalina.core.ContainerBase$ContainerBackgroundProcessor.processChildren(ContainerBase.java:1137)
		at org.apache.catalina.core.ContainerBase$ContainerBackgroundProcessor.processChildren(ContainerBase.java:1141)
		at org.apache.catalina.core.ContainerBase$ContainerBackgroundProcessor.run(ContainerBase.java:1119)
		at java.base/java.util.concurrent.Executors$RunnableAdapter.call(Executors.java:572)
		at java.base/java.util.concurrent.FutureTask.runAndReset(FutureTask.java:358)
		at java.base/java.util.concurrent.ScheduledThreadPoolExecutor$ScheduledFutureTask.run(ScheduledThreadPoolExecutor.java:305)
		at java.base/java.util.concurrent.ThreadPoolExecutor.runWorker(ThreadPoolExecutor.java:1144)
		at java.base/java.util.concurrent.ThreadPoolExecutor$Worker.run(ThreadPoolExecutor.java:642)
		at org.apache.tomcat.util.threads.TaskThread$WrappingRunnable.run(TaskThread.java:57)
		at java.base/java.lang.Thread.run(Thread.java:1583)
10-Jul-2026 03:23:13.023 WARNING [Catalina-utility-1] org.apache.tomcat.util.scan.StandardJarScanner.processURLs Failed to scan [file:/usr/local/tomcat/webapps/lpu-reservation-system-0.0.1-SNAPSHOT/WEB-INF/lib/jakarta.persistence-api-3.2.0.jar] from classloader hierarchy
	java.nio.file.NoSuchFileException: /usr/local/tomcat/webapps/lpu-reservation-system-0.0.1-SNAPSHOT/WEB-INF/lib/jakarta.persistence-api-3.2.0.jar
		at java.base/sun.nio.fs.UnixException.translateToIOException(UnixException.java:92)
		at java.base/sun.nio.fs.UnixException.rethrowAsIOException(UnixException.java:106)
		at java.base/sun.nio.fs.UnixException.rethrowAsIOException(UnixException.java:111)
		at java.base/sun.nio.fs.UnixFileAttributeViews$Basic.readAttributes(UnixFileAttributeViews.java:55)
		at java.base/sun.nio.fs.UnixFileSystemProvider.readAttributes(UnixFileSystemProvider.java:171)
		at java.base/sun.nio.fs.LinuxFileSystemProvider.readAttributes(LinuxFileSystemProvider.java:99)
		at java.base/java.nio.file.Files.readAttributes(Files.java:1854)
		at java.base/java.util.zip.ZipFile$Source.get(ZipFile.java:1445)
		at java.base/java.util.zip.ZipFile$CleanableResource.<init>(ZipFile.java:724)
		at java.base/java.util.zip.ZipFile.<init>(ZipFile.java:251)
		at java.base/java.util.zip.ZipFile.<init>(ZipFile.java:180)
		at java.base/java.util.jar.JarFile.<init>(JarFile.java:345)
		at org.apache.tomcat.util.scan.JarFileUrlJar.<init>(JarFileUrlJar.java:64)
		at org.apache.tomcat.util.scan.JarFactory.newInstance(JarFactory.java:50)
		at org.apache.tomcat.util.scan.StandardJarScanner.process(StandardJarScanner.java:391)
		at org.apache.tomcat.util.scan.StandardJarScanner.processURLs(StandardJarScanner.java:332)
		at org.apache.tomcat.util.scan.StandardJarScanner.doScanClassPath(StandardJarScanner.java:278)
		at org.apache.tomcat.util.scan.StandardJarScanner.scan(StandardJarScanner.java:242)
		at org.apache.jasper.servlet.TldScanner.scanJars(TldScanner.java:248)
		at org.apache.jasper.servlet.TldScanner.scan(TldScanner.java:98)
		at org.apache.jasper.servlet.JasperInitializer.onStartup(JasperInitializer.java:79)
		at org.apache.catalina.core.StandardContext.startInternal(StandardContext.java:4420)
		at org.apache.catalina.util.LifecycleBase.start(LifecycleBase.java:164)
		at org.apache.catalina.core.ContainerBase.addChild(ContainerBase.java:564)
		at org.apache.catalina.core.StandardHost.addChild(StandardHost.java:663)
		at org.apache.catalina.startup.HostConfig.deployWAR(HostConfig.java:923)
		at org.apache.catalina.startup.HostConfig$DeployWar.run(HostConfig.java:1839)
		at java.base/java.util.concurrent.Executors$RunnableAdapter.call(Executors.java:572)
		at java.base/java.util.concurrent.FutureTask.run(FutureTask.java:317)
		at org.apache.tomcat.util.threads.InlineExecutorService.execute(InlineExecutorService.java:81)
		at java.base/java.util.concurrent.AbstractExecutorService.submit(AbstractExecutorService.java:123)
		at org.apache.catalina.startup.HostConfig.deployWARs(HostConfig.java:727)
		at org.apache.catalina.startup.HostConfig.deployApps(HostConfig.java:378)
		at org.apache.catalina.startup.HostConfig.check(HostConfig.java:1628)
		at org.apache.catalina.startup.HostConfig.lifecycleEvent(HostConfig.java:260)
		at org.apache.catalina.util.LifecycleBase.fireLifecycleEvent(LifecycleBase.java:109)
		at org.apache.catalina.core.ContainerBase.backgroundProcess(ContainerBase.java:938)
		at org.apache.catalina.core.ContainerBase$ContainerBackgroundProcessor.processChildren(ContainerBase.java:1137)
		at org.apache.catalina.core.ContainerBase$ContainerBackgroundProcessor.processChildren(ContainerBase.java:1141)
		at org.apache.catalina.core.ContainerBase$ContainerBackgroundProcessor.run(ContainerBase.java:1119)
		at java.base/java.util.concurrent.Executors$RunnableAdapter.call(Executors.java:572)
		at java.base/java.util.concurrent.FutureTask.runAndReset(FutureTask.java:358)
		at java.base/java.util.concurrent.ScheduledThreadPoolExecutor$ScheduledFutureTask.run(ScheduledThreadPoolExecutor.java:305)
		at java.base/java.util.concurrent.ThreadPoolExecutor.runWorker(ThreadPoolExecutor.java:1144)
		at java.base/java.util.concurrent.ThreadPoolExecutor$Worker.run(ThreadPoolExecutor.java:642)
		at org.apache.tomcat.util.threads.TaskThread$WrappingRunnable.run(TaskThread.java:57)
		at java.base/java.lang.Thread.run(Thread.java:1583)
10-Jul-2026 03:23:13.024 WARNING [Catalina-utility-1] org.apache.tomcat.util.scan.StandardJarScanner.processURLs Failed to scan [file:/usr/local/tomcat/webapps/lpu-reservation-system-0.0.1-SNAPSHOT/WEB-INF/lib/ehcache-transactions-3.11.1.jar] from classloader hierarchy
	java.nio.file.NoSuchFileException: /usr/local/tomcat/webapps/lpu-reservation-system-0.0.1-SNAPSHOT/WEB-INF/lib/ehcache-transactions-3.11.1.jar
		at java.base/sun.nio.fs.UnixException.translateToIOException(UnixException.java:92)
		at java.base/sun.nio.fs.UnixException.rethrowAsIOException(UnixException.java:106)
		at java.base/sun.nio.fs.UnixException.rethrowAsIOException(UnixException.java:111)
		at java.base/sun.nio.fs.UnixFileAttributeViews$Basic.readAttributes(UnixFileAttributeViews.java:55)
		at java.base/sun.nio.fs.UnixFileSystemProvider.readAttributes(UnixFileSystemProvider.java:171)
		at java.base/sun.nio.fs.LinuxFileSystemProvider.readAttributes(LinuxFileSystemProvider.java:99)
		at java.base/java.nio.file.Files.readAttributes(Files.java:1854)
		at java.base/java.util.zip.ZipFile$Source.get(ZipFile.java:1445)
		at java.base/java.util.zip.ZipFile$CleanableResource.<init>(ZipFile.java:724)
		at java.base/java.util.zip.ZipFile.<init>(ZipFile.java:251)
		at java.base/java.util.zip.ZipFile.<init>(ZipFile.java:180)
		at java.base/java.util.jar.JarFile.<init>(JarFile.java:345)
		at org.apache.tomcat.util.scan.JarFileUrlJar.<init>(JarFileUrlJar.java:64)
		at org.apache.tomcat.util.scan.JarFactory.newInstance(JarFactory.java:50)
		at org.apache.tomcat.util.scan.StandardJarScanner.process(StandardJarScanner.java:391)
		at org.apache.tomcat.util.scan.StandardJarScanner.processURLs(StandardJarScanner.java:332)
		at org.apache.tomcat.util.scan.StandardJarScanner.doScanClassPath(StandardJarScanner.java:278)
		at org.apache.tomcat.util.scan.StandardJarScanner.scan(StandardJarScanner.java:242)
		at org.apache.jasper.servlet.TldScanner.scanJars(TldScanner.java:248)
		at org.apache.jasper.servlet.TldScanner.scan(TldScanner.java:98)
		at org.apache.jasper.servlet.JasperInitializer.onStartup(JasperInitializer.java:79)
		at org.apache.catalina.core.StandardContext.startInternal(StandardContext.java:4420)
		at org.apache.catalina.util.LifecycleBase.start(LifecycleBase.java:164)
		at org.apache.catalina.core.ContainerBase.addChild(ContainerBase.java:564)
		at org.apache.catalina.core.StandardHost.addChild(StandardHost.java:663)
		at org.apache.catalina.startup.HostConfig.deployWAR(HostConfig.java:923)
		at org.apache.catalina.startup.HostConfig$DeployWar.run(HostConfig.java:1839)
		at java.base/java.util.concurrent.Executors$RunnableAdapter.call(Executors.java:572)
		at java.base/java.util.concurrent.FutureTask.run(FutureTask.java:317)
		at org.apache.tomcat.util.threads.InlineExecutorService.execute(InlineExecutorService.java:81)
		at java.base/java.util.concurrent.AbstractExecutorService.submit(AbstractExecutorService.java:123)
		at org.apache.catalina.startup.HostConfig.deployWARs(HostConfig.java:727)
		at org.apache.catalina.startup.HostConfig.deployApps(HostConfig.java:378)
		at org.apache.catalina.startup.HostConfig.check(HostConfig.java:1628)
		at org.apache.catalina.startup.HostConfig.lifecycleEvent(HostConfig.java:260)
		at org.apache.catalina.util.LifecycleBase.fireLifecycleEvent(LifecycleBase.java:109)
		at org.apache.catalina.core.ContainerBase.backgroundProcess(ContainerBase.java:938)
		at org.apache.catalina.core.ContainerBase$ContainerBackgroundProcessor.processChildren(ContainerBase.java:1137)
		at org.apache.catalina.core.ContainerBase$ContainerBackgroundProcessor.processChildren(ContainerBase.java:1141)
		at org.apache.catalina.core.ContainerBase$ContainerBackgroundProcessor.run(ContainerBase.java:1119)
		at java.base/java.util.concurrent.Executors$RunnableAdapter.call(Executors.java:572)
		at java.base/java.util.concurrent.FutureTask.runAndReset(FutureTask.java:358)
		at java.base/java.util.concurrent.ScheduledThreadPoolExecutor$ScheduledFutureTask.run(ScheduledThreadPoolExecutor.java:305)
		at java.base/java.util.concurrent.ThreadPoolExecutor.runWorker(ThreadPoolExecutor.java:1144)
		at java.base/java.util.concurrent.ThreadPoolExecutor$Worker.run(ThreadPoolExecutor.java:642)
		at org.apache.tomcat.util.threads.TaskThread$WrappingRunnable.run(TaskThread.java:57)
		at java.base/java.lang.Thread.run(Thread.java:1583)
10-Jul-2026 03:23:13.024 WARNING [Catalina-utility-1] org.apache.tomcat.util.scan.StandardJarScanner.processURLs Failed to scan [file:/usr/local/tomcat/webapps/lpu-reservation-system-0.0.1-SNAPSHOT/WEB-INF/lib/spring-oxm-7.0.6.jar] from classloader hierarchy
	java.nio.file.NoSuchFileException: /usr/local/tomcat/webapps/lpu-reservation-system-0.0.1-SNAPSHOT/WEB-INF/lib/spring-oxm-7.0.6.jar
		at java.base/sun.nio.fs.UnixException.translateToIOException(UnixException.java:92)
		at java.base/sun.nio.fs.UnixException.rethrowAsIOException(UnixException.java:106)
		at java.base/sun.nio.fs.UnixException.rethrowAsIOException(UnixException.java:111)
		at java.base/sun.nio.fs.UnixFileAttributeViews$Basic.readAttributes(UnixFileAttributeViews.java:55)
		at java.base/sun.nio.fs.UnixFileSystemProvider.readAttributes(UnixFileSystemProvider.java:171)
		at java.base/sun.nio.fs.LinuxFileSystemProvider.readAttributes(LinuxFileSystemProvider.java:99)
		at java.base/java.nio.file.Files.readAttributes(Files.java:1854)
		at java.base/java.util.zip.ZipFile$Source.get(ZipFile.java:1445)
		at java.base/java.util.zip.ZipFile$CleanableResource.<init>(ZipFile.java:724)
		at java.base/java.util.zip.ZipFile.<init>(ZipFile.java:251)
		at java.base/java.util.zip.ZipFile.<init>(ZipFile.java:180)
		at java.base/java.util.jar.JarFile.<init>(JarFile.java:345)
		at org.apache.tomcat.util.scan.JarFileUrlJar.<init>(JarFileUrlJar.java:64)
		at org.apache.tomcat.util.scan.JarFactory.newInstance(JarFactory.java:50)
		at org.apache.tomcat.util.scan.StandardJarScanner.process(StandardJarScanner.java:391)
		at org.apache.tomcat.util.scan.StandardJarScanner.processURLs(StandardJarScanner.java:332)
		at org.apache.tomcat.util.scan.StandardJarScanner.doScanClassPath(StandardJarScanner.java:278)
		at org.apache.tomcat.util.scan.StandardJarScanner.scan(StandardJarScanner.java:242)
		at org.apache.jasper.servlet.TldScanner.scanJars(TldScanner.java:248)
		at org.apache.jasper.servlet.TldScanner.scan(TldScanner.java:98)
		at org.apache.jasper.servlet.JasperInitializer.onStartup(JasperInitializer.java:79)
		at org.apache.catalina.core.StandardContext.startInternal(StandardContext.java:4420)
		at org.apache.catalina.util.LifecycleBase.start(LifecycleBase.java:164)
		at org.apache.catalina.core.ContainerBase.addChild(ContainerBase.java:564)
		at org.apache.catalina.core.StandardHost.addChild(StandardHost.java:663)
		at org.apache.catalina.startup.HostConfig.deployWAR(HostConfig.java:923)
		at org.apache.catalina.startup.HostConfig$DeployWar.run(HostConfig.java:1839)
		at java.base/java.util.concurrent.Executors$RunnableAdapter.call(Executors.java:572)
		at java.base/java.util.concurrent.FutureTask.run(FutureTask.java:317)
		at org.apache.tomcat.util.threads.InlineExecutorService.execute(InlineExecutorService.java:81)
		at java.base/java.util.concurrent.AbstractExecutorService.submit(AbstractExecutorService.java:123)
		at org.apache.catalina.startup.HostConfig.deployWARs(HostConfig.java:727)
		at org.apache.catalina.startup.HostConfig.deployApps(HostConfig.java:378)
		at org.apache.catalina.startup.HostConfig.check(HostConfig.java:1628)
		at org.apache.catalina.startup.HostConfig.lifecycleEvent(HostConfig.java:260)
		at org.apache.catalina.util.LifecycleBase.fireLifecycleEvent(LifecycleBase.java:109)
		at org.apache.catalina.core.ContainerBase.backgroundProcess(ContainerBase.java:938)
		at org.apache.catalina.core.ContainerBase$ContainerBackgroundProcessor.processChildren(ContainerBase.java:1137)
		at org.apache.catalina.core.ContainerBase$ContainerBackgroundProcessor.processChildren(ContainerBase.java:1141)
		at org.apache.catalina.core.ContainerBase$ContainerBackgroundProcessor.run(ContainerBase.java:1119)
		at java.base/java.util.concurrent.Executors$RunnableAdapter.call(Executors.java:572)
		at java.base/java.util.concurrent.FutureTask.runAndReset(FutureTask.java:358)
		at java.base/java.util.concurrent.ScheduledThreadPoolExecutor$ScheduledFutureTask.run(ScheduledThreadPoolExecutor.java:305)
		at java.base/java.util.concurrent.ThreadPoolExecutor.runWorker(ThreadPoolExecutor.java:1144)
		at java.base/java.util.concurrent.ThreadPoolExecutor$Worker.run(ThreadPoolExecutor.java:642)
		at org.apache.tomcat.util.threads.TaskThread$WrappingRunnable.run(TaskThread.java:57)
		at java.base/java.lang.Thread.run(Thread.java:1583)
10-Jul-2026 03:23:13.024 WARNING [Catalina-utility-1] org.apache.tomcat.util.scan.StandardJarScanner.processURLs Failed to scan [file:/usr/local/tomcat/webapps/lpu-reservation-system-0.0.1-SNAPSHOT/WEB-INF/lib/micrometer-observation-1.15.1.jar] from classloader hierarchy
	java.nio.file.NoSuchFileException: /usr/local/tomcat/webapps/lpu-reservation-system-0.0.1-SNAPSHOT/WEB-INF/lib/micrometer-observation-1.15.1.jar
		at java.base/sun.nio.fs.UnixException.translateToIOException(UnixException.java:92)
		at java.base/sun.nio.fs.UnixException.rethrowAsIOException(UnixException.java:106)
		at java.base/sun.nio.fs.UnixException.rethrowAsIOException(UnixException.java:111)
		at java.base/sun.nio.fs.UnixFileAttributeViews$Basic.readAttributes(UnixFileAttributeViews.java:55)
		at java.base/sun.nio.fs.UnixFileSystemProvider.readAttributes(UnixFileSystemProvider.java:171)
		at java.base/sun.nio.fs.LinuxFileSystemProvider.readAttributes(LinuxFileSystemProvider.java:99)
		at java.base/java.nio.file.Files.readAttributes(Files.java:1854)
		at java.base/java.util.zip.ZipFile$Source.get(ZipFile.java:1445)
		at java.base/java.util.zip.ZipFile$CleanableResource.<init>(ZipFile.java:724)
		at java.base/java.util.zip.ZipFile.<init>(ZipFile.java:251)
		at java.base/java.util.zip.ZipFile.<init>(ZipFile.java:180)
		at java.base/java.util.jar.JarFile.<init>(JarFile.java:345)
		at org.apache.tomcat.util.scan.JarFileUrlJar.<init>(JarFileUrlJar.java:64)
		at org.apache.tomcat.util.scan.JarFactory.newInstance(JarFactory.java:50)
		at org.apache.tomcat.util.scan.StandardJarScanner.process(StandardJarScanner.java:391)
		at org.apache.tomcat.util.scan.StandardJarScanner.processURLs(StandardJarScanner.java:332)
		at org.apache.tomcat.util.scan.StandardJarScanner.doScanClassPath(StandardJarScanner.java:278)
		at org.apache.tomcat.util.scan.StandardJarScanner.scan(StandardJarScanner.java:242)
		at org.apache.jasper.servlet.TldScanner.scanJars(TldScanner.java:248)
		at org.apache.jasper.servlet.TldScanner.scan(TldScanner.java:98)
		at org.apache.jasper.servlet.JasperInitializer.onStartup(JasperInitializer.java:79)
		at org.apache.catalina.core.StandardContext.startInternal(StandardContext.java:4420)
		at org.apache.catalina.util.LifecycleBase.start(LifecycleBase.java:164)
		at org.apache.catalina.core.ContainerBase.addChild(ContainerBase.java:564)
		at org.apache.catalina.core.StandardHost.addChild(StandardHost.java:663)
		at org.apache.catalina.startup.HostConfig.deployWAR(HostConfig.java:923)
		at org.apache.catalina.startup.HostConfig$DeployWar.run(HostConfig.java:1839)
		at java.base/java.util.concurrent.Executors$RunnableAdapter.call(Executors.java:572)
		at java.base/java.util.concurrent.FutureTask.run(FutureTask.java:317)
		at org.apache.tomcat.util.threads.InlineExecutorService.execute(InlineExecutorService.java:81)
		at java.base/java.util.concurrent.AbstractExecutorService.submit(AbstractExecutorService.java:123)
		at org.apache.catalina.startup.HostConfig.deployWARs(HostConfig.java:727)
		at org.apache.catalina.startup.HostConfig.deployApps(HostConfig.java:378)
		at org.apache.catalina.startup.HostConfig.check(HostConfig.java:1628)
		at org.apache.catalina.startup.HostConfig.lifecycleEvent(HostConfig.java:260)
		at org.apache.catalina.util.LifecycleBase.fireLifecycleEvent(LifecycleBase.java:109)
		at org.apache.catalina.core.ContainerBase.backgroundProcess(ContainerBase.java:938)
		at org.apache.catalina.core.ContainerBase$ContainerBackgroundProcessor.processChildren(ContainerBase.java:1137)
		at org.apache.catalina.core.ContainerBase$ContainerBackgroundProcessor.processChildren(ContainerBase.java:1141)
		at org.apache.catalina.core.ContainerBase$ContainerBackgroundProcessor.run(ContainerBase.java:1119)
		at java.base/java.util.concurrent.Executors$RunnableAdapter.call(Executors.java:572)
		at java.base/java.util.concurrent.FutureTask.runAndReset(FutureTask.java:358)
		at java.base/java.util.concurrent.ScheduledThreadPoolExecutor$ScheduledFutureTask.run(ScheduledThreadPoolExecutor.java:305)
		at java.base/java.util.concurrent.ThreadPoolExecutor.runWorker(ThreadPoolExecutor.java:1144)
		at java.base/java.util.concurrent.ThreadPoolExecutor$Worker.run(ThreadPoolExecutor.java:642)
		at org.apache.tomcat.util.threads.TaskThread$WrappingRunnable.run(TaskThread.java:57)
		at java.base/java.lang.Thread.run(Thread.java:1583)
10-Jul-2026 03:23:13.024 WARNING [Catalina-utility-1] org.apache.tomcat.util.scan.StandardJarScanner.processURLs Failed to scan [file:/usr/local/tomcat/webapps/lpu-reservation-system-0.0.1-SNAPSHOT/WEB-INF/lib/spring-security-core-6.5.1.jar] from classloader hierarchy
	java.nio.file.NoSuchFileException: /usr/local/tomcat/webapps/lpu-reservation-system-0.0.1-SNAPSHOT/WEB-INF/lib/spring-security-core-6.5.1.jar
		at java.base/sun.nio.fs.UnixException.translateToIOException(UnixException.java:92)
		at java.base/sun.nio.fs.UnixException.rethrowAsIOException(UnixException.java:106)
		at java.base/sun.nio.fs.UnixException.rethrowAsIOException(UnixException.java:111)
		at java.base/sun.nio.fs.UnixFileAttributeViews$Basic.readAttributes(UnixFileAttributeViews.java:55)
		at java.base/sun.nio.fs.UnixFileSystemProvider.readAttributes(UnixFileSystemProvider.java:171)
		at java.base/sun.nio.fs.LinuxFileSystemProvider.readAttributes(LinuxFileSystemProvider.java:99)
		at java.base/java.nio.file.Files.readAttributes(Files.java:1854)
		at java.base/java.util.zip.ZipFile$Source.get(ZipFile.java:1445)
		at java.base/java.util.zip.ZipFile$CleanableResource.<init>(ZipFile.java:724)
		at java.base/java.util.zip.ZipFile.<init>(ZipFile.java:251)
		at java.base/java.util.zip.ZipFile.<init>(ZipFile.java:180)
		at java.base/java.util.jar.JarFile.<init>(JarFile.java:345)
		at org.apache.tomcat.util.scan.JarFileUrlJar.<init>(JarFileUrlJar.java:64)
		at org.apache.tomcat.util.scan.JarFactory.newInstance(JarFactory.java:50)
		at org.apache.tomcat.util.scan.StandardJarScanner.process(StandardJarScanner.java:391)
		at org.apache.tomcat.util.scan.StandardJarScanner.processURLs(StandardJarScanner.java:332)
		at org.apache.tomcat.util.scan.StandardJarScanner.doScanClassPath(StandardJarScanner.java:278)
		at org.apache.tomcat.util.scan.StandardJarScanner.scan(StandardJarScanner.java:242)
		at org.apache.jasper.servlet.TldScanner.scanJars(TldScanner.java:248)
		at org.apache.jasper.servlet.TldScanner.scan(TldScanner.java:98)
		at org.apache.jasper.servlet.JasperInitializer.onStartup(JasperInitializer.java:79)
		at org.apache.catalina.core.StandardContext.startInternal(StandardContext.java:4420)
		at org.apache.catalina.util.LifecycleBase.start(LifecycleBase.java:164)
		at org.apache.catalina.core.ContainerBase.addChild(ContainerBase.java:564)
		at org.apache.catalina.core.StandardHost.addChild(StandardHost.java:663)
		at org.apache.catalina.startup.HostConfig.deployWAR(HostConfig.java:923)
		at org.apache.catalina.startup.HostConfig$DeployWar.run(HostConfig.java:1839)
		at java.base/java.util.concurrent.Executors$RunnableAdapter.call(Executors.java:572)
		at java.base/java.util.concurrent.FutureTask.run(FutureTask.java:317)
		at org.apache.tomcat.util.threads.InlineExecutorService.execute(InlineExecutorService.java:81)
		at java.base/java.util.concurrent.AbstractExecutorService.submit(AbstractExecutorService.java:123)
		at org.apache.catalina.startup.HostConfig.deployWARs(HostConfig.java:727)
		at org.apache.catalina.startup.HostConfig.deployApps(HostConfig.java:378)
		at org.apache.catalina.startup.HostConfig.check(HostConfig.java:1628)
		at org.apache.catalina.startup.HostConfig.lifecycleEvent(HostConfig.java:260)
		at org.apache.catalina.util.LifecycleBase.fireLifecycleEvent(LifecycleBase.java:109)
		at org.apache.catalina.core.ContainerBase.backgroundProcess(ContainerBase.java:938)
		at org.apache.catalina.core.ContainerBase$ContainerBackgroundProcessor.processChildren(ContainerBase.java:1137)
		at org.apache.catalina.core.ContainerBase$ContainerBackgroundProcessor.processChildren(ContainerBase.java:1141)
		at org.apache.catalina.core.ContainerBase$ContainerBackgroundProcessor.run(ContainerBase.java:1119)
		at java.base/java.util.concurrent.Executors$RunnableAdapter.call(Executors.java:572)
		at java.base/java.util.concurrent.FutureTask.runAndReset(FutureTask.java:358)
		at java.base/java.util.concurrent.ScheduledThreadPoolExecutor$ScheduledFutureTask.run(ScheduledThreadPoolExecutor.java:305)
		at java.base/java.util.concurrent.ThreadPoolExecutor.runWorker(ThreadPoolExecutor.java:1144)
		at java.base/java.util.concurrent.ThreadPoolExecutor$Worker.run(ThreadPoolExecutor.java:642)
		at org.apache.tomcat.util.threads.TaskThread$WrappingRunnable.run(TaskThread.java:57)
		at java.base/java.lang.Thread.run(Thread.java:1583)
10-Jul-2026 03:23:13.024 WARNING [Catalina-utility-1] org.apache.tomcat.util.scan.StandardJarScanner.processURLs Failed to scan [file:/usr/local/tomcat/webapps/lpu-reservation-system-0.0.1-SNAPSHOT/WEB-INF/lib/spring-expression-7.0.6.jar] from classloader hierarchy
	java.nio.file.NoSuchFileException: /usr/local/tomcat/webapps/lpu-reservation-system-0.0.1-SNAPSHOT/WEB-INF/lib/spring-expression-7.0.6.jar
		at java.base/sun.nio.fs.UnixException.translateToIOException(UnixException.java:92)
		at java.base/sun.nio.fs.UnixException.rethrowAsIOException(UnixException.java:106)
		at java.base/sun.nio.fs.UnixException.rethrowAsIOException(UnixException.java:111)
		at java.base/sun.nio.fs.UnixFileAttributeViews$Basic.readAttributes(UnixFileAttributeViews.java:55)
		at java.base/sun.nio.fs.UnixFileSystemProvider.readAttributes(UnixFileSystemProvider.java:171)
		at java.base/sun.nio.fs.LinuxFileSystemProvider.readAttributes(LinuxFileSystemProvider.java:99)
		at java.base/java.nio.file.Files.readAttributes(Files.java:1854)
		at java.base/java.util.zip.ZipFile$Source.get(ZipFile.java:1445)
		at java.base/java.util.zip.ZipFile$CleanableResource.<init>(ZipFile.java:724)
		at java.base/java.util.zip.ZipFile.<init>(ZipFile.java:251)
		at java.base/java.util.zip.ZipFile.<init>(ZipFile.java:180)
		at java.base/java.util.jar.JarFile.<init>(JarFile.java:345)
		at org.apache.tomcat.util.scan.JarFileUrlJar.<init>(JarFileUrlJar.java:64)
		at org.apache.tomcat.util.scan.JarFactory.newInstance(JarFactory.java:50)
		at org.apache.tomcat.util.scan.StandardJarScanner.process(StandardJarScanner.java:391)
		at org.apache.tomcat.util.scan.StandardJarScanner.processURLs(StandardJarScanner.java:332)
		at org.apache.tomcat.util.scan.StandardJarScanner.doScanClassPath(StandardJarScanner.java:278)
		at org.apache.tomcat.util.scan.StandardJarScanner.scan(StandardJarScanner.java:242)
		at org.apache.jasper.servlet.TldScanner.scanJars(TldScanner.java:248)
		at org.apache.jasper.servlet.TldScanner.scan(TldScanner.java:98)
		at org.apache.jasper.servlet.JasperInitializer.onStartup(JasperInitializer.java:79)
		at org.apache.catalina.core.StandardContext.startInternal(StandardContext.java:4420)
		at org.apache.catalina.util.LifecycleBase.start(LifecycleBase.java:164)
		at org.apache.catalina.core.ContainerBase.addChild(ContainerBase.java:564)
		at org.apache.catalina.core.StandardHost.addChild(StandardHost.java:663)
		at org.apache.catalina.startup.HostConfig.deployWAR(HostConfig.java:923)
		at org.apache.catalina.startup.HostConfig$DeployWar.run(HostConfig.java:1839)
		at java.base/java.util.concurrent.Executors$RunnableAdapter.call(Executors.java:572)
		at java.base/java.util.concurrent.FutureTask.run(FutureTask.java:317)
		at org.apache.tomcat.util.threads.InlineExecutorService.execute(InlineExecutorService.java:81)
		at java.base/java.util.concurrent.AbstractExecutorService.submit(AbstractExecutorService.java:123)
		at org.apache.catalina.startup.HostConfig.deployWARs(HostConfig.java:727)
		at org.apache.catalina.startup.HostConfig.deployApps(HostConfig.java:378)
		at org.apache.catalina.startup.HostConfig.check(HostConfig.java:1628)
		at org.apache.catalina.startup.HostConfig.lifecycleEvent(HostConfig.java:260)
		at org.apache.catalina.util.LifecycleBase.fireLifecycleEvent(LifecycleBase.java:109)
		at org.apache.catalina.core.ContainerBase.backgroundProcess(ContainerBase.java:938)
		at org.apache.catalina.core.ContainerBase$ContainerBackgroundProcessor.processChildren(ContainerBase.java:1137)
		at org.apache.catalina.core.ContainerBase$ContainerBackgroundProcessor.processChildren(ContainerBase.java:1141)
		at org.apache.catalina.core.ContainerBase$ContainerBackgroundProcessor.run(ContainerBase.java:1119)
		at java.base/java.util.concurrent.Executors$RunnableAdapter.call(Executors.java:572)
		at java.base/java.util.concurrent.FutureTask.runAndReset(FutureTask.java:358)
		at java.base/java.util.concurrent.ScheduledThreadPoolExecutor$ScheduledFutureTask.run(ScheduledThreadPoolExecutor.java:305)
		at java.base/java.util.concurrent.ThreadPoolExecutor.runWorker(ThreadPoolExecutor.java:1144)
		at java.base/java.util.concurrent.ThreadPoolExecutor$Worker.run(ThreadPoolExecutor.java:642)
		at org.apache.tomcat.util.threads.TaskThread$WrappingRunnable.run(TaskThread.java:57)
		at java.base/java.lang.Thread.run(Thread.java:1583)
10-Jul-2026 03:23:13.025 WARNING [Catalina-utility-1] org.apache.tomcat.util.scan.StandardJarScanner.processURLs Failed to scan [file:/usr/local/tomcat/webapps/lpu-reservation-system-0.0.1-SNAPSHOT/WEB-INF/lib/classmate-1.7.0.jar] from classloader hierarchy
	java.nio.file.NoSuchFileException: /usr/local/tomcat/webapps/lpu-reservation-system-0.0.1-SNAPSHOT/WEB-INF/lib/classmate-1.7.0.jar
		at java.base/sun.nio.fs.UnixException.translateToIOException(UnixException.java:92)
		at java.base/sun.nio.fs.UnixException.rethrowAsIOException(UnixException.java:106)
		at java.base/sun.nio.fs.UnixException.rethrowAsIOException(UnixException.java:111)
		at java.base/sun.nio.fs.UnixFileAttributeViews$Basic.readAttributes(UnixFileAttributeViews.java:55)
		at java.base/sun.nio.fs.UnixFileSystemProvider.readAttributes(UnixFileSystemProvider.java:171)
		at java.base/sun.nio.fs.LinuxFileSystemProvider.readAttributes(LinuxFileSystemProvider.java:99)
		at java.base/java.nio.file.Files.readAttributes(Files.java:1854)
		at java.base/java.util.zip.ZipFile$Source.get(ZipFile.java:1445)
		at java.base/java.util.zip.ZipFile$CleanableResource.<init>(ZipFile.java:724)
		at java.base/java.util.zip.ZipFile.<init>(ZipFile.java:251)
		at java.base/java.util.zip.ZipFile.<init>(ZipFile.java:180)
		at java.base/java.util.jar.JarFile.<init>(JarFile.java:345)
		at org.apache.tomcat.util.scan.JarFileUrlJar.<init>(JarFileUrlJar.java:64)
		at org.apache.tomcat.util.scan.JarFactory.newInstance(JarFactory.java:50)
		at org.apache.tomcat.util.scan.StandardJarScanner.process(StandardJarScanner.java:391)
		at org.apache.tomcat.util.scan.StandardJarScanner.processURLs(StandardJarScanner.java:332)
		at org.apache.tomcat.util.scan.StandardJarScanner.doScanClassPath(StandardJarScanner.java:278)
		at org.apache.tomcat.util.scan.StandardJarScanner.scan(StandardJarScanner.java:242)
		at org.apache.jasper.servlet.TldScanner.scanJars(TldScanner.java:248)
		at org.apache.jasper.servlet.TldScanner.scan(TldScanner.java:98)
		at org.apache.jasper.servlet.JasperInitializer.onStartup(JasperInitializer.java:79)
		at org.apache.catalina.core.StandardContext.startInternal(StandardContext.java:4420)
		at org.apache.catalina.util.LifecycleBase.start(LifecycleBase.java:164)
		at org.apache.catalina.core.ContainerBase.addChild(ContainerBase.java:564)
		at org.apache.catalina.core.StandardHost.addChild(StandardHost.java:663)
		at org.apache.catalina.startup.HostConfig.deployWAR(HostConfig.java:923)
		at org.apache.catalina.startup.HostConfig$DeployWar.run(HostConfig.java:1839)
		at java.base/java.util.concurrent.Executors$RunnableAdapter.call(Executors.java:572)
		at java.base/java.util.concurrent.FutureTask.run(FutureTask.java:317)
		at org.apache.tomcat.util.threads.InlineExecutorService.execute(InlineExecutorService.java:81)
		at java.base/java.util.concurrent.AbstractExecutorService.submit(AbstractExecutorService.java:123)
		at org.apache.catalina.startup.HostConfig.deployWARs(HostConfig.java:727)
		at org.apache.catalina.startup.HostConfig.deployApps(HostConfig.java:378)
		at org.apache.catalina.startup.HostConfig.check(HostConfig.java:1628)
		at org.apache.catalina.startup.HostConfig.lifecycleEvent(HostConfig.java:260)
		at org.apache.catalina.util.LifecycleBase.fireLifecycleEvent(LifecycleBase.java:109)
		at org.apache.catalina.core.ContainerBase.backgroundProcess(ContainerBase.java:938)
		at org.apache.catalina.core.ContainerBase$ContainerBackgroundProcessor.processChildren(ContainerBase.java:1137)
		at org.apache.catalina.core.ContainerBase$ContainerBackgroundProcessor.processChildren(ContainerBase.java:1141)
		at org.apache.catalina.core.ContainerBase$ContainerBackgroundProcessor.run(ContainerBase.java:1119)
		at java.base/java.util.concurrent.Executors$RunnableAdapter.call(Executors.java:572)
		at java.base/java.util.concurrent.FutureTask.runAndReset(FutureTask.java:358)
		at java.base/java.util.concurrent.ScheduledThreadPoolExecutor$ScheduledFutureTask.run(ScheduledThreadPoolExecutor.java:305)
		at java.base/java.util.concurrent.ThreadPoolExecutor.runWorker(ThreadPoolExecutor.java:1144)
		at java.base/java.util.concurrent.ThreadPoolExecutor$Worker.run(ThreadPoolExecutor.java:642)
		at org.apache.tomcat.util.threads.TaskThread$WrappingRunnable.run(TaskThread.java:57)
		at java.base/java.lang.Thread.run(Thread.java:1583)
10-Jul-2026 03:23:13.026 WARNING [Catalina-utility-1] org.apache.tomcat.util.scan.StandardJarScanner.processURLs Failed to scan [file:/usr/local/tomcat/webapps/lpu-reservation-system-0.0.1-SNAPSHOT/WEB-INF/lib/postgresql-42.7.10.jar] from classloader hierarchy
	java.nio.file.NoSuchFileException: /usr/local/tomcat/webapps/lpu-reservation-system-0.0.1-SNAPSHOT/WEB-INF/lib/postgresql-42.7.10.jar
		at java.base/sun.nio.fs.UnixException.translateToIOException(UnixException.java:92)
		at java.base/sun.nio.fs.UnixException.rethrowAsIOException(UnixException.java:106)
		at java.base/sun.nio.fs.UnixException.rethrowAsIOException(UnixException.java:111)
		at java.base/sun.nio.fs.UnixFileAttributeViews$Basic.readAttributes(UnixFileAttributeViews.java:55)
		at java.base/sun.nio.fs.UnixFileSystemProvider.readAttributes(UnixFileSystemProvider.java:171)
		at java.base/sun.nio.fs.LinuxFileSystemProvider.readAttributes(LinuxFileSystemProvider.java:99)
		at java.base/java.nio.file.Files.readAttributes(Files.java:1854)
		at java.base/java.util.zip.ZipFile$Source.get(ZipFile.java:1445)
		at java.base/java.util.zip.ZipFile$CleanableResource.<init>(ZipFile.java:724)
		at java.base/java.util.zip.ZipFile.<init>(ZipFile.java:251)
		at java.base/java.util.zip.ZipFile.<init>(ZipFile.java:180)
		at java.base/java.util.jar.JarFile.<init>(JarFile.java:345)
		at org.apache.tomcat.util.scan.JarFileUrlJar.<init>(JarFileUrlJar.java:64)
		at org.apache.tomcat.util.scan.JarFactory.newInstance(JarFactory.java:50)
		at org.apache.tomcat.util.scan.StandardJarScanner.process(StandardJarScanner.java:391)
		at org.apache.tomcat.util.scan.StandardJarScanner.processURLs(StandardJarScanner.java:332)
		at org.apache.tomcat.util.scan.StandardJarScanner.doScanClassPath(StandardJarScanner.java:278)
		at org.apache.tomcat.util.scan.StandardJarScanner.scan(StandardJarScanner.java:242)
		at org.apache.jasper.servlet.TldScanner.scanJars(TldScanner.java:248)
		at org.apache.jasper.servlet.TldScanner.scan(TldScanner.java:98)
		at org.apache.jasper.servlet.JasperInitializer.onStartup(JasperInitializer.java:79)
		at org.apache.catalina.core.StandardContext.startInternal(StandardContext.java:4420)
		at org.apache.catalina.util.LifecycleBase.start(LifecycleBase.java:164)
		at org.apache.catalina.core.ContainerBase.addChild(ContainerBase.java:564)
		at org.apache.catalina.core.StandardHost.addChild(StandardHost.java:663)
		at org.apache.catalina.startup.HostConfig.deployWAR(HostConfig.java:923)
		at org.apache.catalina.startup.HostConfig$DeployWar.run(HostConfig.java:1839)
		at java.base/java.util.concurrent.Executors$RunnableAdapter.call(Executors.java:572)
		at java.base/java.util.concurrent.FutureTask.run(FutureTask.java:317)
		at org.apache.tomcat.util.threads.InlineExecutorService.execute(InlineExecutorService.java:81)
		at java.base/java.util.concurrent.AbstractExecutorService.submit(AbstractExecutorService.java:123)
		at org.apache.catalina.startup.HostConfig.deployWARs(HostConfig.java:727)
		at org.apache.catalina.startup.HostConfig.deployApps(HostConfig.java:378)
		at org.apache.catalina.startup.HostConfig.check(HostConfig.java:1628)
		at org.apache.catalina.startup.HostConfig.lifecycleEvent(HostConfig.java:260)
		at org.apache.catalina.util.LifecycleBase.fireLifecycleEvent(LifecycleBase.java:109)
		at org.apache.catalina.core.ContainerBase.backgroundProcess(ContainerBase.java:938)
		at org.apache.catalina.core.ContainerBase$ContainerBackgroundProcessor.processChildren(ContainerBase.java:1137)
		at org.apache.catalina.core.ContainerBase$ContainerBackgroundProcessor.processChildren(ContainerBase.java:1141)
		at org.apache.catalina.core.ContainerBase$ContainerBackgroundProcessor.run(ContainerBase.java:1119)
		at java.base/java.util.concurrent.Executors$RunnableAdapter.call(Executors.java:572)
		at java.base/java.util.concurrent.FutureTask.runAndReset(FutureTask.java:358)
		at java.base/java.util.concurrent.ScheduledThreadPoolExecutor$ScheduledFutureTask.run(ScheduledThreadPoolExecutor.java:305)
		at java.base/java.util.concurrent.ThreadPoolExecutor.runWorker(ThreadPoolExecutor.java:1144)
		at java.base/java.util.concurrent.ThreadPoolExecutor$Worker.run(ThreadPoolExecutor.java:642)
		at org.apache.tomcat.util.threads.TaskThread$WrappingRunnable.run(TaskThread.java:57)
		at java.base/java.lang.Thread.run(Thread.java:1583)
10-Jul-2026 03:23:13.027 WARNING [Catalina-utility-1] org.apache.tomcat.util.scan.StandardJarScanner.processURLs Failed to scan [file:/usr/local/tomcat/webapps/lpu-reservation-system-0.0.1-SNAPSHOT/WEB-INF/lib/jakarta.transaction-api-2.0.1.jar] from classloader hierarchy
	java.nio.file.NoSuchFileException: /usr/local/tomcat/webapps/lpu-reservation-system-0.0.1-SNAPSHOT/WEB-INF/lib/jakarta.transaction-api-2.0.1.jar
		at java.base/sun.nio.fs.UnixException.translateToIOException(UnixException.java:92)
		at java.base/sun.nio.fs.UnixException.rethrowAsIOException(UnixException.java:106)
		at java.base/sun.nio.fs.UnixException.rethrowAsIOException(UnixException.java:111)
		at java.base/sun.nio.fs.UnixFileAttributeViews$Basic.readAttributes(UnixFileAttributeViews.java:55)
		at java.base/sun.nio.fs.UnixFileSystemProvider.readAttributes(UnixFileSystemProvider.java:171)
		at java.base/sun.nio.fs.LinuxFileSystemProvider.readAttributes(LinuxFileSystemProvider.java:99)
		at java.base/java.nio.file.Files.readAttributes(Files.java:1854)
		at java.base/java.util.zip.ZipFile$Source.get(ZipFile.java:1445)
		at java.base/java.util.zip.ZipFile$CleanableResource.<init>(ZipFile.java:724)
		at java.base/java.util.zip.ZipFile.<init>(ZipFile.java:251)
		at java.base/java.util.zip.ZipFile.<init>(ZipFile.java:180)
		at java.base/java.util.jar.JarFile.<init>(JarFile.java:345)
		at org.apache.tomcat.util.scan.JarFileUrlJar.<init>(JarFileUrlJar.java:64)
		at org.apache.tomcat.util.scan.JarFactory.newInstance(JarFactory.java:50)
		at org.apache.tomcat.util.scan.StandardJarScanner.process(StandardJarScanner.java:391)
		at org.apache.tomcat.util.scan.StandardJarScanner.processURLs(StandardJarScanner.java:332)
		at org.apache.tomcat.util.scan.StandardJarScanner.doScanClassPath(StandardJarScanner.java:278)
		at org.apache.tomcat.util.scan.StandardJarScanner.scan(StandardJarScanner.java:242)
		at org.apache.jasper.servlet.TldScanner.scanJars(TldScanner.java:248)
		at org.apache.jasper.servlet.TldScanner.scan(TldScanner.java:98)
		at org.apache.jasper.servlet.JasperInitializer.onStartup(JasperInitializer.java:79)
		at org.apache.catalina.core.StandardContext.startInternal(StandardContext.java:4420)
		at org.apache.catalina.util.LifecycleBase.start(LifecycleBase.java:164)
		at org.apache.catalina.core.ContainerBase.addChild(ContainerBase.java:564)
		at org.apache.catalina.core.StandardHost.addChild(StandardHost.java:663)
		at org.apache.catalina.startup.HostConfig.deployWAR(HostConfig.java:923)
		at org.apache.catalina.startup.HostConfig$DeployWar.run(HostConfig.java:1839)
		at java.base/java.util.concurrent.Executors$RunnableAdapter.call(Executors.java:572)
		at java.base/java.util.concurrent.FutureTask.run(FutureTask.java:317)
		at org.apache.tomcat.util.threads.InlineExecutorService.execute(InlineExecutorService.java:81)
		at java.base/java.util.concurrent.AbstractExecutorService.submit(AbstractExecutorService.java:123)
		at org.apache.catalina.startup.HostConfig.deployWARs(HostConfig.java:727)
		at org.apache.catalina.startup.HostConfig.deployApps(HostConfig.java:378)
		at org.apache.catalina.startup.HostConfig.check(HostConfig.java:1628)
		at org.apache.catalina.startup.HostConfig.lifecycleEvent(HostConfig.java:260)
		at org.apache.catalina.util.LifecycleBase.fireLifecycleEvent(LifecycleBase.java:109)
		at org.apache.catalina.core.ContainerBase.backgroundProcess(ContainerBase.java:938)
		at org.apache.catalina.core.ContainerBase$ContainerBackgroundProcessor.processChildren(ContainerBase.java:1137)
		at org.apache.catalina.core.ContainerBase$ContainerBackgroundProcessor.processChildren(ContainerBase.java:1141)
		at org.apache.catalina.core.ContainerBase$ContainerBackgroundProcessor.run(ContainerBase.java:1119)
		at java.base/java.util.concurrent.Executors$RunnableAdapter.call(Executors.java:572)
		at java.base/java.util.concurrent.FutureTask.runAndReset(FutureTask.java:358)
		at java.base/java.util.concurrent.ScheduledThreadPoolExecutor$ScheduledFutureTask.run(ScheduledThreadPoolExecutor.java:305)
		at java.base/java.util.concurrent.ThreadPoolExecutor.runWorker(ThreadPoolExecutor.java:1144)
		at java.base/java.util.concurrent.ThreadPoolExecutor$Worker.run(ThreadPoolExecutor.java:642)
		at org.apache.tomcat.util.threads.TaskThread$WrappingRunnable.run(TaskThread.java:57)
		at java.base/java.lang.Thread.run(Thread.java:1583)
10-Jul-2026 03:23:13.027 WARNING [Catalina-utility-1] org.apache.tomcat.util.scan.StandardJarScanner.processURLs Failed to scan [file:/usr/local/tomcat/webapps/lpu-reservation-system-0.0.1-SNAPSHOT/WEB-INF/lib/spring-security-config-6.3.1.jar] from classloader hierarchy
	java.nio.file.NoSuchFileException: /usr/local/tomcat/webapps/lpu-reservation-system-0.0.1-SNAPSHOT/WEB-INF/lib/spring-security-config-6.3.1.jar
		at java.base/sun.nio.fs.UnixException.translateToIOException(UnixException.java:92)
		at java.base/sun.nio.fs.UnixException.rethrowAsIOException(UnixException.java:106)
		at java.base/sun.nio.fs.UnixException.rethrowAsIOException(UnixException.java:111)
		at java.base/sun.nio.fs.UnixFileAttributeViews$Basic.readAttributes(UnixFileAttributeViews.java:55)
		at java.base/sun.nio.fs.UnixFileSystemProvider.readAttributes(UnixFileSystemProvider.java:171)
		at java.base/sun.nio.fs.LinuxFileSystemProvider.readAttributes(LinuxFileSystemProvider.java:99)
		at java.base/java.nio.file.Files.readAttributes(Files.java:1854)
		at java.base/java.util.zip.ZipFile$Source.get(ZipFile.java:1445)
		at java.base/java.util.zip.ZipFile$CleanableResource.<init>(ZipFile.java:724)
		at java.base/java.util.zip.ZipFile.<init>(ZipFile.java:251)
		at java.base/java.util.zip.ZipFile.<init>(ZipFile.java:180)
		at java.base/java.util.jar.JarFile.<init>(JarFile.java:345)
		at org.apache.tomcat.util.scan.JarFileUrlJar.<init>(JarFileUrlJar.java:64)
		at org.apache.tomcat.util.scan.JarFactory.newInstance(JarFactory.java:50)
		at org.apache.tomcat.util.scan.StandardJarScanner.process(StandardJarScanner.java:391)
		at org.apache.tomcat.util.scan.StandardJarScanner.processURLs(StandardJarScanner.java:332)
		at org.apache.tomcat.util.scan.StandardJarScanner.doScanClassPath(StandardJarScanner.java:278)
		at org.apache.tomcat.util.scan.StandardJarScanner.scan(StandardJarScanner.java:242)
		at org.apache.jasper.servlet.TldScanner.scanJars(TldScanner.java:248)
		at org.apache.jasper.servlet.TldScanner.scan(TldScanner.java:98)
		at org.apache.jasper.servlet.JasperInitializer.onStartup(JasperInitializer.java:79)
		at org.apache.catalina.core.StandardContext.startInternal(StandardContext.java:4420)
		at org.apache.catalina.util.LifecycleBase.start(LifecycleBase.java:164)
		at org.apache.catalina.core.ContainerBase.addChild(ContainerBase.java:564)
		at org.apache.catalina.core.StandardHost.addChild(StandardHost.java:663)
		at org.apache.catalina.startup.HostConfig.deployWAR(HostConfig.java:923)
		at org.apache.catalina.startup.HostConfig$DeployWar.run(HostConfig.java:1839)
		at java.base/java.util.concurrent.Executors$RunnableAdapter.call(Executors.java:572)
		at java.base/java.util.concurrent.FutureTask.run(FutureTask.java:317)
		at org.apache.tomcat.util.threads.InlineExecutorService.execute(InlineExecutorService.java:81)
		at java.base/java.util.concurrent.AbstractExecutorService.submit(AbstractExecutorService.java:123)
		at org.apache.catalina.startup.HostConfig.deployWARs(HostConfig.java:727)
		at org.apache.catalina.startup.HostConfig.deployApps(HostConfig.java:378)
		at org.apache.catalina.startup.HostConfig.check(HostConfig.java:1628)
		at org.apache.catalina.startup.HostConfig.lifecycleEvent(HostConfig.java:260)
		at org.apache.catalina.util.LifecycleBase.fireLifecycleEvent(LifecycleBase.java:109)
		at org.apache.catalina.core.ContainerBase.backgroundProcess(ContainerBase.java:938)
		at org.apache.catalina.core.ContainerBase$ContainerBackgroundProcessor.processChildren(ContainerBase.java:1137)
		at org.apache.catalina.core.ContainerBase$ContainerBackgroundProcessor.processChildren(ContainerBase.java:1141)
		at org.apache.catalina.core.ContainerBase$ContainerBackgroundProcessor.run(ContainerBase.java:1119)
		at java.base/java.util.concurrent.Executors$RunnableAdapter.call(Executors.java:572)
		at java.base/java.util.concurrent.FutureTask.runAndReset(FutureTask.java:358)
		at java.base/java.util.concurrent.ScheduledThreadPoolExecutor$ScheduledFutureTask.run(ScheduledThreadPoolExecutor.java:305)
		at java.base/java.util.concurrent.ThreadPoolExecutor.runWorker(ThreadPoolExecutor.java:1144)
		at java.base/java.util.concurrent.ThreadPoolExecutor$Worker.run(ThreadPoolExecutor.java:642)
		at org.apache.tomcat.util.threads.TaskThread$WrappingRunnable.run(TaskThread.java:57)
		at java.base/java.lang.Thread.run(Thread.java:1583)
10-Jul-2026 03:23:13.028 WARNING [Catalina-utility-1] org.apache.tomcat.util.scan.StandardJarScanner.processURLs Failed to scan [file:/usr/local/tomcat/webapps/lpu-reservation-system-0.0.1-SNAPSHOT/WEB-INF/lib/spring-tx-7.0.6.jar] from classloader hierarchy
	java.nio.file.NoSuchFileException: /usr/local/tomcat/webapps/lpu-reservation-system-0.0.1-SNAPSHOT/WEB-INF/lib/spring-tx-7.0.6.jar
		at java.base/sun.nio.fs.UnixException.translateToIOException(UnixException.java:92)
		at java.base/sun.nio.fs.UnixException.rethrowAsIOException(UnixException.java:106)
		at java.base/sun.nio.fs.UnixException.rethrowAsIOException(UnixException.java:111)
		at java.base/sun.nio.fs.UnixFileAttributeViews$Basic.readAttributes(UnixFileAttributeViews.java:55)
		at java.base/sun.nio.fs.UnixFileSystemProvider.readAttributes(UnixFileSystemProvider.java:171)
		at java.base/sun.nio.fs.LinuxFileSystemProvider.readAttributes(LinuxFileSystemProvider.java:99)
		at java.base/java.nio.file.Files.readAttributes(Files.java:1854)
		at java.base/java.util.zip.ZipFile$Source.get(ZipFile.java:1445)
		at java.base/java.util.zip.ZipFile$CleanableResource.<init>(ZipFile.java:724)
		at java.base/java.util.zip.ZipFile.<init>(ZipFile.java:251)
		at java.base/java.util.zip.ZipFile.<init>(ZipFile.java:180)
		at java.base/java.util.jar.JarFile.<init>(JarFile.java:345)
		at org.apache.tomcat.util.scan.JarFileUrlJar.<init>(JarFileUrlJar.java:64)
		at org.apache.tomcat.util.scan.JarFactory.newInstance(JarFactory.java:50)
		at org.apache.tomcat.util.scan.StandardJarScanner.process(StandardJarScanner.java:391)
		at org.apache.tomcat.util.scan.StandardJarScanner.processURLs(StandardJarScanner.java:332)
		at org.apache.tomcat.util.scan.StandardJarScanner.doScanClassPath(StandardJarScanner.java:278)
		at org.apache.tomcat.util.scan.StandardJarScanner.scan(StandardJarScanner.java:242)
		at org.apache.jasper.servlet.TldScanner.scanJars(TldScanner.java:248)
		at org.apache.jasper.servlet.TldScanner.scan(TldScanner.java:98)
		at org.apache.jasper.servlet.JasperInitializer.onStartup(JasperInitializer.java:79)
		at org.apache.catalina.core.StandardContext.startInternal(StandardContext.java:4420)
		at org.apache.catalina.util.LifecycleBase.start(LifecycleBase.java:164)
		at org.apache.catalina.core.ContainerBase.addChild(ContainerBase.java:564)
		at org.apache.catalina.core.StandardHost.addChild(StandardHost.java:663)
		at org.apache.catalina.startup.HostConfig.deployWAR(HostConfig.java:923)
		at org.apache.catalina.startup.HostConfig$DeployWar.run(HostConfig.java:1839)
		at java.base/java.util.concurrent.Executors$RunnableAdapter.call(Executors.java:572)
		at java.base/java.util.concurrent.FutureTask.run(FutureTask.java:317)
		at org.apache.tomcat.util.threads.InlineExecutorService.execute(InlineExecutorService.java:81)
		at java.base/java.util.concurrent.AbstractExecutorService.submit(AbstractExecutorService.java:123)
		at org.apache.catalina.startup.HostConfig.deployWARs(HostConfig.java:727)
		at org.apache.catalina.startup.HostConfig.deployApps(HostConfig.java:378)
		at org.apache.catalina.startup.HostConfig.check(HostConfig.java:1628)
		at org.apache.catalina.startup.HostConfig.lifecycleEvent(HostConfig.java:260)
		at org.apache.catalina.util.LifecycleBase.fireLifecycleEvent(LifecycleBase.java:109)
		at org.apache.catalina.core.ContainerBase.backgroundProcess(ContainerBase.java:938)
		at org.apache.catalina.core.ContainerBase$ContainerBackgroundProcessor.processChildren(ContainerBase.java:1137)
		at org.apache.catalina.core.ContainerBase$ContainerBackgroundProcessor.processChildren(ContainerBase.java:1141)
		at org.apache.catalina.core.ContainerBase$ContainerBackgroundProcessor.run(ContainerBase.java:1119)
		at java.base/java.util.concurrent.Executors$RunnableAdapter.call(Executors.java:572)
		at java.base/java.util.concurrent.FutureTask.runAndReset(FutureTask.java:358)
		at java.base/java.util.concurrent.ScheduledThreadPoolExecutor$ScheduledFutureTask.run(ScheduledThreadPoolExecutor.java:305)
		at java.base/java.util.concurrent.ThreadPoolExecutor.runWorker(ThreadPoolExecutor.java:1144)
		at java.base/java.util.concurrent.ThreadPoolExecutor$Worker.run(ThreadPoolExecutor.java:642)
		at org.apache.tomcat.util.threads.TaskThread$WrappingRunnable.run(TaskThread.java:57)
		at java.base/java.lang.Thread.run(Thread.java:1583)
10-Jul-2026 03:23:13.028 WARNING [Catalina-utility-1] org.apache.tomcat.util.scan.StandardJarScanner.processURLs Failed to scan [file:/usr/local/tomcat/webapps/lpu-reservation-system-0.0.1-SNAPSHOT/WEB-INF/lib/jjwt-jackson-0.11.5.jar] from classloader hierarchy
	java.nio.file.NoSuchFileException: /usr/local/tomcat/webapps/lpu-reservation-system-0.0.1-SNAPSHOT/WEB-INF/lib/jjwt-jackson-0.11.5.jar
		at java.base/sun.nio.fs.UnixException.translateToIOException(UnixException.java:92)
		at java.base/sun.nio.fs.UnixException.rethrowAsIOException(UnixException.java:106)
		at java.base/sun.nio.fs.UnixException.rethrowAsIOException(UnixException.java:111)
		at java.base/sun.nio.fs.UnixFileAttributeViews$Basic.readAttributes(UnixFileAttributeViews.java:55)
		at java.base/sun.nio.fs.UnixFileSystemProvider.readAttributes(UnixFileSystemProvider.java:171)
		at java.base/sun.nio.fs.LinuxFileSystemProvider.readAttributes(LinuxFileSystemProvider.java:99)
		at java.base/java.nio.file.Files.readAttributes(Files.java:1854)
		at java.base/java.util.zip.ZipFile$Source.get(ZipFile.java:1445)
		at java.base/java.util.zip.ZipFile$CleanableResource.<init>(ZipFile.java:724)
		at java.base/java.util.zip.ZipFile.<init>(ZipFile.java:251)
		at java.base/java.util.zip.ZipFile.<init>(ZipFile.java:180)
		at java.base/java.util.jar.JarFile.<init>(JarFile.java:345)
		at org.apache.tomcat.util.scan.JarFileUrlJar.<init>(JarFileUrlJar.java:64)
		at org.apache.tomcat.util.scan.JarFactory.newInstance(JarFactory.java:50)
		at org.apache.tomcat.util.scan.StandardJarScanner.process(StandardJarScanner.java:391)
		at org.apache.tomcat.util.scan.StandardJarScanner.processURLs(StandardJarScanner.java:332)
		at org.apache.tomcat.util.scan.StandardJarScanner.doScanClassPath(StandardJarScanner.java:278)
		at org.apache.tomcat.util.scan.StandardJarScanner.scan(StandardJarScanner.java:242)
		at org.apache.jasper.servlet.TldScanner.scanJars(TldScanner.java:248)
		at org.apache.jasper.servlet.TldScanner.scan(TldScanner.java:98)
		at org.apache.jasper.servlet.JasperInitializer.onStartup(JasperInitializer.java:79)
		at org.apache.catalina.core.StandardContext.startInternal(StandardContext.java:4420)
		at org.apache.catalina.util.LifecycleBase.start(LifecycleBase.java:164)
		at org.apache.catalina.core.ContainerBase.addChild(ContainerBase.java:564)
		at org.apache.catalina.core.StandardHost.addChild(StandardHost.java:663)
		at org.apache.catalina.startup.HostConfig.deployWAR(HostConfig.java:923)
		at org.apache.catalina.startup.HostConfig$DeployWar.run(HostConfig.java:1839)
		at java.base/java.util.concurrent.Executors$RunnableAdapter.call(Executors.java:572)
		at java.base/java.util.concurrent.FutureTask.run(FutureTask.java:317)
		at org.apache.tomcat.util.threads.InlineExecutorService.execute(InlineExecutorService.java:81)
		at java.base/java.util.concurrent.AbstractExecutorService.submit(AbstractExecutorService.java:123)
		at org.apache.catalina.startup.HostConfig.deployWARs(HostConfig.java:727)
		at org.apache.catalina.startup.HostConfig.deployApps(HostConfig.java:378)
		at org.apache.catalina.startup.HostConfig.check(HostConfig.java:1628)
		at org.apache.catalina.startup.HostConfig.lifecycleEvent(HostConfig.java:260)
		at org.apache.catalina.util.LifecycleBase.fireLifecycleEvent(LifecycleBase.java:109)
		at org.apache.catalina.core.ContainerBase.backgroundProcess(ContainerBase.java:938)
		at org.apache.catalina.core.ContainerBase$ContainerBackgroundProcessor.processChildren(ContainerBase.java:1137)
		at org.apache.catalina.core.ContainerBase$ContainerBackgroundProcessor.processChildren(ContainerBase.java:1141)
		at org.apache.catalina.core.ContainerBase$ContainerBackgroundProcessor.run(ContainerBase.java:1119)
		at java.base/java.util.concurrent.Executors$RunnableAdapter.call(Executors.java:572)
		at java.base/java.util.concurrent.FutureTask.runAndReset(FutureTask.java:358)
		at java.base/java.util.concurrent.ScheduledThreadPoolExecutor$ScheduledFutureTask.run(ScheduledThreadPoolExecutor.java:305)
		at java.base/java.util.concurrent.ThreadPoolExecutor.runWorker(ThreadPoolExecutor.java:1144)
		at java.base/java.util.concurrent.ThreadPoolExecutor$Worker.run(ThreadPoolExecutor.java:642)
		at org.apache.tomcat.util.threads.TaskThread$WrappingRunnable.run(TaskThread.java:57)
		at java.base/java.lang.Thread.run(Thread.java:1583)
10-Jul-2026 03:23:13.028 WARNING [Catalina-utility-1] org.apache.tomcat.util.scan.StandardJarScanner.processURLs Failed to scan [file:/usr/local/tomcat/webapps/lpu-reservation-system-0.0.1-SNAPSHOT/WEB-INF/lib/spring-instrument-7.0.6.jar] from classloader hierarchy
	java.nio.file.NoSuchFileException: /usr/local/tomcat/webapps/lpu-reservation-system-0.0.1-SNAPSHOT/WEB-INF/lib/spring-instrument-7.0.6.jar
		at java.base/sun.nio.fs.UnixException.translateToIOException(UnixException.java:92)
		at java.base/sun.nio.fs.UnixException.rethrowAsIOException(UnixException.java:106)
		at java.base/sun.nio.fs.UnixException.rethrowAsIOException(UnixException.java:111)
		at java.base/sun.nio.fs.UnixFileAttributeViews$Basic.readAttributes(UnixFileAttributeViews.java:55)
		at java.base/sun.nio.fs.UnixFileSystemProvider.readAttributes(UnixFileSystemProvider.java:171)
		at java.base/sun.nio.fs.LinuxFileSystemProvider.readAttributes(LinuxFileSystemProvider.java:99)
		at java.base/java.nio.file.Files.readAttributes(Files.java:1854)
		at java.base/java.util.zip.ZipFile$Source.get(ZipFile.java:1445)
		at java.base/java.util.zip.ZipFile$CleanableResource.<init>(ZipFile.java:724)
		at java.base/java.util.zip.ZipFile.<init>(ZipFile.java:251)
		at java.base/java.util.zip.ZipFile.<init>(ZipFile.java:180)
		at java.base/java.util.jar.JarFile.<init>(JarFile.java:345)
		at org.apache.tomcat.util.scan.JarFileUrlJar.<init>(JarFileUrlJar.java:64)
		at org.apache.tomcat.util.scan.JarFactory.newInstance(JarFactory.java:50)
		at org.apache.tomcat.util.scan.StandardJarScanner.process(StandardJarScanner.java:391)
		at org.apache.tomcat.util.scan.StandardJarScanner.processURLs(StandardJarScanner.java:332)
		at org.apache.tomcat.util.scan.StandardJarScanner.doScanClassPath(StandardJarScanner.java:278)
		at org.apache.tomcat.util.scan.StandardJarScanner.scan(StandardJarScanner.java:242)
		at org.apache.jasper.servlet.TldScanner.scanJars(TldScanner.java:248)
		at org.apache.jasper.servlet.TldScanner.scan(TldScanner.java:98)
		at org.apache.jasper.servlet.JasperInitializer.onStartup(JasperInitializer.java:79)
		at org.apache.catalina.core.StandardContext.startInternal(StandardContext.java:4420)
		at org.apache.catalina.util.LifecycleBase.start(LifecycleBase.java:164)
		at org.apache.catalina.core.ContainerBase.addChild(ContainerBase.java:564)
		at org.apache.catalina.core.StandardHost.addChild(StandardHost.java:663)
		at org.apache.catalina.startup.HostConfig.deployWAR(HostConfig.java:923)
		at org.apache.catalina.startup.HostConfig$DeployWar.run(HostConfig.java:1839)
		at java.base/java.util.concurrent.Executors$RunnableAdapter.call(Executors.java:572)
		at java.base/java.util.concurrent.FutureTask.run(FutureTask.java:317)
		at org.apache.tomcat.util.threads.InlineExecutorService.execute(InlineExecutorService.java:81)
		at java.base/java.util.concurrent.AbstractExecutorService.submit(AbstractExecutorService.java:123)
		at org.apache.catalina.startup.HostConfig.deployWARs(HostConfig.java:727)
		at org.apache.catalina.startup.HostConfig.deployApps(HostConfig.java:378)
		at org.apache.catalina.startup.HostConfig.check(HostConfig.java:1628)
		at org.apache.catalina.startup.HostConfig.lifecycleEvent(HostConfig.java:260)
		at org.apache.catalina.util.LifecycleBase.fireLifecycleEvent(LifecycleBase.java:109)
		at org.apache.catalina.core.ContainerBase.backgroundProcess(ContainerBase.java:938)
		at org.apache.catalina.core.ContainerBase$ContainerBackgroundProcessor.processChildren(ContainerBase.java:1137)
		at org.apache.catalina.core.ContainerBase$ContainerBackgroundProcessor.processChildren(ContainerBase.java:1141)
		at org.apache.catalina.core.ContainerBase$ContainerBackgroundProcessor.run(ContainerBase.java:1119)
		at java.base/java.util.concurrent.Executors$RunnableAdapter.call(Executors.java:572)
		at java.base/java.util.concurrent.FutureTask.runAndReset(FutureTask.java:358)
		at java.base/java.util.concurrent.ScheduledThreadPoolExecutor$ScheduledFutureTask.run(ScheduledThreadPoolExecutor.java:305)
		at java.base/java.util.concurrent.ThreadPoolExecutor.runWorker(ThreadPoolExecutor.java:1144)
		at java.base/java.util.concurrent.ThreadPoolExecutor$Worker.run(ThreadPoolExecutor.java:642)
		at org.apache.tomcat.util.threads.TaskThread$WrappingRunnable.run(TaskThread.java:57)
		at java.base/java.lang.Thread.run(Thread.java:1583)
10-Jul-2026 03:23:13.028 WARNING [Catalina-utility-1] org.apache.tomcat.util.scan.StandardJarScanner.processURLs Failed to scan [file:/usr/local/tomcat/webapps/lpu-reservation-system-0.0.1-SNAPSHOT/WEB-INF/lib/webp-imageio-0.1.6.jar] from classloader hierarchy
	java.nio.file.NoSuchFileException: /usr/local/tomcat/webapps/lpu-reservation-system-0.0.1-SNAPSHOT/WEB-INF/lib/webp-imageio-0.1.6.jar
		at java.base/sun.nio.fs.UnixException.translateToIOException(UnixException.java:92)
		at java.base/sun.nio.fs.UnixException.rethrowAsIOException(UnixException.java:106)
		at java.base/sun.nio.fs.UnixException.rethrowAsIOException(UnixException.java:111)
		at java.base/sun.nio.fs.UnixFileAttributeViews$Basic.readAttributes(UnixFileAttributeViews.java:55)
		at java.base/sun.nio.fs.UnixFileSystemProvider.readAttributes(UnixFileSystemProvider.java:171)
		at java.base/sun.nio.fs.LinuxFileSystemProvider.readAttributes(LinuxFileSystemProvider.java:99)
		at java.base/java.nio.file.Files.readAttributes(Files.java:1854)
		at java.base/java.util.zip.ZipFile$Source.get(ZipFile.java:1445)
		at java.base/java.util.zip.ZipFile$CleanableResource.<init>(ZipFile.java:724)
		at java.base/java.util.zip.ZipFile.<init>(ZipFile.java:251)
		at java.base/java.util.zip.ZipFile.<init>(ZipFile.java:180)
		at java.base/java.util.jar.JarFile.<init>(JarFile.java:345)
		at org.apache.tomcat.util.scan.JarFileUrlJar.<init>(JarFileUrlJar.java:64)
		at org.apache.tomcat.util.scan.JarFactory.newInstance(JarFactory.java:50)
		at org.apache.tomcat.util.scan.StandardJarScanner.process(StandardJarScanner.java:391)
		at org.apache.tomcat.util.scan.StandardJarScanner.processURLs(StandardJarScanner.java:332)
		at org.apache.tomcat.util.scan.StandardJarScanner.doScanClassPath(StandardJarScanner.java:278)
		at org.apache.tomcat.util.scan.StandardJarScanner.scan(StandardJarScanner.java:242)
		at org.apache.jasper.servlet.TldScanner.scanJars(TldScanner.java:248)
		at org.apache.jasper.servlet.TldScanner.scan(TldScanner.java:98)
		at org.apache.jasper.servlet.JasperInitializer.onStartup(JasperInitializer.java:79)
		at org.apache.catalina.core.StandardContext.startInternal(StandardContext.java:4420)
		at org.apache.catalina.util.LifecycleBase.start(LifecycleBase.java:164)
		at org.apache.catalina.core.ContainerBase.addChild(ContainerBase.java:564)
		at org.apache.catalina.core.StandardHost.addChild(StandardHost.java:663)
		at org.apache.catalina.startup.HostConfig.deployWAR(HostConfig.java:923)
		at org.apache.catalina.startup.HostConfig$DeployWar.run(HostConfig.java:1839)
		at java.base/java.util.concurrent.Executors$RunnableAdapter.call(Executors.java:572)
		at java.base/java.util.concurrent.FutureTask.run(FutureTask.java:317)
		at org.apache.tomcat.util.threads.InlineExecutorService.execute(InlineExecutorService.java:81)
		at java.base/java.util.concurrent.AbstractExecutorService.submit(AbstractExecutorService.java:123)
		at org.apache.catalina.startup.HostConfig.deployWARs(HostConfig.java:727)
		at org.apache.catalina.startup.HostConfig.deployApps(HostConfig.java:378)
		at org.apache.catalina.startup.HostConfig.check(HostConfig.java:1628)
		at org.apache.catalina.startup.HostConfig.lifecycleEvent(HostConfig.java:260)
		at org.apache.catalina.util.LifecycleBase.fireLifecycleEvent(LifecycleBase.java:109)
		at org.apache.catalina.core.ContainerBase.backgroundProcess(ContainerBase.java:938)
		at org.apache.catalina.core.ContainerBase$ContainerBackgroundProcessor.processChildren(ContainerBase.java:1137)
		at org.apache.catalina.core.ContainerBase$ContainerBackgroundProcessor.processChildren(ContainerBase.java:1141)
		at org.apache.catalina.core.ContainerBase$ContainerBackgroundProcessor.run(ContainerBase.java:1119)
		at java.base/java.util.concurrent.Executors$RunnableAdapter.call(Executors.java:572)
		at java.base/java.util.concurrent.FutureTask.runAndReset(FutureTask.java:358)
		at java.base/java.util.concurrent.ScheduledThreadPoolExecutor$ScheduledFutureTask.run(ScheduledThreadPoolExecutor.java:305)
		at java.base/java.util.concurrent.ThreadPoolExecutor.runWorker(ThreadPoolExecutor.java:1144)
		at java.base/java.util.concurrent.ThreadPoolExecutor$Worker.run(ThreadPoolExecutor.java:642)
		at org.apache.tomcat.util.threads.TaskThread$WrappingRunnable.run(TaskThread.java:57)
		at java.base/java.lang.Thread.run(Thread.java:1583)
10-Jul-2026 03:23:13.029 WARNING [Catalina-utility-1] org.apache.tomcat.util.scan.StandardJarScanner.processURLs Failed to scan [file:/usr/local/tomcat/webapps/lpu-reservation-system-0.0.1-SNAPSHOT/WEB-INF/lib/spring-jdbc-7.0.6.jar] from classloader hierarchy
	java.nio.file.NoSuchFileException: /usr/local/tomcat/webapps/lpu-reservation-system-0.0.1-SNAPSHOT/WEB-INF/lib/spring-jdbc-7.0.6.jar
		at java.base/sun.nio.fs.UnixException.translateToIOException(UnixException.java:92)
		at java.base/sun.nio.fs.UnixException.rethrowAsIOException(UnixException.java:106)
		at java.base/sun.nio.fs.UnixException.rethrowAsIOException(UnixException.java:111)
		at java.base/sun.nio.fs.UnixFileAttributeViews$Basic.readAttributes(UnixFileAttributeViews.java:55)
		at java.base/sun.nio.fs.UnixFileSystemProvider.readAttributes(UnixFileSystemProvider.java:171)
		at java.base/sun.nio.fs.LinuxFileSystemProvider.readAttributes(LinuxFileSystemProvider.java:99)
		at java.base/java.nio.file.Files.readAttributes(Files.java:1854)
		at java.base/java.util.zip.ZipFile$Source.get(ZipFile.java:1445)
		at java.base/java.util.zip.ZipFile$CleanableResource.<init>(ZipFile.java:724)
		at java.base/java.util.zip.ZipFile.<init>(ZipFile.java:251)
		at java.base/java.util.zip.ZipFile.<init>(ZipFile.java:180)
		at java.base/java.util.jar.JarFile.<init>(JarFile.java:345)
		at org.apache.tomcat.util.scan.JarFileUrlJar.<init>(JarFileUrlJar.java:64)
		at org.apache.tomcat.util.scan.JarFactory.newInstance(JarFactory.java:50)
		at org.apache.tomcat.util.scan.StandardJarScanner.process(StandardJarScanner.java:391)
		at org.apache.tomcat.util.scan.StandardJarScanner.processURLs(StandardJarScanner.java:332)
		at org.apache.tomcat.util.scan.StandardJarScanner.doScanClassPath(StandardJarScanner.java:278)
		at org.apache.tomcat.util.scan.StandardJarScanner.scan(StandardJarScanner.java:242)
		at org.apache.jasper.servlet.TldScanner.scanJars(TldScanner.java:248)
		at org.apache.jasper.servlet.TldScanner.scan(TldScanner.java:98)
		at org.apache.jasper.servlet.JasperInitializer.onStartup(JasperInitializer.java:79)
		at org.apache.catalina.core.StandardContext.startInternal(StandardContext.java:4420)
		at org.apache.catalina.util.LifecycleBase.start(LifecycleBase.java:164)
		at org.apache.catalina.core.ContainerBase.addChild(ContainerBase.java:564)
		at org.apache.catalina.core.StandardHost.addChild(StandardHost.java:663)
		at org.apache.catalina.startup.HostConfig.deployWAR(HostConfig.java:923)
		at org.apache.catalina.startup.HostConfig$DeployWar.run(HostConfig.java:1839)
		at java.base/java.util.concurrent.Executors$RunnableAdapter.call(Executors.java:572)
		at java.base/java.util.concurrent.FutureTask.run(FutureTask.java:317)
		at org.apache.tomcat.util.threads.InlineExecutorService.execute(InlineExecutorService.java:81)
		at java.base/java.util.concurrent.AbstractExecutorService.submit(AbstractExecutorService.java:123)
		at org.apache.catalina.startup.HostConfig.deployWARs(HostConfig.java:727)
		at org.apache.catalina.startup.HostConfig.deployApps(HostConfig.java:378)
		at org.apache.catalina.startup.HostConfig.check(HostConfig.java:1628)
		at org.apache.catalina.startup.HostConfig.lifecycleEvent(HostConfig.java:260)
		at org.apache.catalina.util.LifecycleBase.fireLifecycleEvent(LifecycleBase.java:109)
		at org.apache.catalina.core.ContainerBase.backgroundProcess(ContainerBase.java:938)
		at org.apache.catalina.core.ContainerBase$ContainerBackgroundProcessor.processChildren(ContainerBase.java:1137)
		at org.apache.catalina.core.ContainerBase$ContainerBackgroundProcessor.processChildren(ContainerBase.java:1141)
		at org.apache.catalina.core.ContainerBase$ContainerBackgroundProcessor.run(ContainerBase.java:1119)
		at java.base/java.util.concurrent.Executors$RunnableAdapter.call(Executors.java:572)
		at java.base/java.util.concurrent.FutureTask.runAndReset(FutureTask.java:358)
		at java.base/java.util.concurrent.ScheduledThreadPoolExecutor$ScheduledFutureTask.run(ScheduledThreadPoolExecutor.java:305)
		at java.base/java.util.concurrent.ThreadPoolExecutor.runWorker(ThreadPoolExecutor.java:1144)
		at java.base/java.util.concurrent.ThreadPoolExecutor$Worker.run(ThreadPoolExecutor.java:642)
		at org.apache.tomcat.util.threads.TaskThread$WrappingRunnable.run(TaskThread.java:57)
		at java.base/java.lang.Thread.run(Thread.java:1583)
10-Jul-2026 03:23:13.029 WARNING [Catalina-utility-1] org.apache.tomcat.util.scan.StandardJarScanner.processURLs Failed to scan [file:/usr/local/tomcat/webapps/lpu-reservation-system-0.0.1-SNAPSHOT/WEB-INF/lib/spring-aspects-7.0.6.jar] from classloader hierarchy
	java.nio.file.NoSuchFileException: /usr/local/tomcat/webapps/lpu-reservation-system-0.0.1-SNAPSHOT/WEB-INF/lib/spring-aspects-7.0.6.jar
		at java.base/sun.nio.fs.UnixException.translateToIOException(UnixException.java:92)
		at java.base/sun.nio.fs.UnixException.rethrowAsIOException(UnixException.java:106)
		at java.base/sun.nio.fs.UnixException.rethrowAsIOException(UnixException.java:111)
		at java.base/sun.nio.fs.UnixFileAttributeViews$Basic.readAttributes(UnixFileAttributeViews.java:55)
		at java.base/sun.nio.fs.UnixFileSystemProvider.readAttributes(UnixFileSystemProvider.java:171)
		at java.base/sun.nio.fs.LinuxFileSystemProvider.readAttributes(LinuxFileSystemProvider.java:99)
		at java.base/java.nio.file.Files.readAttributes(Files.java:1854)
		at java.base/java.util.zip.ZipFile$Source.get(ZipFile.java:1445)
		at java.base/java.util.zip.ZipFile$CleanableResource.<init>(ZipFile.java:724)
		at java.base/java.util.zip.ZipFile.<init>(ZipFile.java:251)
		at java.base/java.util.zip.ZipFile.<init>(ZipFile.java:180)
		at java.base/java.util.jar.JarFile.<init>(JarFile.java:345)
		at org.apache.tomcat.util.scan.JarFileUrlJar.<init>(JarFileUrlJar.java:64)
		at org.apache.tomcat.util.scan.JarFactory.newInstance(JarFactory.java:50)
		at org.apache.tomcat.util.scan.StandardJarScanner.process(StandardJarScanner.java:391)
		at org.apache.tomcat.util.scan.StandardJarScanner.processURLs(StandardJarScanner.java:332)
		at org.apache.tomcat.util.scan.StandardJarScanner.doScanClassPath(StandardJarScanner.java:278)
		at org.apache.tomcat.util.scan.StandardJarScanner.scan(StandardJarScanner.java:242)
		at org.apache.jasper.servlet.TldScanner.scanJars(TldScanner.java:248)
		at org.apache.jasper.servlet.TldScanner.scan(TldScanner.java:98)
		at org.apache.jasper.servlet.JasperInitializer.onStartup(JasperInitializer.java:79)
		at org.apache.catalina.core.StandardContext.startInternal(StandardContext.java:4420)
		at org.apache.catalina.util.LifecycleBase.start(LifecycleBase.java:164)
		at org.apache.catalina.core.ContainerBase.addChild(ContainerBase.java:564)
		at org.apache.catalina.core.StandardHost.addChild(StandardHost.java:663)
		at org.apache.catalina.startup.HostConfig.deployWAR(HostConfig.java:923)
		at org.apache.catalina.startup.HostConfig$DeployWar.run(HostConfig.java:1839)
		at java.base/java.util.concurrent.Executors$RunnableAdapter.call(Executors.java:572)
		at java.base/java.util.concurrent.FutureTask.run(FutureTask.java:317)
		at org.apache.tomcat.util.threads.InlineExecutorService.execute(InlineExecutorService.java:81)
		at java.base/java.util.concurrent.AbstractExecutorService.submit(AbstractExecutorService.java:123)
		at org.apache.catalina.startup.HostConfig.deployWARs(HostConfig.java:727)
		at org.apache.catalina.startup.HostConfig.deployApps(HostConfig.java:378)
		at org.apache.catalina.startup.HostConfig.check(HostConfig.java:1628)
		at org.apache.catalina.startup.HostConfig.lifecycleEvent(HostConfig.java:260)
		at org.apache.catalina.util.LifecycleBase.fireLifecycleEvent(LifecycleBase.java:109)
		at org.apache.catalina.core.ContainerBase.backgroundProcess(ContainerBase.java:938)
		at org.apache.catalina.core.ContainerBase$ContainerBackgroundProcessor.processChildren(ContainerBase.java:1137)
		at org.apache.catalina.core.ContainerBase$ContainerBackgroundProcessor.processChildren(ContainerBase.java:1141)
		at org.apache.catalina.core.ContainerBase$ContainerBackgroundProcessor.run(ContainerBase.java:1119)
		at java.base/java.util.concurrent.Executors$RunnableAdapter.call(Executors.java:572)
		at java.base/java.util.concurrent.FutureTask.runAndReset(FutureTask.java:358)
		at java.base/java.util.concurrent.ScheduledThreadPoolExecutor$ScheduledFutureTask.run(ScheduledThreadPoolExecutor.java:305)
		at java.base/java.util.concurrent.ThreadPoolExecutor.runWorker(ThreadPoolExecutor.java:1144)
		at java.base/java.util.concurrent.ThreadPoolExecutor$Worker.run(ThreadPoolExecutor.java:642)
		at org.apache.tomcat.util.threads.TaskThread$WrappingRunnable.run(TaskThread.java:57)
		at java.base/java.lang.Thread.run(Thread.java:1583)
10-Jul-2026 03:23:13.029 WARNING [Catalina-utility-1] org.apache.tomcat.util.scan.StandardJarScanner.processURLs Failed to scan [file:/usr/local/tomcat/webapps/lpu-reservation-system-0.0.1-SNAPSHOT/WEB-INF/lib/spring-messaging-7.0.6.jar] from classloader hierarchy
	java.nio.file.NoSuchFileException: /usr/local/tomcat/webapps/lpu-reservation-system-0.0.1-SNAPSHOT/WEB-INF/lib/spring-messaging-7.0.6.jar
		at java.base/sun.nio.fs.UnixException.translateToIOException(UnixException.java:92)
		at java.base/sun.nio.fs.UnixException.rethrowAsIOException(UnixException.java:106)
		at java.base/sun.nio.fs.UnixException.rethrowAsIOException(UnixException.java:111)
		at java.base/sun.nio.fs.UnixFileAttributeViews$Basic.readAttributes(UnixFileAttributeViews.java:55)
		at java.base/sun.nio.fs.UnixFileSystemProvider.readAttributes(UnixFileSystemProvider.java:171)
		at java.base/sun.nio.fs.LinuxFileSystemProvider.readAttributes(LinuxFileSystemProvider.java:99)
		at java.base/java.nio.file.Files.readAttributes(Files.java:1854)
		at java.base/java.util.zip.ZipFile$Source.get(ZipFile.java:1445)
		at java.base/java.util.zip.ZipFile$CleanableResource.<init>(ZipFile.java:724)
		at java.base/java.util.zip.ZipFile.<init>(ZipFile.java:251)
		at java.base/java.util.zip.ZipFile.<init>(ZipFile.java:180)
		at java.base/java.util.jar.JarFile.<init>(JarFile.java:345)
		at org.apache.tomcat.util.scan.JarFileUrlJar.<init>(JarFileUrlJar.java:64)
		at org.apache.tomcat.util.scan.JarFactory.newInstance(JarFactory.java:50)
		at org.apache.tomcat.util.scan.StandardJarScanner.process(StandardJarScanner.java:391)
		at org.apache.tomcat.util.scan.StandardJarScanner.processURLs(StandardJarScanner.java:332)
		at org.apache.tomcat.util.scan.StandardJarScanner.doScanClassPath(StandardJarScanner.java:278)
		at org.apache.tomcat.util.scan.StandardJarScanner.scan(StandardJarScanner.java:242)
		at org.apache.jasper.servlet.TldScanner.scanJars(TldScanner.java:248)
		at org.apache.jasper.servlet.TldScanner.scan(TldScanner.java:98)
		at org.apache.jasper.servlet.JasperInitializer.onStartup(JasperInitializer.java:79)
		at org.apache.catalina.core.StandardContext.startInternal(StandardContext.java:4420)
		at org.apache.catalina.util.LifecycleBase.start(LifecycleBase.java:164)
		at org.apache.catalina.core.ContainerBase.addChild(ContainerBase.java:564)
		at org.apache.catalina.core.StandardHost.addChild(StandardHost.java:663)
		at org.apache.catalina.startup.HostConfig.deployWAR(HostConfig.java:923)
		at org.apache.catalina.startup.HostConfig$DeployWar.run(HostConfig.java:1839)
		at java.base/java.util.concurrent.Executors$RunnableAdapter.call(Executors.java:572)
		at java.base/java.util.concurrent.FutureTask.run(FutureTask.java:317)
		at org.apache.tomcat.util.threads.InlineExecutorService.execute(InlineExecutorService.java:81)
		at java.base/java.util.concurrent.AbstractExecutorService.submit(AbstractExecutorService.java:123)
		at org.apache.catalina.startup.HostConfig.deployWARs(HostConfig.java:727)
		at org.apache.catalina.startup.HostConfig.deployApps(HostConfig.java:378)
		at org.apache.catalina.startup.HostConfig.check(HostConfig.java:1628)
		at org.apache.catalina.startup.HostConfig.lifecycleEvent(HostConfig.java:260)
		at org.apache.catalina.util.LifecycleBase.fireLifecycleEvent(LifecycleBase.java:109)
		at org.apache.catalina.core.ContainerBase.backgroundProcess(ContainerBase.java:938)
		at org.apache.catalina.core.ContainerBase$ContainerBackgroundProcessor.processChildren(ContainerBase.java:1137)
		at org.apache.catalina.core.ContainerBase$ContainerBackgroundProcessor.processChildren(ContainerBase.java:1141)
		at org.apache.catalina.core.ContainerBase$ContainerBackgroundProcessor.run(ContainerBase.java:1119)
		at java.base/java.util.concurrent.Executors$RunnableAdapter.call(Executors.java:572)
		at java.base/java.util.concurrent.FutureTask.runAndReset(FutureTask.java:358)
		at java.base/java.util.concurrent.ScheduledThreadPoolExecutor$ScheduledFutureTask.run(ScheduledThreadPoolExecutor.java:305)
		at java.base/java.util.concurrent.ThreadPoolExecutor.runWorker(ThreadPoolExecutor.java:1144)
		at java.base/java.util.concurrent.ThreadPoolExecutor$Worker.run(ThreadPoolExecutor.java:642)
		at org.apache.tomcat.util.threads.TaskThread$WrappingRunnable.run(TaskThread.java:57)
		at java.base/java.lang.Thread.run(Thread.java:1583)
10-Jul-2026 03:23:13.029 WARNING [Catalina-utility-1] org.apache.tomcat.util.scan.StandardJarScanner.processURLs Failed to scan [file:/usr/local/tomcat/webapps/lpu-reservation-system-0.0.1-SNAPSHOT/WEB-INF/lib/spring-websocket-7.0.6.jar] from classloader hierarchy
	java.nio.file.NoSuchFileException: /usr/local/tomcat/webapps/lpu-reservation-system-0.0.1-SNAPSHOT/WEB-INF/lib/spring-websocket-7.0.6.jar
		at java.base/sun.nio.fs.UnixException.translateToIOException(UnixException.java:92)
		at java.base/sun.nio.fs.UnixException.rethrowAsIOException(UnixException.java:106)
		at java.base/sun.nio.fs.UnixException.rethrowAsIOException(UnixException.java:111)
		at java.base/sun.nio.fs.UnixFileAttributeViews$Basic.readAttributes(UnixFileAttributeViews.java:55)
		at java.base/sun.nio.fs.UnixFileSystemProvider.readAttributes(UnixFileSystemProvider.java:171)
		at java.base/sun.nio.fs.LinuxFileSystemProvider.readAttributes(LinuxFileSystemProvider.java:99)
		at java.base/java.nio.file.Files.readAttributes(Files.java:1854)
		at java.base/java.util.zip.ZipFile$Source.get(ZipFile.java:1445)
		at java.base/java.util.zip.ZipFile$CleanableResource.<init>(ZipFile.java:724)
		at java.base/java.util.zip.ZipFile.<init>(ZipFile.java:251)
		at java.base/java.util.zip.ZipFile.<init>(ZipFile.java:180)
		at java.base/java.util.jar.JarFile.<init>(JarFile.java:345)
		at org.apache.tomcat.util.scan.JarFileUrlJar.<init>(JarFileUrlJar.java:64)
		at org.apache.tomcat.util.scan.JarFactory.newInstance(JarFactory.java:50)
		at org.apache.tomcat.util.scan.StandardJarScanner.process(StandardJarScanner.java:391)
		at org.apache.tomcat.util.scan.StandardJarScanner.processURLs(StandardJarScanner.java:332)
		at org.apache.tomcat.util.scan.StandardJarScanner.doScanClassPath(StandardJarScanner.java:278)
		at org.apache.tomcat.util.scan.StandardJarScanner.scan(StandardJarScanner.java:242)
		at org.apache.jasper.servlet.TldScanner.scanJars(TldScanner.java:248)
		at org.apache.jasper.servlet.TldScanner.scan(TldScanner.java:98)
		at org.apache.jasper.servlet.JasperInitializer.onStartup(JasperInitializer.java:79)
		at org.apache.catalina.core.StandardContext.startInternal(StandardContext.java:4420)
		at org.apache.catalina.util.LifecycleBase.start(LifecycleBase.java:164)
		at org.apache.catalina.core.ContainerBase.addChild(ContainerBase.java:564)
		at org.apache.catalina.core.StandardHost.addChild(StandardHost.java:663)
		at org.apache.catalina.startup.HostConfig.deployWAR(HostConfig.java:923)
		at org.apache.catalina.startup.HostConfig$DeployWar.run(HostConfig.java:1839)
		at java.base/java.util.concurrent.Executors$RunnableAdapter.call(Executors.java:572)
		at java.base/java.util.concurrent.FutureTask.run(FutureTask.java:317)
		at org.apache.tomcat.util.threads.InlineExecutorService.execute(InlineExecutorService.java:81)
		at java.base/java.util.concurrent.AbstractExecutorService.submit(AbstractExecutorService.java:123)
		at org.apache.catalina.startup.HostConfig.deployWARs(HostConfig.java:727)
		at org.apache.catalina.startup.HostConfig.deployApps(HostConfig.java:378)
		at org.apache.catalina.startup.HostConfig.check(HostConfig.java:1628)
		at org.apache.catalina.startup.HostConfig.lifecycleEvent(HostConfig.java:260)
		at org.apache.catalina.util.LifecycleBase.fireLifecycleEvent(LifecycleBase.java:109)
		at org.apache.catalina.core.ContainerBase.backgroundProcess(ContainerBase.java:938)
		at org.apache.catalina.core.ContainerBase$ContainerBackgroundProcessor.processChildren(ContainerBase.java:1137)
		at org.apache.catalina.core.ContainerBase$ContainerBackgroundProcessor.processChildren(ContainerBase.java:1141)
		at org.apache.catalina.core.ContainerBase$ContainerBackgroundProcessor.run(ContainerBase.java:1119)
		at java.base/java.util.concurrent.Executors$RunnableAdapter.call(Executors.java:572)
		at java.base/java.util.concurrent.FutureTask.runAndReset(FutureTask.java:358)
		at java.base/java.util.concurrent.ScheduledThreadPoolExecutor$ScheduledFutureTask.run(ScheduledThreadPoolExecutor.java:305)
		at java.base/java.util.concurrent.ThreadPoolExecutor.runWorker(ThreadPoolExecutor.java:1144)
		at java.base/java.util.concurrent.ThreadPoolExecutor$Worker.run(ThreadPoolExecutor.java:642)
		at org.apache.tomcat.util.threads.TaskThread$WrappingRunnable.run(TaskThread.java:57)
		at java.base/java.lang.Thread.run(Thread.java:1583)
10-Jul-2026 03:23:13.030 WARNING [Catalina-utility-1] org.apache.tomcat.util.scan.StandardJarScanner.processURLs Failed to scan [file:/usr/local/tomcat/webapps/lpu-reservation-system-0.0.1-SNAPSHOT/WEB-INF/lib/jakarta.activation-api-2.1.4.jar] from classloader hierarchy
	java.nio.file.NoSuchFileException: /usr/local/tomcat/webapps/lpu-reservation-system-0.0.1-SNAPSHOT/WEB-INF/lib/jakarta.activation-api-2.1.4.jar
		at java.base/sun.nio.fs.UnixException.translateToIOException(UnixException.java:92)
		at java.base/sun.nio.fs.UnixException.rethrowAsIOException(UnixException.java:106)
		at java.base/sun.nio.fs.UnixException.rethrowAsIOException(UnixException.java:111)
		at java.base/sun.nio.fs.UnixFileAttributeViews$Basic.readAttributes(UnixFileAttributeViews.java:55)
		at java.base/sun.nio.fs.UnixFileSystemProvider.readAttributes(UnixFileSystemProvider.java:171)
		at java.base/sun.nio.fs.LinuxFileSystemProvider.readAttributes(LinuxFileSystemProvider.java:99)
		at java.base/java.nio.file.Files.readAttributes(Files.java:1854)
		at java.base/java.util.zip.ZipFile$Source.get(ZipFile.java:1445)
		at java.base/java.util.zip.ZipFile$CleanableResource.<init>(ZipFile.java:724)
		at java.base/java.util.zip.ZipFile.<init>(ZipFile.java:251)
		at java.base/java.util.zip.ZipFile.<init>(ZipFile.java:180)
		at java.base/java.util.jar.JarFile.<init>(JarFile.java:345)
		at org.apache.tomcat.util.scan.JarFileUrlJar.<init>(JarFileUrlJar.java:64)
		at org.apache.tomcat.util.scan.JarFactory.newInstance(JarFactory.java:50)
		at org.apache.tomcat.util.scan.StandardJarScanner.process(StandardJarScanner.java:391)
		at org.apache.tomcat.util.scan.StandardJarScanner.processURLs(StandardJarScanner.java:332)
		at org.apache.tomcat.util.scan.StandardJarScanner.doScanClassPath(StandardJarScanner.java:278)
		at org.apache.tomcat.util.scan.StandardJarScanner.scan(StandardJarScanner.java:242)
		at org.apache.jasper.servlet.TldScanner.scanJars(TldScanner.java:248)
		at org.apache.jasper.servlet.TldScanner.scan(TldScanner.java:98)
		at org.apache.jasper.servlet.JasperInitializer.onStartup(JasperInitializer.java:79)
		at org.apache.catalina.core.StandardContext.startInternal(StandardContext.java:4420)
		at org.apache.catalina.util.LifecycleBase.start(LifecycleBase.java:164)
		at org.apache.catalina.core.ContainerBase.addChild(ContainerBase.java:564)
		at org.apache.catalina.core.StandardHost.addChild(StandardHost.java:663)
		at org.apache.catalina.startup.HostConfig.deployWAR(HostConfig.java:923)
		at org.apache.catalina.startup.HostConfig$DeployWar.run(HostConfig.java:1839)
		at java.base/java.util.concurrent.Executors$RunnableAdapter.call(Executors.java:572)
		at java.base/java.util.concurrent.FutureTask.run(FutureTask.java:317)
		at org.apache.tomcat.util.threads.InlineExecutorService.execute(InlineExecutorService.java:81)
		at java.base/java.util.concurrent.AbstractExecutorService.submit(AbstractExecutorService.java:123)
		at org.apache.catalina.startup.HostConfig.deployWARs(HostConfig.java:727)
		at org.apache.catalina.startup.HostConfig.deployApps(HostConfig.java:378)
		at org.apache.catalina.startup.HostConfig.check(HostConfig.java:1628)
		at org.apache.catalina.startup.HostConfig.lifecycleEvent(HostConfig.java:260)
		at org.apache.catalina.util.LifecycleBase.fireLifecycleEvent(LifecycleBase.java:109)
		at org.apache.catalina.core.ContainerBase.backgroundProcess(ContainerBase.java:938)
		at org.apache.catalina.core.ContainerBase$ContainerBackgroundProcessor.processChildren(ContainerBase.java:1137)
		at org.apache.catalina.core.ContainerBase$ContainerBackgroundProcessor.processChildren(ContainerBase.java:1141)
		at org.apache.catalina.core.ContainerBase$ContainerBackgroundProcessor.run(ContainerBase.java:1119)
		at java.base/java.util.concurrent.Executors$RunnableAdapter.call(Executors.java:572)
		at java.base/java.util.concurrent.FutureTask.runAndReset(FutureTask.java:358)
		at java.base/java.util.concurrent.ScheduledThreadPoolExecutor$ScheduledFutureTask.run(ScheduledThreadPoolExecutor.java:305)
		at java.base/java.util.concurrent.ThreadPoolExecutor.runWorker(ThreadPoolExecutor.java:1144)
		at java.base/java.util.concurrent.ThreadPoolExecutor$Worker.run(ThreadPoolExecutor.java:642)
		at org.apache.tomcat.util.threads.TaskThread$WrappingRunnable.run(TaskThread.java:57)
		at java.base/java.lang.Thread.run(Thread.java:1583)
10-Jul-2026 03:23:13.032 WARNING [Catalina-utility-1] org.apache.tomcat.util.scan.StandardJarScanner.processURLs Failed to scan [file:/usr/local/tomcat/webapps/lpu-reservation-system-0.0.1-SNAPSHOT/WEB-INF/lib/jackson-core-2.19.1.jar] from classloader hierarchy
	java.nio.file.NoSuchFileException: /usr/local/tomcat/webapps/lpu-reservation-system-0.0.1-SNAPSHOT/WEB-INF/lib/jackson-core-2.19.1.jar
		at java.base/sun.nio.fs.UnixException.translateToIOException(UnixException.java:92)
		at java.base/sun.nio.fs.UnixException.rethrowAsIOException(UnixException.java:106)
		at java.base/sun.nio.fs.UnixException.rethrowAsIOException(UnixException.java:111)
		at java.base/sun.nio.fs.UnixFileAttributeViews$Basic.readAttributes(UnixFileAttributeViews.java:55)
		at java.base/sun.nio.fs.UnixFileSystemProvider.readAttributes(UnixFileSystemProvider.java:171)
		at java.base/sun.nio.fs.LinuxFileSystemProvider.readAttributes(LinuxFileSystemProvider.java:99)
		at java.base/java.nio.file.Files.readAttributes(Files.java:1854)
		at java.base/java.util.zip.ZipFile$Source.get(ZipFile.java:1445)
		at java.base/java.util.zip.ZipFile$CleanableResource.<init>(ZipFile.java:724)
		at java.base/java.util.zip.ZipFile.<init>(ZipFile.java:251)
		at java.base/java.util.zip.ZipFile.<init>(ZipFile.java:180)
		at java.base/java.util.jar.JarFile.<init>(JarFile.java:345)
		at org.apache.tomcat.util.scan.JarFileUrlJar.<init>(JarFileUrlJar.java:64)
		at org.apache.tomcat.util.scan.JarFactory.newInstance(JarFactory.java:50)
		at org.apache.tomcat.util.scan.StandardJarScanner.process(StandardJarScanner.java:391)
		at org.apache.tomcat.util.scan.StandardJarScanner.processURLs(StandardJarScanner.java:332)
		at org.apache.tomcat.util.scan.StandardJarScanner.doScanClassPath(StandardJarScanner.java:278)
		at org.apache.tomcat.util.scan.StandardJarScanner.scan(StandardJarScanner.java:242)
		at org.apache.jasper.servlet.TldScanner.scanJars(TldScanner.java:248)
		at org.apache.jasper.servlet.TldScanner.scan(TldScanner.java:98)
		at org.apache.jasper.servlet.JasperInitializer.onStartup(JasperInitializer.java:79)
		at org.apache.catalina.core.StandardContext.startInternal(StandardContext.java:4420)
		at org.apache.catalina.util.LifecycleBase.start(LifecycleBase.java:164)
		at org.apache.catalina.core.ContainerBase.addChild(ContainerBase.java:564)
		at org.apache.catalina.core.StandardHost.addChild(StandardHost.java:663)
		at org.apache.catalina.startup.HostConfig.deployWAR(HostConfig.java:923)
		at org.apache.catalina.startup.HostConfig$DeployWar.run(HostConfig.java:1839)
		at java.base/java.util.concurrent.Executors$RunnableAdapter.call(Executors.java:572)
		at java.base/java.util.concurrent.FutureTask.run(FutureTask.java:317)
		at org.apache.tomcat.util.threads.InlineExecutorService.execute(InlineExecutorService.java:81)
		at java.base/java.util.concurrent.AbstractExecutorService.submit(AbstractExecutorService.java:123)
		at org.apache.catalina.startup.HostConfig.deployWARs(HostConfig.java:727)
		at org.apache.catalina.startup.HostConfig.deployApps(HostConfig.java:378)
		at org.apache.catalina.startup.HostConfig.check(HostConfig.java:1628)
		at org.apache.catalina.startup.HostConfig.lifecycleEvent(HostConfig.java:260)
		at org.apache.catalina.util.LifecycleBase.fireLifecycleEvent(LifecycleBase.java:109)
		at org.apache.catalina.core.ContainerBase.backgroundProcess(ContainerBase.java:938)
		at org.apache.catalina.core.ContainerBase$ContainerBackgroundProcessor.processChildren(ContainerBase.java:1137)
		at org.apache.catalina.core.ContainerBase$ContainerBackgroundProcessor.processChildren(ContainerBase.java:1141)
		at org.apache.catalina.core.ContainerBase$ContainerBackgroundProcessor.run(ContainerBase.java:1119)
		at java.base/java.util.concurrent.Executors$RunnableAdapter.call(Executors.java:572)
		at java.base/java.util.concurrent.FutureTask.runAndReset(FutureTask.java:358)
		at java.base/java.util.concurrent.ScheduledThreadPoolExecutor$ScheduledFutureTask.run(ScheduledThreadPoolExecutor.java:305)
		at java.base/java.util.concurrent.ThreadPoolExecutor.runWorker(ThreadPoolExecutor.java:1144)
		at java.base/java.util.concurrent.ThreadPoolExecutor$Worker.run(ThreadPoolExecutor.java:642)
		at org.apache.tomcat.util.threads.TaskThread$WrappingRunnable.run(TaskThread.java:57)
		at java.base/java.lang.Thread.run(Thread.java:1583)
10-Jul-2026 03:23:13.033 WARNING [Catalina-utility-1] org.apache.tomcat.util.scan.StandardJarScanner.processURLs Failed to scan [file:/usr/local/tomcat/webapps/lpu-reservation-system-0.0.1-SNAPSHOT/WEB-INF/lib/expressly-6.0.0.jar] from classloader hierarchy
	java.nio.file.NoSuchFileException: /usr/local/tomcat/webapps/lpu-reservation-system-0.0.1-SNAPSHOT/WEB-INF/lib/expressly-6.0.0.jar
		at java.base/sun.nio.fs.UnixException.translateToIOException(UnixException.java:92)
		at java.base/sun.nio.fs.UnixException.rethrowAsIOException(UnixException.java:106)
		at java.base/sun.nio.fs.UnixException.rethrowAsIOException(UnixException.java:111)
		at java.base/sun.nio.fs.UnixFileAttributeViews$Basic.readAttributes(UnixFileAttributeViews.java:55)
		at java.base/sun.nio.fs.UnixFileSystemProvider.readAttributes(UnixFileSystemProvider.java:171)
		at java.base/sun.nio.fs.LinuxFileSystemProvider.readAttributes(LinuxFileSystemProvider.java:99)
		at java.base/java.nio.file.Files.readAttributes(Files.java:1854)
		at java.base/java.util.zip.ZipFile$Source.get(ZipFile.java:1445)
		at java.base/java.util.zip.ZipFile$CleanableResource.<init>(ZipFile.java:724)
		at java.base/java.util.zip.ZipFile.<init>(ZipFile.java:251)
		at java.base/java.util.zip.ZipFile.<init>(ZipFile.java:180)
		at java.base/java.util.jar.JarFile.<init>(JarFile.java:345)
		at org.apache.tomcat.util.scan.JarFileUrlJar.<init>(JarFileUrlJar.java:64)
		at org.apache.tomcat.util.scan.JarFactory.newInstance(JarFactory.java:50)
		at org.apache.tomcat.util.scan.StandardJarScanner.process(StandardJarScanner.java:391)
		at org.apache.tomcat.util.scan.StandardJarScanner.processURLs(StandardJarScanner.java:332)
		at org.apache.tomcat.util.scan.StandardJarScanner.doScanClassPath(StandardJarScanner.java:278)
		at org.apache.tomcat.util.scan.StandardJarScanner.scan(StandardJarScanner.java:242)
		at org.apache.jasper.servlet.TldScanner.scanJars(TldScanner.java:248)
		at org.apache.jasper.servlet.TldScanner.scan(TldScanner.java:98)
		at org.apache.jasper.servlet.JasperInitializer.onStartup(JasperInitializer.java:79)
		at org.apache.catalina.core.StandardContext.startInternal(StandardContext.java:4420)
		at org.apache.catalina.util.LifecycleBase.start(LifecycleBase.java:164)
		at org.apache.catalina.core.ContainerBase.addChild(ContainerBase.java:564)
		at org.apache.catalina.core.StandardHost.addChild(StandardHost.java:663)
		at org.apache.catalina.startup.HostConfig.deployWAR(HostConfig.java:923)
		at org.apache.catalina.startup.HostConfig$DeployWar.run(HostConfig.java:1839)
		at java.base/java.util.concurrent.Executors$RunnableAdapter.call(Executors.java:572)
		at java.base/java.util.concurrent.FutureTask.run(FutureTask.java:317)
		at org.apache.tomcat.util.threads.InlineExecutorService.execute(InlineExecutorService.java:81)
		at java.base/java.util.concurrent.AbstractExecutorService.submit(AbstractExecutorService.java:123)
		at org.apache.catalina.startup.HostConfig.deployWARs(HostConfig.java:727)
		at org.apache.catalina.startup.HostConfig.deployApps(HostConfig.java:378)
		at org.apache.catalina.startup.HostConfig.check(HostConfig.java:1628)
		at org.apache.catalina.startup.HostConfig.lifecycleEvent(HostConfig.java:260)
		at org.apache.catalina.util.LifecycleBase.fireLifecycleEvent(LifecycleBase.java:109)
		at org.apache.catalina.core.ContainerBase.backgroundProcess(ContainerBase.java:938)
		at org.apache.catalina.core.ContainerBase$ContainerBackgroundProcessor.processChildren(ContainerBase.java:1137)
		at org.apache.catalina.core.ContainerBase$ContainerBackgroundProcessor.processChildren(ContainerBase.java:1141)
		at org.apache.catalina.core.ContainerBase$ContainerBackgroundProcessor.run(ContainerBase.java:1119)
		at java.base/java.util.concurrent.Executors$RunnableAdapter.call(Executors.java:572)
		at java.base/java.util.concurrent.FutureTask.runAndReset(FutureTask.java:358)
		at java.base/java.util.concurrent.ScheduledThreadPoolExecutor$ScheduledFutureTask.run(ScheduledThreadPoolExecutor.java:305)
		at java.base/java.util.concurrent.ThreadPoolExecutor.runWorker(ThreadPoolExecutor.java:1144)
		at java.base/java.util.concurrent.ThreadPoolExecutor$Worker.run(ThreadPoolExecutor.java:642)
		at org.apache.tomcat.util.threads.TaskThread$WrappingRunnable.run(TaskThread.java:57)
		at java.base/java.lang.Thread.run(Thread.java:1583)
10-Jul-2026 03:23:13.034 WARNING [Catalina-utility-1] org.apache.tomcat.util.scan.StandardJarScanner.processURLs Failed to scan [file:/usr/local/tomcat/webapps/lpu-reservation-system-0.0.1-SNAPSHOT/WEB-INF/lib/ehcache-3.11.1-jakarta.jar] from classloader hierarchy
	java.nio.file.NoSuchFileException: /usr/local/tomcat/webapps/lpu-reservation-system-0.0.1-SNAPSHOT/WEB-INF/lib/ehcache-3.11.1-jakarta.jar
		at java.base/sun.nio.fs.UnixException.translateToIOException(UnixException.java:92)
		at java.base/sun.nio.fs.UnixException.rethrowAsIOException(UnixException.java:106)
		at java.base/sun.nio.fs.UnixException.rethrowAsIOException(UnixException.java:111)
		at java.base/sun.nio.fs.UnixFileAttributeViews$Basic.readAttributes(UnixFileAttributeViews.java:55)
		at java.base/sun.nio.fs.UnixFileSystemProvider.readAttributes(UnixFileSystemProvider.java:171)
		at java.base/sun.nio.fs.LinuxFileSystemProvider.readAttributes(LinuxFileSystemProvider.java:99)
		at java.base/java.nio.file.Files.readAttributes(Files.java:1854)
		at java.base/java.util.zip.ZipFile$Source.get(ZipFile.java:1445)
		at java.base/java.util.zip.ZipFile$CleanableResource.<init>(ZipFile.java:724)
		at java.base/java.util.zip.ZipFile.<init>(ZipFile.java:251)
		at java.base/java.util.zip.ZipFile.<init>(ZipFile.java:180)
		at java.base/java.util.jar.JarFile.<init>(JarFile.java:345)
		at org.apache.tomcat.util.scan.JarFileUrlJar.<init>(JarFileUrlJar.java:64)
		at org.apache.tomcat.util.scan.JarFactory.newInstance(JarFactory.java:50)
		at org.apache.tomcat.util.scan.StandardJarScanner.process(StandardJarScanner.java:391)
		at org.apache.tomcat.util.scan.StandardJarScanner.processURLs(StandardJarScanner.java:332)
		at org.apache.tomcat.util.scan.StandardJarScanner.doScanClassPath(StandardJarScanner.java:278)
		at org.apache.tomcat.util.scan.StandardJarScanner.scan(StandardJarScanner.java:242)
		at org.apache.jasper.servlet.TldScanner.scanJars(TldScanner.java:248)
		at org.apache.jasper.servlet.TldScanner.scan(TldScanner.java:98)
		at org.apache.jasper.servlet.JasperInitializer.onStartup(JasperInitializer.java:79)
		at org.apache.catalina.core.StandardContext.startInternal(StandardContext.java:4420)
		at org.apache.catalina.util.LifecycleBase.start(LifecycleBase.java:164)
		at org.apache.catalina.core.ContainerBase.addChild(ContainerBase.java:564)
		at org.apache.catalina.core.StandardHost.addChild(StandardHost.java:663)
		at org.apache.catalina.startup.HostConfig.deployWAR(HostConfig.java:923)
		at org.apache.catalina.startup.HostConfig$DeployWar.run(HostConfig.java:1839)
		at java.base/java.util.concurrent.Executors$RunnableAdapter.call(Executors.java:572)
		at java.base/java.util.concurrent.FutureTask.run(FutureTask.java:317)
		at org.apache.tomcat.util.threads.InlineExecutorService.execute(InlineExecutorService.java:81)
		at java.base/java.util.concurrent.AbstractExecutorService.submit(AbstractExecutorService.java:123)
		at org.apache.catalina.startup.HostConfig.deployWARs(HostConfig.java:727)
		at org.apache.catalina.startup.HostConfig.deployApps(HostConfig.java:378)
		at org.apache.catalina.startup.HostConfig.check(HostConfig.java:1628)
		at org.apache.catalina.startup.HostConfig.lifecycleEvent(HostConfig.java:260)
		at org.apache.catalina.util.LifecycleBase.fireLifecycleEvent(LifecycleBase.java:109)
		at org.apache.catalina.core.ContainerBase.backgroundProcess(ContainerBase.java:938)
		at org.apache.catalina.core.ContainerBase$ContainerBackgroundProcessor.processChildren(ContainerBase.java:1137)
		at org.apache.catalina.core.ContainerBase$ContainerBackgroundProcessor.processChildren(ContainerBase.java:1141)
		at org.apache.catalina.core.ContainerBase$ContainerBackgroundProcessor.run(ContainerBase.java:1119)
		at java.base/java.util.concurrent.Executors$RunnableAdapter.call(Executors.java:572)
		at java.base/java.util.concurrent.FutureTask.runAndReset(FutureTask.java:358)
		at java.base/java.util.concurrent.ScheduledThreadPoolExecutor$ScheduledFutureTask.run(ScheduledThreadPoolExecutor.java:305)
		at java.base/java.util.concurrent.ThreadPoolExecutor.runWorker(ThreadPoolExecutor.java:1144)
		at java.base/java.util.concurrent.ThreadPoolExecutor$Worker.run(ThreadPoolExecutor.java:642)
		at org.apache.tomcat.util.threads.TaskThread$WrappingRunnable.run(TaskThread.java:57)
		at java.base/java.lang.Thread.run(Thread.java:1583)
10-Jul-2026 03:23:13.034 WARNING [Catalina-utility-1] org.apache.tomcat.util.scan.StandardJarScanner.processURLs Failed to scan [file:/usr/local/tomcat/webapps/lpu-reservation-system-0.0.1-SNAPSHOT/WEB-INF/lib/micrometer-commons-1.15.1.jar] from classloader hierarchy
	java.nio.file.NoSuchFileException: /usr/local/tomcat/webapps/lpu-reservation-system-0.0.1-SNAPSHOT/WEB-INF/lib/micrometer-commons-1.15.1.jar
		at java.base/sun.nio.fs.UnixException.translateToIOException(UnixException.java:92)
		at java.base/sun.nio.fs.UnixException.rethrowAsIOException(UnixException.java:106)
		at java.base/sun.nio.fs.UnixException.rethrowAsIOException(UnixException.java:111)
		at java.base/sun.nio.fs.UnixFileAttributeViews$Basic.readAttributes(UnixFileAttributeViews.java:55)
		at java.base/sun.nio.fs.UnixFileSystemProvider.readAttributes(UnixFileSystemProvider.java:171)
		at java.base/sun.nio.fs.LinuxFileSystemProvider.readAttributes(LinuxFileSystemProvider.java:99)
		at java.base/java.nio.file.Files.readAttributes(Files.java:1854)
		at java.base/java.util.zip.ZipFile$Source.get(ZipFile.java:1445)
		at java.base/java.util.zip.ZipFile$CleanableResource.<init>(ZipFile.java:724)
		at java.base/java.util.zip.ZipFile.<init>(ZipFile.java:251)
		at java.base/java.util.zip.ZipFile.<init>(ZipFile.java:180)
		at java.base/java.util.jar.JarFile.<init>(JarFile.java:345)
		at org.apache.tomcat.util.scan.JarFileUrlJar.<init>(JarFileUrlJar.java:64)
		at org.apache.tomcat.util.scan.JarFactory.newInstance(JarFactory.java:50)
		at org.apache.tomcat.util.scan.StandardJarScanner.process(StandardJarScanner.java:391)
		at org.apache.tomcat.util.scan.StandardJarScanner.processURLs(StandardJarScanner.java:332)
		at org.apache.tomcat.util.scan.StandardJarScanner.doScanClassPath(StandardJarScanner.java:278)
		at org.apache.tomcat.util.scan.StandardJarScanner.scan(StandardJarScanner.java:242)
		at org.apache.jasper.servlet.TldScanner.scanJars(TldScanner.java:248)
		at org.apache.jasper.servlet.TldScanner.scan(TldScanner.java:98)
		at org.apache.jasper.servlet.JasperInitializer.onStartup(JasperInitializer.java:79)
		at org.apache.catalina.core.StandardContext.startInternal(StandardContext.java:4420)
		at org.apache.catalina.util.LifecycleBase.start(LifecycleBase.java:164)
		at org.apache.catalina.core.ContainerBase.addChild(ContainerBase.java:564)
		at org.apache.catalina.core.StandardHost.addChild(StandardHost.java:663)
		at org.apache.catalina.startup.HostConfig.deployWAR(HostConfig.java:923)
		at org.apache.catalina.startup.HostConfig$DeployWar.run(HostConfig.java:1839)
		at java.base/java.util.concurrent.Executors$RunnableAdapter.call(Executors.java:572)
		at java.base/java.util.concurrent.FutureTask.run(FutureTask.java:317)
		at org.apache.tomcat.util.threads.InlineExecutorService.execute(InlineExecutorService.java:81)
		at java.base/java.util.concurrent.AbstractExecutorService.submit(AbstractExecutorService.java:123)
		at org.apache.catalina.startup.HostConfig.deployWARs(HostConfig.java:727)
		at org.apache.catalina.startup.HostConfig.deployApps(HostConfig.java:378)
		at org.apache.catalina.startup.HostConfig.check(HostConfig.java:1628)
		at org.apache.catalina.startup.HostConfig.lifecycleEvent(HostConfig.java:260)
		at org.apache.catalina.util.LifecycleBase.fireLifecycleEvent(LifecycleBase.java:109)
		at org.apache.catalina.core.ContainerBase.backgroundProcess(ContainerBase.java:938)
		at org.apache.catalina.core.ContainerBase$ContainerBackgroundProcessor.processChildren(ContainerBase.java:1137)
		at org.apache.catalina.core.ContainerBase$ContainerBackgroundProcessor.processChildren(ContainerBase.java:1141)
		at org.apache.catalina.core.ContainerBase$ContainerBackgroundProcessor.run(ContainerBase.java:1119)
		at java.base/java.util.concurrent.Executors$RunnableAdapter.call(Executors.java:572)
		at java.base/java.util.concurrent.FutureTask.runAndReset(FutureTask.java:358)
		at java.base/java.util.concurrent.ScheduledThreadPoolExecutor$ScheduledFutureTask.run(ScheduledThreadPoolExecutor.java:305)
		at java.base/java.util.concurrent.ThreadPoolExecutor.runWorker(ThreadPoolExecutor.java:1144)
		at java.base/java.util.concurrent.ThreadPoolExecutor$Worker.run(ThreadPoolExecutor.java:642)
		at org.apache.tomcat.util.threads.TaskThread$WrappingRunnable.run(TaskThread.java:57)
		at java.base/java.lang.Thread.run(Thread.java:1583)
10-Jul-2026 03:23:13.034 WARNING [Catalina-utility-1] org.apache.tomcat.util.scan.StandardJarScanner.processURLs Failed to scan [file:/usr/local/tomcat/webapps/lpu-reservation-system-0.0.1-SNAPSHOT/WEB-INF/lib/apiguardian-api-1.1.2.jar] from classloader hierarchy
	java.nio.file.NoSuchFileException: /usr/local/tomcat/webapps/lpu-reservation-system-0.0.1-SNAPSHOT/WEB-INF/lib/apiguardian-api-1.1.2.jar
		at java.base/sun.nio.fs.UnixException.translateToIOException(UnixException.java:92)
		at java.base/sun.nio.fs.UnixException.rethrowAsIOException(UnixException.java:106)
		at java.base/sun.nio.fs.UnixException.rethrowAsIOException(UnixException.java:111)
		at java.base/sun.nio.fs.UnixFileAttributeViews$Basic.readAttributes(UnixFileAttributeViews.java:55)
		at java.base/sun.nio.fs.UnixFileSystemProvider.readAttributes(UnixFileSystemProvider.java:171)
		at java.base/sun.nio.fs.LinuxFileSystemProvider.readAttributes(LinuxFileSystemProvider.java:99)
		at java.base/java.nio.file.Files.readAttributes(Files.java:1854)
		at java.base/java.util.zip.ZipFile$Source.get(ZipFile.java:1445)
		at java.base/java.util.zip.ZipFile$CleanableResource.<init>(ZipFile.java:724)
		at java.base/java.util.zip.ZipFile.<init>(ZipFile.java:251)
		at java.base/java.util.zip.ZipFile.<init>(ZipFile.java:180)
		at java.base/java.util.jar.JarFile.<init>(JarFile.java:345)
		at org.apache.tomcat.util.scan.JarFileUrlJar.<init>(JarFileUrlJar.java:64)
		at org.apache.tomcat.util.scan.JarFactory.newInstance(JarFactory.java:50)
		at org.apache.tomcat.util.scan.StandardJarScanner.process(StandardJarScanner.java:391)
		at org.apache.tomcat.util.scan.StandardJarScanner.processURLs(StandardJarScanner.java:332)
		at org.apache.tomcat.util.scan.StandardJarScanner.doScanClassPath(StandardJarScanner.java:278)
		at org.apache.tomcat.util.scan.StandardJarScanner.scan(StandardJarScanner.java:242)
		at org.apache.jasper.servlet.TldScanner.scanJars(TldScanner.java:248)
		at org.apache.jasper.servlet.TldScanner.scan(TldScanner.java:98)
		at org.apache.jasper.servlet.JasperInitializer.onStartup(JasperInitializer.java:79)
		at org.apache.catalina.core.StandardContext.startInternal(StandardContext.java:4420)
		at org.apache.catalina.util.LifecycleBase.start(LifecycleBase.java:164)
		at org.apache.catalina.core.ContainerBase.addChild(ContainerBase.java:564)
		at org.apache.catalina.core.StandardHost.addChild(StandardHost.java:663)
		at org.apache.catalina.startup.HostConfig.deployWAR(HostConfig.java:923)
		at org.apache.catalina.startup.HostConfig$DeployWar.run(HostConfig.java:1839)
		at java.base/java.util.concurrent.Executors$RunnableAdapter.call(Executors.java:572)
		at java.base/java.util.concurrent.FutureTask.run(FutureTask.java:317)
		at org.apache.tomcat.util.threads.InlineExecutorService.execute(InlineExecutorService.java:81)
		at java.base/java.util.concurrent.AbstractExecutorService.submit(AbstractExecutorService.java:123)
		at org.apache.catalina.startup.HostConfig.deployWARs(HostConfig.java:727)
		at org.apache.catalina.startup.HostConfig.deployApps(HostConfig.java:378)
		at org.apache.catalina.startup.HostConfig.check(HostConfig.java:1628)
		at org.apache.catalina.startup.HostConfig.lifecycleEvent(HostConfig.java:260)
		at org.apache.catalina.util.LifecycleBase.fireLifecycleEvent(LifecycleBase.java:109)
		at org.apache.catalina.core.ContainerBase.backgroundProcess(ContainerBase.java:938)
		at org.apache.catalina.core.ContainerBase$ContainerBackgroundProcessor.processChildren(ContainerBase.java:1137)
		at org.apache.catalina.core.ContainerBase$ContainerBackgroundProcessor.processChildren(ContainerBase.java:1141)
		at org.apache.catalina.core.ContainerBase$ContainerBackgroundProcessor.run(ContainerBase.java:1119)
		at java.base/java.util.concurrent.Executors$RunnableAdapter.call(Executors.java:572)
		at java.base/java.util.concurrent.FutureTask.runAndReset(FutureTask.java:358)
		at java.base/java.util.concurrent.ScheduledThreadPoolExecutor$ScheduledFutureTask.run(ScheduledThreadPoolExecutor.java:305)
		at java.base/java.util.concurrent.ThreadPoolExecutor.runWorker(ThreadPoolExecutor.java:1144)
		at java.base/java.util.concurrent.ThreadPoolExecutor$Worker.run(ThreadPoolExecutor.java:642)
		at org.apache.tomcat.util.threads.TaskThread$WrappingRunnable.run(TaskThread.java:57)
		at java.base/java.lang.Thread.run(Thread.java:1583)
10-Jul-2026 03:23:13.035 WARNING [Catalina-utility-1] org.apache.tomcat.util.scan.StandardJarScanner.processURLs Failed to scan [file:/usr/local/tomcat/webapps/lpu-reservation-system-0.0.1-SNAPSHOT/WEB-INF/lib/spring-context-support-7.0.6.jar] from classloader hierarchy
	java.nio.file.NoSuchFileException: /usr/local/tomcat/webapps/lpu-reservation-system-0.0.1-SNAPSHOT/WEB-INF/lib/spring-context-support-7.0.6.jar
		at java.base/sun.nio.fs.UnixException.translateToIOException(UnixException.java:92)
		at java.base/sun.nio.fs.UnixException.rethrowAsIOException(UnixException.java:106)
		at java.base/sun.nio.fs.UnixException.rethrowAsIOException(UnixException.java:111)
		at java.base/sun.nio.fs.UnixFileAttributeViews$Basic.readAttributes(UnixFileAttributeViews.java:55)
		at java.base/sun.nio.fs.UnixFileSystemProvider.readAttributes(UnixFileSystemProvider.java:171)
		at java.base/sun.nio.fs.LinuxFileSystemProvider.readAttributes(LinuxFileSystemProvider.java:99)
		at java.base/java.nio.file.Files.readAttributes(Files.java:1854)
		at java.base/java.util.zip.ZipFile$Source.get(ZipFile.java:1445)
		at java.base/java.util.zip.ZipFile$CleanableResource.<init>(ZipFile.java:724)
		at java.base/java.util.zip.ZipFile.<init>(ZipFile.java:251)
		at java.base/java.util.zip.ZipFile.<init>(ZipFile.java:180)
		at java.base/java.util.jar.JarFile.<init>(JarFile.java:345)
		at org.apache.tomcat.util.scan.JarFileUrlJar.<init>(JarFileUrlJar.java:64)
		at org.apache.tomcat.util.scan.JarFactory.newInstance(JarFactory.java:50)
		at org.apache.tomcat.util.scan.StandardJarScanner.process(StandardJarScanner.java:391)
		at org.apache.tomcat.util.scan.StandardJarScanner.processURLs(StandardJarScanner.java:332)
		at org.apache.tomcat.util.scan.StandardJarScanner.doScanClassPath(StandardJarScanner.java:278)
		at org.apache.tomcat.util.scan.StandardJarScanner.scan(StandardJarScanner.java:242)
		at org.apache.jasper.servlet.TldScanner.scanJars(TldScanner.java:248)
		at org.apache.jasper.servlet.TldScanner.scan(TldScanner.java:98)
		at org.apache.jasper.servlet.JasperInitializer.onStartup(JasperInitializer.java:79)
		at org.apache.catalina.core.StandardContext.startInternal(StandardContext.java:4420)
		at org.apache.catalina.util.LifecycleBase.start(LifecycleBase.java:164)
		at org.apache.catalina.core.ContainerBase.addChild(ContainerBase.java:564)
		at org.apache.catalina.core.StandardHost.addChild(StandardHost.java:663)
		at org.apache.catalina.startup.HostConfig.deployWAR(HostConfig.java:923)
		at org.apache.catalina.startup.HostConfig$DeployWar.run(HostConfig.java:1839)
		at java.base/java.util.concurrent.Executors$RunnableAdapter.call(Executors.java:572)
		at java.base/java.util.concurrent.FutureTask.run(FutureTask.java:317)
		at org.apache.tomcat.util.threads.InlineExecutorService.execute(InlineExecutorService.java:81)
		at java.base/java.util.concurrent.AbstractExecutorService.submit(AbstractExecutorService.java:123)
		at org.apache.catalina.startup.HostConfig.deployWARs(HostConfig.java:727)
		at org.apache.catalina.startup.HostConfig.deployApps(HostConfig.java:378)
		at org.apache.catalina.startup.HostConfig.check(HostConfig.java:1628)
		at org.apache.catalina.startup.HostConfig.lifecycleEvent(HostConfig.java:260)
		at org.apache.catalina.util.LifecycleBase.fireLifecycleEvent(LifecycleBase.java:109)
		at org.apache.catalina.core.ContainerBase.backgroundProcess(ContainerBase.java:938)
		at org.apache.catalina.core.ContainerBase$ContainerBackgroundProcessor.processChildren(ContainerBase.java:1137)
		at org.apache.catalina.core.ContainerBase$ContainerBackgroundProcessor.processChildren(ContainerBase.java:1141)
		at org.apache.catalina.core.ContainerBase$ContainerBackgroundProcessor.run(ContainerBase.java:1119)
		at java.base/java.util.concurrent.Executors$RunnableAdapter.call(Executors.java:572)
		at java.base/java.util.concurrent.FutureTask.runAndReset(FutureTask.java:358)
		at java.base/java.util.concurrent.ScheduledThreadPoolExecutor$ScheduledFutureTask.run(ScheduledThreadPoolExecutor.java:305)
		at java.base/java.util.concurrent.ThreadPoolExecutor.runWorker(ThreadPoolExecutor.java:1144)
		at java.base/java.util.concurrent.ThreadPoolExecutor$Worker.run(ThreadPoolExecutor.java:642)
		at org.apache.tomcat.util.threads.TaskThread$WrappingRunnable.run(TaskThread.java:57)
		at java.base/java.lang.Thread.run(Thread.java:1583)
10-Jul-2026 03:23:13.035 WARNING [Catalina-utility-1] org.apache.tomcat.util.scan.StandardJarScanner.processURLs Failed to scan [file:/usr/local/tomcat/webapps/lpu-reservation-system-0.0.1-SNAPSHOT/WEB-INF/lib/opentest4j-1.3.0.jar] from classloader hierarchy
	java.nio.file.NoSuchFileException: /usr/local/tomcat/webapps/lpu-reservation-system-0.0.1-SNAPSHOT/WEB-INF/lib/opentest4j-1.3.0.jar
		at java.base/sun.nio.fs.UnixException.translateToIOException(UnixException.java:92)
		at java.base/sun.nio.fs.UnixException.rethrowAsIOException(UnixException.java:106)
		at java.base/sun.nio.fs.UnixException.rethrowAsIOException(UnixException.java:111)
		at java.base/sun.nio.fs.UnixFileAttributeViews$Basic.readAttributes(UnixFileAttributeViews.java:55)
		at java.base/sun.nio.fs.UnixFileSystemProvider.readAttributes(UnixFileSystemProvider.java:171)
		at java.base/sun.nio.fs.LinuxFileSystemProvider.readAttributes(LinuxFileSystemProvider.java:99)
		at java.base/java.nio.file.Files.readAttributes(Files.java:1854)
		at java.base/java.util.zip.ZipFile$Source.get(ZipFile.java:1445)
		at java.base/java.util.zip.ZipFile$CleanableResource.<init>(ZipFile.java:724)
		at java.base/java.util.zip.ZipFile.<init>(ZipFile.java:251)
		at java.base/java.util.zip.ZipFile.<init>(ZipFile.java:180)
		at java.base/java.util.jar.JarFile.<init>(JarFile.java:345)
		at org.apache.tomcat.util.scan.JarFileUrlJar.<init>(JarFileUrlJar.java:64)
		at org.apache.tomcat.util.scan.JarFactory.newInstance(JarFactory.java:50)
		at org.apache.tomcat.util.scan.StandardJarScanner.process(StandardJarScanner.java:391)
		at org.apache.tomcat.util.scan.StandardJarScanner.processURLs(StandardJarScanner.java:332)
		at org.apache.tomcat.util.scan.StandardJarScanner.doScanClassPath(StandardJarScanner.java:278)
		at org.apache.tomcat.util.scan.StandardJarScanner.scan(StandardJarScanner.java:242)
		at org.apache.jasper.servlet.TldScanner.scanJars(TldScanner.java:248)
		at org.apache.jasper.servlet.TldScanner.scan(TldScanner.java:98)
		at org.apache.jasper.servlet.JasperInitializer.onStartup(JasperInitializer.java:79)
		at org.apache.catalina.core.StandardContext.startInternal(StandardContext.java:4420)
		at org.apache.catalina.util.LifecycleBase.start(LifecycleBase.java:164)
		at org.apache.catalina.core.ContainerBase.addChild(ContainerBase.java:564)
		at org.apache.catalina.core.StandardHost.addChild(StandardHost.java:663)
		at org.apache.catalina.startup.HostConfig.deployWAR(HostConfig.java:923)
		at org.apache.catalina.startup.HostConfig$DeployWar.run(HostConfig.java:1839)
		at java.base/java.util.concurrent.Executors$RunnableAdapter.call(Executors.java:572)
		at java.base/java.util.concurrent.FutureTask.run(FutureTask.java:317)
		at org.apache.tomcat.util.threads.InlineExecutorService.execute(InlineExecutorService.java:81)
		at java.base/java.util.concurrent.AbstractExecutorService.submit(AbstractExecutorService.java:123)
		at org.apache.catalina.startup.HostConfig.deployWARs(HostConfig.java:727)
		at org.apache.catalina.startup.HostConfig.deployApps(HostConfig.java:378)
		at org.apache.catalina.startup.HostConfig.check(HostConfig.java:1628)
		at org.apache.catalina.startup.HostConfig.lifecycleEvent(HostConfig.java:260)
		at org.apache.catalina.util.LifecycleBase.fireLifecycleEvent(LifecycleBase.java:109)
		at org.apache.catalina.core.ContainerBase.backgroundProcess(ContainerBase.java:938)
		at org.apache.catalina.core.ContainerBase$ContainerBackgroundProcessor.processChildren(ContainerBase.java:1137)
		at org.apache.catalina.core.ContainerBase$ContainerBackgroundProcessor.processChildren(ContainerBase.java:1141)
		at org.apache.catalina.core.ContainerBase$ContainerBackgroundProcessor.run(ContainerBase.java:1119)
		at java.base/java.util.concurrent.Executors$RunnableAdapter.call(Executors.java:572)
		at java.base/java.util.concurrent.FutureTask.runAndReset(FutureTask.java:358)
		at java.base/java.util.concurrent.ScheduledThreadPoolExecutor$ScheduledFutureTask.run(ScheduledThreadPoolExecutor.java:305)
		at java.base/java.util.concurrent.ThreadPoolExecutor.runWorker(ThreadPoolExecutor.java:1144)
		at java.base/java.util.concurrent.ThreadPoolExecutor$Worker.run(ThreadPoolExecutor.java:642)
		at org.apache.tomcat.util.threads.TaskThread$WrappingRunnable.run(TaskThread.java:57)
		at java.base/java.lang.Thread.run(Thread.java:1583)
10-Jul-2026 03:23:13.035 WARNING [Catalina-utility-1] org.apache.tomcat.util.scan.StandardJarScanner.processURLs Failed to scan [file:/usr/local/tomcat/webapps/lpu-reservation-system-0.0.1-SNAPSHOT/WEB-INF/lib/c3p0-0.9.5.5.jar] from classloader hierarchy
	java.nio.file.NoSuchFileException: /usr/local/tomcat/webapps/lpu-reservation-system-0.0.1-SNAPSHOT/WEB-INF/lib/c3p0-0.9.5.5.jar
		at java.base/sun.nio.fs.UnixException.translateToIOException(UnixException.java:92)
		at java.base/sun.nio.fs.UnixException.rethrowAsIOException(UnixException.java:106)
		at java.base/sun.nio.fs.UnixException.rethrowAsIOException(UnixException.java:111)
		at java.base/sun.nio.fs.UnixFileAttributeViews$Basic.readAttributes(UnixFileAttributeViews.java:55)
		at java.base/sun.nio.fs.UnixFileSystemProvider.readAttributes(UnixFileSystemProvider.java:171)
		at java.base/sun.nio.fs.LinuxFileSystemProvider.readAttributes(LinuxFileSystemProvider.java:99)
		at java.base/java.nio.file.Files.readAttributes(Files.java:1854)
		at java.base/java.util.zip.ZipFile$Source.get(ZipFile.java:1445)
		at java.base/java.util.zip.ZipFile$CleanableResource.<init>(ZipFile.java:724)
		at java.base/java.util.zip.ZipFile.<init>(ZipFile.java:251)
		at java.base/java.util.zip.ZipFile.<init>(ZipFile.java:180)
		at java.base/java.util.jar.JarFile.<init>(JarFile.java:345)
		at org.apache.tomcat.util.scan.JarFileUrlJar.<init>(JarFileUrlJar.java:64)
		at org.apache.tomcat.util.scan.JarFactory.newInstance(JarFactory.java:50)
		at org.apache.tomcat.util.scan.StandardJarScanner.process(StandardJarScanner.java:391)
		at org.apache.tomcat.util.scan.StandardJarScanner.processURLs(StandardJarScanner.java:332)
		at org.apache.tomcat.util.scan.StandardJarScanner.doScanClassPath(StandardJarScanner.java:278)
		at org.apache.tomcat.util.scan.StandardJarScanner.scan(StandardJarScanner.java:242)
		at org.apache.jasper.servlet.TldScanner.scanJars(TldScanner.java:248)
		at org.apache.jasper.servlet.TldScanner.scan(TldScanner.java:98)
		at org.apache.jasper.servlet.JasperInitializer.onStartup(JasperInitializer.java:79)
		at org.apache.catalina.core.StandardContext.startInternal(StandardContext.java:4420)
		at org.apache.catalina.util.LifecycleBase.start(LifecycleBase.java:164)
		at org.apache.catalina.core.ContainerBase.addChild(ContainerBase.java:564)
		at org.apache.catalina.core.StandardHost.addChild(StandardHost.java:663)
		at org.apache.catalina.startup.HostConfig.deployWAR(HostConfig.java:923)
		at org.apache.catalina.startup.HostConfig$DeployWar.run(HostConfig.java:1839)
		at java.base/java.util.concurrent.Executors$RunnableAdapter.call(Executors.java:572)
		at java.base/java.util.concurrent.FutureTask.run(FutureTask.java:317)
		at org.apache.tomcat.util.threads.InlineExecutorService.execute(InlineExecutorService.java:81)
		at java.base/java.util.concurrent.AbstractExecutorService.submit(AbstractExecutorService.java:123)
		at org.apache.catalina.startup.HostConfig.deployWARs(HostConfig.java:727)
		at org.apache.catalina.startup.HostConfig.deployApps(HostConfig.java:378)
		at org.apache.catalina.startup.HostConfig.check(HostConfig.java:1628)
		at org.apache.catalina.startup.HostConfig.lifecycleEvent(HostConfig.java:260)
		at org.apache.catalina.util.LifecycleBase.fireLifecycleEvent(LifecycleBase.java:109)
		at org.apache.catalina.core.ContainerBase.backgroundProcess(ContainerBase.java:938)
		at org.apache.catalina.core.ContainerBase$ContainerBackgroundProcessor.processChildren(ContainerBase.java:1137)
		at org.apache.catalina.core.ContainerBase$ContainerBackgroundProcessor.processChildren(ContainerBase.java:1141)
		at org.apache.catalina.core.ContainerBase$ContainerBackgroundProcessor.run(ContainerBase.java:1119)
		at java.base/java.util.concurrent.Executors$RunnableAdapter.call(Executors.java:572)
		at java.base/java.util.concurrent.FutureTask.runAndReset(FutureTask.java:358)
		at java.base/java.util.concurrent.ScheduledThreadPoolExecutor$ScheduledFutureTask.run(ScheduledThreadPoolExecutor.java:305)
		at java.base/java.util.concurrent.ThreadPoolExecutor.runWorker(ThreadPoolExecutor.java:1144)
		at java.base/java.util.concurrent.ThreadPoolExecutor$Worker.run(ThreadPoolExecutor.java:642)
		at org.apache.tomcat.util.threads.TaskThread$WrappingRunnable.run(TaskThread.java:57)
		at java.base/java.lang.Thread.run(Thread.java:1583)
10-Jul-2026 03:23:13.035 WARNING [Catalina-utility-1] org.apache.tomcat.util.scan.StandardJarScanner.processURLs Failed to scan [file:/usr/local/tomcat/webapps/lpu-reservation-system-0.0.1-SNAPSHOT/WEB-INF/lib/jakarta.validation-api-3.0.2.jar] from classloader hierarchy
	java.nio.file.NoSuchFileException: /usr/local/tomcat/webapps/lpu-reservation-system-0.0.1-SNAPSHOT/WEB-INF/lib/jakarta.validation-api-3.0.2.jar
		at java.base/sun.nio.fs.UnixException.translateToIOException(UnixException.java:92)
		at java.base/sun.nio.fs.UnixException.rethrowAsIOException(UnixException.java:106)
		at java.base/sun.nio.fs.UnixException.rethrowAsIOException(UnixException.java:111)
		at java.base/sun.nio.fs.UnixFileAttributeViews$Basic.readAttributes(UnixFileAttributeViews.java:55)
		at java.base/sun.nio.fs.UnixFileSystemProvider.readAttributes(UnixFileSystemProvider.java:171)
		at java.base/sun.nio.fs.LinuxFileSystemProvider.readAttributes(LinuxFileSystemProvider.java:99)
		at java.base/java.nio.file.Files.readAttributes(Files.java:1854)
		at java.base/java.util.zip.ZipFile$Source.get(ZipFile.java:1445)
		at java.base/java.util.zip.ZipFile$CleanableResource.<init>(ZipFile.java:724)
		at java.base/java.util.zip.ZipFile.<init>(ZipFile.java:251)
		at java.base/java.util.zip.ZipFile.<init>(ZipFile.java:180)
		at java.base/java.util.jar.JarFile.<init>(JarFile.java:345)
		at org.apache.tomcat.util.scan.JarFileUrlJar.<init>(JarFileUrlJar.java:64)
		at org.apache.tomcat.util.scan.JarFactory.newInstance(JarFactory.java:50)
		at org.apache.tomcat.util.scan.StandardJarScanner.process(StandardJarScanner.java:391)
		at org.apache.tomcat.util.scan.StandardJarScanner.processURLs(StandardJarScanner.java:332)
		at org.apache.tomcat.util.scan.StandardJarScanner.doScanClassPath(StandardJarScanner.java:278)
		at org.apache.tomcat.util.scan.StandardJarScanner.scan(StandardJarScanner.java:242)
		at org.apache.jasper.servlet.TldScanner.scanJars(TldScanner.java:248)
		at org.apache.jasper.servlet.TldScanner.scan(TldScanner.java:98)
		at org.apache.jasper.servlet.JasperInitializer.onStartup(JasperInitializer.java:79)
		at org.apache.catalina.core.StandardContext.startInternal(StandardContext.java:4420)
		at org.apache.catalina.util.LifecycleBase.start(LifecycleBase.java:164)
		at org.apache.catalina.core.ContainerBase.addChild(ContainerBase.java:564)
		at org.apache.catalina.core.StandardHost.addChild(StandardHost.java:663)
		at org.apache.catalina.startup.HostConfig.deployWAR(HostConfig.java:923)
		at org.apache.catalina.startup.HostConfig$DeployWar.run(HostConfig.java:1839)
		at java.base/java.util.concurrent.Executors$RunnableAdapter.call(Executors.java:572)
		at java.base/java.util.concurrent.FutureTask.run(FutureTask.java:317)
		at org.apache.tomcat.util.threads.InlineExecutorService.execute(InlineExecutorService.java:81)
		at java.base/java.util.concurrent.AbstractExecutorService.submit(AbstractExecutorService.java:123)
		at org.apache.catalina.startup.HostConfig.deployWARs(HostConfig.java:727)
		at org.apache.catalina.startup.HostConfig.deployApps(HostConfig.java:378)
		at org.apache.catalina.startup.HostConfig.check(HostConfig.java:1628)
		at org.apache.catalina.startup.HostConfig.lifecycleEvent(HostConfig.java:260)
		at org.apache.catalina.util.LifecycleBase.fireLifecycleEvent(LifecycleBase.java:109)
		at org.apache.catalina.core.ContainerBase.backgroundProcess(ContainerBase.java:938)
		at org.apache.catalina.core.ContainerBase$ContainerBackgroundProcessor.processChildren(ContainerBase.java:1137)
		at org.apache.catalina.core.ContainerBase$ContainerBackgroundProcessor.processChildren(ContainerBase.java:1141)
		at org.apache.catalina.core.ContainerBase$ContainerBackgroundProcessor.run(ContainerBase.java:1119)
		at java.base/java.util.concurrent.Executors$RunnableAdapter.call(Executors.java:572)
		at java.base/java.util.concurrent.FutureTask.runAndReset(FutureTask.java:358)
		at java.base/java.util.concurrent.ScheduledThreadPoolExecutor$ScheduledFutureTask.run(ScheduledThreadPoolExecutor.java:305)
		at java.base/java.util.concurrent.ThreadPoolExecutor.runWorker(ThreadPoolExecutor.java:1144)
		at java.base/java.util.concurrent.ThreadPoolExecutor$Worker.run(ThreadPoolExecutor.java:642)
		at org.apache.tomcat.util.threads.TaskThread$WrappingRunnable.run(TaskThread.java:57)
		at java.base/java.lang.Thread.run(Thread.java:1583)
10-Jul-2026 03:23:13.036 WARNING [Catalina-utility-1] org.apache.tomcat.util.scan.StandardJarScanner.processURLs Failed to scan [file:/usr/local/tomcat/webapps/lpu-reservation-system-0.0.1-SNAPSHOT/WEB-INF/lib/jakarta.xml.bind-api-4.0.5.jar] from classloader hierarchy
	java.nio.file.NoSuchFileException: /usr/local/tomcat/webapps/lpu-reservation-system-0.0.1-SNAPSHOT/WEB-INF/lib/jakarta.xml.bind-api-4.0.5.jar
		at java.base/sun.nio.fs.UnixException.translateToIOException(UnixException.java:92)
		at java.base/sun.nio.fs.UnixException.rethrowAsIOException(UnixException.java:106)
		at java.base/sun.nio.fs.UnixException.rethrowAsIOException(UnixException.java:111)
		at java.base/sun.nio.fs.UnixFileAttributeViews$Basic.readAttributes(UnixFileAttributeViews.java:55)
		at java.base/sun.nio.fs.UnixFileSystemProvider.readAttributes(UnixFileSystemProvider.java:171)
		at java.base/sun.nio.fs.LinuxFileSystemProvider.readAttributes(LinuxFileSystemProvider.java:99)
		at java.base/java.nio.file.Files.readAttributes(Files.java:1854)
		at java.base/java.util.zip.ZipFile$Source.get(ZipFile.java:1445)
		at java.base/java.util.zip.ZipFile$CleanableResource.<init>(ZipFile.java:724)
		at java.base/java.util.zip.ZipFile.<init>(ZipFile.java:251)
		at java.base/java.util.zip.ZipFile.<init>(ZipFile.java:180)
		at java.base/java.util.jar.JarFile.<init>(JarFile.java:345)
		at org.apache.tomcat.util.scan.JarFileUrlJar.<init>(JarFileUrlJar.java:64)
		at org.apache.tomcat.util.scan.JarFactory.newInstance(JarFactory.java:50)
		at org.apache.tomcat.util.scan.StandardJarScanner.process(StandardJarScanner.java:391)
		at org.apache.tomcat.util.scan.StandardJarScanner.processURLs(StandardJarScanner.java:332)
		at org.apache.tomcat.util.scan.StandardJarScanner.doScanClassPath(StandardJarScanner.java:278)
		at org.apache.tomcat.util.scan.StandardJarScanner.scan(StandardJarScanner.java:242)
		at org.apache.jasper.servlet.TldScanner.scanJars(TldScanner.java:248)
		at org.apache.jasper.servlet.TldScanner.scan(TldScanner.java:98)
		at org.apache.jasper.servlet.JasperInitializer.onStartup(JasperInitializer.java:79)
		at org.apache.catalina.core.StandardContext.startInternal(StandardContext.java:4420)
		at org.apache.catalina.util.LifecycleBase.start(LifecycleBase.java:164)
		at org.apache.catalina.core.ContainerBase.addChild(ContainerBase.java:564)
		at org.apache.catalina.core.StandardHost.addChild(StandardHost.java:663)
		at org.apache.catalina.startup.HostConfig.deployWAR(HostConfig.java:923)
		at org.apache.catalina.startup.HostConfig$DeployWar.run(HostConfig.java:1839)
		at java.base/java.util.concurrent.Executors$RunnableAdapter.call(Executors.java:572)
		at java.base/java.util.concurrent.FutureTask.run(FutureTask.java:317)
		at org.apache.tomcat.util.threads.InlineExecutorService.execute(InlineExecutorService.java:81)
		at java.base/java.util.concurrent.AbstractExecutorService.submit(AbstractExecutorService.java:123)
		at org.apache.catalina.startup.HostConfig.deployWARs(HostConfig.java:727)
		at org.apache.catalina.startup.HostConfig.deployApps(HostConfig.java:378)
		at org.apache.catalina.startup.HostConfig.check(HostConfig.java:1628)
		at org.apache.catalina.startup.HostConfig.lifecycleEvent(HostConfig.java:260)
		at org.apache.catalina.util.LifecycleBase.fireLifecycleEvent(LifecycleBase.java:109)
		at org.apache.catalina.core.ContainerBase.backgroundProcess(ContainerBase.java:938)
		at org.apache.catalina.core.ContainerBase$ContainerBackgroundProcessor.processChildren(ContainerBase.java:1137)
		at org.apache.catalina.core.ContainerBase$ContainerBackgroundProcessor.processChildren(ContainerBase.java:1141)
		at org.apache.catalina.core.ContainerBase$ContainerBackgroundProcessor.run(ContainerBase.java:1119)
		at java.base/java.util.concurrent.Executors$RunnableAdapter.call(Executors.java:572)
		at java.base/java.util.concurrent.FutureTask.runAndReset(FutureTask.java:358)
		at java.base/java.util.concurrent.ScheduledThreadPoolExecutor$ScheduledFutureTask.run(ScheduledThreadPoolExecutor.java:305)
		at java.base/java.util.concurrent.ThreadPoolExecutor.runWorker(ThreadPoolExecutor.java:1144)
		at java.base/java.util.concurrent.ThreadPoolExecutor$Worker.run(ThreadPoolExecutor.java:642)
		at org.apache.tomcat.util.threads.TaskThread$WrappingRunnable.run(TaskThread.java:57)
		at java.base/java.lang.Thread.run(Thread.java:1583)
10-Jul-2026 03:23:13.036 WARNING [Catalina-utility-1] org.apache.tomcat.util.scan.StandardJarScanner.processURLs Failed to scan [file:/usr/local/tomcat/webapps/lpu-reservation-system-0.0.1-SNAPSHOT/WEB-INF/lib/unbescape-1.1.6.RELEASE.jar] from classloader hierarchy
	java.nio.file.NoSuchFileException: /usr/local/tomcat/webapps/lpu-reservation-system-0.0.1-SNAPSHOT/WEB-INF/lib/unbescape-1.1.6.RELEASE.jar
		at java.base/sun.nio.fs.UnixException.translateToIOException(UnixException.java:92)
		at java.base/sun.nio.fs.UnixException.rethrowAsIOException(UnixException.java:106)
		at java.base/sun.nio.fs.UnixException.rethrowAsIOException(UnixException.java:111)
		at java.base/sun.nio.fs.UnixFileAttributeViews$Basic.readAttributes(UnixFileAttributeViews.java:55)
		at java.base/sun.nio.fs.UnixFileSystemProvider.readAttributes(UnixFileSystemProvider.java:171)
		at java.base/sun.nio.fs.LinuxFileSystemProvider.readAttributes(LinuxFileSystemProvider.java:99)
		at java.base/java.nio.file.Files.readAttributes(Files.java:1854)
		at java.base/java.util.zip.ZipFile$Source.get(ZipFile.java:1445)
		at java.base/java.util.zip.ZipFile$CleanableResource.<init>(ZipFile.java:724)
		at java.base/java.util.zip.ZipFile.<init>(ZipFile.java:251)
		at java.base/java.util.zip.ZipFile.<init>(ZipFile.java:180)
		at java.base/java.util.jar.JarFile.<init>(JarFile.java:345)
		at org.apache.tomcat.util.scan.JarFileUrlJar.<init>(JarFileUrlJar.java:64)
		at org.apache.tomcat.util.scan.JarFactory.newInstance(JarFactory.java:50)
		at org.apache.tomcat.util.scan.StandardJarScanner.process(StandardJarScanner.java:391)
		at org.apache.tomcat.util.scan.StandardJarScanner.processURLs(StandardJarScanner.java:332)
		at org.apache.tomcat.util.scan.StandardJarScanner.doScanClassPath(StandardJarScanner.java:278)
		at org.apache.tomcat.util.scan.StandardJarScanner.scan(StandardJarScanner.java:242)
		at org.apache.jasper.servlet.TldScanner.scanJars(TldScanner.java:248)
		at org.apache.jasper.servlet.TldScanner.scan(TldScanner.java:98)
		at org.apache.jasper.servlet.JasperInitializer.onStartup(JasperInitializer.java:79)
		at org.apache.catalina.core.StandardContext.startInternal(StandardContext.java:4420)
		at org.apache.catalina.util.LifecycleBase.start(LifecycleBase.java:164)
		at org.apache.catalina.core.ContainerBase.addChild(ContainerBase.java:564)
		at org.apache.catalina.core.StandardHost.addChild(StandardHost.java:663)
		at org.apache.catalina.startup.HostConfig.deployWAR(HostConfig.java:923)
		at org.apache.catalina.startup.HostConfig$DeployWar.run(HostConfig.java:1839)
		at java.base/java.util.concurrent.Executors$RunnableAdapter.call(Executors.java:572)
		at java.base/java.util.concurrent.FutureTask.run(FutureTask.java:317)
		at org.apache.tomcat.util.threads.InlineExecutorService.execute(InlineExecutorService.java:81)
		at java.base/java.util.concurrent.AbstractExecutorService.submit(AbstractExecutorService.java:123)
		at org.apache.catalina.startup.HostConfig.deployWARs(HostConfig.java:727)
		at org.apache.catalina.startup.HostConfig.deployApps(HostConfig.java:378)
		at org.apache.catalina.startup.HostConfig.check(HostConfig.java:1628)
		at org.apache.catalina.startup.HostConfig.lifecycleEvent(HostConfig.java:260)
		at org.apache.catalina.util.LifecycleBase.fireLifecycleEvent(LifecycleBase.java:109)
		at org.apache.catalina.core.ContainerBase.backgroundProcess(ContainerBase.java:938)
		at org.apache.catalina.core.ContainerBase$ContainerBackgroundProcessor.processChildren(ContainerBase.java:1137)
		at org.apache.catalina.core.ContainerBase$ContainerBackgroundProcessor.processChildren(ContainerBase.java:1141)
		at org.apache.catalina.core.ContainerBase$ContainerBackgroundProcessor.run(ContainerBase.java:1119)
		at java.base/java.util.concurrent.Executors$RunnableAdapter.call(Executors.java:572)
		at java.base/java.util.concurrent.FutureTask.runAndReset(FutureTask.java:358)
		at java.base/java.util.concurrent.ScheduledThreadPoolExecutor$ScheduledFutureTask.run(ScheduledThreadPoolExecutor.java:305)
		at java.base/java.util.concurrent.ThreadPoolExecutor.runWorker(ThreadPoolExecutor.java:1144)
		at java.base/java.util.concurrent.ThreadPoolExecutor$Worker.run(ThreadPoolExecutor.java:642)
		at org.apache.tomcat.util.threads.TaskThread$WrappingRunnable.run(TaskThread.java:57)
		at java.base/java.lang.Thread.run(Thread.java:1583)
10-Jul-2026 03:23:13.036 WARNING [Catalina-utility-1] org.apache.tomcat.util.scan.StandardJarScanner.processURLs Failed to scan [file:/usr/local/tomcat/webapps/lpu-reservation-system-0.0.1-SNAPSHOT/WEB-INF/lib/spring-security-web-6.3.1.jar] from classloader hierarchy
	java.nio.file.NoSuchFileException: /usr/local/tomcat/webapps/lpu-reservation-system-0.0.1-SNAPSHOT/WEB-INF/lib/spring-security-web-6.3.1.jar
		at java.base/sun.nio.fs.UnixException.translateToIOException(UnixException.java:92)
		at java.base/sun.nio.fs.UnixException.rethrowAsIOException(UnixException.java:106)
		at java.base/sun.nio.fs.UnixException.rethrowAsIOException(UnixException.java:111)
		at java.base/sun.nio.fs.UnixFileAttributeViews$Basic.readAttributes(UnixFileAttributeViews.java:55)
		at java.base/sun.nio.fs.UnixFileSystemProvider.readAttributes(UnixFileSystemProvider.java:171)
		at java.base/sun.nio.fs.LinuxFileSystemProvider.readAttributes(LinuxFileSystemProvider.java:99)
		at java.base/java.nio.file.Files.readAttributes(Files.java:1854)
		at java.base/java.util.zip.ZipFile$Source.get(ZipFile.java:1445)
		at java.base/java.util.zip.ZipFile$CleanableResource.<init>(ZipFile.java:724)
		at java.base/java.util.zip.ZipFile.<init>(ZipFile.java:251)
		at java.base/java.util.zip.ZipFile.<init>(ZipFile.java:180)
		at java.base/java.util.jar.JarFile.<init>(JarFile.java:345)
		at org.apache.tomcat.util.scan.JarFileUrlJar.<init>(JarFileUrlJar.java:64)
		at org.apache.tomcat.util.scan.JarFactory.newInstance(JarFactory.java:50)
		at org.apache.tomcat.util.scan.StandardJarScanner.process(StandardJarScanner.java:391)
		at org.apache.tomcat.util.scan.StandardJarScanner.processURLs(StandardJarScanner.java:332)
		at org.apache.tomcat.util.scan.StandardJarScanner.doScanClassPath(StandardJarScanner.java:278)
		at org.apache.tomcat.util.scan.StandardJarScanner.scan(StandardJarScanner.java:242)
		at org.apache.jasper.servlet.TldScanner.scanJars(TldScanner.java:248)
		at org.apache.jasper.servlet.TldScanner.scan(TldScanner.java:98)
		at org.apache.jasper.servlet.JasperInitializer.onStartup(JasperInitializer.java:79)
		at org.apache.catalina.core.StandardContext.startInternal(StandardContext.java:4420)
		at org.apache.catalina.util.LifecycleBase.start(LifecycleBase.java:164)
		at org.apache.catalina.core.ContainerBase.addChild(ContainerBase.java:564)
		at org.apache.catalina.core.StandardHost.addChild(StandardHost.java:663)
		at org.apache.catalina.startup.HostConfig.deployWAR(HostConfig.java:923)
		at org.apache.catalina.startup.HostConfig$DeployWar.run(HostConfig.java:1839)
		at java.base/java.util.concurrent.Executors$RunnableAdapter.call(Executors.java:572)
		at java.base/java.util.concurrent.FutureTask.run(FutureTask.java:317)
		at org.apache.tomcat.util.threads.InlineExecutorService.execute(InlineExecutorService.java:81)
		at java.base/java.util.concurrent.AbstractExecutorService.submit(AbstractExecutorService.java:123)
		at org.apache.catalina.startup.HostConfig.deployWARs(HostConfig.java:727)
		at org.apache.catalina.startup.HostConfig.deployApps(HostConfig.java:378)
		at org.apache.catalina.startup.HostConfig.check(HostConfig.java:1628)
		at org.apache.catalina.startup.HostConfig.lifecycleEvent(HostConfig.java:260)
		at org.apache.catalina.util.LifecycleBase.fireLifecycleEvent(LifecycleBase.java:109)
		at org.apache.catalina.core.ContainerBase.backgroundProcess(ContainerBase.java:938)
		at org.apache.catalina.core.ContainerBase$ContainerBackgroundProcessor.processChildren(ContainerBase.java:1137)
		at org.apache.catalina.core.ContainerBase$ContainerBackgroundProcessor.processChildren(ContainerBase.java:1141)
		at org.apache.catalina.core.ContainerBase$ContainerBackgroundProcessor.run(ContainerBase.java:1119)
		at java.base/java.util.concurrent.Executors$RunnableAdapter.call(Executors.java:572)
		at java.base/java.util.concurrent.FutureTask.runAndReset(FutureTask.java:358)
		at java.base/java.util.concurrent.ScheduledThreadPoolExecutor$ScheduledFutureTask.run(ScheduledThreadPoolExecutor.java:305)
		at java.base/java.util.concurrent.ThreadPoolExecutor.runWorker(ThreadPoolExecutor.java:1144)
		at java.base/java.util.concurrent.ThreadPoolExecutor$Worker.run(ThreadPoolExecutor.java:642)
		at org.apache.tomcat.util.threads.TaskThread$WrappingRunnable.run(TaskThread.java:57)
		at java.base/java.lang.Thread.run(Thread.java:1583)
10-Jul-2026 03:23:13.038 WARNING [Catalina-utility-1] org.apache.tomcat.util.scan.StandardJarScanner.processURLs Failed to scan [file:/usr/local/tomcat/webapps/lpu-reservation-system-0.0.1-SNAPSHOT/WEB-INF/lib/ognl-3.3.4.jar] from classloader hierarchy
	java.nio.file.NoSuchFileException: /usr/local/tomcat/webapps/lpu-reservation-system-0.0.1-SNAPSHOT/WEB-INF/lib/ognl-3.3.4.jar
		at java.base/sun.nio.fs.UnixException.translateToIOException(UnixException.java:92)
		at java.base/sun.nio.fs.UnixException.rethrowAsIOException(UnixException.java:106)
		at java.base/sun.nio.fs.UnixException.rethrowAsIOException(UnixException.java:111)
		at java.base/sun.nio.fs.UnixFileAttributeViews$Basic.readAttributes(UnixFileAttributeViews.java:55)
		at java.base/sun.nio.fs.UnixFileSystemProvider.readAttributes(UnixFileSystemProvider.java:171)
		at java.base/sun.nio.fs.LinuxFileSystemProvider.readAttributes(LinuxFileSystemProvider.java:99)
		at java.base/java.nio.file.Files.readAttributes(Files.java:1854)
		at java.base/java.util.zip.ZipFile$Source.get(ZipFile.java:1445)
		at java.base/java.util.zip.ZipFile$CleanableResource.<init>(ZipFile.java:724)
		at java.base/java.util.zip.ZipFile.<init>(ZipFile.java:251)
		at java.base/java.util.zip.ZipFile.<init>(ZipFile.java:180)
		at java.base/java.util.jar.JarFile.<init>(JarFile.java:345)
		at org.apache.tomcat.util.scan.JarFileUrlJar.<init>(JarFileUrlJar.java:64)
		at org.apache.tomcat.util.scan.JarFactory.newInstance(JarFactory.java:50)
		at org.apache.tomcat.util.scan.StandardJarScanner.process(StandardJarScanner.java:391)
		at org.apache.tomcat.util.scan.StandardJarScanner.processURLs(StandardJarScanner.java:332)
		at org.apache.tomcat.util.scan.StandardJarScanner.doScanClassPath(StandardJarScanner.java:278)
		at org.apache.tomcat.util.scan.StandardJarScanner.scan(StandardJarScanner.java:242)
		at org.apache.jasper.servlet.TldScanner.scanJars(TldScanner.java:248)
		at org.apache.jasper.servlet.TldScanner.scan(TldScanner.java:98)
		at org.apache.jasper.servlet.JasperInitializer.onStartup(JasperInitializer.java:79)
		at org.apache.catalina.core.StandardContext.startInternal(StandardContext.java:4420)
		at org.apache.catalina.util.LifecycleBase.start(LifecycleBase.java:164)
		at org.apache.catalina.core.ContainerBase.addChild(ContainerBase.java:564)
		at org.apache.catalina.core.StandardHost.addChild(StandardHost.java:663)
		at org.apache.catalina.startup.HostConfig.deployWAR(HostConfig.java:923)
		at org.apache.catalina.startup.HostConfig$DeployWar.run(HostConfig.java:1839)
		at java.base/java.util.concurrent.Executors$RunnableAdapter.call(Executors.java:572)
		at java.base/java.util.concurrent.FutureTask.run(FutureTask.java:317)
		at org.apache.tomcat.util.threads.InlineExecutorService.execute(InlineExecutorService.java:81)
		at java.base/java.util.concurrent.AbstractExecutorService.submit(AbstractExecutorService.java:123)
		at org.apache.catalina.startup.HostConfig.deployWARs(HostConfig.java:727)
		at org.apache.catalina.startup.HostConfig.deployApps(HostConfig.java:378)
		at org.apache.catalina.startup.HostConfig.check(HostConfig.java:1628)
		at org.apache.catalina.startup.HostConfig.lifecycleEvent(HostConfig.java:260)
		at org.apache.catalina.util.LifecycleBase.fireLifecycleEvent(LifecycleBase.java:109)
		at org.apache.catalina.core.ContainerBase.backgroundProcess(ContainerBase.java:938)
		at org.apache.catalina.core.ContainerBase$ContainerBackgroundProcessor.processChildren(ContainerBase.java:1137)
		at org.apache.catalina.core.ContainerBase$ContainerBackgroundProcessor.processChildren(ContainerBase.java:1141)
		at org.apache.catalina.core.ContainerBase$ContainerBackgroundProcessor.run(ContainerBase.java:1119)
		at java.base/java.util.concurrent.Executors$RunnableAdapter.call(Executors.java:572)
		at java.base/java.util.concurrent.FutureTask.runAndReset(FutureTask.java:358)
		at java.base/java.util.concurrent.ScheduledThreadPoolExecutor$ScheduledFutureTask.run(ScheduledThreadPoolExecutor.java:305)
		at java.base/java.util.concurrent.ThreadPoolExecutor.runWorker(ThreadPoolExecutor.java:1144)
		at java.base/java.util.concurrent.ThreadPoolExecutor$Worker.run(ThreadPoolExecutor.java:642)
		at org.apache.tomcat.util.threads.TaskThread$WrappingRunnable.run(TaskThread.java:57)
		at java.base/java.lang.Thread.run(Thread.java:1583)
10-Jul-2026 03:23:13.041 WARNING [Catalina-utility-1] org.apache.tomcat.util.scan.StandardJarScanner.processURLs Failed to scan [file:/usr/local/tomcat/webapps/lpu-reservation-system-0.0.1-SNAPSHOT/WEB-INF/lib/cache-api-1.1.1.jar] from classloader hierarchy
	java.nio.file.NoSuchFileException: /usr/local/tomcat/webapps/lpu-reservation-system-0.0.1-SNAPSHOT/WEB-INF/lib/cache-api-1.1.1.jar
		at java.base/sun.nio.fs.UnixException.translateToIOException(UnixException.java:92)
		at java.base/sun.nio.fs.UnixException.rethrowAsIOException(UnixException.java:106)
		at java.base/sun.nio.fs.UnixException.rethrowAsIOException(UnixException.java:111)
		at java.base/sun.nio.fs.UnixFileAttributeViews$Basic.readAttributes(UnixFileAttributeViews.java:55)
		at java.base/sun.nio.fs.UnixFileSystemProvider.readAttributes(UnixFileSystemProvider.java:171)
		at java.base/sun.nio.fs.LinuxFileSystemProvider.readAttributes(LinuxFileSystemProvider.java:99)
		at java.base/java.nio.file.Files.readAttributes(Files.java:1854)
		at java.base/java.util.zip.ZipFile$Source.get(ZipFile.java:1445)
		at java.base/java.util.zip.ZipFile$CleanableResource.<init>(ZipFile.java:724)
		at java.base/java.util.zip.ZipFile.<init>(ZipFile.java:251)
		at java.base/java.util.zip.ZipFile.<init>(ZipFile.java:180)
		at java.base/java.util.jar.JarFile.<init>(JarFile.java:345)
		at org.apache.tomcat.util.scan.JarFileUrlJar.<init>(JarFileUrlJar.java:64)
		at org.apache.tomcat.util.scan.JarFactory.newInstance(JarFactory.java:50)
		at org.apache.tomcat.util.scan.StandardJarScanner.process(StandardJarScanner.java:391)
		at org.apache.tomcat.util.scan.StandardJarScanner.processURLs(StandardJarScanner.java:332)
		at org.apache.tomcat.util.scan.StandardJarScanner.doScanClassPath(StandardJarScanner.java:278)
		at org.apache.tomcat.util.scan.StandardJarScanner.scan(StandardJarScanner.java:242)
		at org.apache.jasper.servlet.TldScanner.scanJars(TldScanner.java:248)
		at org.apache.jasper.servlet.TldScanner.scan(TldScanner.java:98)
		at org.apache.jasper.servlet.JasperInitializer.onStartup(JasperInitializer.java:79)
		at org.apache.catalina.core.StandardContext.startInternal(StandardContext.java:4420)
		at org.apache.catalina.util.LifecycleBase.start(LifecycleBase.java:164)
		at org.apache.catalina.core.ContainerBase.addChild(ContainerBase.java:564)
		at org.apache.catalina.core.StandardHost.addChild(StandardHost.java:663)
		at org.apache.catalina.startup.HostConfig.deployWAR(HostConfig.java:923)
		at org.apache.catalina.startup.HostConfig$DeployWar.run(HostConfig.java:1839)
		at java.base/java.util.concurrent.Executors$RunnableAdapter.call(Executors.java:572)
		at java.base/java.util.concurrent.FutureTask.run(FutureTask.java:317)
		at org.apache.tomcat.util.threads.InlineExecutorService.execute(InlineExecutorService.java:81)
		at java.base/java.util.concurrent.AbstractExecutorService.submit(AbstractExecutorService.java:123)
		at org.apache.catalina.startup.HostConfig.deployWARs(HostConfig.java:727)
		at org.apache.catalina.startup.HostConfig.deployApps(HostConfig.java:378)
		at org.apache.catalina.startup.HostConfig.check(HostConfig.java:1628)
		at org.apache.catalina.startup.HostConfig.lifecycleEvent(HostConfig.java:260)
		at org.apache.catalina.util.LifecycleBase.fireLifecycleEvent(LifecycleBase.java:109)
		at org.apache.catalina.core.ContainerBase.backgroundProcess(ContainerBase.java:938)
		at org.apache.catalina.core.ContainerBase$ContainerBackgroundProcessor.processChildren(ContainerBase.java:1137)
		at org.apache.catalina.core.ContainerBase$ContainerBackgroundProcessor.processChildren(ContainerBase.java:1141)
		at org.apache.catalina.core.ContainerBase$ContainerBackgroundProcessor.run(ContainerBase.java:1119)
		at java.base/java.util.concurrent.Executors$RunnableAdapter.call(Executors.java:572)
		at java.base/java.util.concurrent.FutureTask.runAndReset(FutureTask.java:358)
		at java.base/java.util.concurrent.ScheduledThreadPoolExecutor$ScheduledFutureTask.run(ScheduledThreadPoolExecutor.java:305)
		at java.base/java.util.concurrent.ThreadPoolExecutor.runWorker(ThreadPoolExecutor.java:1144)
		at java.base/java.util.concurrent.ThreadPoolExecutor$Worker.run(ThreadPoolExecutor.java:642)
		at org.apache.tomcat.util.threads.TaskThread$WrappingRunnable.run(TaskThread.java:57)
		at java.base/java.lang.Thread.run(Thread.java:1583)
10-Jul-2026 03:23:13.041 WARNING [Catalina-utility-1] org.apache.tomcat.util.scan.StandardJarScanner.processURLs Failed to scan [file:/usr/local/tomcat/webapps/lpu-reservation-system-0.0.1-SNAPSHOT/WEB-INF/lib/istack-commons-runtime-4.1.2.jar] from classloader hierarchy
	java.nio.file.NoSuchFileException: /usr/local/tomcat/webapps/lpu-reservation-system-0.0.1-SNAPSHOT/WEB-INF/lib/istack-commons-runtime-4.1.2.jar
		at java.base/sun.nio.fs.UnixException.translateToIOException(UnixException.java:92)
		at java.base/sun.nio.fs.UnixException.rethrowAsIOException(UnixException.java:106)
		at java.base/sun.nio.fs.UnixException.rethrowAsIOException(UnixException.java:111)
		at java.base/sun.nio.fs.UnixFileAttributeViews$Basic.readAttributes(UnixFileAttributeViews.java:55)
		at java.base/sun.nio.fs.UnixFileSystemProvider.readAttributes(UnixFileSystemProvider.java:171)
		at java.base/sun.nio.fs.LinuxFileSystemProvider.readAttributes(LinuxFileSystemProvider.java:99)
		at java.base/java.nio.file.Files.readAttributes(Files.java:1854)
		at java.base/java.util.zip.ZipFile$Source.get(ZipFile.java:1445)
		at java.base/java.util.zip.ZipFile$CleanableResource.<init>(ZipFile.java:724)
		at java.base/java.util.zip.ZipFile.<init>(ZipFile.java:251)
		at java.base/java.util.zip.ZipFile.<init>(ZipFile.java:180)
		at java.base/java.util.jar.JarFile.<init>(JarFile.java:345)
		at org.apache.tomcat.util.scan.JarFileUrlJar.<init>(JarFileUrlJar.java:64)
		at org.apache.tomcat.util.scan.JarFactory.newInstance(JarFactory.java:50)
		at org.apache.tomcat.util.scan.StandardJarScanner.process(StandardJarScanner.java:391)
		at org.apache.tomcat.util.scan.StandardJarScanner.processURLs(StandardJarScanner.java:332)
		at org.apache.tomcat.util.scan.StandardJarScanner.doScanClassPath(StandardJarScanner.java:278)
		at org.apache.tomcat.util.scan.StandardJarScanner.scan(StandardJarScanner.java:242)
		at org.apache.jasper.servlet.TldScanner.scanJars(TldScanner.java:248)
		at org.apache.jasper.servlet.TldScanner.scan(TldScanner.java:98)
		at org.apache.jasper.servlet.JasperInitializer.onStartup(JasperInitializer.java:79)
		at org.apache.catalina.core.StandardContext.startInternal(StandardContext.java:4420)
		at org.apache.catalina.util.LifecycleBase.start(LifecycleBase.java:164)
		at org.apache.catalina.core.ContainerBase.addChild(ContainerBase.java:564)
		at org.apache.catalina.core.StandardHost.addChild(StandardHost.java:663)
		at org.apache.catalina.startup.HostConfig.deployWAR(HostConfig.java:923)
		at org.apache.catalina.startup.HostConfig$DeployWar.run(HostConfig.java:1839)
		at java.base/java.util.concurrent.Executors$RunnableAdapter.call(Executors.java:572)
		at java.base/java.util.concurrent.FutureTask.run(FutureTask.java:317)
		at org.apache.tomcat.util.threads.InlineExecutorService.execute(InlineExecutorService.java:81)
		at java.base/java.util.concurrent.AbstractExecutorService.submit(AbstractExecutorService.java:123)
		at org.apache.catalina.startup.HostConfig.deployWARs(HostConfig.java:727)
		at org.apache.catalina.startup.HostConfig.deployApps(HostConfig.java:378)
		at org.apache.catalina.startup.HostConfig.check(HostConfig.java:1628)
		at org.apache.catalina.startup.HostConfig.lifecycleEvent(HostConfig.java:260)
		at org.apache.catalina.util.LifecycleBase.fireLifecycleEvent(LifecycleBase.java:109)
		at org.apache.catalina.core.ContainerBase.backgroundProcess(ContainerBase.java:938)
		at org.apache.catalina.core.ContainerBase$ContainerBackgroundProcessor.processChildren(ContainerBase.java:1137)
		at org.apache.catalina.core.ContainerBase$ContainerBackgroundProcessor.processChildren(ContainerBase.java:1141)
		at org.apache.catalina.core.ContainerBase$ContainerBackgroundProcessor.run(ContainerBase.java:1119)
		at java.base/java.util.concurrent.Executors$RunnableAdapter.call(Executors.java:572)
		at java.base/java.util.concurrent.FutureTask.runAndReset(FutureTask.java:358)
		at java.base/java.util.concurrent.ScheduledThreadPoolExecutor$ScheduledFutureTask.run(ScheduledThreadPoolExecutor.java:305)
		at java.base/java.util.concurrent.ThreadPoolExecutor.runWorker(ThreadPoolExecutor.java:1144)
		at java.base/java.util.concurrent.ThreadPoolExecutor$Worker.run(ThreadPoolExecutor.java:642)
		at org.apache.tomcat.util.threads.TaskThread$WrappingRunnable.run(TaskThread.java:57)
		at java.base/java.lang.Thread.run(Thread.java:1583)
10-Jul-2026 03:23:13.041 WARNING [Catalina-utility-1] org.apache.tomcat.util.scan.StandardJarScanner.processURLs Failed to scan [file:/usr/local/tomcat/webapps/lpu-reservation-system-0.0.1-SNAPSHOT/WEB-INF/lib/jjwt-impl-0.11.5.jar] from classloader hierarchy
	java.nio.file.NoSuchFileException: /usr/local/tomcat/webapps/lpu-reservation-system-0.0.1-SNAPSHOT/WEB-INF/lib/jjwt-impl-0.11.5.jar
		at java.base/sun.nio.fs.UnixException.translateToIOException(UnixException.java:92)
		at java.base/sun.nio.fs.UnixException.rethrowAsIOException(UnixException.java:106)
		at java.base/sun.nio.fs.UnixException.rethrowAsIOException(UnixException.java:111)
		at java.base/sun.nio.fs.UnixFileAttributeViews$Basic.readAttributes(UnixFileAttributeViews.java:55)
		at java.base/sun.nio.fs.UnixFileSystemProvider.readAttributes(UnixFileSystemProvider.java:171)
		at java.base/sun.nio.fs.LinuxFileSystemProvider.readAttributes(LinuxFileSystemProvider.java:99)
		at java.base/java.nio.file.Files.readAttributes(Files.java:1854)
		at java.base/java.util.zip.ZipFile$Source.get(ZipFile.java:1445)
		at java.base/java.util.zip.ZipFile$CleanableResource.<init>(ZipFile.java:724)
		at java.base/java.util.zip.ZipFile.<init>(ZipFile.java:251)
		at java.base/java.util.zip.ZipFile.<init>(ZipFile.java:180)
		at java.base/java.util.jar.JarFile.<init>(JarFile.java:345)
		at org.apache.tomcat.util.scan.JarFileUrlJar.<init>(JarFileUrlJar.java:64)
		at org.apache.tomcat.util.scan.JarFactory.newInstance(JarFactory.java:50)
		at org.apache.tomcat.util.scan.StandardJarScanner.process(StandardJarScanner.java:391)
		at org.apache.tomcat.util.scan.StandardJarScanner.processURLs(StandardJarScanner.java:332)
		at org.apache.tomcat.util.scan.StandardJarScanner.doScanClassPath(StandardJarScanner.java:278)
		at org.apache.tomcat.util.scan.StandardJarScanner.scan(StandardJarScanner.java:242)
		at org.apache.jasper.servlet.TldScanner.scanJars(TldScanner.java:248)
		at org.apache.jasper.servlet.TldScanner.scan(TldScanner.java:98)
		at org.apache.jasper.servlet.JasperInitializer.onStartup(JasperInitializer.java:79)
		at org.apache.catalina.core.StandardContext.startInternal(StandardContext.java:4420)
		at org.apache.catalina.util.LifecycleBase.start(LifecycleBase.java:164)
		at org.apache.catalina.core.ContainerBase.addChild(ContainerBase.java:564)
		at org.apache.catalina.core.StandardHost.addChild(StandardHost.java:663)
		at org.apache.catalina.startup.HostConfig.deployWAR(HostConfig.java:923)
		at org.apache.catalina.startup.HostConfig$DeployWar.run(HostConfig.java:1839)
		at java.base/java.util.concurrent.Executors$RunnableAdapter.call(Executors.java:572)
		at java.base/java.util.concurrent.FutureTask.run(FutureTask.java:317)
		at org.apache.tomcat.util.threads.InlineExecutorService.execute(InlineExecutorService.java:81)
		at java.base/java.util.concurrent.AbstractExecutorService.submit(AbstractExecutorService.java:123)
		at org.apache.catalina.startup.HostConfig.deployWARs(HostConfig.java:727)
		at org.apache.catalina.startup.HostConfig.deployApps(HostConfig.java:378)
		at org.apache.catalina.startup.HostConfig.check(HostConfig.java:1628)
		at org.apache.catalina.startup.HostConfig.lifecycleEvent(HostConfig.java:260)
		at org.apache.catalina.util.LifecycleBase.fireLifecycleEvent(LifecycleBase.java:109)
		at org.apache.catalina.core.ContainerBase.backgroundProcess(ContainerBase.java:938)
		at org.apache.catalina.core.ContainerBase$ContainerBackgroundProcessor.processChildren(ContainerBase.java:1137)
		at org.apache.catalina.core.ContainerBase$ContainerBackgroundProcessor.processChildren(ContainerBase.java:1141)
		at org.apache.catalina.core.ContainerBase$ContainerBackgroundProcessor.run(ContainerBase.java:1119)
		at java.base/java.util.concurrent.Executors$RunnableAdapter.call(Executors.java:572)
		at java.base/java.util.concurrent.FutureTask.runAndReset(FutureTask.java:358)
		at java.base/java.util.concurrent.ScheduledThreadPoolExecutor$ScheduledFutureTask.run(ScheduledThreadPoolExecutor.java:305)
		at java.base/java.util.concurrent.ThreadPoolExecutor.runWorker(ThreadPoolExecutor.java:1144)
		at java.base/java.util.concurrent.ThreadPoolExecutor$Worker.run(ThreadPoolExecutor.java:642)
		at org.apache.tomcat.util.threads.TaskThread$WrappingRunnable.run(TaskThread.java:57)
		at java.base/java.lang.Thread.run(Thread.java:1583)
10-Jul-2026 03:23:13.042 WARNING [Catalina-utility-1] org.apache.tomcat.util.scan.StandardJarScanner.processURLs Failed to scan [file:/usr/local/tomcat/webapps/lpu-reservation-system-0.0.1-SNAPSHOT/WEB-INF/lib/spring-webmvc-7.0.6.jar] from classloader hierarchy
	java.nio.file.NoSuchFileException: /usr/local/tomcat/webapps/lpu-reservation-system-0.0.1-SNAPSHOT/WEB-INF/lib/spring-webmvc-7.0.6.jar
		at java.base/sun.nio.fs.UnixException.translateToIOException(UnixException.java:92)
		at java.base/sun.nio.fs.UnixException.rethrowAsIOException(UnixException.java:106)
		at java.base/sun.nio.fs.UnixException.rethrowAsIOException(UnixException.java:111)
		at java.base/sun.nio.fs.UnixFileAttributeViews$Basic.readAttributes(UnixFileAttributeViews.java:55)
		at java.base/sun.nio.fs.UnixFileSystemProvider.readAttributes(UnixFileSystemProvider.java:171)
		at java.base/sun.nio.fs.LinuxFileSystemProvider.readAttributes(LinuxFileSystemProvider.java:99)
		at java.base/java.nio.file.Files.readAttributes(Files.java:1854)
		at java.base/java.util.zip.ZipFile$Source.get(ZipFile.java:1445)
		at java.base/java.util.zip.ZipFile$CleanableResource.<init>(ZipFile.java:724)
		at java.base/java.util.zip.ZipFile.<init>(ZipFile.java:251)
		at java.base/java.util.zip.ZipFile.<init>(ZipFile.java:180)
		at java.base/java.util.jar.JarFile.<init>(JarFile.java:345)
		at org.apache.tomcat.util.scan.JarFileUrlJar.<init>(JarFileUrlJar.java:64)
		at org.apache.tomcat.util.scan.JarFactory.newInstance(JarFactory.java:50)
		at org.apache.tomcat.util.scan.StandardJarScanner.process(StandardJarScanner.java:391)
		at org.apache.tomcat.util.scan.StandardJarScanner.processURLs(StandardJarScanner.java:332)
		at org.apache.tomcat.util.scan.StandardJarScanner.doScanClassPath(StandardJarScanner.java:278)
		at org.apache.tomcat.util.scan.StandardJarScanner.scan(StandardJarScanner.java:242)
		at org.apache.jasper.servlet.TldScanner.scanJars(TldScanner.java:248)
		at org.apache.jasper.servlet.TldScanner.scan(TldScanner.java:98)
		at org.apache.jasper.servlet.JasperInitializer.onStartup(JasperInitializer.java:79)
		at org.apache.catalina.core.StandardContext.startInternal(StandardContext.java:4420)
		at org.apache.catalina.util.LifecycleBase.start(LifecycleBase.java:164)
		at org.apache.catalina.core.ContainerBase.addChild(ContainerBase.java:564)
		at org.apache.catalina.core.StandardHost.addChild(StandardHost.java:663)
		at org.apache.catalina.startup.HostConfig.deployWAR(HostConfig.java:923)
		at org.apache.catalina.startup.HostConfig$DeployWar.run(HostConfig.java:1839)
		at java.base/java.util.concurrent.Executors$RunnableAdapter.call(Executors.java:572)
		at java.base/java.util.concurrent.FutureTask.run(FutureTask.java:317)
		at org.apache.tomcat.util.threads.InlineExecutorService.execute(InlineExecutorService.java:81)
		at java.base/java.util.concurrent.AbstractExecutorService.submit(AbstractExecutorService.java:123)
		at org.apache.catalina.startup.HostConfig.deployWARs(HostConfig.java:727)
		at org.apache.catalina.startup.HostConfig.deployApps(HostConfig.java:378)
		at org.apache.catalina.startup.HostConfig.check(HostConfig.java:1628)
		at org.apache.catalina.startup.HostConfig.lifecycleEvent(HostConfig.java:260)
		at org.apache.catalina.util.LifecycleBase.fireLifecycleEvent(LifecycleBase.java:109)
		at org.apache.catalina.core.ContainerBase.backgroundProcess(ContainerBase.java:938)
		at org.apache.catalina.core.ContainerBase$ContainerBackgroundProcessor.processChildren(ContainerBase.java:1137)
		at org.apache.catalina.core.ContainerBase$ContainerBackgroundProcessor.processChildren(ContainerBase.java:1141)
		at org.apache.catalina.core.ContainerBase$ContainerBackgroundProcessor.run(ContainerBase.java:1119)
		at java.base/java.util.concurrent.Executors$RunnableAdapter.call(Executors.java:572)
		at java.base/java.util.concurrent.FutureTask.runAndReset(FutureTask.java:358)
		at java.base/java.util.concurrent.ScheduledThreadPoolExecutor$ScheduledFutureTask.run(ScheduledThreadPoolExecutor.java:305)
		at java.base/java.util.concurrent.ThreadPoolExecutor.runWorker(ThreadPoolExecutor.java:1144)
		at java.base/java.util.concurrent.ThreadPoolExecutor$Worker.run(ThreadPoolExecutor.java:642)
		at org.apache.tomcat.util.threads.TaskThread$WrappingRunnable.run(TaskThread.java:57)
		at java.base/java.lang.Thread.run(Thread.java:1583)
10-Jul-2026 03:23:13.043 WARNING [Catalina-utility-1] org.apache.tomcat.util.scan.StandardJarScanner.processURLs Failed to scan [file:/usr/local/tomcat/webapps/lpu-reservation-system-0.0.1-SNAPSHOT/WEB-INF/lib/spring-aop-7.0.6.jar] from classloader hierarchy
	java.nio.file.NoSuchFileException: /usr/local/tomcat/webapps/lpu-reservation-system-0.0.1-SNAPSHOT/WEB-INF/lib/spring-aop-7.0.6.jar
		at java.base/sun.nio.fs.UnixException.translateToIOException(UnixException.java:92)
		at java.base/sun.nio.fs.UnixException.rethrowAsIOException(UnixException.java:106)
		at java.base/sun.nio.fs.UnixException.rethrowAsIOException(UnixException.java:111)
		at java.base/sun.nio.fs.UnixFileAttributeViews$Basic.readAttributes(UnixFileAttributeViews.java:55)
		at java.base/sun.nio.fs.UnixFileSystemProvider.readAttributes(UnixFileSystemProvider.java:171)
		at java.base/sun.nio.fs.LinuxFileSystemProvider.readAttributes(LinuxFileSystemProvider.java:99)
		at java.base/java.nio.file.Files.readAttributes(Files.java:1854)
		at java.base/java.util.zip.ZipFile$Source.get(ZipFile.java:1445)
		at java.base/java.util.zip.ZipFile$CleanableResource.<init>(ZipFile.java:724)
		at java.base/java.util.zip.ZipFile.<init>(ZipFile.java:251)
		at java.base/java.util.zip.ZipFile.<init>(ZipFile.java:180)
		at java.base/java.util.jar.JarFile.<init>(JarFile.java:345)
		at org.apache.tomcat.util.scan.JarFileUrlJar.<init>(JarFileUrlJar.java:64)
		at org.apache.tomcat.util.scan.JarFactory.newInstance(JarFactory.java:50)
		at org.apache.tomcat.util.scan.StandardJarScanner.process(StandardJarScanner.java:391)
		at org.apache.tomcat.util.scan.StandardJarScanner.processURLs(StandardJarScanner.java:332)
		at org.apache.tomcat.util.scan.StandardJarScanner.doScanClassPath(StandardJarScanner.java:278)
		at org.apache.tomcat.util.scan.StandardJarScanner.scan(StandardJarScanner.java:242)
		at org.apache.jasper.servlet.TldScanner.scanJars(TldScanner.java:248)
		at org.apache.jasper.servlet.TldScanner.scan(TldScanner.java:98)
		at org.apache.jasper.servlet.JasperInitializer.onStartup(JasperInitializer.java:79)
		at org.apache.catalina.core.StandardContext.startInternal(StandardContext.java:4420)
		at org.apache.catalina.util.LifecycleBase.start(LifecycleBase.java:164)
		at org.apache.catalina.core.ContainerBase.addChild(ContainerBase.java:564)
		at org.apache.catalina.core.StandardHost.addChild(StandardHost.java:663)
		at org.apache.catalina.startup.HostConfig.deployWAR(HostConfig.java:923)
		at org.apache.catalina.startup.HostConfig$DeployWar.run(HostConfig.java:1839)
		at java.base/java.util.concurrent.Executors$RunnableAdapter.call(Executors.java:572)
		at java.base/java.util.concurrent.FutureTask.run(FutureTask.java:317)
		at org.apache.tomcat.util.threads.InlineExecutorService.execute(InlineExecutorService.java:81)
		at java.base/java.util.concurrent.AbstractExecutorService.submit(AbstractExecutorService.java:123)
		at org.apache.catalina.startup.HostConfig.deployWARs(HostConfig.java:727)
		at org.apache.catalina.startup.HostConfig.deployApps(HostConfig.java:378)
		at org.apache.catalina.startup.HostConfig.check(HostConfig.java:1628)
		at org.apache.catalina.startup.HostConfig.lifecycleEvent(HostConfig.java:260)
		at org.apache.catalina.util.LifecycleBase.fireLifecycleEvent(LifecycleBase.java:109)
		at org.apache.catalina.core.ContainerBase.backgroundProcess(ContainerBase.java:938)
		at org.apache.catalina.core.ContainerBase$ContainerBackgroundProcessor.processChildren(ContainerBase.java:1137)
		at org.apache.catalina.core.ContainerBase$ContainerBackgroundProcessor.processChildren(ContainerBase.java:1141)
		at org.apache.catalina.core.ContainerBase$ContainerBackgroundProcessor.run(ContainerBase.java:1119)
		at java.base/java.util.concurrent.Executors$RunnableAdapter.call(Executors.java:572)
		at java.base/java.util.concurrent.FutureTask.runAndReset(FutureTask.java:358)
		at java.base/java.util.concurrent.ScheduledThreadPoolExecutor$ScheduledFutureTask.run(ScheduledThreadPoolExecutor.java:305)
		at java.base/java.util.concurrent.ThreadPoolExecutor.runWorker(ThreadPoolExecutor.java:1144)
		at java.base/java.util.concurrent.ThreadPoolExecutor$Worker.run(ThreadPoolExecutor.java:642)
		at org.apache.tomcat.util.threads.TaskThread$WrappingRunnable.run(TaskThread.java:57)
		at java.base/java.lang.Thread.run(Thread.java:1583)
10-Jul-2026 03:23:13.044 WARNING [Catalina-utility-1] org.apache.tomcat.util.scan.StandardJarScanner.processURLs Failed to scan [file:/usr/local/tomcat/webapps/lpu-reservation-system-0.0.1-SNAPSHOT/WEB-INF/lib/spring-web-7.0.6.jar] from classloader hierarchy
	java.nio.file.NoSuchFileException: /usr/local/tomcat/webapps/lpu-reservation-system-0.0.1-SNAPSHOT/WEB-INF/lib/spring-web-7.0.6.jar
		at java.base/sun.nio.fs.UnixException.translateToIOException(UnixException.java:92)
		at java.base/sun.nio.fs.UnixException.rethrowAsIOException(UnixException.java:106)
		at java.base/sun.nio.fs.UnixException.rethrowAsIOException(UnixException.java:111)
		at java.base/sun.nio.fs.UnixFileAttributeViews$Basic.readAttributes(UnixFileAttributeViews.java:55)
		at java.base/sun.nio.fs.UnixFileSystemProvider.readAttributes(UnixFileSystemProvider.java:171)
		at java.base/sun.nio.fs.LinuxFileSystemProvider.readAttributes(LinuxFileSystemProvider.java:99)
		at java.base/java.nio.file.Files.readAttributes(Files.java:1854)
		at java.base/java.util.zip.ZipFile$Source.get(ZipFile.java:1445)
		at java.base/java.util.zip.ZipFile$CleanableResource.<init>(ZipFile.java:724)
		at java.base/java.util.zip.ZipFile.<init>(ZipFile.java:251)
		at java.base/java.util.zip.ZipFile.<init>(ZipFile.java:180)
		at java.base/java.util.jar.JarFile.<init>(JarFile.java:345)
		at org.apache.tomcat.util.scan.JarFileUrlJar.<init>(JarFileUrlJar.java:64)
		at org.apache.tomcat.util.scan.JarFactory.newInstance(JarFactory.java:50)
		at org.apache.tomcat.util.scan.StandardJarScanner.process(StandardJarScanner.java:391)
		at org.apache.tomcat.util.scan.StandardJarScanner.processURLs(StandardJarScanner.java:332)
		at org.apache.tomcat.util.scan.StandardJarScanner.doScanClassPath(StandardJarScanner.java:278)
		at org.apache.tomcat.util.scan.StandardJarScanner.scan(StandardJarScanner.java:242)
		at org.apache.jasper.servlet.TldScanner.scanJars(TldScanner.java:248)
		at org.apache.jasper.servlet.TldScanner.scan(TldScanner.java:98)
		at org.apache.jasper.servlet.JasperInitializer.onStartup(JasperInitializer.java:79)
		at org.apache.catalina.core.StandardContext.startInternal(StandardContext.java:4420)
		at org.apache.catalina.util.LifecycleBase.start(LifecycleBase.java:164)
		at org.apache.catalina.core.ContainerBase.addChild(ContainerBase.java:564)
		at org.apache.catalina.core.StandardHost.addChild(StandardHost.java:663)
		at org.apache.catalina.startup.HostConfig.deployWAR(HostConfig.java:923)
		at org.apache.catalina.startup.HostConfig$DeployWar.run(HostConfig.java:1839)
		at java.base/java.util.concurrent.Executors$RunnableAdapter.call(Executors.java:572)
		at java.base/java.util.concurrent.FutureTask.run(FutureTask.java:317)
		at org.apache.tomcat.util.threads.InlineExecutorService.execute(InlineExecutorService.java:81)
		at java.base/java.util.concurrent.AbstractExecutorService.submit(AbstractExecutorService.java:123)
		at org.apache.catalina.startup.HostConfig.deployWARs(HostConfig.java:727)
		at org.apache.catalina.startup.HostConfig.deployApps(HostConfig.java:378)
		at org.apache.catalina.startup.HostConfig.check(HostConfig.java:1628)
		at org.apache.catalina.startup.HostConfig.lifecycleEvent(HostConfig.java:260)
		at org.apache.catalina.util.LifecycleBase.fireLifecycleEvent(LifecycleBase.java:109)
		at org.apache.catalina.core.ContainerBase.backgroundProcess(ContainerBase.java:938)
		at org.apache.catalina.core.ContainerBase$ContainerBackgroundProcessor.processChildren(ContainerBase.java:1137)
		at org.apache.catalina.core.ContainerBase$ContainerBackgroundProcessor.processChildren(ContainerBase.java:1141)
		at org.apache.catalina.core.ContainerBase$ContainerBackgroundProcessor.run(ContainerBase.java:1119)
		at java.base/java.util.concurrent.Executors$RunnableAdapter.call(Executors.java:572)
		at java.base/java.util.concurrent.FutureTask.runAndReset(FutureTask.java:358)
		at java.base/java.util.concurrent.ScheduledThreadPoolExecutor$ScheduledFutureTask.run(ScheduledThreadPoolExecutor.java:305)
		at java.base/java.util.concurrent.ThreadPoolExecutor.runWorker(ThreadPoolExecutor.java:1144)
		at java.base/java.util.concurrent.ThreadPoolExecutor$Worker.run(ThreadPoolExecutor.java:642)
		at org.apache.tomcat.util.threads.TaskThread$WrappingRunnable.run(TaskThread.java:57)
		at java.base/java.lang.Thread.run(Thread.java:1583)
10-Jul-2026 03:23:13.044 WARNING [Catalina-utility-1] org.apache.tomcat.util.scan.StandardJarScanner.processURLs Failed to scan [file:/usr/local/tomcat/webapps/lpu-reservation-system-0.0.1-SNAPSHOT/WEB-INF/lib/angus-activation-2.0.2.jar] from classloader hierarchy
	java.nio.file.NoSuchFileException: /usr/local/tomcat/webapps/lpu-reservation-system-0.0.1-SNAPSHOT/WEB-INF/lib/angus-activation-2.0.2.jar
		at java.base/sun.nio.fs.UnixException.translateToIOException(UnixException.java:92)
		at java.base/sun.nio.fs.UnixException.rethrowAsIOException(UnixException.java:106)
		at java.base/sun.nio.fs.UnixException.rethrowAsIOException(UnixException.java:111)
		at java.base/sun.nio.fs.UnixFileAttributeViews$Basic.readAttributes(UnixFileAttributeViews.java:55)
		at java.base/sun.nio.fs.UnixFileSystemProvider.readAttributes(UnixFileSystemProvider.java:171)
		at java.base/sun.nio.fs.LinuxFileSystemProvider.readAttributes(LinuxFileSystemProvider.java:99)
		at java.base/java.nio.file.Files.readAttributes(Files.java:1854)
		at java.base/java.util.zip.ZipFile$Source.get(ZipFile.java:1445)
		at java.base/java.util.zip.ZipFile$CleanableResource.<init>(ZipFile.java:724)
		at java.base/java.util.zip.ZipFile.<init>(ZipFile.java:251)
		at java.base/java.util.zip.ZipFile.<init>(ZipFile.java:180)
		at java.base/java.util.jar.JarFile.<init>(JarFile.java:345)
		at org.apache.tomcat.util.scan.JarFileUrlJar.<init>(JarFileUrlJar.java:64)
		at org.apache.tomcat.util.scan.JarFactory.newInstance(JarFactory.java:50)
		at org.apache.tomcat.util.scan.StandardJarScanner.process(StandardJarScanner.java:391)
		at org.apache.tomcat.util.scan.StandardJarScanner.processURLs(StandardJarScanner.java:332)
		at org.apache.tomcat.util.scan.StandardJarScanner.doScanClassPath(StandardJarScanner.java:278)
		at org.apache.tomcat.util.scan.StandardJarScanner.scan(StandardJarScanner.java:242)
		at org.apache.jasper.servlet.TldScanner.scanJars(TldScanner.java:248)
		at org.apache.jasper.servlet.TldScanner.scan(TldScanner.java:98)
		at org.apache.jasper.servlet.JasperInitializer.onStartup(JasperInitializer.java:79)
		at org.apache.catalina.core.StandardContext.startInternal(StandardContext.java:4420)
		at org.apache.catalina.util.LifecycleBase.start(LifecycleBase.java:164)
		at org.apache.catalina.core.ContainerBase.addChild(ContainerBase.java:564)
		at org.apache.catalina.core.StandardHost.addChild(StandardHost.java:663)
		at org.apache.catalina.startup.HostConfig.deployWAR(HostConfig.java:923)
		at org.apache.catalina.startup.HostConfig$DeployWar.run(HostConfig.java:1839)
		at java.base/java.util.concurrent.Executors$RunnableAdapter.call(Executors.java:572)
		at java.base/java.util.concurrent.FutureTask.run(FutureTask.java:317)
		at org.apache.tomcat.util.threads.InlineExecutorService.execute(InlineExecutorService.java:81)
		at java.base/java.util.concurrent.AbstractExecutorService.submit(AbstractExecutorService.java:123)
		at org.apache.catalina.startup.HostConfig.deployWARs(HostConfig.java:727)
		at org.apache.catalina.startup.HostConfig.deployApps(HostConfig.java:378)
		at org.apache.catalina.startup.HostConfig.check(HostConfig.java:1628)
		at org.apache.catalina.startup.HostConfig.lifecycleEvent(HostConfig.java:260)
		at org.apache.catalina.util.LifecycleBase.fireLifecycleEvent(LifecycleBase.java:109)
		at org.apache.catalina.core.ContainerBase.backgroundProcess(ContainerBase.java:938)
		at org.apache.catalina.core.ContainerBase$ContainerBackgroundProcessor.processChildren(ContainerBase.java:1137)
		at org.apache.catalina.core.ContainerBase$ContainerBackgroundProcessor.processChildren(ContainerBase.java:1141)
		at org.apache.catalina.core.ContainerBase$ContainerBackgroundProcessor.run(ContainerBase.java:1119)
		at java.base/java.util.concurrent.Executors$RunnableAdapter.call(Executors.java:572)
		at java.base/java.util.concurrent.FutureTask.runAndReset(FutureTask.java:358)
		at java.base/java.util.concurrent.ScheduledThreadPoolExecutor$ScheduledFutureTask.run(ScheduledThreadPoolExecutor.java:305)
		at java.base/java.util.concurrent.ThreadPoolExecutor.runWorker(ThreadPoolExecutor.java:1144)
		at java.base/java.util.concurrent.ThreadPoolExecutor$Worker.run(ThreadPoolExecutor.java:642)
		at org.apache.tomcat.util.threads.TaskThread$WrappingRunnable.run(TaskThread.java:57)
		at java.base/java.lang.Thread.run(Thread.java:1583)
10-Jul-2026 03:23:13.044 WARNING [Catalina-utility-1] org.apache.tomcat.util.scan.StandardJarScanner.processURLs Failed to scan [file:/usr/local/tomcat/webapps/lpu-reservation-system-0.0.1-SNAPSHOT/WEB-INF/lib/jakarta.servlet-api-6.0.0.jar] from classloader hierarchy
	java.nio.file.NoSuchFileException: /usr/local/tomcat/webapps/lpu-reservation-system-0.0.1-SNAPSHOT/WEB-INF/lib/jakarta.servlet-api-6.0.0.jar
		at java.base/sun.nio.fs.UnixException.translateToIOException(UnixException.java:92)
		at java.base/sun.nio.fs.UnixException.rethrowAsIOException(UnixException.java:106)
		at java.base/sun.nio.fs.UnixException.rethrowAsIOException(UnixException.java:111)
		at java.base/sun.nio.fs.UnixFileAttributeViews$Basic.readAttributes(UnixFileAttributeViews.java:55)
		at java.base/sun.nio.fs.UnixFileSystemProvider.readAttributes(UnixFileSystemProvider.java:171)
		at java.base/sun.nio.fs.LinuxFileSystemProvider.readAttributes(LinuxFileSystemProvider.java:99)
		at java.base/java.nio.file.Files.readAttributes(Files.java:1854)
		at java.base/java.util.zip.ZipFile$Source.get(ZipFile.java:1445)
		at java.base/java.util.zip.ZipFile$CleanableResource.<init>(ZipFile.java:724)
		at java.base/java.util.zip.ZipFile.<init>(ZipFile.java:251)
		at java.base/java.util.zip.ZipFile.<init>(ZipFile.java:180)
		at java.base/java.util.jar.JarFile.<init>(JarFile.java:345)
		at org.apache.tomcat.util.scan.JarFileUrlJar.<init>(JarFileUrlJar.java:64)
		at org.apache.tomcat.util.scan.JarFactory.newInstance(JarFactory.java:50)
		at org.apache.tomcat.util.scan.StandardJarScanner.process(StandardJarScanner.java:391)
		at org.apache.tomcat.util.scan.StandardJarScanner.processURLs(StandardJarScanner.java:332)
		at org.apache.tomcat.util.scan.StandardJarScanner.doScanClassPath(StandardJarScanner.java:278)
		at org.apache.tomcat.util.scan.StandardJarScanner.scan(StandardJarScanner.java:242)
		at org.apache.jasper.servlet.TldScanner.scanJars(TldScanner.java:248)
		at org.apache.jasper.servlet.TldScanner.scan(TldScanner.java:98)
		at org.apache.jasper.servlet.JasperInitializer.onStartup(JasperInitializer.java:79)
		at org.apache.catalina.core.StandardContext.startInternal(StandardContext.java:4420)
		at org.apache.catalina.util.LifecycleBase.start(LifecycleBase.java:164)
		at org.apache.catalina.core.ContainerBase.addChild(ContainerBase.java:564)
		at org.apache.catalina.core.StandardHost.addChild(StandardHost.java:663)
		at org.apache.catalina.startup.HostConfig.deployWAR(HostConfig.java:923)
		at org.apache.catalina.startup.HostConfig$DeployWar.run(HostConfig.java:1839)
		at java.base/java.util.concurrent.Executors$RunnableAdapter.call(Executors.java:572)
		at java.base/java.util.concurrent.FutureTask.run(FutureTask.java:317)
		at org.apache.tomcat.util.threads.InlineExecutorService.execute(InlineExecutorService.java:81)
		at java.base/java.util.concurrent.AbstractExecutorService.submit(AbstractExecutorService.java:123)
		at org.apache.catalina.startup.HostConfig.deployWARs(HostConfig.java:727)
		at org.apache.catalina.startup.HostConfig.deployApps(HostConfig.java:378)
		at org.apache.catalina.startup.HostConfig.check(HostConfig.java:1628)
		at org.apache.catalina.startup.HostConfig.lifecycleEvent(HostConfig.java:260)
		at org.apache.catalina.util.LifecycleBase.fireLifecycleEvent(LifecycleBase.java:109)
		at org.apache.catalina.core.ContainerBase.backgroundProcess(ContainerBase.java:938)
		at org.apache.catalina.core.ContainerBase$ContainerBackgroundProcessor.processChildren(ContainerBase.java:1137)
		at org.apache.catalina.core.ContainerBase$ContainerBackgroundProcessor.processChildren(ContainerBase.java:1141)
		at org.apache.catalina.core.ContainerBase$ContainerBackgroundProcessor.run(ContainerBase.java:1119)
		at java.base/java.util.concurrent.Executors$RunnableAdapter.call(Executors.java:572)
		at java.base/java.util.concurrent.FutureTask.runAndReset(FutureTask.java:358)
		at java.base/java.util.concurrent.ScheduledThreadPoolExecutor$ScheduledFutureTask.run(ScheduledThreadPoolExecutor.java:305)
		at java.base/java.util.concurrent.ThreadPoolExecutor.runWorker(ThreadPoolExecutor.java:1144)
		at java.base/java.util.concurrent.ThreadPoolExecutor$Worker.run(ThreadPoolExecutor.java:642)
		at org.apache.tomcat.util.threads.TaskThread$WrappingRunnable.run(TaskThread.java:57)
		at java.base/java.lang.Thread.run(Thread.java:1583)
10-Jul-2026 03:23:13.294 INFO [Catalina-utility-1] org.apache.catalina.startup.HostConfig.deployWAR Deployment of web application archive [/usr/local/tomcat/webapps/lpu-reservation-system-0.0.1-SNAPSHOT.war] has finished in [4,114] ms
10-Jul-2026 03:23:23.308 INFO [Catalina-utility-2] org.apache.catalina.startup.HostConfig.undeploy Undeploying context [/lpu-reservation-system-0.0.1-SNAPSHOT]
10-Jul-2026 03:23:33.368 INFO [Catalina-utility-1] org.apache.catalina.startup.HostConfig.deployWAR Deploying web application archive [/usr/local/tomcat/webapps/lpu-reservation-system-0.0.1-SNAPSHOT.war]
10-Jul-2026 03:23:38.377 INFO [Catalina-utility-1] org.apache.jasper.servlet.TldScanner.scanJars At least one JAR was scanned for TLDs yet contained no TLDs. Enable debug logging for this logger for a complete list of JARs that were scanned but no TLDs were found in them. Skipping unneeded JARs during scanning can improve startup time and JSP compilation time.
10-Jul-2026 03:23:38.601 INFO [Catalina-utility-1] org.apache.catalina.startup.HostConfig.deployWAR Deployment of web application archive [/usr/local/tomcat/webapps/lpu-reservation-system-0.0.1-SNAPSHOT.war] has finished in [5,234] ms
10-Jul-2026 03:23:48.603 INFO [Catalina-utility-2] org.apache.catalina.startup.HostConfig.undeploy Undeploying context [/lpu-reservation-system-0.0.1-SNAPSHOT]
10-Jul-2026 03:23:48.642 INFO [Catalina-utility-2] org.apache.catalina.startup.HostConfig.deployWAR Deploying web application archive [/usr/local/tomcat/webapps/lpu-reservation-system.war]
10-Jul-2026 03:23:53.961 INFO [Catalina-utility-2] org.apache.jasper.servlet.TldScanner.scanJars At least one JAR was scanned for TLDs yet contained no TLDs. Enable debug logging for this logger for a complete list of JARs that were scanned but no TLDs were found in them. Skipping unneeded JARs during scanning can improve startup time and JSP compilation time.
10-Jul-2026 03:23:55.187 INFO [Catalina-utility-2] org.apache.catalina.startup.HostConfig.deployWAR Deployment of web application archive [/usr/local/tomcat/webapps/lpu-reservation-system.war] has finished in [6,541] ms
10-Jul-2026 03:25:23.136 INFO [Thread-1] org.apache.coyote.AbstractProtocol.pause Pausing ProtocolHandler ["http-nio-8080"]
10-Jul-2026 03:25:23.148 INFO [Thread-1] org.apache.catalina.core.StandardService.stopInternal Stopping service [Catalina]
10-Jul-2026 03:25:23.223 WARNING [Thread-1] org.apache.catalina.loader.WebappClassLoaderBase.clearReferencesJdbc The web application [lpu-reservation-system] registered the JDBC driver [org.postgresql.Driver] but failed to unregister it when the web application was stopped. To prevent a memory leak, the JDBC Driver has been forcibly unregistered.
10-Jul-2026 03:25:23.224 WARNING [Thread-1] org.apache.catalina.loader.WebappClassLoaderBase.clearReferencesThreads The web application [lpu-reservation-system] appears to have started a thread named [Resource Destroyer in BasicResourcePool.close()] but has failed to stop it. This is very likely to create a memory leak. Stack trace of thread:
 java.base/sun.nio.ch.Net.shutdown(Native Method)
 java.base/sun.nio.ch.NioSocketImpl.close(NioSocketImpl.java:894)
 java.base/java.net.SocksSocketImpl.close(SocksSocketImpl.java:556)
 java.base/java.net.Socket.close(Socket.java:1729)
 java.base/java.net.Socket$SocketOutputStream.close(Socket.java:1207)
 java.base/java.io.FilterOutputStream.close(FilterOutputStream.java:190)
 org.postgresql.core.PGStream.close(PGStream.java:737)
 org.postgresql.core.QueryExecutorCloseAction.close(QueryExecutorCloseAction.java:74)
 org.postgresql.jdbc.PgConnectionCleaningAction.onClean(PgConnectionCleaningAction.java:90)
 org.postgresql.util.LazyCleanerImpl$CleanableWrapper.clean(LazyCleanerImpl.java:148)
 org.postgresql.jdbc.PgConnection.close(PgConnection.java:884)
 com.mchange.v2.c3p0.impl.NewPooledConnection.close(NewPooledConnection.java:642)
 com.mchange.v2.c3p0.impl.NewPooledConnection.closeMaybeCheckedOut(NewPooledConnection.java:255)
 com.mchange.v2.c3p0.impl.C3P0PooledConnectionPool$1PooledConnectionResourcePoolManager.destroyResource(C3P0PooledConnectionPool.java:622)
 com.mchange.v2.resourcepool.BasicResourcePool$1DestroyResourceTask.run(BasicResourcePool.java:1114)
 com.mchange.v2.resourcepool.BasicResourcePool.destroyResource(BasicResourcePool.java:1139)
 com.mchange.v2.resourcepool.BasicResourcePool.destroyResource(BasicResourcePool.java:1100)
 com.mchange.v2.resourcepool.BasicResourcePool.access$100(BasicResourcePool.java:44)
 com.mchange.v2.resourcepool.BasicResourcePool$5.run(BasicResourcePool.java:1354)
10-Jul-2026 03:25:23.260 INFO [Thread-1] org.apache.coyote.AbstractProtocol.stop Stopping ProtocolHandler ["http-nio-8080"]
10-Jul-2026 03:25:23.280 INFO [Thread-1] org.apache.coyote.AbstractProtocol.destroy Destroying ProtocolHandler ["http-nio-8080"]
10-Jul-2026 03:25:31.618 INFO [main] org.apache.catalina.startup.VersionLoggerListener.log Server version name:   Apache Tomcat/11.0.22
10-Jul-2026 03:25:31.620 INFO [main] org.apache.catalina.startup.VersionLoggerListener.log Server built:          May 1 2026 18:29:05 UTC
10-Jul-2026 03:25:31.620 INFO [main] org.apache.catalina.startup.VersionLoggerListener.log Server version number: 11.0.22.0
10-Jul-2026 03:25:31.620 INFO [main] org.apache.catalina.startup.VersionLoggerListener.log OS Name:               Linux
10-Jul-2026 03:25:31.620 INFO [main] org.apache.catalina.startup.VersionLoggerListener.log OS Version:            6.12.76-linuxkit
10-Jul-2026 03:25:31.620 INFO [main] org.apache.catalina.startup.VersionLoggerListener.log Architecture:          aarch64
10-Jul-2026 03:25:31.620 INFO [main] org.apache.catalina.startup.VersionLoggerListener.log Java Home:             /opt/java/openjdk
10-Jul-2026 03:25:31.620 INFO [main] org.apache.catalina.startup.VersionLoggerListener.log JVM Version:           21.0.11+10-LTS
10-Jul-2026 03:25:31.620 INFO [main] org.apache.catalina.startup.VersionLoggerListener.log JVM Vendor:            Eclipse Adoptium
10-Jul-2026 03:25:31.620 INFO [main] org.apache.catalina.startup.VersionLoggerListener.log CATALINA_BASE:         /usr/local/tomcat
10-Jul-2026 03:25:31.620 INFO [main] org.apache.catalina.startup.VersionLoggerListener.log CATALINA_HOME:         /usr/local/tomcat
10-Jul-2026 03:25:31.631 INFO [main] org.apache.catalina.startup.VersionLoggerListener.log Command line argument: -Djava.util.logging.config.file=/usr/local/tomcat/conf/logging.properties
10-Jul-2026 03:25:31.632 INFO [main] org.apache.catalina.startup.VersionLoggerListener.log Command line argument: -Djava.util.logging.manager=org.apache.juli.ClassLoaderLogManager
10-Jul-2026 03:25:31.632 INFO [main] org.apache.catalina.startup.VersionLoggerListener.log Command line argument: -Djdk.tls.ephemeralDHKeySize=2048
10-Jul-2026 03:25:31.632 INFO [main] org.apache.catalina.startup.VersionLoggerListener.log Command line argument: -Dorg.apache.catalina.security.SecurityListener.UMASK=0027
10-Jul-2026 03:25:31.633 INFO [main] org.apache.catalina.startup.VersionLoggerListener.log Command line argument: --add-opens=java.base/java.lang=ALL-UNNAMED
10-Jul-2026 03:25:31.633 INFO [main] org.apache.catalina.startup.VersionLoggerListener.log Command line argument: --add-opens=java.base/java.lang.reflect=ALL-UNNAMED
10-Jul-2026 03:25:31.633 INFO [main] org.apache.catalina.startup.VersionLoggerListener.log Command line argument: --add-opens=java.base/java.io=ALL-UNNAMED
10-Jul-2026 03:25:31.633 INFO [main] org.apache.catalina.startup.VersionLoggerListener.log Command line argument: --add-opens=java.base/java.util=ALL-UNNAMED
10-Jul-2026 03:25:31.633 INFO [main] org.apache.catalina.startup.VersionLoggerListener.log Command line argument: --add-opens=java.base/java.util.concurrent=ALL-UNNAMED
10-Jul-2026 03:25:31.633 INFO [main] org.apache.catalina.startup.VersionLoggerListener.log Command line argument: --add-opens=java.rmi/sun.rmi.transport=ALL-UNNAMED
10-Jul-2026 03:25:31.634 INFO [main] org.apache.catalina.startup.VersionLoggerListener.log Command line argument: --enable-native-access=ALL-UNNAMED
10-Jul-2026 03:25:31.634 INFO [main] org.apache.catalina.startup.VersionLoggerListener.log Command line argument: -Dcatalina.base=/usr/local/tomcat
10-Jul-2026 03:25:31.634 INFO [main] org.apache.catalina.startup.VersionLoggerListener.log Command line argument: -Dcatalina.home=/usr/local/tomcat
10-Jul-2026 03:25:31.634 INFO [main] org.apache.catalina.startup.VersionLoggerListener.log Command line argument: -Djava.io.tmpdir=/usr/local/tomcat/temp
10-Jul-2026 03:25:31.642 INFO [main] org.apache.catalina.core.AprLifecycleListener.lifecycleEvent Loaded Apache Tomcat Native library [2.0.14] using APR version [1.7.2].
10-Jul-2026 03:25:31.652 INFO [main] org.apache.catalina.core.AprLifecycleListener.initializeSSL OpenSSL successfully initialized [OpenSSL 3.0.13 30 Jan 2024]
10-Jul-2026 03:25:31.982 INFO [main] org.apache.coyote.AbstractProtocol.init Initializing ProtocolHandler ["http-nio-8080"]
10-Jul-2026 03:25:32.003 INFO [main] org.apache.catalina.startup.Catalina.load Server initialization in [576] milliseconds
10-Jul-2026 03:25:32.059 INFO [main] org.apache.catalina.core.StandardService.startInternal Starting service [Catalina]
10-Jul-2026 03:25:32.060 INFO [main] org.apache.catalina.core.StandardEngine.startInternal Starting Servlet engine: [Apache Tomcat/11.0.22]
10-Jul-2026 03:25:32.099 INFO [main] org.apache.catalina.startup.HostConfig.deployWAR Deploying web application archive [/usr/local/tomcat/webapps/lpu-reservation-system.war]
10-Jul-2026 03:25:32.112 INFO [main] org.apache.catalina.startup.ExpandWar.expand An expanded directory [/usr/local/tomcat/webapps/lpu-reservation-system] was found with a last modified time that did not match the associated WAR. It will be deleted.
10-Jul-2026 03:25:42.152 INFO [main] org.apache.jasper.servlet.TldScanner.scanJars At least one JAR was scanned for TLDs yet contained no TLDs. Enable debug logging for this logger for a complete list of JARs that were scanned but no TLDs were found in them. Skipping unneeded JARs during scanning can improve startup time and JSP compilation time.
10-Jul-2026 03:25:42.987 INFO [main] org.apache.catalina.startup.HostConfig.deployWAR Deployment of web application archive [/usr/local/tomcat/webapps/lpu-reservation-system.war] has finished in [10,887] ms
10-Jul-2026 03:25:42.989 INFO [main] org.apache.catalina.startup.HostConfig.deployDirectory Deploying web application directory [/usr/local/tomcat/webapps/uploads]
10-Jul-2026 03:25:43.018 INFO [main] org.apache.catalina.startup.HostConfig.deployDirectory Deployment of web application directory [/usr/local/tomcat/webapps/uploads] has finished in [29] ms
10-Jul-2026 03:25:43.025 INFO [main] org.apache.coyote.AbstractProtocol.start Starting ProtocolHandler ["http-nio-8080"]
10-Jul-2026 03:25:43.079 INFO [main] org.apache.catalina.startup.Catalina.start Server startup in [11075] milliseconds
10-Jul-2026 04:02:50.462 INFO [Thread-1] org.apache.coyote.AbstractProtocol.pause Pausing ProtocolHandler ["http-nio-8080"]
10-Jul-2026 04:02:50.476 INFO [Thread-1] org.apache.catalina.core.StandardService.stopInternal Stopping service [Catalina]
10-Jul-2026 04:02:50.598 WARNING [Thread-1] org.apache.catalina.loader.WebappClassLoaderBase.clearReferencesJdbc The web application [lpu-reservation-system] registered the JDBC driver [org.postgresql.Driver] but failed to unregister it when the web application was stopped. To prevent a memory leak, the JDBC Driver has been forcibly unregistered.
10-Jul-2026 04:02:50.648 INFO [Thread-1] org.apache.coyote.AbstractProtocol.stop Stopping ProtocolHandler ["http-nio-8080"]
10-Jul-2026 04:02:50.675 INFO [Thread-1] org.apache.coyote.AbstractProtocol.destroy Destroying ProtocolHandler ["http-nio-8080"]
10-Jul-2026 04:03:01.191 INFO [main] org.apache.catalina.startup.VersionLoggerListener.log Server version name:   Apache Tomcat/11.0.22
10-Jul-2026 04:03:01.200 INFO [main] org.apache.catalina.startup.VersionLoggerListener.log Server built:          May 1 2026 18:29:05 UTC
10-Jul-2026 04:03:01.200 INFO [main] org.apache.catalina.startup.VersionLoggerListener.log Server version number: 11.0.22.0
10-Jul-2026 04:03:01.201 INFO [main] org.apache.catalina.startup.VersionLoggerListener.log OS Name:               Linux
10-Jul-2026 04:03:01.201 INFO [main] org.apache.catalina.startup.VersionLoggerListener.log OS Version:            6.12.76-linuxkit
10-Jul-2026 04:03:01.201 INFO [main] org.apache.catalina.startup.VersionLoggerListener.log Architecture:          aarch64
10-Jul-2026 04:03:01.201 INFO [main] org.apache.catalina.startup.VersionLoggerListener.log Java Home:             /opt/java/openjdk
10-Jul-2026 04:03:01.204 INFO [main] org.apache.catalina.startup.VersionLoggerListener.log JVM Version:           21.0.11+10-LTS
10-Jul-2026 04:03:01.204 INFO [main] org.apache.catalina.startup.VersionLoggerListener.log JVM Vendor:            Eclipse Adoptium
10-Jul-2026 04:03:01.204 INFO [main] org.apache.catalina.startup.VersionLoggerListener.log CATALINA_BASE:         /usr/local/tomcat
10-Jul-2026 04:03:01.204 INFO [main] org.apache.catalina.startup.VersionLoggerListener.log CATALINA_HOME:         /usr/local/tomcat
10-Jul-2026 04:03:01.224 INFO [main] org.apache.catalina.startup.VersionLoggerListener.log Command line argument: -Djava.util.logging.config.file=/usr/local/tomcat/conf/logging.properties
10-Jul-2026 04:03:01.224 INFO [main] org.apache.catalina.startup.VersionLoggerListener.log Command line argument: -Djava.util.logging.manager=org.apache.juli.ClassLoaderLogManager
10-Jul-2026 04:03:01.224 INFO [main] org.apache.catalina.startup.VersionLoggerListener.log Command line argument: -Djdk.tls.ephemeralDHKeySize=2048
10-Jul-2026 04:03:01.224 INFO [main] org.apache.catalina.startup.VersionLoggerListener.log Command line argument: -Dorg.apache.catalina.security.SecurityListener.UMASK=0027
10-Jul-2026 04:03:01.225 INFO [main] org.apache.catalina.startup.VersionLoggerListener.log Command line argument: --add-opens=java.base/java.lang=ALL-UNNAMED
10-Jul-2026 04:03:01.225 INFO [main] org.apache.catalina.startup.VersionLoggerListener.log Command line argument: --add-opens=java.base/java.lang.reflect=ALL-UNNAMED
10-Jul-2026 04:03:01.225 INFO [main] org.apache.catalina.startup.VersionLoggerListener.log Command line argument: --add-opens=java.base/java.io=ALL-UNNAMED
10-Jul-2026 04:03:01.225 INFO [main] org.apache.catalina.startup.VersionLoggerListener.log Command line argument: --add-opens=java.base/java.util=ALL-UNNAMED
10-Jul-2026 04:03:01.225 INFO [main] org.apache.catalina.startup.VersionLoggerListener.log Command line argument: --add-opens=java.base/java.util.concurrent=ALL-UNNAMED
10-Jul-2026 04:03:01.225 INFO [main] org.apache.catalina.startup.VersionLoggerListener.log Command line argument: --add-opens=java.rmi/sun.rmi.transport=ALL-UNNAMED
10-Jul-2026 04:03:01.225 INFO [main] org.apache.catalina.startup.VersionLoggerListener.log Command line argument: --enable-native-access=ALL-UNNAMED
10-Jul-2026 04:03:01.225 INFO [main] org.apache.catalina.startup.VersionLoggerListener.log Command line argument: -Dcatalina.base=/usr/local/tomcat
10-Jul-2026 04:03:01.226 INFO [main] org.apache.catalina.startup.VersionLoggerListener.log Command line argument: -Dcatalina.home=/usr/local/tomcat
10-Jul-2026 04:03:01.226 INFO [main] org.apache.catalina.startup.VersionLoggerListener.log Command line argument: -Djava.io.tmpdir=/usr/local/tomcat/temp
10-Jul-2026 04:03:01.235 INFO [main] org.apache.catalina.core.AprLifecycleListener.lifecycleEvent Loaded Apache Tomcat Native library [2.0.14] using APR version [1.7.2].
10-Jul-2026 04:03:01.246 INFO [main] org.apache.catalina.core.AprLifecycleListener.initializeSSL OpenSSL successfully initialized [OpenSSL 3.0.13 30 Jan 2024]
10-Jul-2026 04:03:01.908 INFO [main] org.apache.coyote.AbstractProtocol.init Initializing ProtocolHandler ["http-nio-8080"]
10-Jul-2026 04:03:01.970 INFO [main] org.apache.catalina.startup.Catalina.load Server initialization in [1250] milliseconds
10-Jul-2026 04:03:02.063 INFO [main] org.apache.catalina.core.StandardService.startInternal Starting service [Catalina]
10-Jul-2026 04:03:02.063 INFO [main] org.apache.catalina.core.StandardEngine.startInternal Starting Servlet engine: [Apache Tomcat/11.0.22]
10-Jul-2026 04:03:02.097 INFO [main] org.apache.catalina.startup.HostConfig.deployWAR Deploying web application archive [/usr/local/tomcat/webapps/lpu-reservation-system.war]
10-Jul-2026 04:03:02.118 INFO [main] org.apache.catalina.startup.ExpandWar.expand An expanded directory [/usr/local/tomcat/webapps/lpu-reservation-system] was found with a last modified time that did not match the associated WAR. It will be deleted.
10-Jul-2026 04:03:19.411 INFO [main] org.apache.jasper.servlet.TldScanner.scanJars At least one JAR was scanned for TLDs yet contained no TLDs. Enable debug logging for this logger for a complete list of JARs that were scanned but no TLDs were found in them. Skipping unneeded JARs during scanning can improve startup time and JSP compilation time.
10-Jul-2026 04:03:20.991 INFO [main] org.apache.catalina.startup.HostConfig.deployWAR Deployment of web application archive [/usr/local/tomcat/webapps/lpu-reservation-system.war] has finished in [18,887] ms
10-Jul-2026 04:03:21.021 INFO [main] org.apache.catalina.startup.HostConfig.deployDirectory Deploying web application directory [/usr/local/tomcat/webapps/uploads]
10-Jul-2026 04:03:21.656 INFO [main] org.apache.catalina.startup.HostConfig.deployDirectory Deployment of web application directory [/usr/local/tomcat/webapps/uploads] has finished in [636] ms
10-Jul-2026 04:03:21.678 INFO [main] org.apache.coyote.AbstractProtocol.start Starting ProtocolHandler ["http-nio-8080"]
10-Jul-2026 04:03:21.752 INFO [main] org.apache.catalina.startup.Catalina.start Server startup in [19776] milliseconds
