29-Jun-2026 04:24:49.169 INFO [Catalina-utility-1] org.apache.catalina.core.ApplicationContext.log No Spring WebApplicationInitializer types detected on classpath
29-Jun-2026 04:24:53.706 INFO [http-nio-8080-exec-2] org.apache.catalina.core.ApplicationContext.log Initializing Spring DispatcherServlet 'dispatcher1'
29-Jun-2026 04:24:54.265 SEVERE [http-nio-8080-exec-2] org.apache.catalina.core.ApplicationContext.log Servlet.init() for servlet [dispatcher1] threw exception
	java.lang.IllegalStateException: Cannot load configuration class: org.lpu.dev.codes.security.SecurityConfig
		at org.springframework.context.annotation.ConfigurationClassPostProcessor.enhanceConfigurationClasses(ConfigurationClassPostProcessor.java:540)
		at org.springframework.context.annotation.ConfigurationClassPostProcessor.postProcessBeanFactory(ConfigurationClassPostProcessor.java:337)
		at org.springframework.context.support.PostProcessorRegistrationDelegate.invokeBeanFactoryPostProcessors(PostProcessorRegistrationDelegate.java:363)
		at org.springframework.context.support.PostProcessorRegistrationDelegate.invokeBeanFactoryPostProcessors(PostProcessorRegistrationDelegate.java:153)
		at org.springframework.context.support.AbstractApplicationContext.invokeBeanFactoryPostProcessors(AbstractApplicationContext.java:795)
		at org.springframework.context.support.AbstractApplicationContext.refresh(AbstractApplicationContext.java:603)
		at org.springframework.web.servlet.FrameworkServlet.configureAndRefreshWebApplicationContext(FrameworkServlet.java:696)
		at org.springframework.web.servlet.FrameworkServlet.createWebApplicationContext(FrameworkServlet.java:662)
		at org.springframework.web.servlet.FrameworkServlet.createWebApplicationContext(FrameworkServlet.java:710)
		at org.springframework.web.servlet.FrameworkServlet.initWebApplicationContext(FrameworkServlet.java:586)
		at org.springframework.web.servlet.FrameworkServlet.initServletBean(FrameworkServlet.java:528)
		at org.springframework.web.servlet.HttpServletBean.init(HttpServletBean.java:171)
		at jakarta.servlet.GenericServlet.init(GenericServlet.java:145)
		at jakarta.servlet.http.HttpServlet.init(HttpServlet.java:124)
		at org.apache.catalina.core.StandardWrapper.initServlet(StandardWrapper.java:832)
		at org.apache.catalina.core.StandardWrapper.loadServlet(StandardWrapper.java:802)
		at org.apache.catalina.core.StandardWrapper.allocate(StandardWrapper.java:584)
		at org.apache.catalina.core.StandardWrapperValve.invoke(StandardWrapperValve.java:113)
		at org.apache.catalina.core.StandardContextValve.invoke(StandardContextValve.java:77)
		at org.apache.catalina.authenticator.AuthenticatorBase.invoke(AuthenticatorBase.java:534)
		at org.apache.catalina.core.StandardHostValve.invoke(StandardHostValve.java:115)
		at org.apache.catalina.valves.ErrorReportValve.invoke(ErrorReportValve.java:86)
		at org.apache.catalina.valves.AbstractAccessLogValve.invoke(AbstractAccessLogValve.java:782)
		at org.apache.catalina.core.StandardEngineValve.invoke(StandardEngineValve.java:72)
		at org.apache.catalina.connector.CoyoteAdapter.service(CoyoteAdapter.java:347)
		at org.apache.coyote.http11.Http11Processor.service(Http11Processor.java:406)
		at org.apache.coyote.AbstractProcessorLight.process(AbstractProcessorLight.java:71)
		at org.apache.coyote.AbstractProtocol$ConnectionHandler.process(AbstractProtocol.java:1307)
		at org.apache.tomcat.util.net.NioEndpoint$SocketProcessor.doRun(NioEndpoint.java:2036)
		at org.apache.tomcat.util.net.SocketProcessorBase.run(SocketProcessorBase.java:74)
		at org.apache.tomcat.util.threads.ThreadPoolExecutor.runWorker(ThreadPoolExecutor.java:949)
		at org.apache.tomcat.util.threads.ThreadPoolExecutor$Worker.run(ThreadPoolExecutor.java:483)
		at org.apache.tomcat.util.threads.TaskThread$WrappingRunnable.run(TaskThread.java:74)
		at java.base/java.lang.Thread.run(Thread.java:840)
	Caused by: java.lang.UnsupportedClassVersionError: org/lpu/dev/codes/security/SecurityConfig has been compiled by a more recent version of the Java Runtime (class file version 65.0), this version of the Java Runtime only recognizes class file versions up to 61.0 (unable to load class [org.lpu.dev.codes.security.SecurityConfig])
		at org.apache.catalina.loader.WebappClassLoaderBase.findClassInternal(WebappClassLoaderBase.java:2282)
		at org.apache.catalina.loader.WebappClassLoaderBase.findClass(WebappClassLoaderBase.java:759)
		at org.apache.catalina.loader.WebappClassLoaderBase.loadClass(WebappClassLoaderBase.java:1272)
		at org.apache.catalina.loader.WebappClassLoaderBase.loadClass(WebappClassLoaderBase.java:1142)
		at java.base/java.lang.Class.forName0(Native Method)
		at java.base/java.lang.Class.forName(Class.java:469)
		at org.springframework.util.ClassUtils.forName(ClassUtils.java:302)
		at org.springframework.beans.factory.support.AbstractBeanDefinition.resolveBeanClass(AbstractBeanDefinition.java:489)
		at org.springframework.context.annotation.ConfigurationClassPostProcessor.enhanceConfigurationClasses(ConfigurationClassPostProcessor.java:536)
		... 33 more
29-Jun-2026 04:24:54.265 SEVERE [http-nio-8080-exec-2] org.apache.catalina.core.StandardWrapperValve.invoke Allocate exception for servlet [dispatcher1]
	java.lang.UnsupportedClassVersionError: org/lpu/dev/codes/security/SecurityConfig has been compiled by a more recent version of the Java Runtime (class file version 65.0), this version of the Java Runtime only recognizes class file versions up to 61.0 (unable to load class [org.lpu.dev.codes.security.SecurityConfig])
		at org.apache.catalina.loader.WebappClassLoaderBase.findClassInternal(WebappClassLoaderBase.java:2282)
		at org.apache.catalina.loader.WebappClassLoaderBase.findClass(WebappClassLoaderBase.java:759)
		at org.apache.catalina.loader.WebappClassLoaderBase.loadClass(WebappClassLoaderBase.java:1272)
		at org.apache.catalina.loader.WebappClassLoaderBase.loadClass(WebappClassLoaderBase.java:1142)
		at java.base/java.lang.Class.forName0(Native Method)
		at java.base/java.lang.Class.forName(Class.java:469)
		at org.springframework.util.ClassUtils.forName(ClassUtils.java:302)
		at org.springframework.beans.factory.support.AbstractBeanDefinition.resolveBeanClass(AbstractBeanDefinition.java:489)
		at org.springframework.context.annotation.ConfigurationClassPostProcessor.enhanceConfigurationClasses(ConfigurationClassPostProcessor.java:536)
		at org.springframework.context.annotation.ConfigurationClassPostProcessor.postProcessBeanFactory(ConfigurationClassPostProcessor.java:337)
		at org.springframework.context.support.PostProcessorRegistrationDelegate.invokeBeanFactoryPostProcessors(PostProcessorRegistrationDelegate.java:363)
		at org.springframework.context.support.PostProcessorRegistrationDelegate.invokeBeanFactoryPostProcessors(PostProcessorRegistrationDelegate.java:153)
		at org.springframework.context.support.AbstractApplicationContext.invokeBeanFactoryPostProcessors(AbstractApplicationContext.java:795)
		at org.springframework.context.support.AbstractApplicationContext.refresh(AbstractApplicationContext.java:603)
		at org.springframework.web.servlet.FrameworkServlet.configureAndRefreshWebApplicationContext(FrameworkServlet.java:696)
		at org.springframework.web.servlet.FrameworkServlet.createWebApplicationContext(FrameworkServlet.java:662)
		at org.springframework.web.servlet.FrameworkServlet.createWebApplicationContext(FrameworkServlet.java:710)
		at org.springframework.web.servlet.FrameworkServlet.initWebApplicationContext(FrameworkServlet.java:586)
		at org.springframework.web.servlet.FrameworkServlet.initServletBean(FrameworkServlet.java:528)
		at org.springframework.web.servlet.HttpServletBean.init(HttpServletBean.java:171)
		at jakarta.servlet.GenericServlet.init(GenericServlet.java:145)
		at jakarta.servlet.http.HttpServlet.init(HttpServlet.java:124)
		at org.apache.catalina.core.StandardWrapper.initServlet(StandardWrapper.java:832)
		at org.apache.catalina.core.StandardWrapper.loadServlet(StandardWrapper.java:802)
		at org.apache.catalina.core.StandardWrapper.allocate(StandardWrapper.java:584)
		at org.apache.catalina.core.StandardWrapperValve.invoke(StandardWrapperValve.java:113)
		at org.apache.catalina.core.StandardContextValve.invoke(StandardContextValve.java:77)
		at org.apache.catalina.authenticator.AuthenticatorBase.invoke(AuthenticatorBase.java:534)
		at org.apache.catalina.core.StandardHostValve.invoke(StandardHostValve.java:115)
		at org.apache.catalina.valves.ErrorReportValve.invoke(ErrorReportValve.java:86)
		at org.apache.catalina.valves.AbstractAccessLogValve.invoke(AbstractAccessLogValve.java:782)
		at org.apache.catalina.core.StandardEngineValve.invoke(StandardEngineValve.java:72)
		at org.apache.catalina.connector.CoyoteAdapter.service(CoyoteAdapter.java:347)
		at org.apache.coyote.http11.Http11Processor.service(Http11Processor.java:406)
		at org.apache.coyote.AbstractProcessorLight.process(AbstractProcessorLight.java:71)
		at org.apache.coyote.AbstractProtocol$ConnectionHandler.process(AbstractProtocol.java:1307)
		at org.apache.tomcat.util.net.NioEndpoint$SocketProcessor.doRun(NioEndpoint.java:2036)
		at org.apache.tomcat.util.net.SocketProcessorBase.run(SocketProcessorBase.java:74)
		at org.apache.tomcat.util.threads.ThreadPoolExecutor.runWorker(ThreadPoolExecutor.java:949)
		at org.apache.tomcat.util.threads.ThreadPoolExecutor$Worker.run(ThreadPoolExecutor.java:483)
		at org.apache.tomcat.util.threads.TaskThread$WrappingRunnable.run(TaskThread.java:74)
		at java.base/java.lang.Thread.run(Thread.java:840)
29-Jun-2026 04:24:55.145 INFO [http-nio-8080-exec-3] org.apache.catalina.core.ApplicationContext.log Initializing Spring DispatcherServlet 'dispatcher1'
29-Jun-2026 04:24:55.276 SEVERE [http-nio-8080-exec-3] org.apache.catalina.core.ApplicationContext.log Servlet.init() for servlet [dispatcher1] threw exception
	java.lang.IllegalStateException: Cannot load configuration class: org.lpu.dev.codes.security.SecurityConfig
		at org.springframework.context.annotation.ConfigurationClassPostProcessor.enhanceConfigurationClasses(ConfigurationClassPostProcessor.java:540)
		at org.springframework.context.annotation.ConfigurationClassPostProcessor.postProcessBeanFactory(ConfigurationClassPostProcessor.java:337)
		at org.springframework.context.support.PostProcessorRegistrationDelegate.invokeBeanFactoryPostProcessors(PostProcessorRegistrationDelegate.java:363)
		at org.springframework.context.support.PostProcessorRegistrationDelegate.invokeBeanFactoryPostProcessors(PostProcessorRegistrationDelegate.java:153)
		at org.springframework.context.support.AbstractApplicationContext.invokeBeanFactoryPostProcessors(AbstractApplicationContext.java:795)
		at org.springframework.context.support.AbstractApplicationContext.refresh(AbstractApplicationContext.java:603)
		at org.springframework.web.servlet.FrameworkServlet.configureAndRefreshWebApplicationContext(FrameworkServlet.java:696)
		at org.springframework.web.servlet.FrameworkServlet.createWebApplicationContext(FrameworkServlet.java:662)
		at org.springframework.web.servlet.FrameworkServlet.createWebApplicationContext(FrameworkServlet.java:710)
		at org.springframework.web.servlet.FrameworkServlet.initWebApplicationContext(FrameworkServlet.java:586)
		at org.springframework.web.servlet.FrameworkServlet.initServletBean(FrameworkServlet.java:528)
		at org.springframework.web.servlet.HttpServletBean.init(HttpServletBean.java:171)
		at jakarta.servlet.GenericServlet.init(GenericServlet.java:145)
		at jakarta.servlet.http.HttpServlet.init(HttpServlet.java:124)
		at org.apache.catalina.core.StandardWrapper.initServlet(StandardWrapper.java:832)
		at org.apache.catalina.core.StandardWrapper.loadServlet(StandardWrapper.java:802)
		at org.apache.catalina.core.StandardWrapper.allocate(StandardWrapper.java:584)
		at org.apache.catalina.core.StandardWrapperValve.invoke(StandardWrapperValve.java:113)
		at org.apache.catalina.core.StandardContextValve.invoke(StandardContextValve.java:77)
		at org.apache.catalina.authenticator.AuthenticatorBase.invoke(AuthenticatorBase.java:534)
		at org.apache.catalina.core.StandardHostValve.invoke(StandardHostValve.java:115)
		at org.apache.catalina.valves.ErrorReportValve.invoke(ErrorReportValve.java:86)
		at org.apache.catalina.valves.AbstractAccessLogValve.invoke(AbstractAccessLogValve.java:782)
		at org.apache.catalina.core.StandardEngineValve.invoke(StandardEngineValve.java:72)
		at org.apache.catalina.connector.CoyoteAdapter.service(CoyoteAdapter.java:347)
		at org.apache.coyote.http11.Http11Processor.service(Http11Processor.java:406)
		at org.apache.coyote.AbstractProcessorLight.process(AbstractProcessorLight.java:71)
		at org.apache.coyote.AbstractProtocol$ConnectionHandler.process(AbstractProtocol.java:1307)
		at org.apache.tomcat.util.net.NioEndpoint$SocketProcessor.doRun(NioEndpoint.java:2036)
		at org.apache.tomcat.util.net.SocketProcessorBase.run(SocketProcessorBase.java:74)
		at org.apache.tomcat.util.threads.ThreadPoolExecutor.runWorker(ThreadPoolExecutor.java:949)
		at org.apache.tomcat.util.threads.ThreadPoolExecutor$Worker.run(ThreadPoolExecutor.java:483)
		at org.apache.tomcat.util.threads.TaskThread$WrappingRunnable.run(TaskThread.java:74)
		at java.base/java.lang.Thread.run(Thread.java:840)
	Caused by: java.lang.UnsupportedClassVersionError: org/lpu/dev/codes/security/SecurityConfig has been compiled by a more recent version of the Java Runtime (class file version 65.0), this version of the Java Runtime only recognizes class file versions up to 61.0 (unable to load class [org.lpu.dev.codes.security.SecurityConfig])
		at org.apache.catalina.loader.WebappClassLoaderBase.findClassInternal(WebappClassLoaderBase.java:2282)
		at org.apache.catalina.loader.WebappClassLoaderBase.findClass(WebappClassLoaderBase.java:759)
		at org.apache.catalina.loader.WebappClassLoaderBase.loadClass(WebappClassLoaderBase.java:1272)
		at org.apache.catalina.loader.WebappClassLoaderBase.loadClass(WebappClassLoaderBase.java:1142)
		at java.base/java.lang.Class.forName0(Native Method)
		at java.base/java.lang.Class.forName(Class.java:469)
		at org.springframework.util.ClassUtils.forName(ClassUtils.java:302)
		at org.springframework.beans.factory.support.AbstractBeanDefinition.resolveBeanClass(AbstractBeanDefinition.java:489)
		at org.springframework.context.annotation.ConfigurationClassPostProcessor.enhanceConfigurationClasses(ConfigurationClassPostProcessor.java:536)
		... 33 more
29-Jun-2026 04:24:55.276 SEVERE [http-nio-8080-exec-3] org.apache.catalina.core.StandardWrapperValve.invoke Allocate exception for servlet [dispatcher1]
	java.lang.UnsupportedClassVersionError: org/lpu/dev/codes/security/SecurityConfig has been compiled by a more recent version of the Java Runtime (class file version 65.0), this version of the Java Runtime only recognizes class file versions up to 61.0 (unable to load class [org.lpu.dev.codes.security.SecurityConfig])
		at org.apache.catalina.loader.WebappClassLoaderBase.findClassInternal(WebappClassLoaderBase.java:2282)
		at org.apache.catalina.loader.WebappClassLoaderBase.findClass(WebappClassLoaderBase.java:759)
		at org.apache.catalina.loader.WebappClassLoaderBase.loadClass(WebappClassLoaderBase.java:1272)
		at org.apache.catalina.loader.WebappClassLoaderBase.loadClass(WebappClassLoaderBase.java:1142)
		at java.base/java.lang.Class.forName0(Native Method)
		at java.base/java.lang.Class.forName(Class.java:469)
		at org.springframework.util.ClassUtils.forName(ClassUtils.java:302)
		at org.springframework.beans.factory.support.AbstractBeanDefinition.resolveBeanClass(AbstractBeanDefinition.java:489)
		at org.springframework.context.annotation.ConfigurationClassPostProcessor.enhanceConfigurationClasses(ConfigurationClassPostProcessor.java:536)
		at org.springframework.context.annotation.ConfigurationClassPostProcessor.postProcessBeanFactory(ConfigurationClassPostProcessor.java:337)
		at org.springframework.context.support.PostProcessorRegistrationDelegate.invokeBeanFactoryPostProcessors(PostProcessorRegistrationDelegate.java:363)
		at org.springframework.context.support.PostProcessorRegistrationDelegate.invokeBeanFactoryPostProcessors(PostProcessorRegistrationDelegate.java:153)
		at org.springframework.context.support.AbstractApplicationContext.invokeBeanFactoryPostProcessors(AbstractApplicationContext.java:795)
		at org.springframework.context.support.AbstractApplicationContext.refresh(AbstractApplicationContext.java:603)
		at org.springframework.web.servlet.FrameworkServlet.configureAndRefreshWebApplicationContext(FrameworkServlet.java:696)
		at org.springframework.web.servlet.FrameworkServlet.createWebApplicationContext(FrameworkServlet.java:662)
		at org.springframework.web.servlet.FrameworkServlet.createWebApplicationContext(FrameworkServlet.java:710)
		at org.springframework.web.servlet.FrameworkServlet.initWebApplicationContext(FrameworkServlet.java:586)
		at org.springframework.web.servlet.FrameworkServlet.initServletBean(FrameworkServlet.java:528)
		at org.springframework.web.servlet.HttpServletBean.init(HttpServletBean.java:171)
		at jakarta.servlet.GenericServlet.init(GenericServlet.java:145)
		at jakarta.servlet.http.HttpServlet.init(HttpServlet.java:124)
		at org.apache.catalina.core.StandardWrapper.initServlet(StandardWrapper.java:832)
		at org.apache.catalina.core.StandardWrapper.loadServlet(StandardWrapper.java:802)
		at org.apache.catalina.core.StandardWrapper.allocate(StandardWrapper.java:584)
		at org.apache.catalina.core.StandardWrapperValve.invoke(StandardWrapperValve.java:113)
		at org.apache.catalina.core.StandardContextValve.invoke(StandardContextValve.java:77)
		at org.apache.catalina.authenticator.AuthenticatorBase.invoke(AuthenticatorBase.java:534)
		at org.apache.catalina.core.StandardHostValve.invoke(StandardHostValve.java:115)
		at org.apache.catalina.valves.ErrorReportValve.invoke(ErrorReportValve.java:86)
		at org.apache.catalina.valves.AbstractAccessLogValve.invoke(AbstractAccessLogValve.java:782)
		at org.apache.catalina.core.StandardEngineValve.invoke(StandardEngineValve.java:72)
		at org.apache.catalina.connector.CoyoteAdapter.service(CoyoteAdapter.java:347)
		at org.apache.coyote.http11.Http11Processor.service(Http11Processor.java:406)
		at org.apache.coyote.AbstractProcessorLight.process(AbstractProcessorLight.java:71)
		at org.apache.coyote.AbstractProtocol$ConnectionHandler.process(AbstractProtocol.java:1307)
		at org.apache.tomcat.util.net.NioEndpoint$SocketProcessor.doRun(NioEndpoint.java:2036)
		at org.apache.tomcat.util.net.SocketProcessorBase.run(SocketProcessorBase.java:74)
		at org.apache.tomcat.util.threads.ThreadPoolExecutor.runWorker(ThreadPoolExecutor.java:949)
		at org.apache.tomcat.util.threads.ThreadPoolExecutor$Worker.run(ThreadPoolExecutor.java:483)
		at org.apache.tomcat.util.threads.TaskThread$WrappingRunnable.run(TaskThread.java:74)
		at java.base/java.lang.Thread.run(Thread.java:840)
29-Jun-2026 04:24:55.858 INFO [http-nio-8080-exec-4] org.apache.catalina.core.ApplicationContext.log Initializing Spring DispatcherServlet 'dispatcher1'
29-Jun-2026 04:24:55.971 SEVERE [http-nio-8080-exec-4] org.apache.catalina.core.ApplicationContext.log Servlet.init() for servlet [dispatcher1] threw exception
	java.lang.IllegalStateException: Cannot load configuration class: org.lpu.dev.codes.security.SecurityConfig
		at org.springframework.context.annotation.ConfigurationClassPostProcessor.enhanceConfigurationClasses(ConfigurationClassPostProcessor.java:540)
		at org.springframework.context.annotation.ConfigurationClassPostProcessor.postProcessBeanFactory(ConfigurationClassPostProcessor.java:337)
		at org.springframework.context.support.PostProcessorRegistrationDelegate.invokeBeanFactoryPostProcessors(PostProcessorRegistrationDelegate.java:363)
		at org.springframework.context.support.PostProcessorRegistrationDelegate.invokeBeanFactoryPostProcessors(PostProcessorRegistrationDelegate.java:153)
		at org.springframework.context.support.AbstractApplicationContext.invokeBeanFactoryPostProcessors(AbstractApplicationContext.java:795)
		at org.springframework.context.support.AbstractApplicationContext.refresh(AbstractApplicationContext.java:603)
		at org.springframework.web.servlet.FrameworkServlet.configureAndRefreshWebApplicationContext(FrameworkServlet.java:696)
		at org.springframework.web.servlet.FrameworkServlet.createWebApplicationContext(FrameworkServlet.java:662)
		at org.springframework.web.servlet.FrameworkServlet.createWebApplicationContext(FrameworkServlet.java:710)
		at org.springframework.web.servlet.FrameworkServlet.initWebApplicationContext(FrameworkServlet.java:586)
		at org.springframework.web.servlet.FrameworkServlet.initServletBean(FrameworkServlet.java:528)
		at org.springframework.web.servlet.HttpServletBean.init(HttpServletBean.java:171)
		at jakarta.servlet.GenericServlet.init(GenericServlet.java:145)
		at jakarta.servlet.http.HttpServlet.init(HttpServlet.java:124)
		at org.apache.catalina.core.StandardWrapper.initServlet(StandardWrapper.java:832)
		at org.apache.catalina.core.StandardWrapper.loadServlet(StandardWrapper.java:802)
		at org.apache.catalina.core.StandardWrapper.allocate(StandardWrapper.java:584)
		at org.apache.catalina.core.StandardWrapperValve.invoke(StandardWrapperValve.java:113)
		at org.apache.catalina.core.StandardContextValve.invoke(StandardContextValve.java:77)
		at org.apache.catalina.authenticator.AuthenticatorBase.invoke(AuthenticatorBase.java:534)
		at org.apache.catalina.core.StandardHostValve.invoke(StandardHostValve.java:115)
		at org.apache.catalina.valves.ErrorReportValve.invoke(ErrorReportValve.java:86)
		at org.apache.catalina.valves.AbstractAccessLogValve.invoke(AbstractAccessLogValve.java:782)
		at org.apache.catalina.core.StandardEngineValve.invoke(StandardEngineValve.java:72)
		at org.apache.catalina.connector.CoyoteAdapter.service(CoyoteAdapter.java:347)
		at org.apache.coyote.http11.Http11Processor.service(Http11Processor.java:406)
		at org.apache.coyote.AbstractProcessorLight.process(AbstractProcessorLight.java:71)
		at org.apache.coyote.AbstractProtocol$ConnectionHandler.process(AbstractProtocol.java:1307)
		at org.apache.tomcat.util.net.NioEndpoint$SocketProcessor.doRun(NioEndpoint.java:2036)
		at org.apache.tomcat.util.net.SocketProcessorBase.run(SocketProcessorBase.java:74)
		at org.apache.tomcat.util.threads.ThreadPoolExecutor.runWorker(ThreadPoolExecutor.java:949)
		at org.apache.tomcat.util.threads.ThreadPoolExecutor$Worker.run(ThreadPoolExecutor.java:483)
		at org.apache.tomcat.util.threads.TaskThread$WrappingRunnable.run(TaskThread.java:74)
		at java.base/java.lang.Thread.run(Thread.java:840)
	Caused by: java.lang.UnsupportedClassVersionError: org/lpu/dev/codes/security/SecurityConfig has been compiled by a more recent version of the Java Runtime (class file version 65.0), this version of the Java Runtime only recognizes class file versions up to 61.0 (unable to load class [org.lpu.dev.codes.security.SecurityConfig])
		at org.apache.catalina.loader.WebappClassLoaderBase.findClassInternal(WebappClassLoaderBase.java:2282)
		at org.apache.catalina.loader.WebappClassLoaderBase.findClass(WebappClassLoaderBase.java:759)
		at org.apache.catalina.loader.WebappClassLoaderBase.loadClass(WebappClassLoaderBase.java:1272)
		at org.apache.catalina.loader.WebappClassLoaderBase.loadClass(WebappClassLoaderBase.java:1142)
		at java.base/java.lang.Class.forName0(Native Method)
		at java.base/java.lang.Class.forName(Class.java:469)
		at org.springframework.util.ClassUtils.forName(ClassUtils.java:302)
		at org.springframework.beans.factory.support.AbstractBeanDefinition.resolveBeanClass(AbstractBeanDefinition.java:489)
		at org.springframework.context.annotation.ConfigurationClassPostProcessor.enhanceConfigurationClasses(ConfigurationClassPostProcessor.java:536)
		... 33 more
29-Jun-2026 04:24:55.972 SEVERE [http-nio-8080-exec-4] org.apache.catalina.core.StandardWrapperValve.invoke Allocate exception for servlet [dispatcher1]
	java.lang.UnsupportedClassVersionError: org/lpu/dev/codes/security/SecurityConfig has been compiled by a more recent version of the Java Runtime (class file version 65.0), this version of the Java Runtime only recognizes class file versions up to 61.0 (unable to load class [org.lpu.dev.codes.security.SecurityConfig])
		at org.apache.catalina.loader.WebappClassLoaderBase.findClassInternal(WebappClassLoaderBase.java:2282)
		at org.apache.catalina.loader.WebappClassLoaderBase.findClass(WebappClassLoaderBase.java:759)
		at org.apache.catalina.loader.WebappClassLoaderBase.loadClass(WebappClassLoaderBase.java:1272)
		at org.apache.catalina.loader.WebappClassLoaderBase.loadClass(WebappClassLoaderBase.java:1142)
		at java.base/java.lang.Class.forName0(Native Method)
		at java.base/java.lang.Class.forName(Class.java:469)
		at org.springframework.util.ClassUtils.forName(ClassUtils.java:302)
		at org.springframework.beans.factory.support.AbstractBeanDefinition.resolveBeanClass(AbstractBeanDefinition.java:489)
		at org.springframework.context.annotation.ConfigurationClassPostProcessor.enhanceConfigurationClasses(ConfigurationClassPostProcessor.java:536)
		at org.springframework.context.annotation.ConfigurationClassPostProcessor.postProcessBeanFactory(ConfigurationClassPostProcessor.java:337)
		at org.springframework.context.support.PostProcessorRegistrationDelegate.invokeBeanFactoryPostProcessors(PostProcessorRegistrationDelegate.java:363)
		at org.springframework.context.support.PostProcessorRegistrationDelegate.invokeBeanFactoryPostProcessors(PostProcessorRegistrationDelegate.java:153)
		at org.springframework.context.support.AbstractApplicationContext.invokeBeanFactoryPostProcessors(AbstractApplicationContext.java:795)
		at org.springframework.context.support.AbstractApplicationContext.refresh(AbstractApplicationContext.java:603)
		at org.springframework.web.servlet.FrameworkServlet.configureAndRefreshWebApplicationContext(FrameworkServlet.java:696)
		at org.springframework.web.servlet.FrameworkServlet.createWebApplicationContext(FrameworkServlet.java:662)
		at org.springframework.web.servlet.FrameworkServlet.createWebApplicationContext(FrameworkServlet.java:710)
		at org.springframework.web.servlet.FrameworkServlet.initWebApplicationContext(FrameworkServlet.java:586)
		at org.springframework.web.servlet.FrameworkServlet.initServletBean(FrameworkServlet.java:528)
		at org.springframework.web.servlet.HttpServletBean.init(HttpServletBean.java:171)
		at jakarta.servlet.GenericServlet.init(GenericServlet.java:145)
		at jakarta.servlet.http.HttpServlet.init(HttpServlet.java:124)
		at org.apache.catalina.core.StandardWrapper.initServlet(StandardWrapper.java:832)
		at org.apache.catalina.core.StandardWrapper.loadServlet(StandardWrapper.java:802)
		at org.apache.catalina.core.StandardWrapper.allocate(StandardWrapper.java:584)
		at org.apache.catalina.core.StandardWrapperValve.invoke(StandardWrapperValve.java:113)
		at org.apache.catalina.core.StandardContextValve.invoke(StandardContextValve.java:77)
		at org.apache.catalina.authenticator.AuthenticatorBase.invoke(AuthenticatorBase.java:534)
		at org.apache.catalina.core.StandardHostValve.invoke(StandardHostValve.java:115)
		at org.apache.catalina.valves.ErrorReportValve.invoke(ErrorReportValve.java:86)
		at org.apache.catalina.valves.AbstractAccessLogValve.invoke(AbstractAccessLogValve.java:782)
		at org.apache.catalina.core.StandardEngineValve.invoke(StandardEngineValve.java:72)
		at org.apache.catalina.connector.CoyoteAdapter.service(CoyoteAdapter.java:347)
		at org.apache.coyote.http11.Http11Processor.service(Http11Processor.java:406)
		at org.apache.coyote.AbstractProcessorLight.process(AbstractProcessorLight.java:71)
		at org.apache.coyote.AbstractProtocol$ConnectionHandler.process(AbstractProtocol.java:1307)
		at org.apache.tomcat.util.net.NioEndpoint$SocketProcessor.doRun(NioEndpoint.java:2036)
		at org.apache.tomcat.util.net.SocketProcessorBase.run(SocketProcessorBase.java:74)
		at org.apache.tomcat.util.threads.ThreadPoolExecutor.runWorker(ThreadPoolExecutor.java:949)
		at org.apache.tomcat.util.threads.ThreadPoolExecutor$Worker.run(ThreadPoolExecutor.java:483)
		at org.apache.tomcat.util.threads.TaskThread$WrappingRunnable.run(TaskThread.java:74)
		at java.base/java.lang.Thread.run(Thread.java:840)
29-Jun-2026 04:25:01.462 INFO [http-nio-8080-exec-5] org.apache.catalina.core.ApplicationContext.log Initializing Spring DispatcherServlet 'dispatcher1'
29-Jun-2026 04:25:01.593 SEVERE [http-nio-8080-exec-5] org.apache.catalina.core.ApplicationContext.log Servlet.init() for servlet [dispatcher1] threw exception
	java.lang.IllegalStateException: Cannot load configuration class: org.lpu.dev.codes.security.SecurityConfig
		at org.springframework.context.annotation.ConfigurationClassPostProcessor.enhanceConfigurationClasses(ConfigurationClassPostProcessor.java:540)
		at org.springframework.context.annotation.ConfigurationClassPostProcessor.postProcessBeanFactory(ConfigurationClassPostProcessor.java:337)
		at org.springframework.context.support.PostProcessorRegistrationDelegate.invokeBeanFactoryPostProcessors(PostProcessorRegistrationDelegate.java:363)
		at org.springframework.context.support.PostProcessorRegistrationDelegate.invokeBeanFactoryPostProcessors(PostProcessorRegistrationDelegate.java:153)
		at org.springframework.context.support.AbstractApplicationContext.invokeBeanFactoryPostProcessors(AbstractApplicationContext.java:795)
		at org.springframework.context.support.AbstractApplicationContext.refresh(AbstractApplicationContext.java:603)
		at org.springframework.web.servlet.FrameworkServlet.configureAndRefreshWebApplicationContext(FrameworkServlet.java:696)
		at org.springframework.web.servlet.FrameworkServlet.createWebApplicationContext(FrameworkServlet.java:662)
		at org.springframework.web.servlet.FrameworkServlet.createWebApplicationContext(FrameworkServlet.java:710)
		at org.springframework.web.servlet.FrameworkServlet.initWebApplicationContext(FrameworkServlet.java:586)
		at org.springframework.web.servlet.FrameworkServlet.initServletBean(FrameworkServlet.java:528)
		at org.springframework.web.servlet.HttpServletBean.init(HttpServletBean.java:171)
		at jakarta.servlet.GenericServlet.init(GenericServlet.java:145)
		at jakarta.servlet.http.HttpServlet.init(HttpServlet.java:124)
		at org.apache.catalina.core.StandardWrapper.initServlet(StandardWrapper.java:832)
		at org.apache.catalina.core.StandardWrapper.loadServlet(StandardWrapper.java:802)
		at org.apache.catalina.core.StandardWrapper.allocate(StandardWrapper.java:584)
		at org.apache.catalina.core.StandardWrapperValve.invoke(StandardWrapperValve.java:113)
		at org.apache.catalina.core.StandardContextValve.invoke(StandardContextValve.java:77)
		at org.apache.catalina.authenticator.AuthenticatorBase.invoke(AuthenticatorBase.java:534)
		at org.apache.catalina.core.StandardHostValve.invoke(StandardHostValve.java:115)
		at org.apache.catalina.valves.ErrorReportValve.invoke(ErrorReportValve.java:86)
		at org.apache.catalina.valves.AbstractAccessLogValve.invoke(AbstractAccessLogValve.java:782)
		at org.apache.catalina.core.StandardEngineValve.invoke(StandardEngineValve.java:72)
		at org.apache.catalina.connector.CoyoteAdapter.service(CoyoteAdapter.java:347)
		at org.apache.coyote.http11.Http11Processor.service(Http11Processor.java:406)
		at org.apache.coyote.AbstractProcessorLight.process(AbstractProcessorLight.java:71)
		at org.apache.coyote.AbstractProtocol$ConnectionHandler.process(AbstractProtocol.java:1307)
		at org.apache.tomcat.util.net.NioEndpoint$SocketProcessor.doRun(NioEndpoint.java:2036)
		at org.apache.tomcat.util.net.SocketProcessorBase.run(SocketProcessorBase.java:74)
		at org.apache.tomcat.util.threads.ThreadPoolExecutor.runWorker(ThreadPoolExecutor.java:949)
		at org.apache.tomcat.util.threads.ThreadPoolExecutor$Worker.run(ThreadPoolExecutor.java:483)
		at org.apache.tomcat.util.threads.TaskThread$WrappingRunnable.run(TaskThread.java:74)
		at java.base/java.lang.Thread.run(Thread.java:840)
	Caused by: java.lang.UnsupportedClassVersionError: org/lpu/dev/codes/security/SecurityConfig has been compiled by a more recent version of the Java Runtime (class file version 65.0), this version of the Java Runtime only recognizes class file versions up to 61.0 (unable to load class [org.lpu.dev.codes.security.SecurityConfig])
		at org.apache.catalina.loader.WebappClassLoaderBase.findClassInternal(WebappClassLoaderBase.java:2282)
		at org.apache.catalina.loader.WebappClassLoaderBase.findClass(WebappClassLoaderBase.java:759)
		at org.apache.catalina.loader.WebappClassLoaderBase.loadClass(WebappClassLoaderBase.java:1272)
		at org.apache.catalina.loader.WebappClassLoaderBase.loadClass(WebappClassLoaderBase.java:1142)
		at java.base/java.lang.Class.forName0(Native Method)
		at java.base/java.lang.Class.forName(Class.java:469)
		at org.springframework.util.ClassUtils.forName(ClassUtils.java:302)
		at org.springframework.beans.factory.support.AbstractBeanDefinition.resolveBeanClass(AbstractBeanDefinition.java:489)
		at org.springframework.context.annotation.ConfigurationClassPostProcessor.enhanceConfigurationClasses(ConfigurationClassPostProcessor.java:536)
		... 33 more
29-Jun-2026 04:25:01.593 SEVERE [http-nio-8080-exec-5] org.apache.catalina.core.StandardWrapperValve.invoke Allocate exception for servlet [dispatcher1]
	java.lang.UnsupportedClassVersionError: org/lpu/dev/codes/security/SecurityConfig has been compiled by a more recent version of the Java Runtime (class file version 65.0), this version of the Java Runtime only recognizes class file versions up to 61.0 (unable to load class [org.lpu.dev.codes.security.SecurityConfig])
		at org.apache.catalina.loader.WebappClassLoaderBase.findClassInternal(WebappClassLoaderBase.java:2282)
		at org.apache.catalina.loader.WebappClassLoaderBase.findClass(WebappClassLoaderBase.java:759)
		at org.apache.catalina.loader.WebappClassLoaderBase.loadClass(WebappClassLoaderBase.java:1272)
		at org.apache.catalina.loader.WebappClassLoaderBase.loadClass(WebappClassLoaderBase.java:1142)
		at java.base/java.lang.Class.forName0(Native Method)
		at java.base/java.lang.Class.forName(Class.java:469)
		at org.springframework.util.ClassUtils.forName(ClassUtils.java:302)
		at org.springframework.beans.factory.support.AbstractBeanDefinition.resolveBeanClass(AbstractBeanDefinition.java:489)
		at org.springframework.context.annotation.ConfigurationClassPostProcessor.enhanceConfigurationClasses(ConfigurationClassPostProcessor.java:536)
		at org.springframework.context.annotation.ConfigurationClassPostProcessor.postProcessBeanFactory(ConfigurationClassPostProcessor.java:337)
		at org.springframework.context.support.PostProcessorRegistrationDelegate.invokeBeanFactoryPostProcessors(PostProcessorRegistrationDelegate.java:363)
		at org.springframework.context.support.PostProcessorRegistrationDelegate.invokeBeanFactoryPostProcessors(PostProcessorRegistrationDelegate.java:153)
		at org.springframework.context.support.AbstractApplicationContext.invokeBeanFactoryPostProcessors(AbstractApplicationContext.java:795)
		at org.springframework.context.support.AbstractApplicationContext.refresh(AbstractApplicationContext.java:603)
		at org.springframework.web.servlet.FrameworkServlet.configureAndRefreshWebApplicationContext(FrameworkServlet.java:696)
		at org.springframework.web.servlet.FrameworkServlet.createWebApplicationContext(FrameworkServlet.java:662)
		at org.springframework.web.servlet.FrameworkServlet.createWebApplicationContext(FrameworkServlet.java:710)
		at org.springframework.web.servlet.FrameworkServlet.initWebApplicationContext(FrameworkServlet.java:586)
		at org.springframework.web.servlet.FrameworkServlet.initServletBean(FrameworkServlet.java:528)
		at org.springframework.web.servlet.HttpServletBean.init(HttpServletBean.java:171)
		at jakarta.servlet.GenericServlet.init(GenericServlet.java:145)
		at jakarta.servlet.http.HttpServlet.init(HttpServlet.java:124)
		at org.apache.catalina.core.StandardWrapper.initServlet(StandardWrapper.java:832)
		at org.apache.catalina.core.StandardWrapper.loadServlet(StandardWrapper.java:802)
		at org.apache.catalina.core.StandardWrapper.allocate(StandardWrapper.java:584)
		at org.apache.catalina.core.StandardWrapperValve.invoke(StandardWrapperValve.java:113)
		at org.apache.catalina.core.StandardContextValve.invoke(StandardContextValve.java:77)
		at org.apache.catalina.authenticator.AuthenticatorBase.invoke(AuthenticatorBase.java:534)
		at org.apache.catalina.core.StandardHostValve.invoke(StandardHostValve.java:115)
		at org.apache.catalina.valves.ErrorReportValve.invoke(ErrorReportValve.java:86)
		at org.apache.catalina.valves.AbstractAccessLogValve.invoke(AbstractAccessLogValve.java:782)
		at org.apache.catalina.core.StandardEngineValve.invoke(StandardEngineValve.java:72)
		at org.apache.catalina.connector.CoyoteAdapter.service(CoyoteAdapter.java:347)
		at org.apache.coyote.http11.Http11Processor.service(Http11Processor.java:406)
		at org.apache.coyote.AbstractProcessorLight.process(AbstractProcessorLight.java:71)
		at org.apache.coyote.AbstractProtocol$ConnectionHandler.process(AbstractProtocol.java:1307)
		at org.apache.tomcat.util.net.NioEndpoint$SocketProcessor.doRun(NioEndpoint.java:2036)
		at org.apache.tomcat.util.net.SocketProcessorBase.run(SocketProcessorBase.java:74)
		at org.apache.tomcat.util.threads.ThreadPoolExecutor.runWorker(ThreadPoolExecutor.java:949)
		at org.apache.tomcat.util.threads.ThreadPoolExecutor$Worker.run(ThreadPoolExecutor.java:483)
		at org.apache.tomcat.util.threads.TaskThread$WrappingRunnable.run(TaskThread.java:74)
		at java.base/java.lang.Thread.run(Thread.java:840)
29-Jun-2026 04:25:16.461 INFO [http-nio-8080-exec-6] org.apache.catalina.core.ApplicationContext.log Initializing Spring DispatcherServlet 'dispatcher1'
29-Jun-2026 04:25:16.607 SEVERE [http-nio-8080-exec-6] org.apache.catalina.core.ApplicationContext.log Servlet.init() for servlet [dispatcher1] threw exception
	java.lang.IllegalStateException: Cannot load configuration class: org.lpu.dev.codes.security.SecurityConfig
		at org.springframework.context.annotation.ConfigurationClassPostProcessor.enhanceConfigurationClasses(ConfigurationClassPostProcessor.java:540)
		at org.springframework.context.annotation.ConfigurationClassPostProcessor.postProcessBeanFactory(ConfigurationClassPostProcessor.java:337)
		at org.springframework.context.support.PostProcessorRegistrationDelegate.invokeBeanFactoryPostProcessors(PostProcessorRegistrationDelegate.java:363)
		at org.springframework.context.support.PostProcessorRegistrationDelegate.invokeBeanFactoryPostProcessors(PostProcessorRegistrationDelegate.java:153)
		at org.springframework.context.support.AbstractApplicationContext.invokeBeanFactoryPostProcessors(AbstractApplicationContext.java:795)
		at org.springframework.context.support.AbstractApplicationContext.refresh(AbstractApplicationContext.java:603)
		at org.springframework.web.servlet.FrameworkServlet.configureAndRefreshWebApplicationContext(FrameworkServlet.java:696)
		at org.springframework.web.servlet.FrameworkServlet.createWebApplicationContext(FrameworkServlet.java:662)
		at org.springframework.web.servlet.FrameworkServlet.createWebApplicationContext(FrameworkServlet.java:710)
		at org.springframework.web.servlet.FrameworkServlet.initWebApplicationContext(FrameworkServlet.java:586)
		at org.springframework.web.servlet.FrameworkServlet.initServletBean(FrameworkServlet.java:528)
		at org.springframework.web.servlet.HttpServletBean.init(HttpServletBean.java:171)
		at jakarta.servlet.GenericServlet.init(GenericServlet.java:145)
		at jakarta.servlet.http.HttpServlet.init(HttpServlet.java:124)
		at org.apache.catalina.core.StandardWrapper.initServlet(StandardWrapper.java:832)
		at org.apache.catalina.core.StandardWrapper.loadServlet(StandardWrapper.java:802)
		at org.apache.catalina.core.StandardWrapper.allocate(StandardWrapper.java:584)
		at org.apache.catalina.core.StandardWrapperValve.invoke(StandardWrapperValve.java:113)
		at org.apache.catalina.core.StandardContextValve.invoke(StandardContextValve.java:77)
		at org.apache.catalina.authenticator.AuthenticatorBase.invoke(AuthenticatorBase.java:534)
		at org.apache.catalina.core.StandardHostValve.invoke(StandardHostValve.java:115)
		at org.apache.catalina.valves.ErrorReportValve.invoke(ErrorReportValve.java:86)
		at org.apache.catalina.valves.AbstractAccessLogValve.invoke(AbstractAccessLogValve.java:782)
		at org.apache.catalina.core.StandardEngineValve.invoke(StandardEngineValve.java:72)
		at org.apache.catalina.connector.CoyoteAdapter.service(CoyoteAdapter.java:347)
		at org.apache.coyote.http11.Http11Processor.service(Http11Processor.java:406)
		at org.apache.coyote.AbstractProcessorLight.process(AbstractProcessorLight.java:71)
		at org.apache.coyote.AbstractProtocol$ConnectionHandler.process(AbstractProtocol.java:1307)
		at org.apache.tomcat.util.net.NioEndpoint$SocketProcessor.doRun(NioEndpoint.java:2036)
		at org.apache.tomcat.util.net.SocketProcessorBase.run(SocketProcessorBase.java:74)
		at org.apache.tomcat.util.threads.ThreadPoolExecutor.runWorker(ThreadPoolExecutor.java:949)
		at org.apache.tomcat.util.threads.ThreadPoolExecutor$Worker.run(ThreadPoolExecutor.java:483)
		at org.apache.tomcat.util.threads.TaskThread$WrappingRunnable.run(TaskThread.java:74)
		at java.base/java.lang.Thread.run(Thread.java:840)
	Caused by: java.lang.UnsupportedClassVersionError: org/lpu/dev/codes/security/SecurityConfig has been compiled by a more recent version of the Java Runtime (class file version 65.0), this version of the Java Runtime only recognizes class file versions up to 61.0 (unable to load class [org.lpu.dev.codes.security.SecurityConfig])
		at org.apache.catalina.loader.WebappClassLoaderBase.findClassInternal(WebappClassLoaderBase.java:2282)
		at org.apache.catalina.loader.WebappClassLoaderBase.findClass(WebappClassLoaderBase.java:759)
		at org.apache.catalina.loader.WebappClassLoaderBase.loadClass(WebappClassLoaderBase.java:1272)
		at org.apache.catalina.loader.WebappClassLoaderBase.loadClass(WebappClassLoaderBase.java:1142)
		at java.base/java.lang.Class.forName0(Native Method)
		at java.base/java.lang.Class.forName(Class.java:469)
		at org.springframework.util.ClassUtils.forName(ClassUtils.java:302)
		at org.springframework.beans.factory.support.AbstractBeanDefinition.resolveBeanClass(AbstractBeanDefinition.java:489)
		at org.springframework.context.annotation.ConfigurationClassPostProcessor.enhanceConfigurationClasses(ConfigurationClassPostProcessor.java:536)
		... 33 more
29-Jun-2026 04:25:16.608 SEVERE [http-nio-8080-exec-6] org.apache.catalina.core.StandardWrapperValve.invoke Allocate exception for servlet [dispatcher1]
	java.lang.UnsupportedClassVersionError: org/lpu/dev/codes/security/SecurityConfig has been compiled by a more recent version of the Java Runtime (class file version 65.0), this version of the Java Runtime only recognizes class file versions up to 61.0 (unable to load class [org.lpu.dev.codes.security.SecurityConfig])
		at org.apache.catalina.loader.WebappClassLoaderBase.findClassInternal(WebappClassLoaderBase.java:2282)
		at org.apache.catalina.loader.WebappClassLoaderBase.findClass(WebappClassLoaderBase.java:759)
		at org.apache.catalina.loader.WebappClassLoaderBase.loadClass(WebappClassLoaderBase.java:1272)
		at org.apache.catalina.loader.WebappClassLoaderBase.loadClass(WebappClassLoaderBase.java:1142)
		at java.base/java.lang.Class.forName0(Native Method)
		at java.base/java.lang.Class.forName(Class.java:469)
		at org.springframework.util.ClassUtils.forName(ClassUtils.java:302)
		at org.springframework.beans.factory.support.AbstractBeanDefinition.resolveBeanClass(AbstractBeanDefinition.java:489)
		at org.springframework.context.annotation.ConfigurationClassPostProcessor.enhanceConfigurationClasses(ConfigurationClassPostProcessor.java:536)
		at org.springframework.context.annotation.ConfigurationClassPostProcessor.postProcessBeanFactory(ConfigurationClassPostProcessor.java:337)
		at org.springframework.context.support.PostProcessorRegistrationDelegate.invokeBeanFactoryPostProcessors(PostProcessorRegistrationDelegate.java:363)
		at org.springframework.context.support.PostProcessorRegistrationDelegate.invokeBeanFactoryPostProcessors(PostProcessorRegistrationDelegate.java:153)
		at org.springframework.context.support.AbstractApplicationContext.invokeBeanFactoryPostProcessors(AbstractApplicationContext.java:795)
		at org.springframework.context.support.AbstractApplicationContext.refresh(AbstractApplicationContext.java:603)
		at org.springframework.web.servlet.FrameworkServlet.configureAndRefreshWebApplicationContext(FrameworkServlet.java:696)
		at org.springframework.web.servlet.FrameworkServlet.createWebApplicationContext(FrameworkServlet.java:662)
		at org.springframework.web.servlet.FrameworkServlet.createWebApplicationContext(FrameworkServlet.java:710)
		at org.springframework.web.servlet.FrameworkServlet.initWebApplicationContext(FrameworkServlet.java:586)
		at org.springframework.web.servlet.FrameworkServlet.initServletBean(FrameworkServlet.java:528)
		at org.springframework.web.servlet.HttpServletBean.init(HttpServletBean.java:171)
		at jakarta.servlet.GenericServlet.init(GenericServlet.java:145)
		at jakarta.servlet.http.HttpServlet.init(HttpServlet.java:124)
		at org.apache.catalina.core.StandardWrapper.initServlet(StandardWrapper.java:832)
		at org.apache.catalina.core.StandardWrapper.loadServlet(StandardWrapper.java:802)
		at org.apache.catalina.core.StandardWrapper.allocate(StandardWrapper.java:584)
		at org.apache.catalina.core.StandardWrapperValve.invoke(StandardWrapperValve.java:113)
		at org.apache.catalina.core.StandardContextValve.invoke(StandardContextValve.java:77)
		at org.apache.catalina.authenticator.AuthenticatorBase.invoke(AuthenticatorBase.java:534)
		at org.apache.catalina.core.StandardHostValve.invoke(StandardHostValve.java:115)
		at org.apache.catalina.valves.ErrorReportValve.invoke(ErrorReportValve.java:86)
		at org.apache.catalina.valves.AbstractAccessLogValve.invoke(AbstractAccessLogValve.java:782)
		at org.apache.catalina.core.StandardEngineValve.invoke(StandardEngineValve.java:72)
		at org.apache.catalina.connector.CoyoteAdapter.service(CoyoteAdapter.java:347)
		at org.apache.coyote.http11.Http11Processor.service(Http11Processor.java:406)
		at org.apache.coyote.AbstractProcessorLight.process(AbstractProcessorLight.java:71)
		at org.apache.coyote.AbstractProtocol$ConnectionHandler.process(AbstractProtocol.java:1307)
		at org.apache.tomcat.util.net.NioEndpoint$SocketProcessor.doRun(NioEndpoint.java:2036)
		at org.apache.tomcat.util.net.SocketProcessorBase.run(SocketProcessorBase.java:74)
		at org.apache.tomcat.util.threads.ThreadPoolExecutor.runWorker(ThreadPoolExecutor.java:949)
		at org.apache.tomcat.util.threads.ThreadPoolExecutor$Worker.run(ThreadPoolExecutor.java:483)
		at org.apache.tomcat.util.threads.TaskThread$WrappingRunnable.run(TaskThread.java:74)
		at java.base/java.lang.Thread.run(Thread.java:840)
29-Jun-2026 04:25:31.577 INFO [http-nio-8080-exec-7] org.apache.catalina.core.ApplicationContext.log Initializing Spring DispatcherServlet 'dispatcher1'
29-Jun-2026 04:25:31.833 SEVERE [http-nio-8080-exec-7] org.apache.catalina.core.ApplicationContext.log Servlet.init() for servlet [dispatcher1] threw exception
	java.lang.IllegalStateException: Cannot load configuration class: org.lpu.dev.codes.security.SecurityConfig
		at org.springframework.context.annotation.ConfigurationClassPostProcessor.enhanceConfigurationClasses(ConfigurationClassPostProcessor.java:540)
		at org.springframework.context.annotation.ConfigurationClassPostProcessor.postProcessBeanFactory(ConfigurationClassPostProcessor.java:337)
		at org.springframework.context.support.PostProcessorRegistrationDelegate.invokeBeanFactoryPostProcessors(PostProcessorRegistrationDelegate.java:363)
		at org.springframework.context.support.PostProcessorRegistrationDelegate.invokeBeanFactoryPostProcessors(PostProcessorRegistrationDelegate.java:153)
		at org.springframework.context.support.AbstractApplicationContext.invokeBeanFactoryPostProcessors(AbstractApplicationContext.java:795)
		at org.springframework.context.support.AbstractApplicationContext.refresh(AbstractApplicationContext.java:603)
		at org.springframework.web.servlet.FrameworkServlet.configureAndRefreshWebApplicationContext(FrameworkServlet.java:696)
		at org.springframework.web.servlet.FrameworkServlet.createWebApplicationContext(FrameworkServlet.java:662)
		at org.springframework.web.servlet.FrameworkServlet.createWebApplicationContext(FrameworkServlet.java:710)
		at org.springframework.web.servlet.FrameworkServlet.initWebApplicationContext(FrameworkServlet.java:586)
		at org.springframework.web.servlet.FrameworkServlet.initServletBean(FrameworkServlet.java:528)
		at org.springframework.web.servlet.HttpServletBean.init(HttpServletBean.java:171)
		at jakarta.servlet.GenericServlet.init(GenericServlet.java:145)
		at jakarta.servlet.http.HttpServlet.init(HttpServlet.java:124)
		at org.apache.catalina.core.StandardWrapper.initServlet(StandardWrapper.java:832)
		at org.apache.catalina.core.StandardWrapper.loadServlet(StandardWrapper.java:802)
		at org.apache.catalina.core.StandardWrapper.allocate(StandardWrapper.java:584)
		at org.apache.catalina.core.StandardWrapperValve.invoke(StandardWrapperValve.java:113)
		at org.apache.catalina.core.StandardContextValve.invoke(StandardContextValve.java:77)
		at org.apache.catalina.authenticator.AuthenticatorBase.invoke(AuthenticatorBase.java:534)
		at org.apache.catalina.core.StandardHostValve.invoke(StandardHostValve.java:115)
		at org.apache.catalina.valves.ErrorReportValve.invoke(ErrorReportValve.java:86)
		at org.apache.catalina.valves.AbstractAccessLogValve.invoke(AbstractAccessLogValve.java:782)
		at org.apache.catalina.core.StandardEngineValve.invoke(StandardEngineValve.java:72)
		at org.apache.catalina.connector.CoyoteAdapter.service(CoyoteAdapter.java:347)
		at org.apache.coyote.http11.Http11Processor.service(Http11Processor.java:406)
		at org.apache.coyote.AbstractProcessorLight.process(AbstractProcessorLight.java:71)
		at org.apache.coyote.AbstractProtocol$ConnectionHandler.process(AbstractProtocol.java:1307)
		at org.apache.tomcat.util.net.NioEndpoint$SocketProcessor.doRun(NioEndpoint.java:2036)
		at org.apache.tomcat.util.net.SocketProcessorBase.run(SocketProcessorBase.java:74)
		at org.apache.tomcat.util.threads.ThreadPoolExecutor.runWorker(ThreadPoolExecutor.java:949)
		at org.apache.tomcat.util.threads.ThreadPoolExecutor$Worker.run(ThreadPoolExecutor.java:483)
		at org.apache.tomcat.util.threads.TaskThread$WrappingRunnable.run(TaskThread.java:74)
		at java.base/java.lang.Thread.run(Thread.java:840)
	Caused by: java.lang.UnsupportedClassVersionError: org/lpu/dev/codes/security/SecurityConfig has been compiled by a more recent version of the Java Runtime (class file version 65.0), this version of the Java Runtime only recognizes class file versions up to 61.0 (unable to load class [org.lpu.dev.codes.security.SecurityConfig])
		at org.apache.catalina.loader.WebappClassLoaderBase.findClassInternal(WebappClassLoaderBase.java:2282)
		at org.apache.catalina.loader.WebappClassLoaderBase.findClass(WebappClassLoaderBase.java:759)
		at org.apache.catalina.loader.WebappClassLoaderBase.loadClass(WebappClassLoaderBase.java:1272)
		at org.apache.catalina.loader.WebappClassLoaderBase.loadClass(WebappClassLoaderBase.java:1142)
		at java.base/java.lang.Class.forName0(Native Method)
		at java.base/java.lang.Class.forName(Class.java:469)
		at org.springframework.util.ClassUtils.forName(ClassUtils.java:302)
		at org.springframework.beans.factory.support.AbstractBeanDefinition.resolveBeanClass(AbstractBeanDefinition.java:489)
		at org.springframework.context.annotation.ConfigurationClassPostProcessor.enhanceConfigurationClasses(ConfigurationClassPostProcessor.java:536)
		... 33 more
29-Jun-2026 04:25:31.833 SEVERE [http-nio-8080-exec-7] org.apache.catalina.core.StandardWrapperValve.invoke Allocate exception for servlet [dispatcher1]
	java.lang.UnsupportedClassVersionError: org/lpu/dev/codes/security/SecurityConfig has been compiled by a more recent version of the Java Runtime (class file version 65.0), this version of the Java Runtime only recognizes class file versions up to 61.0 (unable to load class [org.lpu.dev.codes.security.SecurityConfig])
		at org.apache.catalina.loader.WebappClassLoaderBase.findClassInternal(WebappClassLoaderBase.java:2282)
		at org.apache.catalina.loader.WebappClassLoaderBase.findClass(WebappClassLoaderBase.java:759)
		at org.apache.catalina.loader.WebappClassLoaderBase.loadClass(WebappClassLoaderBase.java:1272)
		at org.apache.catalina.loader.WebappClassLoaderBase.loadClass(WebappClassLoaderBase.java:1142)
		at java.base/java.lang.Class.forName0(Native Method)
		at java.base/java.lang.Class.forName(Class.java:469)
		at org.springframework.util.ClassUtils.forName(ClassUtils.java:302)
		at org.springframework.beans.factory.support.AbstractBeanDefinition.resolveBeanClass(AbstractBeanDefinition.java:489)
		at org.springframework.context.annotation.ConfigurationClassPostProcessor.enhanceConfigurationClasses(ConfigurationClassPostProcessor.java:536)
		at org.springframework.context.annotation.ConfigurationClassPostProcessor.postProcessBeanFactory(ConfigurationClassPostProcessor.java:337)
		at org.springframework.context.support.PostProcessorRegistrationDelegate.invokeBeanFactoryPostProcessors(PostProcessorRegistrationDelegate.java:363)
		at org.springframework.context.support.PostProcessorRegistrationDelegate.invokeBeanFactoryPostProcessors(PostProcessorRegistrationDelegate.java:153)
		at org.springframework.context.support.AbstractApplicationContext.invokeBeanFactoryPostProcessors(AbstractApplicationContext.java:795)
		at org.springframework.context.support.AbstractApplicationContext.refresh(AbstractApplicationContext.java:603)
		at org.springframework.web.servlet.FrameworkServlet.configureAndRefreshWebApplicationContext(FrameworkServlet.java:696)
		at org.springframework.web.servlet.FrameworkServlet.createWebApplicationContext(FrameworkServlet.java:662)
		at org.springframework.web.servlet.FrameworkServlet.createWebApplicationContext(FrameworkServlet.java:710)
		at org.springframework.web.servlet.FrameworkServlet.initWebApplicationContext(FrameworkServlet.java:586)
		at org.springframework.web.servlet.FrameworkServlet.initServletBean(FrameworkServlet.java:528)
		at org.springframework.web.servlet.HttpServletBean.init(HttpServletBean.java:171)
		at jakarta.servlet.GenericServlet.init(GenericServlet.java:145)
		at jakarta.servlet.http.HttpServlet.init(HttpServlet.java:124)
		at org.apache.catalina.core.StandardWrapper.initServlet(StandardWrapper.java:832)
		at org.apache.catalina.core.StandardWrapper.loadServlet(StandardWrapper.java:802)
		at org.apache.catalina.core.StandardWrapper.allocate(StandardWrapper.java:584)
		at org.apache.catalina.core.StandardWrapperValve.invoke(StandardWrapperValve.java:113)
		at org.apache.catalina.core.StandardContextValve.invoke(StandardContextValve.java:77)
		at org.apache.catalina.authenticator.AuthenticatorBase.invoke(AuthenticatorBase.java:534)
		at org.apache.catalina.core.StandardHostValve.invoke(StandardHostValve.java:115)
		at org.apache.catalina.valves.ErrorReportValve.invoke(ErrorReportValve.java:86)
		at org.apache.catalina.valves.AbstractAccessLogValve.invoke(AbstractAccessLogValve.java:782)
		at org.apache.catalina.core.StandardEngineValve.invoke(StandardEngineValve.java:72)
		at org.apache.catalina.connector.CoyoteAdapter.service(CoyoteAdapter.java:347)
		at org.apache.coyote.http11.Http11Processor.service(Http11Processor.java:406)
		at org.apache.coyote.AbstractProcessorLight.process(AbstractProcessorLight.java:71)
		at org.apache.coyote.AbstractProtocol$ConnectionHandler.process(AbstractProtocol.java:1307)
		at org.apache.tomcat.util.net.NioEndpoint$SocketProcessor.doRun(NioEndpoint.java:2036)
		at org.apache.tomcat.util.net.SocketProcessorBase.run(SocketProcessorBase.java:74)
		at org.apache.tomcat.util.threads.ThreadPoolExecutor.runWorker(ThreadPoolExecutor.java:949)
		at org.apache.tomcat.util.threads.ThreadPoolExecutor$Worker.run(ThreadPoolExecutor.java:483)
		at org.apache.tomcat.util.threads.TaskThread$WrappingRunnable.run(TaskThread.java:74)
		at java.base/java.lang.Thread.run(Thread.java:840)
29-Jun-2026 04:25:57.403 INFO [main] org.apache.catalina.core.ApplicationContext.log No Spring WebApplicationInitializer types detected on classpath
29-Jun-2026 04:26:01.717 INFO [http-nio-8080-exec-2] org.apache.catalina.core.ApplicationContext.log Initializing Spring DispatcherServlet 'dispatcher1'
29-Jun-2026 04:26:02.196 SEVERE [http-nio-8080-exec-2] org.apache.catalina.core.ApplicationContext.log Servlet.init() for servlet [dispatcher1] threw exception
	java.lang.IllegalStateException: Cannot load configuration class: org.lpu.dev.codes.security.SecurityConfig
		at org.springframework.context.annotation.ConfigurationClassPostProcessor.enhanceConfigurationClasses(ConfigurationClassPostProcessor.java:540)
		at org.springframework.context.annotation.ConfigurationClassPostProcessor.postProcessBeanFactory(ConfigurationClassPostProcessor.java:337)
		at org.springframework.context.support.PostProcessorRegistrationDelegate.invokeBeanFactoryPostProcessors(PostProcessorRegistrationDelegate.java:363)
		at org.springframework.context.support.PostProcessorRegistrationDelegate.invokeBeanFactoryPostProcessors(PostProcessorRegistrationDelegate.java:153)
		at org.springframework.context.support.AbstractApplicationContext.invokeBeanFactoryPostProcessors(AbstractApplicationContext.java:795)
		at org.springframework.context.support.AbstractApplicationContext.refresh(AbstractApplicationContext.java:603)
		at org.springframework.web.servlet.FrameworkServlet.configureAndRefreshWebApplicationContext(FrameworkServlet.java:696)
		at org.springframework.web.servlet.FrameworkServlet.createWebApplicationContext(FrameworkServlet.java:662)
		at org.springframework.web.servlet.FrameworkServlet.createWebApplicationContext(FrameworkServlet.java:710)
		at org.springframework.web.servlet.FrameworkServlet.initWebApplicationContext(FrameworkServlet.java:586)
		at org.springframework.web.servlet.FrameworkServlet.initServletBean(FrameworkServlet.java:528)
		at org.springframework.web.servlet.HttpServletBean.init(HttpServletBean.java:171)
		at jakarta.servlet.GenericServlet.init(GenericServlet.java:145)
		at jakarta.servlet.http.HttpServlet.init(HttpServlet.java:124)
		at org.apache.catalina.core.StandardWrapper.initServlet(StandardWrapper.java:819)
		at org.apache.catalina.core.StandardWrapper.loadServlet(StandardWrapper.java:789)
		at org.apache.catalina.core.StandardWrapper.allocate(StandardWrapper.java:571)
		at org.apache.catalina.core.StandardWrapperValve.invoke(StandardWrapperValve.java:113)
		at org.apache.catalina.core.StandardContextValve.invoke(StandardContextValve.java:77)
		at org.apache.catalina.authenticator.AuthenticatorBase.invoke(AuthenticatorBase.java:492)
		at org.apache.catalina.core.StandardHostValve.invoke(StandardHostValve.java:113)
		at org.apache.catalina.valves.ErrorReportValve.invoke(ErrorReportValve.java:83)
		at org.apache.catalina.valves.AbstractAccessLogValve.invoke(AbstractAccessLogValve.java:782)
		at org.apache.catalina.core.StandardEngineValve.invoke(StandardEngineValve.java:72)
		at org.apache.catalina.connector.CoyoteAdapter.service(CoyoteAdapter.java:341)
		at org.apache.coyote.http11.Http11Processor.service(Http11Processor.java:397)
		at org.apache.coyote.AbstractProcessorLight.process(AbstractProcessorLight.java:63)
		at org.apache.coyote.AbstractProtocol$ConnectionHandler.process(AbstractProtocol.java:1272)
		at org.apache.tomcat.util.net.NioEndpoint$SocketProcessor.doRun(NioEndpoint.java:1801)
		at org.apache.tomcat.util.net.SocketProcessorBase.run(SocketProcessorBase.java:52)
		at org.apache.tomcat.util.threads.ThreadPoolExecutor.runWorker(ThreadPoolExecutor.java:946)
		at org.apache.tomcat.util.threads.ThreadPoolExecutor$Worker.run(ThreadPoolExecutor.java:480)
		at org.apache.tomcat.util.threads.TaskThread$WrappingRunnable.run(TaskThread.java:57)
		at java.base/java.lang.Thread.run(Thread.java:840)
	Caused by: java.lang.UnsupportedClassVersionError: org/lpu/dev/codes/security/SecurityConfig has been compiled by a more recent version of the Java Runtime (class file version 65.0), this version of the Java Runtime only recognizes class file versions up to 61.0 (unable to load class [org.lpu.dev.codes.security.SecurityConfig])
		at org.apache.catalina.loader.WebappClassLoaderBase.findClassInternal(WebappClassLoaderBase.java:2170)
		at org.apache.catalina.loader.WebappClassLoaderBase.findClass(WebappClassLoaderBase.java:693)
		at org.apache.catalina.loader.WebappClassLoaderBase.loadClass(WebappClassLoaderBase.java:1186)
		at org.apache.catalina.loader.WebappClassLoaderBase.loadClass(WebappClassLoaderBase.java:1056)
		at java.base/java.lang.Class.forName0(Native Method)
		at java.base/java.lang.Class.forName(Class.java:469)
		at org.springframework.util.ClassUtils.forName(ClassUtils.java:302)
		at org.springframework.beans.factory.support.AbstractBeanDefinition.resolveBeanClass(AbstractBeanDefinition.java:489)
		at org.springframework.context.annotation.ConfigurationClassPostProcessor.enhanceConfigurationClasses(ConfigurationClassPostProcessor.java:536)
		... 33 more
29-Jun-2026 04:26:02.197 SEVERE [http-nio-8080-exec-2] org.apache.catalina.core.StandardWrapperValve.invoke Allocate exception for servlet [dispatcher1]
	java.lang.UnsupportedClassVersionError: org/lpu/dev/codes/security/SecurityConfig has been compiled by a more recent version of the Java Runtime (class file version 65.0), this version of the Java Runtime only recognizes class file versions up to 61.0 (unable to load class [org.lpu.dev.codes.security.SecurityConfig])
		at org.apache.catalina.loader.WebappClassLoaderBase.findClassInternal(WebappClassLoaderBase.java:2170)
		at org.apache.catalina.loader.WebappClassLoaderBase.findClass(WebappClassLoaderBase.java:693)
		at org.apache.catalina.loader.WebappClassLoaderBase.loadClass(WebappClassLoaderBase.java:1186)
		at org.apache.catalina.loader.WebappClassLoaderBase.loadClass(WebappClassLoaderBase.java:1056)
		at java.base/java.lang.Class.forName0(Native Method)
		at java.base/java.lang.Class.forName(Class.java:469)
		at org.springframework.util.ClassUtils.forName(ClassUtils.java:302)
		at org.springframework.beans.factory.support.AbstractBeanDefinition.resolveBeanClass(AbstractBeanDefinition.java:489)
		at org.springframework.context.annotation.ConfigurationClassPostProcessor.enhanceConfigurationClasses(ConfigurationClassPostProcessor.java:536)
		at org.springframework.context.annotation.ConfigurationClassPostProcessor.postProcessBeanFactory(ConfigurationClassPostProcessor.java:337)
		at org.springframework.context.support.PostProcessorRegistrationDelegate.invokeBeanFactoryPostProcessors(PostProcessorRegistrationDelegate.java:363)
		at org.springframework.context.support.PostProcessorRegistrationDelegate.invokeBeanFactoryPostProcessors(PostProcessorRegistrationDelegate.java:153)
		at org.springframework.context.support.AbstractApplicationContext.invokeBeanFactoryPostProcessors(AbstractApplicationContext.java:795)
		at org.springframework.context.support.AbstractApplicationContext.refresh(AbstractApplicationContext.java:603)
		at org.springframework.web.servlet.FrameworkServlet.configureAndRefreshWebApplicationContext(FrameworkServlet.java:696)
		at org.springframework.web.servlet.FrameworkServlet.createWebApplicationContext(FrameworkServlet.java:662)
		at org.springframework.web.servlet.FrameworkServlet.createWebApplicationContext(FrameworkServlet.java:710)
		at org.springframework.web.servlet.FrameworkServlet.initWebApplicationContext(FrameworkServlet.java:586)
		at org.springframework.web.servlet.FrameworkServlet.initServletBean(FrameworkServlet.java:528)
		at org.springframework.web.servlet.HttpServletBean.init(HttpServletBean.java:171)
		at jakarta.servlet.GenericServlet.init(GenericServlet.java:145)
		at jakarta.servlet.http.HttpServlet.init(HttpServlet.java:124)
		at org.apache.catalina.core.StandardWrapper.initServlet(StandardWrapper.java:819)
		at org.apache.catalina.core.StandardWrapper.loadServlet(StandardWrapper.java:789)
		at org.apache.catalina.core.StandardWrapper.allocate(StandardWrapper.java:571)
		at org.apache.catalina.core.StandardWrapperValve.invoke(StandardWrapperValve.java:113)
		at org.apache.catalina.core.StandardContextValve.invoke(StandardContextValve.java:77)
		at org.apache.catalina.authenticator.AuthenticatorBase.invoke(AuthenticatorBase.java:492)
		at org.apache.catalina.core.StandardHostValve.invoke(StandardHostValve.java:113)
		at org.apache.catalina.valves.ErrorReportValve.invoke(ErrorReportValve.java:83)
		at org.apache.catalina.valves.AbstractAccessLogValve.invoke(AbstractAccessLogValve.java:782)
		at org.apache.catalina.core.StandardEngineValve.invoke(StandardEngineValve.java:72)
		at org.apache.catalina.connector.CoyoteAdapter.service(CoyoteAdapter.java:341)
		at org.apache.coyote.http11.Http11Processor.service(Http11Processor.java:397)
		at org.apache.coyote.AbstractProcessorLight.process(AbstractProcessorLight.java:63)
		at org.apache.coyote.AbstractProtocol$ConnectionHandler.process(AbstractProtocol.java:1272)
		at org.apache.tomcat.util.net.NioEndpoint$SocketProcessor.doRun(NioEndpoint.java:1801)
		at org.apache.tomcat.util.net.SocketProcessorBase.run(SocketProcessorBase.java:52)
		at org.apache.tomcat.util.threads.ThreadPoolExecutor.runWorker(ThreadPoolExecutor.java:946)
		at org.apache.tomcat.util.threads.ThreadPoolExecutor$Worker.run(ThreadPoolExecutor.java:480)
		at org.apache.tomcat.util.threads.TaskThread$WrappingRunnable.run(TaskThread.java:57)
		at java.base/java.lang.Thread.run(Thread.java:840)
29-Jun-2026 04:26:02.219 INFO [http-nio-8080-exec-1] org.apache.catalina.core.ApplicationContext.log Initializing Spring DispatcherServlet 'dispatcher1'
29-Jun-2026 04:26:02.330 SEVERE [http-nio-8080-exec-1] org.apache.catalina.core.ApplicationContext.log Servlet.init() for servlet [dispatcher1] threw exception
	java.lang.IllegalStateException: Cannot load configuration class: org.lpu.dev.codes.security.SecurityConfig
		at org.springframework.context.annotation.ConfigurationClassPostProcessor.enhanceConfigurationClasses(ConfigurationClassPostProcessor.java:540)
		at org.springframework.context.annotation.ConfigurationClassPostProcessor.postProcessBeanFactory(ConfigurationClassPostProcessor.java:337)
		at org.springframework.context.support.PostProcessorRegistrationDelegate.invokeBeanFactoryPostProcessors(PostProcessorRegistrationDelegate.java:363)
		at org.springframework.context.support.PostProcessorRegistrationDelegate.invokeBeanFactoryPostProcessors(PostProcessorRegistrationDelegate.java:153)
		at org.springframework.context.support.AbstractApplicationContext.invokeBeanFactoryPostProcessors(AbstractApplicationContext.java:795)
		at org.springframework.context.support.AbstractApplicationContext.refresh(AbstractApplicationContext.java:603)
		at org.springframework.web.servlet.FrameworkServlet.configureAndRefreshWebApplicationContext(FrameworkServlet.java:696)
		at org.springframework.web.servlet.FrameworkServlet.createWebApplicationContext(FrameworkServlet.java:662)
		at org.springframework.web.servlet.FrameworkServlet.createWebApplicationContext(FrameworkServlet.java:710)
		at org.springframework.web.servlet.FrameworkServlet.initWebApplicationContext(FrameworkServlet.java:586)
		at org.springframework.web.servlet.FrameworkServlet.initServletBean(FrameworkServlet.java:528)
		at org.springframework.web.servlet.HttpServletBean.init(HttpServletBean.java:171)
		at jakarta.servlet.GenericServlet.init(GenericServlet.java:145)
		at jakarta.servlet.http.HttpServlet.init(HttpServlet.java:124)
		at org.apache.catalina.core.StandardWrapper.initServlet(StandardWrapper.java:819)
		at org.apache.catalina.core.StandardWrapper.loadServlet(StandardWrapper.java:789)
		at org.apache.catalina.core.StandardWrapper.allocate(StandardWrapper.java:571)
		at org.apache.catalina.core.StandardWrapperValve.invoke(StandardWrapperValve.java:113)
		at org.apache.catalina.core.StandardContextValve.invoke(StandardContextValve.java:77)
		at org.apache.catalina.authenticator.AuthenticatorBase.invoke(AuthenticatorBase.java:492)
		at org.apache.catalina.core.StandardHostValve.invoke(StandardHostValve.java:113)
		at org.apache.catalina.valves.ErrorReportValve.invoke(ErrorReportValve.java:83)
		at org.apache.catalina.valves.AbstractAccessLogValve.invoke(AbstractAccessLogValve.java:782)
		at org.apache.catalina.core.StandardEngineValve.invoke(StandardEngineValve.java:72)
		at org.apache.catalina.connector.CoyoteAdapter.service(CoyoteAdapter.java:341)
		at org.apache.coyote.http11.Http11Processor.service(Http11Processor.java:397)
		at org.apache.coyote.AbstractProcessorLight.process(AbstractProcessorLight.java:63)
		at org.apache.coyote.AbstractProtocol$ConnectionHandler.process(AbstractProtocol.java:1272)
		at org.apache.tomcat.util.net.NioEndpoint$SocketProcessor.doRun(NioEndpoint.java:1801)
		at org.apache.tomcat.util.net.SocketProcessorBase.run(SocketProcessorBase.java:52)
		at org.apache.tomcat.util.threads.ThreadPoolExecutor.runWorker(ThreadPoolExecutor.java:946)
		at org.apache.tomcat.util.threads.ThreadPoolExecutor$Worker.run(ThreadPoolExecutor.java:480)
		at org.apache.tomcat.util.threads.TaskThread$WrappingRunnable.run(TaskThread.java:57)
		at java.base/java.lang.Thread.run(Thread.java:840)
	Caused by: java.lang.UnsupportedClassVersionError: org/lpu/dev/codes/security/SecurityConfig has been compiled by a more recent version of the Java Runtime (class file version 65.0), this version of the Java Runtime only recognizes class file versions up to 61.0 (unable to load class [org.lpu.dev.codes.security.SecurityConfig])
		at org.apache.catalina.loader.WebappClassLoaderBase.findClassInternal(WebappClassLoaderBase.java:2170)
		at org.apache.catalina.loader.WebappClassLoaderBase.findClass(WebappClassLoaderBase.java:693)
		at org.apache.catalina.loader.WebappClassLoaderBase.loadClass(WebappClassLoaderBase.java:1186)
		at org.apache.catalina.loader.WebappClassLoaderBase.loadClass(WebappClassLoaderBase.java:1056)
		at java.base/java.lang.Class.forName0(Native Method)
		at java.base/java.lang.Class.forName(Class.java:469)
		at org.springframework.util.ClassUtils.forName(ClassUtils.java:302)
		at org.springframework.beans.factory.support.AbstractBeanDefinition.resolveBeanClass(AbstractBeanDefinition.java:489)
		at org.springframework.context.annotation.ConfigurationClassPostProcessor.enhanceConfigurationClasses(ConfigurationClassPostProcessor.java:536)
		... 33 more
29-Jun-2026 04:26:02.330 SEVERE [http-nio-8080-exec-1] org.apache.catalina.core.StandardWrapperValve.invoke Allocate exception for servlet [dispatcher1]
	java.lang.UnsupportedClassVersionError: org/lpu/dev/codes/security/SecurityConfig has been compiled by a more recent version of the Java Runtime (class file version 65.0), this version of the Java Runtime only recognizes class file versions up to 61.0 (unable to load class [org.lpu.dev.codes.security.SecurityConfig])
		at org.apache.catalina.loader.WebappClassLoaderBase.findClassInternal(WebappClassLoaderBase.java:2170)
		at org.apache.catalina.loader.WebappClassLoaderBase.findClass(WebappClassLoaderBase.java:693)
		at org.apache.catalina.loader.WebappClassLoaderBase.loadClass(WebappClassLoaderBase.java:1186)
		at org.apache.catalina.loader.WebappClassLoaderBase.loadClass(WebappClassLoaderBase.java:1056)
		at java.base/java.lang.Class.forName0(Native Method)
		at java.base/java.lang.Class.forName(Class.java:469)
		at org.springframework.util.ClassUtils.forName(ClassUtils.java:302)
		at org.springframework.beans.factory.support.AbstractBeanDefinition.resolveBeanClass(AbstractBeanDefinition.java:489)
		at org.springframework.context.annotation.ConfigurationClassPostProcessor.enhanceConfigurationClasses(ConfigurationClassPostProcessor.java:536)
		at org.springframework.context.annotation.ConfigurationClassPostProcessor.postProcessBeanFactory(ConfigurationClassPostProcessor.java:337)
		at org.springframework.context.support.PostProcessorRegistrationDelegate.invokeBeanFactoryPostProcessors(PostProcessorRegistrationDelegate.java:363)
		at org.springframework.context.support.PostProcessorRegistrationDelegate.invokeBeanFactoryPostProcessors(PostProcessorRegistrationDelegate.java:153)
		at org.springframework.context.support.AbstractApplicationContext.invokeBeanFactoryPostProcessors(AbstractApplicationContext.java:795)
		at org.springframework.context.support.AbstractApplicationContext.refresh(AbstractApplicationContext.java:603)
		at org.springframework.web.servlet.FrameworkServlet.configureAndRefreshWebApplicationContext(FrameworkServlet.java:696)
		at org.springframework.web.servlet.FrameworkServlet.createWebApplicationContext(FrameworkServlet.java:662)
		at org.springframework.web.servlet.FrameworkServlet.createWebApplicationContext(FrameworkServlet.java:710)
		at org.springframework.web.servlet.FrameworkServlet.initWebApplicationContext(FrameworkServlet.java:586)
		at org.springframework.web.servlet.FrameworkServlet.initServletBean(FrameworkServlet.java:528)
		at org.springframework.web.servlet.HttpServletBean.init(HttpServletBean.java:171)
		at jakarta.servlet.GenericServlet.init(GenericServlet.java:145)
		at jakarta.servlet.http.HttpServlet.init(HttpServlet.java:124)
		at org.apache.catalina.core.StandardWrapper.initServlet(StandardWrapper.java:819)
		at org.apache.catalina.core.StandardWrapper.loadServlet(StandardWrapper.java:789)
		at org.apache.catalina.core.StandardWrapper.allocate(StandardWrapper.java:571)
		at org.apache.catalina.core.StandardWrapperValve.invoke(StandardWrapperValve.java:113)
		at org.apache.catalina.core.StandardContextValve.invoke(StandardContextValve.java:77)
		at org.apache.catalina.authenticator.AuthenticatorBase.invoke(AuthenticatorBase.java:492)
		at org.apache.catalina.core.StandardHostValve.invoke(StandardHostValve.java:113)
		at org.apache.catalina.valves.ErrorReportValve.invoke(ErrorReportValve.java:83)
		at org.apache.catalina.valves.AbstractAccessLogValve.invoke(AbstractAccessLogValve.java:782)
		at org.apache.catalina.core.StandardEngineValve.invoke(StandardEngineValve.java:72)
		at org.apache.catalina.connector.CoyoteAdapter.service(CoyoteAdapter.java:341)
		at org.apache.coyote.http11.Http11Processor.service(Http11Processor.java:397)
		at org.apache.coyote.AbstractProcessorLight.process(AbstractProcessorLight.java:63)
		at org.apache.coyote.AbstractProtocol$ConnectionHandler.process(AbstractProtocol.java:1272)
		at org.apache.tomcat.util.net.NioEndpoint$SocketProcessor.doRun(NioEndpoint.java:1801)
		at org.apache.tomcat.util.net.SocketProcessorBase.run(SocketProcessorBase.java:52)
		at org.apache.tomcat.util.threads.ThreadPoolExecutor.runWorker(ThreadPoolExecutor.java:946)
		at org.apache.tomcat.util.threads.ThreadPoolExecutor$Worker.run(ThreadPoolExecutor.java:480)
		at org.apache.tomcat.util.threads.TaskThread$WrappingRunnable.run(TaskThread.java:57)
		at java.base/java.lang.Thread.run(Thread.java:840)
29-Jun-2026 04:26:02.881 INFO [http-nio-8080-exec-3] org.apache.catalina.core.ApplicationContext.log Initializing Spring DispatcherServlet 'dispatcher1'
29-Jun-2026 04:26:02.962 SEVERE [http-nio-8080-exec-3] org.apache.catalina.core.ApplicationContext.log Servlet.init() for servlet [dispatcher1] threw exception
	java.lang.IllegalStateException: Cannot load configuration class: org.lpu.dev.codes.security.SecurityConfig
		at org.springframework.context.annotation.ConfigurationClassPostProcessor.enhanceConfigurationClasses(ConfigurationClassPostProcessor.java:540)
		at org.springframework.context.annotation.ConfigurationClassPostProcessor.postProcessBeanFactory(ConfigurationClassPostProcessor.java:337)
		at org.springframework.context.support.PostProcessorRegistrationDelegate.invokeBeanFactoryPostProcessors(PostProcessorRegistrationDelegate.java:363)
		at org.springframework.context.support.PostProcessorRegistrationDelegate.invokeBeanFactoryPostProcessors(PostProcessorRegistrationDelegate.java:153)
		at org.springframework.context.support.AbstractApplicationContext.invokeBeanFactoryPostProcessors(AbstractApplicationContext.java:795)
		at org.springframework.context.support.AbstractApplicationContext.refresh(AbstractApplicationContext.java:603)
		at org.springframework.web.servlet.FrameworkServlet.configureAndRefreshWebApplicationContext(FrameworkServlet.java:696)
		at org.springframework.web.servlet.FrameworkServlet.createWebApplicationContext(FrameworkServlet.java:662)
		at org.springframework.web.servlet.FrameworkServlet.createWebApplicationContext(FrameworkServlet.java:710)
		at org.springframework.web.servlet.FrameworkServlet.initWebApplicationContext(FrameworkServlet.java:586)
		at org.springframework.web.servlet.FrameworkServlet.initServletBean(FrameworkServlet.java:528)
		at org.springframework.web.servlet.HttpServletBean.init(HttpServletBean.java:171)
		at jakarta.servlet.GenericServlet.init(GenericServlet.java:145)
		at jakarta.servlet.http.HttpServlet.init(HttpServlet.java:124)
		at org.apache.catalina.core.StandardWrapper.initServlet(StandardWrapper.java:819)
		at org.apache.catalina.core.StandardWrapper.loadServlet(StandardWrapper.java:789)
		at org.apache.catalina.core.StandardWrapper.allocate(StandardWrapper.java:571)
		at org.apache.catalina.core.StandardWrapperValve.invoke(StandardWrapperValve.java:113)
		at org.apache.catalina.core.StandardContextValve.invoke(StandardContextValve.java:77)
		at org.apache.catalina.authenticator.AuthenticatorBase.invoke(AuthenticatorBase.java:492)
		at org.apache.catalina.core.StandardHostValve.invoke(StandardHostValve.java:113)
		at org.apache.catalina.valves.ErrorReportValve.invoke(ErrorReportValve.java:83)
		at org.apache.catalina.valves.AbstractAccessLogValve.invoke(AbstractAccessLogValve.java:782)
		at org.apache.catalina.core.StandardEngineValve.invoke(StandardEngineValve.java:72)
		at org.apache.catalina.connector.CoyoteAdapter.service(CoyoteAdapter.java:341)
		at org.apache.coyote.http11.Http11Processor.service(Http11Processor.java:397)
		at org.apache.coyote.AbstractProcessorLight.process(AbstractProcessorLight.java:63)
		at org.apache.coyote.AbstractProtocol$ConnectionHandler.process(AbstractProtocol.java:1272)
		at org.apache.tomcat.util.net.NioEndpoint$SocketProcessor.doRun(NioEndpoint.java:1801)
		at org.apache.tomcat.util.net.SocketProcessorBase.run(SocketProcessorBase.java:52)
		at org.apache.tomcat.util.threads.ThreadPoolExecutor.runWorker(ThreadPoolExecutor.java:946)
		at org.apache.tomcat.util.threads.ThreadPoolExecutor$Worker.run(ThreadPoolExecutor.java:480)
		at org.apache.tomcat.util.threads.TaskThread$WrappingRunnable.run(TaskThread.java:57)
		at java.base/java.lang.Thread.run(Thread.java:840)
	Caused by: java.lang.UnsupportedClassVersionError: org/lpu/dev/codes/security/SecurityConfig has been compiled by a more recent version of the Java Runtime (class file version 65.0), this version of the Java Runtime only recognizes class file versions up to 61.0 (unable to load class [org.lpu.dev.codes.security.SecurityConfig])
		at org.apache.catalina.loader.WebappClassLoaderBase.findClassInternal(WebappClassLoaderBase.java:2170)
		at org.apache.catalina.loader.WebappClassLoaderBase.findClass(WebappClassLoaderBase.java:693)
		at org.apache.catalina.loader.WebappClassLoaderBase.loadClass(WebappClassLoaderBase.java:1186)
		at org.apache.catalina.loader.WebappClassLoaderBase.loadClass(WebappClassLoaderBase.java:1056)
		at java.base/java.lang.Class.forName0(Native Method)
		at java.base/java.lang.Class.forName(Class.java:469)
		at org.springframework.util.ClassUtils.forName(ClassUtils.java:302)
		at org.springframework.beans.factory.support.AbstractBeanDefinition.resolveBeanClass(AbstractBeanDefinition.java:489)
		at org.springframework.context.annotation.ConfigurationClassPostProcessor.enhanceConfigurationClasses(ConfigurationClassPostProcessor.java:536)
		... 33 more
29-Jun-2026 04:26:02.962 SEVERE [http-nio-8080-exec-3] org.apache.catalina.core.StandardWrapperValve.invoke Allocate exception for servlet [dispatcher1]
	java.lang.UnsupportedClassVersionError: org/lpu/dev/codes/security/SecurityConfig has been compiled by a more recent version of the Java Runtime (class file version 65.0), this version of the Java Runtime only recognizes class file versions up to 61.0 (unable to load class [org.lpu.dev.codes.security.SecurityConfig])
		at org.apache.catalina.loader.WebappClassLoaderBase.findClassInternal(WebappClassLoaderBase.java:2170)
		at org.apache.catalina.loader.WebappClassLoaderBase.findClass(WebappClassLoaderBase.java:693)
		at org.apache.catalina.loader.WebappClassLoaderBase.loadClass(WebappClassLoaderBase.java:1186)
		at org.apache.catalina.loader.WebappClassLoaderBase.loadClass(WebappClassLoaderBase.java:1056)
		at java.base/java.lang.Class.forName0(Native Method)
		at java.base/java.lang.Class.forName(Class.java:469)
		at org.springframework.util.ClassUtils.forName(ClassUtils.java:302)
		at org.springframework.beans.factory.support.AbstractBeanDefinition.resolveBeanClass(AbstractBeanDefinition.java:489)
		at org.springframework.context.annotation.ConfigurationClassPostProcessor.enhanceConfigurationClasses(ConfigurationClassPostProcessor.java:536)
		at org.springframework.context.annotation.ConfigurationClassPostProcessor.postProcessBeanFactory(ConfigurationClassPostProcessor.java:337)
		at org.springframework.context.support.PostProcessorRegistrationDelegate.invokeBeanFactoryPostProcessors(PostProcessorRegistrationDelegate.java:363)
		at org.springframework.context.support.PostProcessorRegistrationDelegate.invokeBeanFactoryPostProcessors(PostProcessorRegistrationDelegate.java:153)
		at org.springframework.context.support.AbstractApplicationContext.invokeBeanFactoryPostProcessors(AbstractApplicationContext.java:795)
		at org.springframework.context.support.AbstractApplicationContext.refresh(AbstractApplicationContext.java:603)
		at org.springframework.web.servlet.FrameworkServlet.configureAndRefreshWebApplicationContext(FrameworkServlet.java:696)
		at org.springframework.web.servlet.FrameworkServlet.createWebApplicationContext(FrameworkServlet.java:662)
		at org.springframework.web.servlet.FrameworkServlet.createWebApplicationContext(FrameworkServlet.java:710)
		at org.springframework.web.servlet.FrameworkServlet.initWebApplicationContext(FrameworkServlet.java:586)
		at org.springframework.web.servlet.FrameworkServlet.initServletBean(FrameworkServlet.java:528)
		at org.springframework.web.servlet.HttpServletBean.init(HttpServletBean.java:171)
		at jakarta.servlet.GenericServlet.init(GenericServlet.java:145)
		at jakarta.servlet.http.HttpServlet.init(HttpServlet.java:124)
		at org.apache.catalina.core.StandardWrapper.initServlet(StandardWrapper.java:819)
		at org.apache.catalina.core.StandardWrapper.loadServlet(StandardWrapper.java:789)
		at org.apache.catalina.core.StandardWrapper.allocate(StandardWrapper.java:571)
		at org.apache.catalina.core.StandardWrapperValve.invoke(StandardWrapperValve.java:113)
		at org.apache.catalina.core.StandardContextValve.invoke(StandardContextValve.java:77)
		at org.apache.catalina.authenticator.AuthenticatorBase.invoke(AuthenticatorBase.java:492)
		at org.apache.catalina.core.StandardHostValve.invoke(StandardHostValve.java:113)
		at org.apache.catalina.valves.ErrorReportValve.invoke(ErrorReportValve.java:83)
		at org.apache.catalina.valves.AbstractAccessLogValve.invoke(AbstractAccessLogValve.java:782)
		at org.apache.catalina.core.StandardEngineValve.invoke(StandardEngineValve.java:72)
		at org.apache.catalina.connector.CoyoteAdapter.service(CoyoteAdapter.java:341)
		at org.apache.coyote.http11.Http11Processor.service(Http11Processor.java:397)
		at org.apache.coyote.AbstractProcessorLight.process(AbstractProcessorLight.java:63)
		at org.apache.coyote.AbstractProtocol$ConnectionHandler.process(AbstractProtocol.java:1272)
		at org.apache.tomcat.util.net.NioEndpoint$SocketProcessor.doRun(NioEndpoint.java:1801)
		at org.apache.tomcat.util.net.SocketProcessorBase.run(SocketProcessorBase.java:52)
		at org.apache.tomcat.util.threads.ThreadPoolExecutor.runWorker(ThreadPoolExecutor.java:946)
		at org.apache.tomcat.util.threads.ThreadPoolExecutor$Worker.run(ThreadPoolExecutor.java:480)
		at org.apache.tomcat.util.threads.TaskThread$WrappingRunnable.run(TaskThread.java:57)
		at java.base/java.lang.Thread.run(Thread.java:840)
29-Jun-2026 04:26:03.051 INFO [http-nio-8080-exec-4] org.apache.catalina.core.ApplicationContext.log Initializing Spring DispatcherServlet 'dispatcher1'
29-Jun-2026 04:26:03.125 SEVERE [http-nio-8080-exec-4] org.apache.catalina.core.ApplicationContext.log Servlet.init() for servlet [dispatcher1] threw exception
	java.lang.IllegalStateException: Cannot load configuration class: org.lpu.dev.codes.security.SecurityConfig
		at org.springframework.context.annotation.ConfigurationClassPostProcessor.enhanceConfigurationClasses(ConfigurationClassPostProcessor.java:540)
		at org.springframework.context.annotation.ConfigurationClassPostProcessor.postProcessBeanFactory(ConfigurationClassPostProcessor.java:337)
		at org.springframework.context.support.PostProcessorRegistrationDelegate.invokeBeanFactoryPostProcessors(PostProcessorRegistrationDelegate.java:363)
		at org.springframework.context.support.PostProcessorRegistrationDelegate.invokeBeanFactoryPostProcessors(PostProcessorRegistrationDelegate.java:153)
		at org.springframework.context.support.AbstractApplicationContext.invokeBeanFactoryPostProcessors(AbstractApplicationContext.java:795)
		at org.springframework.context.support.AbstractApplicationContext.refresh(AbstractApplicationContext.java:603)
		at org.springframework.web.servlet.FrameworkServlet.configureAndRefreshWebApplicationContext(FrameworkServlet.java:696)
		at org.springframework.web.servlet.FrameworkServlet.createWebApplicationContext(FrameworkServlet.java:662)
		at org.springframework.web.servlet.FrameworkServlet.createWebApplicationContext(FrameworkServlet.java:710)
		at org.springframework.web.servlet.FrameworkServlet.initWebApplicationContext(FrameworkServlet.java:586)
		at org.springframework.web.servlet.FrameworkServlet.initServletBean(FrameworkServlet.java:528)
		at org.springframework.web.servlet.HttpServletBean.init(HttpServletBean.java:171)
		at jakarta.servlet.GenericServlet.init(GenericServlet.java:145)
		at jakarta.servlet.http.HttpServlet.init(HttpServlet.java:124)
		at org.apache.catalina.core.StandardWrapper.initServlet(StandardWrapper.java:819)
		at org.apache.catalina.core.StandardWrapper.loadServlet(StandardWrapper.java:789)
		at org.apache.catalina.core.StandardWrapper.allocate(StandardWrapper.java:571)
		at org.apache.catalina.core.StandardWrapperValve.invoke(StandardWrapperValve.java:113)
		at org.apache.catalina.core.StandardContextValve.invoke(StandardContextValve.java:77)
		at org.apache.catalina.authenticator.AuthenticatorBase.invoke(AuthenticatorBase.java:492)
		at org.apache.catalina.core.StandardHostValve.invoke(StandardHostValve.java:113)
		at org.apache.catalina.valves.ErrorReportValve.invoke(ErrorReportValve.java:83)
		at org.apache.catalina.valves.AbstractAccessLogValve.invoke(AbstractAccessLogValve.java:782)
		at org.apache.catalina.core.StandardEngineValve.invoke(StandardEngineValve.java:72)
		at org.apache.catalina.connector.CoyoteAdapter.service(CoyoteAdapter.java:341)
		at org.apache.coyote.http11.Http11Processor.service(Http11Processor.java:397)
		at org.apache.coyote.AbstractProcessorLight.process(AbstractProcessorLight.java:63)
		at org.apache.coyote.AbstractProtocol$ConnectionHandler.process(AbstractProtocol.java:1272)
		at org.apache.tomcat.util.net.NioEndpoint$SocketProcessor.doRun(NioEndpoint.java:1801)
		at org.apache.tomcat.util.net.SocketProcessorBase.run(SocketProcessorBase.java:52)
		at org.apache.tomcat.util.threads.ThreadPoolExecutor.runWorker(ThreadPoolExecutor.java:946)
		at org.apache.tomcat.util.threads.ThreadPoolExecutor$Worker.run(ThreadPoolExecutor.java:480)
		at org.apache.tomcat.util.threads.TaskThread$WrappingRunnable.run(TaskThread.java:57)
		at java.base/java.lang.Thread.run(Thread.java:840)
	Caused by: java.lang.UnsupportedClassVersionError: org/lpu/dev/codes/security/SecurityConfig has been compiled by a more recent version of the Java Runtime (class file version 65.0), this version of the Java Runtime only recognizes class file versions up to 61.0 (unable to load class [org.lpu.dev.codes.security.SecurityConfig])
		at org.apache.catalina.loader.WebappClassLoaderBase.findClassInternal(WebappClassLoaderBase.java:2170)
		at org.apache.catalina.loader.WebappClassLoaderBase.findClass(WebappClassLoaderBase.java:693)
		at org.apache.catalina.loader.WebappClassLoaderBase.loadClass(WebappClassLoaderBase.java:1186)
		at org.apache.catalina.loader.WebappClassLoaderBase.loadClass(WebappClassLoaderBase.java:1056)
		at java.base/java.lang.Class.forName0(Native Method)
		at java.base/java.lang.Class.forName(Class.java:469)
		at org.springframework.util.ClassUtils.forName(ClassUtils.java:302)
		at org.springframework.beans.factory.support.AbstractBeanDefinition.resolveBeanClass(AbstractBeanDefinition.java:489)
		at org.springframework.context.annotation.ConfigurationClassPostProcessor.enhanceConfigurationClasses(ConfigurationClassPostProcessor.java:536)
		... 33 more
29-Jun-2026 04:26:03.125 SEVERE [http-nio-8080-exec-4] org.apache.catalina.core.StandardWrapperValve.invoke Allocate exception for servlet [dispatcher1]
	java.lang.UnsupportedClassVersionError: org/lpu/dev/codes/security/SecurityConfig has been compiled by a more recent version of the Java Runtime (class file version 65.0), this version of the Java Runtime only recognizes class file versions up to 61.0 (unable to load class [org.lpu.dev.codes.security.SecurityConfig])
		at org.apache.catalina.loader.WebappClassLoaderBase.findClassInternal(WebappClassLoaderBase.java:2170)
		at org.apache.catalina.loader.WebappClassLoaderBase.findClass(WebappClassLoaderBase.java:693)
		at org.apache.catalina.loader.WebappClassLoaderBase.loadClass(WebappClassLoaderBase.java:1186)
		at org.apache.catalina.loader.WebappClassLoaderBase.loadClass(WebappClassLoaderBase.java:1056)
		at java.base/java.lang.Class.forName0(Native Method)
		at java.base/java.lang.Class.forName(Class.java:469)
		at org.springframework.util.ClassUtils.forName(ClassUtils.java:302)
		at org.springframework.beans.factory.support.AbstractBeanDefinition.resolveBeanClass(AbstractBeanDefinition.java:489)
		at org.springframework.context.annotation.ConfigurationClassPostProcessor.enhanceConfigurationClasses(ConfigurationClassPostProcessor.java:536)
		at org.springframework.context.annotation.ConfigurationClassPostProcessor.postProcessBeanFactory(ConfigurationClassPostProcessor.java:337)
		at org.springframework.context.support.PostProcessorRegistrationDelegate.invokeBeanFactoryPostProcessors(PostProcessorRegistrationDelegate.java:363)
		at org.springframework.context.support.PostProcessorRegistrationDelegate.invokeBeanFactoryPostProcessors(PostProcessorRegistrationDelegate.java:153)
		at org.springframework.context.support.AbstractApplicationContext.invokeBeanFactoryPostProcessors(AbstractApplicationContext.java:795)
		at org.springframework.context.support.AbstractApplicationContext.refresh(AbstractApplicationContext.java:603)
		at org.springframework.web.servlet.FrameworkServlet.configureAndRefreshWebApplicationContext(FrameworkServlet.java:696)
		at org.springframework.web.servlet.FrameworkServlet.createWebApplicationContext(FrameworkServlet.java:662)
		at org.springframework.web.servlet.FrameworkServlet.createWebApplicationContext(FrameworkServlet.java:710)
		at org.springframework.web.servlet.FrameworkServlet.initWebApplicationContext(FrameworkServlet.java:586)
		at org.springframework.web.servlet.FrameworkServlet.initServletBean(FrameworkServlet.java:528)
		at org.springframework.web.servlet.HttpServletBean.init(HttpServletBean.java:171)
		at jakarta.servlet.GenericServlet.init(GenericServlet.java:145)
		at jakarta.servlet.http.HttpServlet.init(HttpServlet.java:124)
		at org.apache.catalina.core.StandardWrapper.initServlet(StandardWrapper.java:819)
		at org.apache.catalina.core.StandardWrapper.loadServlet(StandardWrapper.java:789)
		at org.apache.catalina.core.StandardWrapper.allocate(StandardWrapper.java:571)
		at org.apache.catalina.core.StandardWrapperValve.invoke(StandardWrapperValve.java:113)
		at org.apache.catalina.core.StandardContextValve.invoke(StandardContextValve.java:77)
		at org.apache.catalina.authenticator.AuthenticatorBase.invoke(AuthenticatorBase.java:492)
		at org.apache.catalina.core.StandardHostValve.invoke(StandardHostValve.java:113)
		at org.apache.catalina.valves.ErrorReportValve.invoke(ErrorReportValve.java:83)
		at org.apache.catalina.valves.AbstractAccessLogValve.invoke(AbstractAccessLogValve.java:782)
		at org.apache.catalina.core.StandardEngineValve.invoke(StandardEngineValve.java:72)
		at org.apache.catalina.connector.CoyoteAdapter.service(CoyoteAdapter.java:341)
		at org.apache.coyote.http11.Http11Processor.service(Http11Processor.java:397)
		at org.apache.coyote.AbstractProcessorLight.process(AbstractProcessorLight.java:63)
		at org.apache.coyote.AbstractProtocol$ConnectionHandler.process(AbstractProtocol.java:1272)
		at org.apache.tomcat.util.net.NioEndpoint$SocketProcessor.doRun(NioEndpoint.java:1801)
		at org.apache.tomcat.util.net.SocketProcessorBase.run(SocketProcessorBase.java:52)
		at org.apache.tomcat.util.threads.ThreadPoolExecutor.runWorker(ThreadPoolExecutor.java:946)
		at org.apache.tomcat.util.threads.ThreadPoolExecutor$Worker.run(ThreadPoolExecutor.java:480)
		at org.apache.tomcat.util.threads.TaskThread$WrappingRunnable.run(TaskThread.java:57)
		at java.base/java.lang.Thread.run(Thread.java:840)
29-Jun-2026 04:26:03.208 INFO [http-nio-8080-exec-5] org.apache.catalina.core.ApplicationContext.log Initializing Spring DispatcherServlet 'dispatcher1'
29-Jun-2026 04:26:03.277 SEVERE [http-nio-8080-exec-5] org.apache.catalina.core.ApplicationContext.log Servlet.init() for servlet [dispatcher1] threw exception
	java.lang.IllegalStateException: Cannot load configuration class: org.lpu.dev.codes.security.SecurityConfig
		at org.springframework.context.annotation.ConfigurationClassPostProcessor.enhanceConfigurationClasses(ConfigurationClassPostProcessor.java:540)
		at org.springframework.context.annotation.ConfigurationClassPostProcessor.postProcessBeanFactory(ConfigurationClassPostProcessor.java:337)
		at org.springframework.context.support.PostProcessorRegistrationDelegate.invokeBeanFactoryPostProcessors(PostProcessorRegistrationDelegate.java:363)
		at org.springframework.context.support.PostProcessorRegistrationDelegate.invokeBeanFactoryPostProcessors(PostProcessorRegistrationDelegate.java:153)
		at org.springframework.context.support.AbstractApplicationContext.invokeBeanFactoryPostProcessors(AbstractApplicationContext.java:795)
		at org.springframework.context.support.AbstractApplicationContext.refresh(AbstractApplicationContext.java:603)
		at org.springframework.web.servlet.FrameworkServlet.configureAndRefreshWebApplicationContext(FrameworkServlet.java:696)
		at org.springframework.web.servlet.FrameworkServlet.createWebApplicationContext(FrameworkServlet.java:662)
		at org.springframework.web.servlet.FrameworkServlet.createWebApplicationContext(FrameworkServlet.java:710)
		at org.springframework.web.servlet.FrameworkServlet.initWebApplicationContext(FrameworkServlet.java:586)
		at org.springframework.web.servlet.FrameworkServlet.initServletBean(FrameworkServlet.java:528)
		at org.springframework.web.servlet.HttpServletBean.init(HttpServletBean.java:171)
		at jakarta.servlet.GenericServlet.init(GenericServlet.java:145)
		at jakarta.servlet.http.HttpServlet.init(HttpServlet.java:124)
		at org.apache.catalina.core.StandardWrapper.initServlet(StandardWrapper.java:819)
		at org.apache.catalina.core.StandardWrapper.loadServlet(StandardWrapper.java:789)
		at org.apache.catalina.core.StandardWrapper.allocate(StandardWrapper.java:571)
		at org.apache.catalina.core.StandardWrapperValve.invoke(StandardWrapperValve.java:113)
		at org.apache.catalina.core.StandardContextValve.invoke(StandardContextValve.java:77)
		at org.apache.catalina.authenticator.AuthenticatorBase.invoke(AuthenticatorBase.java:492)
		at org.apache.catalina.core.StandardHostValve.invoke(StandardHostValve.java:113)
		at org.apache.catalina.valves.ErrorReportValve.invoke(ErrorReportValve.java:83)
		at org.apache.catalina.valves.AbstractAccessLogValve.invoke(AbstractAccessLogValve.java:782)
		at org.apache.catalina.core.StandardEngineValve.invoke(StandardEngineValve.java:72)
		at org.apache.catalina.connector.CoyoteAdapter.service(CoyoteAdapter.java:341)
		at org.apache.coyote.http11.Http11Processor.service(Http11Processor.java:397)
		at org.apache.coyote.AbstractProcessorLight.process(AbstractProcessorLight.java:63)
		at org.apache.coyote.AbstractProtocol$ConnectionHandler.process(AbstractProtocol.java:1272)
		at org.apache.tomcat.util.net.NioEndpoint$SocketProcessor.doRun(NioEndpoint.java:1801)
		at org.apache.tomcat.util.net.SocketProcessorBase.run(SocketProcessorBase.java:52)
		at org.apache.tomcat.util.threads.ThreadPoolExecutor.runWorker(ThreadPoolExecutor.java:946)
		at org.apache.tomcat.util.threads.ThreadPoolExecutor$Worker.run(ThreadPoolExecutor.java:480)
		at org.apache.tomcat.util.threads.TaskThread$WrappingRunnable.run(TaskThread.java:57)
		at java.base/java.lang.Thread.run(Thread.java:840)
	Caused by: java.lang.UnsupportedClassVersionError: org/lpu/dev/codes/security/SecurityConfig has been compiled by a more recent version of the Java Runtime (class file version 65.0), this version of the Java Runtime only recognizes class file versions up to 61.0 (unable to load class [org.lpu.dev.codes.security.SecurityConfig])
		at org.apache.catalina.loader.WebappClassLoaderBase.findClassInternal(WebappClassLoaderBase.java:2170)
		at org.apache.catalina.loader.WebappClassLoaderBase.findClass(WebappClassLoaderBase.java:693)
		at org.apache.catalina.loader.WebappClassLoaderBase.loadClass(WebappClassLoaderBase.java:1186)
		at org.apache.catalina.loader.WebappClassLoaderBase.loadClass(WebappClassLoaderBase.java:1056)
		at java.base/java.lang.Class.forName0(Native Method)
		at java.base/java.lang.Class.forName(Class.java:469)
		at org.springframework.util.ClassUtils.forName(ClassUtils.java:302)
		at org.springframework.beans.factory.support.AbstractBeanDefinition.resolveBeanClass(AbstractBeanDefinition.java:489)
		at org.springframework.context.annotation.ConfigurationClassPostProcessor.enhanceConfigurationClasses(ConfigurationClassPostProcessor.java:536)
		... 33 more
29-Jun-2026 04:26:03.277 SEVERE [http-nio-8080-exec-5] org.apache.catalina.core.StandardWrapperValve.invoke Allocate exception for servlet [dispatcher1]
	java.lang.UnsupportedClassVersionError: org/lpu/dev/codes/security/SecurityConfig has been compiled by a more recent version of the Java Runtime (class file version 65.0), this version of the Java Runtime only recognizes class file versions up to 61.0 (unable to load class [org.lpu.dev.codes.security.SecurityConfig])
		at org.apache.catalina.loader.WebappClassLoaderBase.findClassInternal(WebappClassLoaderBase.java:2170)
		at org.apache.catalina.loader.WebappClassLoaderBase.findClass(WebappClassLoaderBase.java:693)
		at org.apache.catalina.loader.WebappClassLoaderBase.loadClass(WebappClassLoaderBase.java:1186)
		at org.apache.catalina.loader.WebappClassLoaderBase.loadClass(WebappClassLoaderBase.java:1056)
		at java.base/java.lang.Class.forName0(Native Method)
		at java.base/java.lang.Class.forName(Class.java:469)
		at org.springframework.util.ClassUtils.forName(ClassUtils.java:302)
		at org.springframework.beans.factory.support.AbstractBeanDefinition.resolveBeanClass(AbstractBeanDefinition.java:489)
		at org.springframework.context.annotation.ConfigurationClassPostProcessor.enhanceConfigurationClasses(ConfigurationClassPostProcessor.java:536)
		at org.springframework.context.annotation.ConfigurationClassPostProcessor.postProcessBeanFactory(ConfigurationClassPostProcessor.java:337)
		at org.springframework.context.support.PostProcessorRegistrationDelegate.invokeBeanFactoryPostProcessors(PostProcessorRegistrationDelegate.java:363)
		at org.springframework.context.support.PostProcessorRegistrationDelegate.invokeBeanFactoryPostProcessors(PostProcessorRegistrationDelegate.java:153)
		at org.springframework.context.support.AbstractApplicationContext.invokeBeanFactoryPostProcessors(AbstractApplicationContext.java:795)
		at org.springframework.context.support.AbstractApplicationContext.refresh(AbstractApplicationContext.java:603)
		at org.springframework.web.servlet.FrameworkServlet.configureAndRefreshWebApplicationContext(FrameworkServlet.java:696)
		at org.springframework.web.servlet.FrameworkServlet.createWebApplicationContext(FrameworkServlet.java:662)
		at org.springframework.web.servlet.FrameworkServlet.createWebApplicationContext(FrameworkServlet.java:710)
		at org.springframework.web.servlet.FrameworkServlet.initWebApplicationContext(FrameworkServlet.java:586)
		at org.springframework.web.servlet.FrameworkServlet.initServletBean(FrameworkServlet.java:528)
		at org.springframework.web.servlet.HttpServletBean.init(HttpServletBean.java:171)
		at jakarta.servlet.GenericServlet.init(GenericServlet.java:145)
		at jakarta.servlet.http.HttpServlet.init(HttpServlet.java:124)
		at org.apache.catalina.core.StandardWrapper.initServlet(StandardWrapper.java:819)
		at org.apache.catalina.core.StandardWrapper.loadServlet(StandardWrapper.java:789)
		at org.apache.catalina.core.StandardWrapper.allocate(StandardWrapper.java:571)
		at org.apache.catalina.core.StandardWrapperValve.invoke(StandardWrapperValve.java:113)
		at org.apache.catalina.core.StandardContextValve.invoke(StandardContextValve.java:77)
		at org.apache.catalina.authenticator.AuthenticatorBase.invoke(AuthenticatorBase.java:492)
		at org.apache.catalina.core.StandardHostValve.invoke(StandardHostValve.java:113)
		at org.apache.catalina.valves.ErrorReportValve.invoke(ErrorReportValve.java:83)
		at org.apache.catalina.valves.AbstractAccessLogValve.invoke(AbstractAccessLogValve.java:782)
		at org.apache.catalina.core.StandardEngineValve.invoke(StandardEngineValve.java:72)
		at org.apache.catalina.connector.CoyoteAdapter.service(CoyoteAdapter.java:341)
		at org.apache.coyote.http11.Http11Processor.service(Http11Processor.java:397)
		at org.apache.coyote.AbstractProcessorLight.process(AbstractProcessorLight.java:63)
		at org.apache.coyote.AbstractProtocol$ConnectionHandler.process(AbstractProtocol.java:1272)
		at org.apache.tomcat.util.net.NioEndpoint$SocketProcessor.doRun(NioEndpoint.java:1801)
		at org.apache.tomcat.util.net.SocketProcessorBase.run(SocketProcessorBase.java:52)
		at org.apache.tomcat.util.threads.ThreadPoolExecutor.runWorker(ThreadPoolExecutor.java:946)
		at org.apache.tomcat.util.threads.ThreadPoolExecutor$Worker.run(ThreadPoolExecutor.java:480)
		at org.apache.tomcat.util.threads.TaskThread$WrappingRunnable.run(TaskThread.java:57)
		at java.base/java.lang.Thread.run(Thread.java:840)
29-Jun-2026 04:26:03.350 INFO [http-nio-8080-exec-6] org.apache.catalina.core.ApplicationContext.log Initializing Spring DispatcherServlet 'dispatcher1'
29-Jun-2026 04:26:03.419 SEVERE [http-nio-8080-exec-6] org.apache.catalina.core.ApplicationContext.log Servlet.init() for servlet [dispatcher1] threw exception
	java.lang.IllegalStateException: Cannot load configuration class: org.lpu.dev.codes.security.SecurityConfig
		at org.springframework.context.annotation.ConfigurationClassPostProcessor.enhanceConfigurationClasses(ConfigurationClassPostProcessor.java:540)
		at org.springframework.context.annotation.ConfigurationClassPostProcessor.postProcessBeanFactory(ConfigurationClassPostProcessor.java:337)
		at org.springframework.context.support.PostProcessorRegistrationDelegate.invokeBeanFactoryPostProcessors(PostProcessorRegistrationDelegate.java:363)
		at org.springframework.context.support.PostProcessorRegistrationDelegate.invokeBeanFactoryPostProcessors(PostProcessorRegistrationDelegate.java:153)
		at org.springframework.context.support.AbstractApplicationContext.invokeBeanFactoryPostProcessors(AbstractApplicationContext.java:795)
		at org.springframework.context.support.AbstractApplicationContext.refresh(AbstractApplicationContext.java:603)
		at org.springframework.web.servlet.FrameworkServlet.configureAndRefreshWebApplicationContext(FrameworkServlet.java:696)
		at org.springframework.web.servlet.FrameworkServlet.createWebApplicationContext(FrameworkServlet.java:662)
		at org.springframework.web.servlet.FrameworkServlet.createWebApplicationContext(FrameworkServlet.java:710)
		at org.springframework.web.servlet.FrameworkServlet.initWebApplicationContext(FrameworkServlet.java:586)
		at org.springframework.web.servlet.FrameworkServlet.initServletBean(FrameworkServlet.java:528)
		at org.springframework.web.servlet.HttpServletBean.init(HttpServletBean.java:171)
		at jakarta.servlet.GenericServlet.init(GenericServlet.java:145)
		at jakarta.servlet.http.HttpServlet.init(HttpServlet.java:124)
		at org.apache.catalina.core.StandardWrapper.initServlet(StandardWrapper.java:819)
		at org.apache.catalina.core.StandardWrapper.loadServlet(StandardWrapper.java:789)
		at org.apache.catalina.core.StandardWrapper.allocate(StandardWrapper.java:571)
		at org.apache.catalina.core.StandardWrapperValve.invoke(StandardWrapperValve.java:113)
		at org.apache.catalina.core.StandardContextValve.invoke(StandardContextValve.java:77)
		at org.apache.catalina.authenticator.AuthenticatorBase.invoke(AuthenticatorBase.java:492)
		at org.apache.catalina.core.StandardHostValve.invoke(StandardHostValve.java:113)
		at org.apache.catalina.valves.ErrorReportValve.invoke(ErrorReportValve.java:83)
		at org.apache.catalina.valves.AbstractAccessLogValve.invoke(AbstractAccessLogValve.java:782)
		at org.apache.catalina.core.StandardEngineValve.invoke(StandardEngineValve.java:72)
		at org.apache.catalina.connector.CoyoteAdapter.service(CoyoteAdapter.java:341)
		at org.apache.coyote.http11.Http11Processor.service(Http11Processor.java:397)
		at org.apache.coyote.AbstractProcessorLight.process(AbstractProcessorLight.java:63)
		at org.apache.coyote.AbstractProtocol$ConnectionHandler.process(AbstractProtocol.java:1272)
		at org.apache.tomcat.util.net.NioEndpoint$SocketProcessor.doRun(NioEndpoint.java:1801)
		at org.apache.tomcat.util.net.SocketProcessorBase.run(SocketProcessorBase.java:52)
		at org.apache.tomcat.util.threads.ThreadPoolExecutor.runWorker(ThreadPoolExecutor.java:946)
		at org.apache.tomcat.util.threads.ThreadPoolExecutor$Worker.run(ThreadPoolExecutor.java:480)
		at org.apache.tomcat.util.threads.TaskThread$WrappingRunnable.run(TaskThread.java:57)
		at java.base/java.lang.Thread.run(Thread.java:840)
	Caused by: java.lang.UnsupportedClassVersionError: org/lpu/dev/codes/security/SecurityConfig has been compiled by a more recent version of the Java Runtime (class file version 65.0), this version of the Java Runtime only recognizes class file versions up to 61.0 (unable to load class [org.lpu.dev.codes.security.SecurityConfig])
		at org.apache.catalina.loader.WebappClassLoaderBase.findClassInternal(WebappClassLoaderBase.java:2170)
		at org.apache.catalina.loader.WebappClassLoaderBase.findClass(WebappClassLoaderBase.java:693)
		at org.apache.catalina.loader.WebappClassLoaderBase.loadClass(WebappClassLoaderBase.java:1186)
		at org.apache.catalina.loader.WebappClassLoaderBase.loadClass(WebappClassLoaderBase.java:1056)
		at java.base/java.lang.Class.forName0(Native Method)
		at java.base/java.lang.Class.forName(Class.java:469)
		at org.springframework.util.ClassUtils.forName(ClassUtils.java:302)
		at org.springframework.beans.factory.support.AbstractBeanDefinition.resolveBeanClass(AbstractBeanDefinition.java:489)
		at org.springframework.context.annotation.ConfigurationClassPostProcessor.enhanceConfigurationClasses(ConfigurationClassPostProcessor.java:536)
		... 33 more
29-Jun-2026 04:26:03.420 SEVERE [http-nio-8080-exec-6] org.apache.catalina.core.StandardWrapperValve.invoke Allocate exception for servlet [dispatcher1]
	java.lang.UnsupportedClassVersionError: org/lpu/dev/codes/security/SecurityConfig has been compiled by a more recent version of the Java Runtime (class file version 65.0), this version of the Java Runtime only recognizes class file versions up to 61.0 (unable to load class [org.lpu.dev.codes.security.SecurityConfig])
		at org.apache.catalina.loader.WebappClassLoaderBase.findClassInternal(WebappClassLoaderBase.java:2170)
		at org.apache.catalina.loader.WebappClassLoaderBase.findClass(WebappClassLoaderBase.java:693)
		at org.apache.catalina.loader.WebappClassLoaderBase.loadClass(WebappClassLoaderBase.java:1186)
		at org.apache.catalina.loader.WebappClassLoaderBase.loadClass(WebappClassLoaderBase.java:1056)
		at java.base/java.lang.Class.forName0(Native Method)
		at java.base/java.lang.Class.forName(Class.java:469)
		at org.springframework.util.ClassUtils.forName(ClassUtils.java:302)
		at org.springframework.beans.factory.support.AbstractBeanDefinition.resolveBeanClass(AbstractBeanDefinition.java:489)
		at org.springframework.context.annotation.ConfigurationClassPostProcessor.enhanceConfigurationClasses(ConfigurationClassPostProcessor.java:536)
		at org.springframework.context.annotation.ConfigurationClassPostProcessor.postProcessBeanFactory(ConfigurationClassPostProcessor.java:337)
		at org.springframework.context.support.PostProcessorRegistrationDelegate.invokeBeanFactoryPostProcessors(PostProcessorRegistrationDelegate.java:363)
		at org.springframework.context.support.PostProcessorRegistrationDelegate.invokeBeanFactoryPostProcessors(PostProcessorRegistrationDelegate.java:153)
		at org.springframework.context.support.AbstractApplicationContext.invokeBeanFactoryPostProcessors(AbstractApplicationContext.java:795)
		at org.springframework.context.support.AbstractApplicationContext.refresh(AbstractApplicationContext.java:603)
		at org.springframework.web.servlet.FrameworkServlet.configureAndRefreshWebApplicationContext(FrameworkServlet.java:696)
		at org.springframework.web.servlet.FrameworkServlet.createWebApplicationContext(FrameworkServlet.java:662)
		at org.springframework.web.servlet.FrameworkServlet.createWebApplicationContext(FrameworkServlet.java:710)
		at org.springframework.web.servlet.FrameworkServlet.initWebApplicationContext(FrameworkServlet.java:586)
		at org.springframework.web.servlet.FrameworkServlet.initServletBean(FrameworkServlet.java:528)
		at org.springframework.web.servlet.HttpServletBean.init(HttpServletBean.java:171)
		at jakarta.servlet.GenericServlet.init(GenericServlet.java:145)
		at jakarta.servlet.http.HttpServlet.init(HttpServlet.java:124)
		at org.apache.catalina.core.StandardWrapper.initServlet(StandardWrapper.java:819)
		at org.apache.catalina.core.StandardWrapper.loadServlet(StandardWrapper.java:789)
		at org.apache.catalina.core.StandardWrapper.allocate(StandardWrapper.java:571)
		at org.apache.catalina.core.StandardWrapperValve.invoke(StandardWrapperValve.java:113)
		at org.apache.catalina.core.StandardContextValve.invoke(StandardContextValve.java:77)
		at org.apache.catalina.authenticator.AuthenticatorBase.invoke(AuthenticatorBase.java:492)
		at org.apache.catalina.core.StandardHostValve.invoke(StandardHostValve.java:113)
		at org.apache.catalina.valves.ErrorReportValve.invoke(ErrorReportValve.java:83)
		at org.apache.catalina.valves.AbstractAccessLogValve.invoke(AbstractAccessLogValve.java:782)
		at org.apache.catalina.core.StandardEngineValve.invoke(StandardEngineValve.java:72)
		at org.apache.catalina.connector.CoyoteAdapter.service(CoyoteAdapter.java:341)
		at org.apache.coyote.http11.Http11Processor.service(Http11Processor.java:397)
		at org.apache.coyote.AbstractProcessorLight.process(AbstractProcessorLight.java:63)
		at org.apache.coyote.AbstractProtocol$ConnectionHandler.process(AbstractProtocol.java:1272)
		at org.apache.tomcat.util.net.NioEndpoint$SocketProcessor.doRun(NioEndpoint.java:1801)
		at org.apache.tomcat.util.net.SocketProcessorBase.run(SocketProcessorBase.java:52)
		at org.apache.tomcat.util.threads.ThreadPoolExecutor.runWorker(ThreadPoolExecutor.java:946)
		at org.apache.tomcat.util.threads.ThreadPoolExecutor$Worker.run(ThreadPoolExecutor.java:480)
		at org.apache.tomcat.util.threads.TaskThread$WrappingRunnable.run(TaskThread.java:57)
		at java.base/java.lang.Thread.run(Thread.java:840)
29-Jun-2026 04:26:03.512 INFO [http-nio-8080-exec-7] org.apache.catalina.core.ApplicationContext.log Initializing Spring DispatcherServlet 'dispatcher1'
29-Jun-2026 04:26:03.579 SEVERE [http-nio-8080-exec-7] org.apache.catalina.core.ApplicationContext.log Servlet.init() for servlet [dispatcher1] threw exception
	java.lang.IllegalStateException: Cannot load configuration class: org.lpu.dev.codes.security.SecurityConfig
		at org.springframework.context.annotation.ConfigurationClassPostProcessor.enhanceConfigurationClasses(ConfigurationClassPostProcessor.java:540)
		at org.springframework.context.annotation.ConfigurationClassPostProcessor.postProcessBeanFactory(ConfigurationClassPostProcessor.java:337)
		at org.springframework.context.support.PostProcessorRegistrationDelegate.invokeBeanFactoryPostProcessors(PostProcessorRegistrationDelegate.java:363)
		at org.springframework.context.support.PostProcessorRegistrationDelegate.invokeBeanFactoryPostProcessors(PostProcessorRegistrationDelegate.java:153)
		at org.springframework.context.support.AbstractApplicationContext.invokeBeanFactoryPostProcessors(AbstractApplicationContext.java:795)
		at org.springframework.context.support.AbstractApplicationContext.refresh(AbstractApplicationContext.java:603)
		at org.springframework.web.servlet.FrameworkServlet.configureAndRefreshWebApplicationContext(FrameworkServlet.java:696)
		at org.springframework.web.servlet.FrameworkServlet.createWebApplicationContext(FrameworkServlet.java:662)
		at org.springframework.web.servlet.FrameworkServlet.createWebApplicationContext(FrameworkServlet.java:710)
		at org.springframework.web.servlet.FrameworkServlet.initWebApplicationContext(FrameworkServlet.java:586)
		at org.springframework.web.servlet.FrameworkServlet.initServletBean(FrameworkServlet.java:528)
		at org.springframework.web.servlet.HttpServletBean.init(HttpServletBean.java:171)
		at jakarta.servlet.GenericServlet.init(GenericServlet.java:145)
		at jakarta.servlet.http.HttpServlet.init(HttpServlet.java:124)
		at org.apache.catalina.core.StandardWrapper.initServlet(StandardWrapper.java:819)
		at org.apache.catalina.core.StandardWrapper.loadServlet(StandardWrapper.java:789)
		at org.apache.catalina.core.StandardWrapper.allocate(StandardWrapper.java:571)
		at org.apache.catalina.core.StandardWrapperValve.invoke(StandardWrapperValve.java:113)
		at org.apache.catalina.core.StandardContextValve.invoke(StandardContextValve.java:77)
		at org.apache.catalina.authenticator.AuthenticatorBase.invoke(AuthenticatorBase.java:492)
		at org.apache.catalina.core.StandardHostValve.invoke(StandardHostValve.java:113)
		at org.apache.catalina.valves.ErrorReportValve.invoke(ErrorReportValve.java:83)
		at org.apache.catalina.valves.AbstractAccessLogValve.invoke(AbstractAccessLogValve.java:782)
		at org.apache.catalina.core.StandardEngineValve.invoke(StandardEngineValve.java:72)
		at org.apache.catalina.connector.CoyoteAdapter.service(CoyoteAdapter.java:341)
		at org.apache.coyote.http11.Http11Processor.service(Http11Processor.java:397)
		at org.apache.coyote.AbstractProcessorLight.process(AbstractProcessorLight.java:63)
		at org.apache.coyote.AbstractProtocol$ConnectionHandler.process(AbstractProtocol.java:1272)
		at org.apache.tomcat.util.net.NioEndpoint$SocketProcessor.doRun(NioEndpoint.java:1801)
		at org.apache.tomcat.util.net.SocketProcessorBase.run(SocketProcessorBase.java:52)
		at org.apache.tomcat.util.threads.ThreadPoolExecutor.runWorker(ThreadPoolExecutor.java:946)
		at org.apache.tomcat.util.threads.ThreadPoolExecutor$Worker.run(ThreadPoolExecutor.java:480)
		at org.apache.tomcat.util.threads.TaskThread$WrappingRunnable.run(TaskThread.java:57)
		at java.base/java.lang.Thread.run(Thread.java:840)
	Caused by: java.lang.UnsupportedClassVersionError: org/lpu/dev/codes/security/SecurityConfig has been compiled by a more recent version of the Java Runtime (class file version 65.0), this version of the Java Runtime only recognizes class file versions up to 61.0 (unable to load class [org.lpu.dev.codes.security.SecurityConfig])
		at org.apache.catalina.loader.WebappClassLoaderBase.findClassInternal(WebappClassLoaderBase.java:2170)
		at org.apache.catalina.loader.WebappClassLoaderBase.findClass(WebappClassLoaderBase.java:693)
		at org.apache.catalina.loader.WebappClassLoaderBase.loadClass(WebappClassLoaderBase.java:1186)
		at org.apache.catalina.loader.WebappClassLoaderBase.loadClass(WebappClassLoaderBase.java:1056)
		at java.base/java.lang.Class.forName0(Native Method)
		at java.base/java.lang.Class.forName(Class.java:469)
		at org.springframework.util.ClassUtils.forName(ClassUtils.java:302)
		at org.springframework.beans.factory.support.AbstractBeanDefinition.resolveBeanClass(AbstractBeanDefinition.java:489)
		at org.springframework.context.annotation.ConfigurationClassPostProcessor.enhanceConfigurationClasses(ConfigurationClassPostProcessor.java:536)
		... 33 more
29-Jun-2026 04:26:03.579 SEVERE [http-nio-8080-exec-7] org.apache.catalina.core.StandardWrapperValve.invoke Allocate exception for servlet [dispatcher1]
	java.lang.UnsupportedClassVersionError: org/lpu/dev/codes/security/SecurityConfig has been compiled by a more recent version of the Java Runtime (class file version 65.0), this version of the Java Runtime only recognizes class file versions up to 61.0 (unable to load class [org.lpu.dev.codes.security.SecurityConfig])
		at org.apache.catalina.loader.WebappClassLoaderBase.findClassInternal(WebappClassLoaderBase.java:2170)
		at org.apache.catalina.loader.WebappClassLoaderBase.findClass(WebappClassLoaderBase.java:693)
		at org.apache.catalina.loader.WebappClassLoaderBase.loadClass(WebappClassLoaderBase.java:1186)
		at org.apache.catalina.loader.WebappClassLoaderBase.loadClass(WebappClassLoaderBase.java:1056)
		at java.base/java.lang.Class.forName0(Native Method)
		at java.base/java.lang.Class.forName(Class.java:469)
		at org.springframework.util.ClassUtils.forName(ClassUtils.java:302)
		at org.springframework.beans.factory.support.AbstractBeanDefinition.resolveBeanClass(AbstractBeanDefinition.java:489)
		at org.springframework.context.annotation.ConfigurationClassPostProcessor.enhanceConfigurationClasses(ConfigurationClassPostProcessor.java:536)
		at org.springframework.context.annotation.ConfigurationClassPostProcessor.postProcessBeanFactory(ConfigurationClassPostProcessor.java:337)
		at org.springframework.context.support.PostProcessorRegistrationDelegate.invokeBeanFactoryPostProcessors(PostProcessorRegistrationDelegate.java:363)
		at org.springframework.context.support.PostProcessorRegistrationDelegate.invokeBeanFactoryPostProcessors(PostProcessorRegistrationDelegate.java:153)
		at org.springframework.context.support.AbstractApplicationContext.invokeBeanFactoryPostProcessors(AbstractApplicationContext.java:795)
		at org.springframework.context.support.AbstractApplicationContext.refresh(AbstractApplicationContext.java:603)
		at org.springframework.web.servlet.FrameworkServlet.configureAndRefreshWebApplicationContext(FrameworkServlet.java:696)
		at org.springframework.web.servlet.FrameworkServlet.createWebApplicationContext(FrameworkServlet.java:662)
		at org.springframework.web.servlet.FrameworkServlet.createWebApplicationContext(FrameworkServlet.java:710)
		at org.springframework.web.servlet.FrameworkServlet.initWebApplicationContext(FrameworkServlet.java:586)
		at org.springframework.web.servlet.FrameworkServlet.initServletBean(FrameworkServlet.java:528)
		at org.springframework.web.servlet.HttpServletBean.init(HttpServletBean.java:171)
		at jakarta.servlet.GenericServlet.init(GenericServlet.java:145)
		at jakarta.servlet.http.HttpServlet.init(HttpServlet.java:124)
		at org.apache.catalina.core.StandardWrapper.initServlet(StandardWrapper.java:819)
		at org.apache.catalina.core.StandardWrapper.loadServlet(StandardWrapper.java:789)
		at org.apache.catalina.core.StandardWrapper.allocate(StandardWrapper.java:571)
		at org.apache.catalina.core.StandardWrapperValve.invoke(StandardWrapperValve.java:113)
		at org.apache.catalina.core.StandardContextValve.invoke(StandardContextValve.java:77)
		at org.apache.catalina.authenticator.AuthenticatorBase.invoke(AuthenticatorBase.java:492)
		at org.apache.catalina.core.StandardHostValve.invoke(StandardHostValve.java:113)
		at org.apache.catalina.valves.ErrorReportValve.invoke(ErrorReportValve.java:83)
		at org.apache.catalina.valves.AbstractAccessLogValve.invoke(AbstractAccessLogValve.java:782)
		at org.apache.catalina.core.StandardEngineValve.invoke(StandardEngineValve.java:72)
		at org.apache.catalina.connector.CoyoteAdapter.service(CoyoteAdapter.java:341)
		at org.apache.coyote.http11.Http11Processor.service(Http11Processor.java:397)
		at org.apache.coyote.AbstractProcessorLight.process(AbstractProcessorLight.java:63)
		at org.apache.coyote.AbstractProtocol$ConnectionHandler.process(AbstractProtocol.java:1272)
		at org.apache.tomcat.util.net.NioEndpoint$SocketProcessor.doRun(NioEndpoint.java:1801)
		at org.apache.tomcat.util.net.SocketProcessorBase.run(SocketProcessorBase.java:52)
		at org.apache.tomcat.util.threads.ThreadPoolExecutor.runWorker(ThreadPoolExecutor.java:946)
		at org.apache.tomcat.util.threads.ThreadPoolExecutor$Worker.run(ThreadPoolExecutor.java:480)
		at org.apache.tomcat.util.threads.TaskThread$WrappingRunnable.run(TaskThread.java:57)
		at java.base/java.lang.Thread.run(Thread.java:840)
29-Jun-2026 04:26:03.664 INFO [http-nio-8080-exec-8] org.apache.catalina.core.ApplicationContext.log Initializing Spring DispatcherServlet 'dispatcher1'
29-Jun-2026 04:26:03.745 SEVERE [http-nio-8080-exec-8] org.apache.catalina.core.ApplicationContext.log Servlet.init() for servlet [dispatcher1] threw exception
	java.lang.IllegalStateException: Cannot load configuration class: org.lpu.dev.codes.security.SecurityConfig
		at org.springframework.context.annotation.ConfigurationClassPostProcessor.enhanceConfigurationClasses(ConfigurationClassPostProcessor.java:540)
		at org.springframework.context.annotation.ConfigurationClassPostProcessor.postProcessBeanFactory(ConfigurationClassPostProcessor.java:337)
		at org.springframework.context.support.PostProcessorRegistrationDelegate.invokeBeanFactoryPostProcessors(PostProcessorRegistrationDelegate.java:363)
		at org.springframework.context.support.PostProcessorRegistrationDelegate.invokeBeanFactoryPostProcessors(PostProcessorRegistrationDelegate.java:153)
		at org.springframework.context.support.AbstractApplicationContext.invokeBeanFactoryPostProcessors(AbstractApplicationContext.java:795)
		at org.springframework.context.support.AbstractApplicationContext.refresh(AbstractApplicationContext.java:603)
		at org.springframework.web.servlet.FrameworkServlet.configureAndRefreshWebApplicationContext(FrameworkServlet.java:696)
		at org.springframework.web.servlet.FrameworkServlet.createWebApplicationContext(FrameworkServlet.java:662)
		at org.springframework.web.servlet.FrameworkServlet.createWebApplicationContext(FrameworkServlet.java:710)
		at org.springframework.web.servlet.FrameworkServlet.initWebApplicationContext(FrameworkServlet.java:586)
		at org.springframework.web.servlet.FrameworkServlet.initServletBean(FrameworkServlet.java:528)
		at org.springframework.web.servlet.HttpServletBean.init(HttpServletBean.java:171)
		at jakarta.servlet.GenericServlet.init(GenericServlet.java:145)
		at jakarta.servlet.http.HttpServlet.init(HttpServlet.java:124)
		at org.apache.catalina.core.StandardWrapper.initServlet(StandardWrapper.java:819)
		at org.apache.catalina.core.StandardWrapper.loadServlet(StandardWrapper.java:789)
		at org.apache.catalina.core.StandardWrapper.allocate(StandardWrapper.java:571)
		at org.apache.catalina.core.StandardWrapperValve.invoke(StandardWrapperValve.java:113)
		at org.apache.catalina.core.StandardContextValve.invoke(StandardContextValve.java:77)
		at org.apache.catalina.authenticator.AuthenticatorBase.invoke(AuthenticatorBase.java:492)
		at org.apache.catalina.core.StandardHostValve.invoke(StandardHostValve.java:113)
		at org.apache.catalina.valves.ErrorReportValve.invoke(ErrorReportValve.java:83)
		at org.apache.catalina.valves.AbstractAccessLogValve.invoke(AbstractAccessLogValve.java:782)
		at org.apache.catalina.core.StandardEngineValve.invoke(StandardEngineValve.java:72)
		at org.apache.catalina.connector.CoyoteAdapter.service(CoyoteAdapter.java:341)
		at org.apache.coyote.http11.Http11Processor.service(Http11Processor.java:397)
		at org.apache.coyote.AbstractProcessorLight.process(AbstractProcessorLight.java:63)
		at org.apache.coyote.AbstractProtocol$ConnectionHandler.process(AbstractProtocol.java:1272)
		at org.apache.tomcat.util.net.NioEndpoint$SocketProcessor.doRun(NioEndpoint.java:1801)
		at org.apache.tomcat.util.net.SocketProcessorBase.run(SocketProcessorBase.java:52)
		at org.apache.tomcat.util.threads.ThreadPoolExecutor.runWorker(ThreadPoolExecutor.java:946)
		at org.apache.tomcat.util.threads.ThreadPoolExecutor$Worker.run(ThreadPoolExecutor.java:480)
		at org.apache.tomcat.util.threads.TaskThread$WrappingRunnable.run(TaskThread.java:57)
		at java.base/java.lang.Thread.run(Thread.java:840)
	Caused by: java.lang.UnsupportedClassVersionError: org/lpu/dev/codes/security/SecurityConfig has been compiled by a more recent version of the Java Runtime (class file version 65.0), this version of the Java Runtime only recognizes class file versions up to 61.0 (unable to load class [org.lpu.dev.codes.security.SecurityConfig])
		at org.apache.catalina.loader.WebappClassLoaderBase.findClassInternal(WebappClassLoaderBase.java:2170)
		at org.apache.catalina.loader.WebappClassLoaderBase.findClass(WebappClassLoaderBase.java:693)
		at org.apache.catalina.loader.WebappClassLoaderBase.loadClass(WebappClassLoaderBase.java:1186)
		at org.apache.catalina.loader.WebappClassLoaderBase.loadClass(WebappClassLoaderBase.java:1056)
		at java.base/java.lang.Class.forName0(Native Method)
		at java.base/java.lang.Class.forName(Class.java:469)
		at org.springframework.util.ClassUtils.forName(ClassUtils.java:302)
		at org.springframework.beans.factory.support.AbstractBeanDefinition.resolveBeanClass(AbstractBeanDefinition.java:489)
		at org.springframework.context.annotation.ConfigurationClassPostProcessor.enhanceConfigurationClasses(ConfigurationClassPostProcessor.java:536)
		... 33 more
29-Jun-2026 04:26:03.746 SEVERE [http-nio-8080-exec-8] org.apache.catalina.core.StandardWrapperValve.invoke Allocate exception for servlet [dispatcher1]
	java.lang.UnsupportedClassVersionError: org/lpu/dev/codes/security/SecurityConfig has been compiled by a more recent version of the Java Runtime (class file version 65.0), this version of the Java Runtime only recognizes class file versions up to 61.0 (unable to load class [org.lpu.dev.codes.security.SecurityConfig])
		at org.apache.catalina.loader.WebappClassLoaderBase.findClassInternal(WebappClassLoaderBase.java:2170)
		at org.apache.catalina.loader.WebappClassLoaderBase.findClass(WebappClassLoaderBase.java:693)
		at org.apache.catalina.loader.WebappClassLoaderBase.loadClass(WebappClassLoaderBase.java:1186)
		at org.apache.catalina.loader.WebappClassLoaderBase.loadClass(WebappClassLoaderBase.java:1056)
		at java.base/java.lang.Class.forName0(Native Method)
		at java.base/java.lang.Class.forName(Class.java:469)
		at org.springframework.util.ClassUtils.forName(ClassUtils.java:302)
		at org.springframework.beans.factory.support.AbstractBeanDefinition.resolveBeanClass(AbstractBeanDefinition.java:489)
		at org.springframework.context.annotation.ConfigurationClassPostProcessor.enhanceConfigurationClasses(ConfigurationClassPostProcessor.java:536)
		at org.springframework.context.annotation.ConfigurationClassPostProcessor.postProcessBeanFactory(ConfigurationClassPostProcessor.java:337)
		at org.springframework.context.support.PostProcessorRegistrationDelegate.invokeBeanFactoryPostProcessors(PostProcessorRegistrationDelegate.java:363)
		at org.springframework.context.support.PostProcessorRegistrationDelegate.invokeBeanFactoryPostProcessors(PostProcessorRegistrationDelegate.java:153)
		at org.springframework.context.support.AbstractApplicationContext.invokeBeanFactoryPostProcessors(AbstractApplicationContext.java:795)
		at org.springframework.context.support.AbstractApplicationContext.refresh(AbstractApplicationContext.java:603)
		at org.springframework.web.servlet.FrameworkServlet.configureAndRefreshWebApplicationContext(FrameworkServlet.java:696)
		at org.springframework.web.servlet.FrameworkServlet.createWebApplicationContext(FrameworkServlet.java:662)
		at org.springframework.web.servlet.FrameworkServlet.createWebApplicationContext(FrameworkServlet.java:710)
		at org.springframework.web.servlet.FrameworkServlet.initWebApplicationContext(FrameworkServlet.java:586)
		at org.springframework.web.servlet.FrameworkServlet.initServletBean(FrameworkServlet.java:528)
		at org.springframework.web.servlet.HttpServletBean.init(HttpServletBean.java:171)
		at jakarta.servlet.GenericServlet.init(GenericServlet.java:145)
		at jakarta.servlet.http.HttpServlet.init(HttpServlet.java:124)
		at org.apache.catalina.core.StandardWrapper.initServlet(StandardWrapper.java:819)
		at org.apache.catalina.core.StandardWrapper.loadServlet(StandardWrapper.java:789)
		at org.apache.catalina.core.StandardWrapper.allocate(StandardWrapper.java:571)
		at org.apache.catalina.core.StandardWrapperValve.invoke(StandardWrapperValve.java:113)
		at org.apache.catalina.core.StandardContextValve.invoke(StandardContextValve.java:77)
		at org.apache.catalina.authenticator.AuthenticatorBase.invoke(AuthenticatorBase.java:492)
		at org.apache.catalina.core.StandardHostValve.invoke(StandardHostValve.java:113)
		at org.apache.catalina.valves.ErrorReportValve.invoke(ErrorReportValve.java:83)
		at org.apache.catalina.valves.AbstractAccessLogValve.invoke(AbstractAccessLogValve.java:782)
		at org.apache.catalina.core.StandardEngineValve.invoke(StandardEngineValve.java:72)
		at org.apache.catalina.connector.CoyoteAdapter.service(CoyoteAdapter.java:341)
		at org.apache.coyote.http11.Http11Processor.service(Http11Processor.java:397)
		at org.apache.coyote.AbstractProcessorLight.process(AbstractProcessorLight.java:63)
		at org.apache.coyote.AbstractProtocol$ConnectionHandler.process(AbstractProtocol.java:1272)
		at org.apache.tomcat.util.net.NioEndpoint$SocketProcessor.doRun(NioEndpoint.java:1801)
		at org.apache.tomcat.util.net.SocketProcessorBase.run(SocketProcessorBase.java:52)
		at org.apache.tomcat.util.threads.ThreadPoolExecutor.runWorker(ThreadPoolExecutor.java:946)
		at org.apache.tomcat.util.threads.ThreadPoolExecutor$Worker.run(ThreadPoolExecutor.java:480)
		at org.apache.tomcat.util.threads.TaskThread$WrappingRunnable.run(TaskThread.java:57)
		at java.base/java.lang.Thread.run(Thread.java:840)
29-Jun-2026 04:26:03.808 INFO [http-nio-8080-exec-10] org.apache.catalina.core.ApplicationContext.log Initializing Spring DispatcherServlet 'dispatcher1'
29-Jun-2026 04:26:03.957 SEVERE [http-nio-8080-exec-10] org.apache.catalina.core.ApplicationContext.log Servlet.init() for servlet [dispatcher1] threw exception
	java.lang.IllegalStateException: Cannot load configuration class: org.lpu.dev.codes.security.SecurityConfig
		at org.springframework.context.annotation.ConfigurationClassPostProcessor.enhanceConfigurationClasses(ConfigurationClassPostProcessor.java:540)
		at org.springframework.context.annotation.ConfigurationClassPostProcessor.postProcessBeanFactory(ConfigurationClassPostProcessor.java:337)
		at org.springframework.context.support.PostProcessorRegistrationDelegate.invokeBeanFactoryPostProcessors(PostProcessorRegistrationDelegate.java:363)
		at org.springframework.context.support.PostProcessorRegistrationDelegate.invokeBeanFactoryPostProcessors(PostProcessorRegistrationDelegate.java:153)
		at org.springframework.context.support.AbstractApplicationContext.invokeBeanFactoryPostProcessors(AbstractApplicationContext.java:795)
		at org.springframework.context.support.AbstractApplicationContext.refresh(AbstractApplicationContext.java:603)
		at org.springframework.web.servlet.FrameworkServlet.configureAndRefreshWebApplicationContext(FrameworkServlet.java:696)
		at org.springframework.web.servlet.FrameworkServlet.createWebApplicationContext(FrameworkServlet.java:662)
		at org.springframework.web.servlet.FrameworkServlet.createWebApplicationContext(FrameworkServlet.java:710)
		at org.springframework.web.servlet.FrameworkServlet.initWebApplicationContext(FrameworkServlet.java:586)
		at org.springframework.web.servlet.FrameworkServlet.initServletBean(FrameworkServlet.java:528)
		at org.springframework.web.servlet.HttpServletBean.init(HttpServletBean.java:171)
		at jakarta.servlet.GenericServlet.init(GenericServlet.java:145)
		at jakarta.servlet.http.HttpServlet.init(HttpServlet.java:124)
		at org.apache.catalina.core.StandardWrapper.initServlet(StandardWrapper.java:819)
		at org.apache.catalina.core.StandardWrapper.loadServlet(StandardWrapper.java:789)
		at org.apache.catalina.core.StandardWrapper.allocate(StandardWrapper.java:571)
		at org.apache.catalina.core.StandardWrapperValve.invoke(StandardWrapperValve.java:113)
		at org.apache.catalina.core.StandardContextValve.invoke(StandardContextValve.java:77)
		at org.apache.catalina.authenticator.AuthenticatorBase.invoke(AuthenticatorBase.java:492)
		at org.apache.catalina.core.StandardHostValve.invoke(StandardHostValve.java:113)
		at org.apache.catalina.valves.ErrorReportValve.invoke(ErrorReportValve.java:83)
		at org.apache.catalina.valves.AbstractAccessLogValve.invoke(AbstractAccessLogValve.java:782)
		at org.apache.catalina.core.StandardEngineValve.invoke(StandardEngineValve.java:72)
		at org.apache.catalina.connector.CoyoteAdapter.service(CoyoteAdapter.java:341)
		at org.apache.coyote.http11.Http11Processor.service(Http11Processor.java:397)
		at org.apache.coyote.AbstractProcessorLight.process(AbstractProcessorLight.java:63)
		at org.apache.coyote.AbstractProtocol$ConnectionHandler.process(AbstractProtocol.java:1272)
		at org.apache.tomcat.util.net.NioEndpoint$SocketProcessor.doRun(NioEndpoint.java:1801)
		at org.apache.tomcat.util.net.SocketProcessorBase.run(SocketProcessorBase.java:52)
		at org.apache.tomcat.util.threads.ThreadPoolExecutor.runWorker(ThreadPoolExecutor.java:946)
		at org.apache.tomcat.util.threads.ThreadPoolExecutor$Worker.run(ThreadPoolExecutor.java:480)
		at org.apache.tomcat.util.threads.TaskThread$WrappingRunnable.run(TaskThread.java:57)
		at java.base/java.lang.Thread.run(Thread.java:840)
	Caused by: java.lang.UnsupportedClassVersionError: org/lpu/dev/codes/security/SecurityConfig has been compiled by a more recent version of the Java Runtime (class file version 65.0), this version of the Java Runtime only recognizes class file versions up to 61.0 (unable to load class [org.lpu.dev.codes.security.SecurityConfig])
		at org.apache.catalina.loader.WebappClassLoaderBase.findClassInternal(WebappClassLoaderBase.java:2170)
		at org.apache.catalina.loader.WebappClassLoaderBase.findClass(WebappClassLoaderBase.java:693)
		at org.apache.catalina.loader.WebappClassLoaderBase.loadClass(WebappClassLoaderBase.java:1186)
		at org.apache.catalina.loader.WebappClassLoaderBase.loadClass(WebappClassLoaderBase.java:1056)
		at java.base/java.lang.Class.forName0(Native Method)
		at java.base/java.lang.Class.forName(Class.java:469)
		at org.springframework.util.ClassUtils.forName(ClassUtils.java:302)
		at org.springframework.beans.factory.support.AbstractBeanDefinition.resolveBeanClass(AbstractBeanDefinition.java:489)
		at org.springframework.context.annotation.ConfigurationClassPostProcessor.enhanceConfigurationClasses(ConfigurationClassPostProcessor.java:536)
		... 33 more
29-Jun-2026 04:26:03.957 SEVERE [http-nio-8080-exec-10] org.apache.catalina.core.StandardWrapperValve.invoke Allocate exception for servlet [dispatcher1]
	java.lang.UnsupportedClassVersionError: org/lpu/dev/codes/security/SecurityConfig has been compiled by a more recent version of the Java Runtime (class file version 65.0), this version of the Java Runtime only recognizes class file versions up to 61.0 (unable to load class [org.lpu.dev.codes.security.SecurityConfig])
		at org.apache.catalina.loader.WebappClassLoaderBase.findClassInternal(WebappClassLoaderBase.java:2170)
		at org.apache.catalina.loader.WebappClassLoaderBase.findClass(WebappClassLoaderBase.java:693)
		at org.apache.catalina.loader.WebappClassLoaderBase.loadClass(WebappClassLoaderBase.java:1186)
		at org.apache.catalina.loader.WebappClassLoaderBase.loadClass(WebappClassLoaderBase.java:1056)
		at java.base/java.lang.Class.forName0(Native Method)
		at java.base/java.lang.Class.forName(Class.java:469)
		at org.springframework.util.ClassUtils.forName(ClassUtils.java:302)
		at org.springframework.beans.factory.support.AbstractBeanDefinition.resolveBeanClass(AbstractBeanDefinition.java:489)
		at org.springframework.context.annotation.ConfigurationClassPostProcessor.enhanceConfigurationClasses(ConfigurationClassPostProcessor.java:536)
		at org.springframework.context.annotation.ConfigurationClassPostProcessor.postProcessBeanFactory(ConfigurationClassPostProcessor.java:337)
		at org.springframework.context.support.PostProcessorRegistrationDelegate.invokeBeanFactoryPostProcessors(PostProcessorRegistrationDelegate.java:363)
		at org.springframework.context.support.PostProcessorRegistrationDelegate.invokeBeanFactoryPostProcessors(PostProcessorRegistrationDelegate.java:153)
		at org.springframework.context.support.AbstractApplicationContext.invokeBeanFactoryPostProcessors(AbstractApplicationContext.java:795)
		at org.springframework.context.support.AbstractApplicationContext.refresh(AbstractApplicationContext.java:603)
		at org.springframework.web.servlet.FrameworkServlet.configureAndRefreshWebApplicationContext(FrameworkServlet.java:696)
		at org.springframework.web.servlet.FrameworkServlet.createWebApplicationContext(FrameworkServlet.java:662)
		at org.springframework.web.servlet.FrameworkServlet.createWebApplicationContext(FrameworkServlet.java:710)
		at org.springframework.web.servlet.FrameworkServlet.initWebApplicationContext(FrameworkServlet.java:586)
		at org.springframework.web.servlet.FrameworkServlet.initServletBean(FrameworkServlet.java:528)
		at org.springframework.web.servlet.HttpServletBean.init(HttpServletBean.java:171)
		at jakarta.servlet.GenericServlet.init(GenericServlet.java:145)
		at jakarta.servlet.http.HttpServlet.init(HttpServlet.java:124)
		at org.apache.catalina.core.StandardWrapper.initServlet(StandardWrapper.java:819)
		at org.apache.catalina.core.StandardWrapper.loadServlet(StandardWrapper.java:789)
		at org.apache.catalina.core.StandardWrapper.allocate(StandardWrapper.java:571)
		at org.apache.catalina.core.StandardWrapperValve.invoke(StandardWrapperValve.java:113)
		at org.apache.catalina.core.StandardContextValve.invoke(StandardContextValve.java:77)
		at org.apache.catalina.authenticator.AuthenticatorBase.invoke(AuthenticatorBase.java:492)
		at org.apache.catalina.core.StandardHostValve.invoke(StandardHostValve.java:113)
		at org.apache.catalina.valves.ErrorReportValve.invoke(ErrorReportValve.java:83)
		at org.apache.catalina.valves.AbstractAccessLogValve.invoke(AbstractAccessLogValve.java:782)
		at org.apache.catalina.core.StandardEngineValve.invoke(StandardEngineValve.java:72)
		at org.apache.catalina.connector.CoyoteAdapter.service(CoyoteAdapter.java:341)
		at org.apache.coyote.http11.Http11Processor.service(Http11Processor.java:397)
		at org.apache.coyote.AbstractProcessorLight.process(AbstractProcessorLight.java:63)
		at org.apache.coyote.AbstractProtocol$ConnectionHandler.process(AbstractProtocol.java:1272)
		at org.apache.tomcat.util.net.NioEndpoint$SocketProcessor.doRun(NioEndpoint.java:1801)
		at org.apache.tomcat.util.net.SocketProcessorBase.run(SocketProcessorBase.java:52)
		at org.apache.tomcat.util.threads.ThreadPoolExecutor.runWorker(ThreadPoolExecutor.java:946)
		at org.apache.tomcat.util.threads.ThreadPoolExecutor$Worker.run(ThreadPoolExecutor.java:480)
		at org.apache.tomcat.util.threads.TaskThread$WrappingRunnable.run(TaskThread.java:57)
		at java.base/java.lang.Thread.run(Thread.java:840)
29-Jun-2026 04:26:16.478 INFO [http-nio-8080-exec-9] org.apache.catalina.core.ApplicationContext.log Initializing Spring DispatcherServlet 'dispatcher1'
29-Jun-2026 04:26:16.583 SEVERE [http-nio-8080-exec-9] org.apache.catalina.core.ApplicationContext.log Servlet.init() for servlet [dispatcher1] threw exception
	java.lang.IllegalStateException: Cannot load configuration class: org.lpu.dev.codes.security.SecurityConfig
		at org.springframework.context.annotation.ConfigurationClassPostProcessor.enhanceConfigurationClasses(ConfigurationClassPostProcessor.java:540)
		at org.springframework.context.annotation.ConfigurationClassPostProcessor.postProcessBeanFactory(ConfigurationClassPostProcessor.java:337)
		at org.springframework.context.support.PostProcessorRegistrationDelegate.invokeBeanFactoryPostProcessors(PostProcessorRegistrationDelegate.java:363)
		at org.springframework.context.support.PostProcessorRegistrationDelegate.invokeBeanFactoryPostProcessors(PostProcessorRegistrationDelegate.java:153)
		at org.springframework.context.support.AbstractApplicationContext.invokeBeanFactoryPostProcessors(AbstractApplicationContext.java:795)
		at org.springframework.context.support.AbstractApplicationContext.refresh(AbstractApplicationContext.java:603)
		at org.springframework.web.servlet.FrameworkServlet.configureAndRefreshWebApplicationContext(FrameworkServlet.java:696)
		at org.springframework.web.servlet.FrameworkServlet.createWebApplicationContext(FrameworkServlet.java:662)
		at org.springframework.web.servlet.FrameworkServlet.createWebApplicationContext(FrameworkServlet.java:710)
		at org.springframework.web.servlet.FrameworkServlet.initWebApplicationContext(FrameworkServlet.java:586)
		at org.springframework.web.servlet.FrameworkServlet.initServletBean(FrameworkServlet.java:528)
		at org.springframework.web.servlet.HttpServletBean.init(HttpServletBean.java:171)
		at jakarta.servlet.GenericServlet.init(GenericServlet.java:145)
		at jakarta.servlet.http.HttpServlet.init(HttpServlet.java:124)
		at org.apache.catalina.core.StandardWrapper.initServlet(StandardWrapper.java:819)
		at org.apache.catalina.core.StandardWrapper.loadServlet(StandardWrapper.java:789)
		at org.apache.catalina.core.StandardWrapper.allocate(StandardWrapper.java:571)
		at org.apache.catalina.core.StandardWrapperValve.invoke(StandardWrapperValve.java:113)
		at org.apache.catalina.core.StandardContextValve.invoke(StandardContextValve.java:77)
		at org.apache.catalina.authenticator.AuthenticatorBase.invoke(AuthenticatorBase.java:492)
		at org.apache.catalina.core.StandardHostValve.invoke(StandardHostValve.java:113)
		at org.apache.catalina.valves.ErrorReportValve.invoke(ErrorReportValve.java:83)
		at org.apache.catalina.valves.AbstractAccessLogValve.invoke(AbstractAccessLogValve.java:782)
		at org.apache.catalina.core.StandardEngineValve.invoke(StandardEngineValve.java:72)
		at org.apache.catalina.connector.CoyoteAdapter.service(CoyoteAdapter.java:341)
		at org.apache.coyote.http11.Http11Processor.service(Http11Processor.java:397)
		at org.apache.coyote.AbstractProcessorLight.process(AbstractProcessorLight.java:63)
		at org.apache.coyote.AbstractProtocol$ConnectionHandler.process(AbstractProtocol.java:1272)
		at org.apache.tomcat.util.net.NioEndpoint$SocketProcessor.doRun(NioEndpoint.java:1801)
		at org.apache.tomcat.util.net.SocketProcessorBase.run(SocketProcessorBase.java:52)
		at org.apache.tomcat.util.threads.ThreadPoolExecutor.runWorker(ThreadPoolExecutor.java:946)
		at org.apache.tomcat.util.threads.ThreadPoolExecutor$Worker.run(ThreadPoolExecutor.java:480)
		at org.apache.tomcat.util.threads.TaskThread$WrappingRunnable.run(TaskThread.java:57)
		at java.base/java.lang.Thread.run(Thread.java:840)
	Caused by: java.lang.UnsupportedClassVersionError: org/lpu/dev/codes/security/SecurityConfig has been compiled by a more recent version of the Java Runtime (class file version 65.0), this version of the Java Runtime only recognizes class file versions up to 61.0 (unable to load class [org.lpu.dev.codes.security.SecurityConfig])
		at org.apache.catalina.loader.WebappClassLoaderBase.findClassInternal(WebappClassLoaderBase.java:2170)
		at org.apache.catalina.loader.WebappClassLoaderBase.findClass(WebappClassLoaderBase.java:693)
		at org.apache.catalina.loader.WebappClassLoaderBase.loadClass(WebappClassLoaderBase.java:1186)
		at org.apache.catalina.loader.WebappClassLoaderBase.loadClass(WebappClassLoaderBase.java:1056)
		at java.base/java.lang.Class.forName0(Native Method)
		at java.base/java.lang.Class.forName(Class.java:469)
		at org.springframework.util.ClassUtils.forName(ClassUtils.java:302)
		at org.springframework.beans.factory.support.AbstractBeanDefinition.resolveBeanClass(AbstractBeanDefinition.java:489)
		at org.springframework.context.annotation.ConfigurationClassPostProcessor.enhanceConfigurationClasses(ConfigurationClassPostProcessor.java:536)
		... 33 more
29-Jun-2026 04:26:16.583 SEVERE [http-nio-8080-exec-9] org.apache.catalina.core.StandardWrapperValve.invoke Allocate exception for servlet [dispatcher1]
	java.lang.UnsupportedClassVersionError: org/lpu/dev/codes/security/SecurityConfig has been compiled by a more recent version of the Java Runtime (class file version 65.0), this version of the Java Runtime only recognizes class file versions up to 61.0 (unable to load class [org.lpu.dev.codes.security.SecurityConfig])
		at org.apache.catalina.loader.WebappClassLoaderBase.findClassInternal(WebappClassLoaderBase.java:2170)
		at org.apache.catalina.loader.WebappClassLoaderBase.findClass(WebappClassLoaderBase.java:693)
		at org.apache.catalina.loader.WebappClassLoaderBase.loadClass(WebappClassLoaderBase.java:1186)
		at org.apache.catalina.loader.WebappClassLoaderBase.loadClass(WebappClassLoaderBase.java:1056)
		at java.base/java.lang.Class.forName0(Native Method)
		at java.base/java.lang.Class.forName(Class.java:469)
		at org.springframework.util.ClassUtils.forName(ClassUtils.java:302)
		at org.springframework.beans.factory.support.AbstractBeanDefinition.resolveBeanClass(AbstractBeanDefinition.java:489)
		at org.springframework.context.annotation.ConfigurationClassPostProcessor.enhanceConfigurationClasses(ConfigurationClassPostProcessor.java:536)
		at org.springframework.context.annotation.ConfigurationClassPostProcessor.postProcessBeanFactory(ConfigurationClassPostProcessor.java:337)
		at org.springframework.context.support.PostProcessorRegistrationDelegate.invokeBeanFactoryPostProcessors(PostProcessorRegistrationDelegate.java:363)
		at org.springframework.context.support.PostProcessorRegistrationDelegate.invokeBeanFactoryPostProcessors(PostProcessorRegistrationDelegate.java:153)
		at org.springframework.context.support.AbstractApplicationContext.invokeBeanFactoryPostProcessors(AbstractApplicationContext.java:795)
		at org.springframework.context.support.AbstractApplicationContext.refresh(AbstractApplicationContext.java:603)
		at org.springframework.web.servlet.FrameworkServlet.configureAndRefreshWebApplicationContext(FrameworkServlet.java:696)
		at org.springframework.web.servlet.FrameworkServlet.createWebApplicationContext(FrameworkServlet.java:662)
		at org.springframework.web.servlet.FrameworkServlet.createWebApplicationContext(FrameworkServlet.java:710)
		at org.springframework.web.servlet.FrameworkServlet.initWebApplicationContext(FrameworkServlet.java:586)
		at org.springframework.web.servlet.FrameworkServlet.initServletBean(FrameworkServlet.java:528)
		at org.springframework.web.servlet.HttpServletBean.init(HttpServletBean.java:171)
		at jakarta.servlet.GenericServlet.init(GenericServlet.java:145)
		at jakarta.servlet.http.HttpServlet.init(HttpServlet.java:124)
		at org.apache.catalina.core.StandardWrapper.initServlet(StandardWrapper.java:819)
		at org.apache.catalina.core.StandardWrapper.loadServlet(StandardWrapper.java:789)
		at org.apache.catalina.core.StandardWrapper.allocate(StandardWrapper.java:571)
		at org.apache.catalina.core.StandardWrapperValve.invoke(StandardWrapperValve.java:113)
		at org.apache.catalina.core.StandardContextValve.invoke(StandardContextValve.java:77)
		at org.apache.catalina.authenticator.AuthenticatorBase.invoke(AuthenticatorBase.java:492)
		at org.apache.catalina.core.StandardHostValve.invoke(StandardHostValve.java:113)
		at org.apache.catalina.valves.ErrorReportValve.invoke(ErrorReportValve.java:83)
		at org.apache.catalina.valves.AbstractAccessLogValve.invoke(AbstractAccessLogValve.java:782)
		at org.apache.catalina.core.StandardEngineValve.invoke(StandardEngineValve.java:72)
		at org.apache.catalina.connector.CoyoteAdapter.service(CoyoteAdapter.java:341)
		at org.apache.coyote.http11.Http11Processor.service(Http11Processor.java:397)
		at org.apache.coyote.AbstractProcessorLight.process(AbstractProcessorLight.java:63)
		at org.apache.coyote.AbstractProtocol$ConnectionHandler.process(AbstractProtocol.java:1272)
		at org.apache.tomcat.util.net.NioEndpoint$SocketProcessor.doRun(NioEndpoint.java:1801)
		at org.apache.tomcat.util.net.SocketProcessorBase.run(SocketProcessorBase.java:52)
		at org.apache.tomcat.util.threads.ThreadPoolExecutor.runWorker(ThreadPoolExecutor.java:946)
		at org.apache.tomcat.util.threads.ThreadPoolExecutor$Worker.run(ThreadPoolExecutor.java:480)
		at org.apache.tomcat.util.threads.TaskThread$WrappingRunnable.run(TaskThread.java:57)
		at java.base/java.lang.Thread.run(Thread.java:840)
29-Jun-2026 04:26:31.494 INFO [http-nio-8080-exec-2] org.apache.catalina.core.ApplicationContext.log Initializing Spring DispatcherServlet 'dispatcher1'
29-Jun-2026 04:26:31.689 SEVERE [http-nio-8080-exec-2] org.apache.catalina.core.ApplicationContext.log Servlet.init() for servlet [dispatcher1] threw exception
	java.lang.IllegalStateException: Cannot load configuration class: org.lpu.dev.codes.security.SecurityConfig
		at org.springframework.context.annotation.ConfigurationClassPostProcessor.enhanceConfigurationClasses(ConfigurationClassPostProcessor.java:540)
		at org.springframework.context.annotation.ConfigurationClassPostProcessor.postProcessBeanFactory(ConfigurationClassPostProcessor.java:337)
		at org.springframework.context.support.PostProcessorRegistrationDelegate.invokeBeanFactoryPostProcessors(PostProcessorRegistrationDelegate.java:363)
		at org.springframework.context.support.PostProcessorRegistrationDelegate.invokeBeanFactoryPostProcessors(PostProcessorRegistrationDelegate.java:153)
		at org.springframework.context.support.AbstractApplicationContext.invokeBeanFactoryPostProcessors(AbstractApplicationContext.java:795)
		at org.springframework.context.support.AbstractApplicationContext.refresh(AbstractApplicationContext.java:603)
		at org.springframework.web.servlet.FrameworkServlet.configureAndRefreshWebApplicationContext(FrameworkServlet.java:696)
		at org.springframework.web.servlet.FrameworkServlet.createWebApplicationContext(FrameworkServlet.java:662)
		at org.springframework.web.servlet.FrameworkServlet.createWebApplicationContext(FrameworkServlet.java:710)
		at org.springframework.web.servlet.FrameworkServlet.initWebApplicationContext(FrameworkServlet.java:586)
		at org.springframework.web.servlet.FrameworkServlet.initServletBean(FrameworkServlet.java:528)
		at org.springframework.web.servlet.HttpServletBean.init(HttpServletBean.java:171)
		at jakarta.servlet.GenericServlet.init(GenericServlet.java:145)
		at jakarta.servlet.http.HttpServlet.init(HttpServlet.java:124)
		at org.apache.catalina.core.StandardWrapper.initServlet(StandardWrapper.java:819)
		at org.apache.catalina.core.StandardWrapper.loadServlet(StandardWrapper.java:789)
		at org.apache.catalina.core.StandardWrapper.allocate(StandardWrapper.java:571)
		at org.apache.catalina.core.StandardWrapperValve.invoke(StandardWrapperValve.java:113)
		at org.apache.catalina.core.StandardContextValve.invoke(StandardContextValve.java:77)
		at org.apache.catalina.authenticator.AuthenticatorBase.invoke(AuthenticatorBase.java:492)
		at org.apache.catalina.core.StandardHostValve.invoke(StandardHostValve.java:113)
		at org.apache.catalina.valves.ErrorReportValve.invoke(ErrorReportValve.java:83)
		at org.apache.catalina.valves.AbstractAccessLogValve.invoke(AbstractAccessLogValve.java:782)
		at org.apache.catalina.core.StandardEngineValve.invoke(StandardEngineValve.java:72)
		at org.apache.catalina.connector.CoyoteAdapter.service(CoyoteAdapter.java:341)
		at org.apache.coyote.http11.Http11Processor.service(Http11Processor.java:397)
		at org.apache.coyote.AbstractProcessorLight.process(AbstractProcessorLight.java:63)
		at org.apache.coyote.AbstractProtocol$ConnectionHandler.process(AbstractProtocol.java:1272)
		at org.apache.tomcat.util.net.NioEndpoint$SocketProcessor.doRun(NioEndpoint.java:1801)
		at org.apache.tomcat.util.net.SocketProcessorBase.run(SocketProcessorBase.java:52)
		at org.apache.tomcat.util.threads.ThreadPoolExecutor.runWorker(ThreadPoolExecutor.java:946)
		at org.apache.tomcat.util.threads.ThreadPoolExecutor$Worker.run(ThreadPoolExecutor.java:480)
		at org.apache.tomcat.util.threads.TaskThread$WrappingRunnable.run(TaskThread.java:57)
		at java.base/java.lang.Thread.run(Thread.java:840)
	Caused by: java.lang.UnsupportedClassVersionError: org/lpu/dev/codes/security/SecurityConfig has been compiled by a more recent version of the Java Runtime (class file version 65.0), this version of the Java Runtime only recognizes class file versions up to 61.0 (unable to load class [org.lpu.dev.codes.security.SecurityConfig])
		at org.apache.catalina.loader.WebappClassLoaderBase.findClassInternal(WebappClassLoaderBase.java:2170)
		at org.apache.catalina.loader.WebappClassLoaderBase.findClass(WebappClassLoaderBase.java:693)
		at org.apache.catalina.loader.WebappClassLoaderBase.loadClass(WebappClassLoaderBase.java:1186)
		at org.apache.catalina.loader.WebappClassLoaderBase.loadClass(WebappClassLoaderBase.java:1056)
		at java.base/java.lang.Class.forName0(Native Method)
		at java.base/java.lang.Class.forName(Class.java:469)
		at org.springframework.util.ClassUtils.forName(ClassUtils.java:302)
		at org.springframework.beans.factory.support.AbstractBeanDefinition.resolveBeanClass(AbstractBeanDefinition.java:489)
		at org.springframework.context.annotation.ConfigurationClassPostProcessor.enhanceConfigurationClasses(ConfigurationClassPostProcessor.java:536)
		... 33 more
29-Jun-2026 04:26:31.689 SEVERE [http-nio-8080-exec-2] org.apache.catalina.core.StandardWrapperValve.invoke Allocate exception for servlet [dispatcher1]
	java.lang.UnsupportedClassVersionError: org/lpu/dev/codes/security/SecurityConfig has been compiled by a more recent version of the Java Runtime (class file version 65.0), this version of the Java Runtime only recognizes class file versions up to 61.0 (unable to load class [org.lpu.dev.codes.security.SecurityConfig])
		at org.apache.catalina.loader.WebappClassLoaderBase.findClassInternal(WebappClassLoaderBase.java:2170)
		at org.apache.catalina.loader.WebappClassLoaderBase.findClass(WebappClassLoaderBase.java:693)
		at org.apache.catalina.loader.WebappClassLoaderBase.loadClass(WebappClassLoaderBase.java:1186)
		at org.apache.catalina.loader.WebappClassLoaderBase.loadClass(WebappClassLoaderBase.java:1056)
		at java.base/java.lang.Class.forName0(Native Method)
		at java.base/java.lang.Class.forName(Class.java:469)
		at org.springframework.util.ClassUtils.forName(ClassUtils.java:302)
		at org.springframework.beans.factory.support.AbstractBeanDefinition.resolveBeanClass(AbstractBeanDefinition.java:489)
		at org.springframework.context.annotation.ConfigurationClassPostProcessor.enhanceConfigurationClasses(ConfigurationClassPostProcessor.java:536)
		at org.springframework.context.annotation.ConfigurationClassPostProcessor.postProcessBeanFactory(ConfigurationClassPostProcessor.java:337)
		at org.springframework.context.support.PostProcessorRegistrationDelegate.invokeBeanFactoryPostProcessors(PostProcessorRegistrationDelegate.java:363)
		at org.springframework.context.support.PostProcessorRegistrationDelegate.invokeBeanFactoryPostProcessors(PostProcessorRegistrationDelegate.java:153)
		at org.springframework.context.support.AbstractApplicationContext.invokeBeanFactoryPostProcessors(AbstractApplicationContext.java:795)
		at org.springframework.context.support.AbstractApplicationContext.refresh(AbstractApplicationContext.java:603)
		at org.springframework.web.servlet.FrameworkServlet.configureAndRefreshWebApplicationContext(FrameworkServlet.java:696)
		at org.springframework.web.servlet.FrameworkServlet.createWebApplicationContext(FrameworkServlet.java:662)
		at org.springframework.web.servlet.FrameworkServlet.createWebApplicationContext(FrameworkServlet.java:710)
		at org.springframework.web.servlet.FrameworkServlet.initWebApplicationContext(FrameworkServlet.java:586)
		at org.springframework.web.servlet.FrameworkServlet.initServletBean(FrameworkServlet.java:528)
		at org.springframework.web.servlet.HttpServletBean.init(HttpServletBean.java:171)
		at jakarta.servlet.GenericServlet.init(GenericServlet.java:145)
		at jakarta.servlet.http.HttpServlet.init(HttpServlet.java:124)
		at org.apache.catalina.core.StandardWrapper.initServlet(StandardWrapper.java:819)
		at org.apache.catalina.core.StandardWrapper.loadServlet(StandardWrapper.java:789)
		at org.apache.catalina.core.StandardWrapper.allocate(StandardWrapper.java:571)
		at org.apache.catalina.core.StandardWrapperValve.invoke(StandardWrapperValve.java:113)
		at org.apache.catalina.core.StandardContextValve.invoke(StandardContextValve.java:77)
		at org.apache.catalina.authenticator.AuthenticatorBase.invoke(AuthenticatorBase.java:492)
		at org.apache.catalina.core.StandardHostValve.invoke(StandardHostValve.java:113)
		at org.apache.catalina.valves.ErrorReportValve.invoke(ErrorReportValve.java:83)
		at org.apache.catalina.valves.AbstractAccessLogValve.invoke(AbstractAccessLogValve.java:782)
		at org.apache.catalina.core.StandardEngineValve.invoke(StandardEngineValve.java:72)
		at org.apache.catalina.connector.CoyoteAdapter.service(CoyoteAdapter.java:341)
		at org.apache.coyote.http11.Http11Processor.service(Http11Processor.java:397)
		at org.apache.coyote.AbstractProcessorLight.process(AbstractProcessorLight.java:63)
		at org.apache.coyote.AbstractProtocol$ConnectionHandler.process(AbstractProtocol.java:1272)
		at org.apache.tomcat.util.net.NioEndpoint$SocketProcessor.doRun(NioEndpoint.java:1801)
		at org.apache.tomcat.util.net.SocketProcessorBase.run(SocketProcessorBase.java:52)
		at org.apache.tomcat.util.threads.ThreadPoolExecutor.runWorker(ThreadPoolExecutor.java:946)
		at org.apache.tomcat.util.threads.ThreadPoolExecutor$Worker.run(ThreadPoolExecutor.java:480)
		at org.apache.tomcat.util.threads.TaskThread$WrappingRunnable.run(TaskThread.java:57)
		at java.base/java.lang.Thread.run(Thread.java:840)
29-Jun-2026 04:26:46.516 INFO [http-nio-8080-exec-1] org.apache.catalina.core.ApplicationContext.log Initializing Spring DispatcherServlet 'dispatcher1'
29-Jun-2026 04:26:46.651 SEVERE [http-nio-8080-exec-1] org.apache.catalina.core.ApplicationContext.log Servlet.init() for servlet [dispatcher1] threw exception
	java.lang.IllegalStateException: Cannot load configuration class: org.lpu.dev.codes.security.SecurityConfig
		at org.springframework.context.annotation.ConfigurationClassPostProcessor.enhanceConfigurationClasses(ConfigurationClassPostProcessor.java:540)
		at org.springframework.context.annotation.ConfigurationClassPostProcessor.postProcessBeanFactory(ConfigurationClassPostProcessor.java:337)
		at org.springframework.context.support.PostProcessorRegistrationDelegate.invokeBeanFactoryPostProcessors(PostProcessorRegistrationDelegate.java:363)
		at org.springframework.context.support.PostProcessorRegistrationDelegate.invokeBeanFactoryPostProcessors(PostProcessorRegistrationDelegate.java:153)
		at org.springframework.context.support.AbstractApplicationContext.invokeBeanFactoryPostProcessors(AbstractApplicationContext.java:795)
		at org.springframework.context.support.AbstractApplicationContext.refresh(AbstractApplicationContext.java:603)
		at org.springframework.web.servlet.FrameworkServlet.configureAndRefreshWebApplicationContext(FrameworkServlet.java:696)
		at org.springframework.web.servlet.FrameworkServlet.createWebApplicationContext(FrameworkServlet.java:662)
		at org.springframework.web.servlet.FrameworkServlet.createWebApplicationContext(FrameworkServlet.java:710)
		at org.springframework.web.servlet.FrameworkServlet.initWebApplicationContext(FrameworkServlet.java:586)
		at org.springframework.web.servlet.FrameworkServlet.initServletBean(FrameworkServlet.java:528)
		at org.springframework.web.servlet.HttpServletBean.init(HttpServletBean.java:171)
		at jakarta.servlet.GenericServlet.init(GenericServlet.java:145)
		at jakarta.servlet.http.HttpServlet.init(HttpServlet.java:124)
		at org.apache.catalina.core.StandardWrapper.initServlet(StandardWrapper.java:819)
		at org.apache.catalina.core.StandardWrapper.loadServlet(StandardWrapper.java:789)
		at org.apache.catalina.core.StandardWrapper.allocate(StandardWrapper.java:571)
		at org.apache.catalina.core.StandardWrapperValve.invoke(StandardWrapperValve.java:113)
		at org.apache.catalina.core.StandardContextValve.invoke(StandardContextValve.java:77)
		at org.apache.catalina.authenticator.AuthenticatorBase.invoke(AuthenticatorBase.java:492)
		at org.apache.catalina.core.StandardHostValve.invoke(StandardHostValve.java:113)
		at org.apache.catalina.valves.ErrorReportValve.invoke(ErrorReportValve.java:83)
		at org.apache.catalina.valves.AbstractAccessLogValve.invoke(AbstractAccessLogValve.java:782)
		at org.apache.catalina.core.StandardEngineValve.invoke(StandardEngineValve.java:72)
		at org.apache.catalina.connector.CoyoteAdapter.service(CoyoteAdapter.java:341)
		at org.apache.coyote.http11.Http11Processor.service(Http11Processor.java:397)
		at org.apache.coyote.AbstractProcessorLight.process(AbstractProcessorLight.java:63)
		at org.apache.coyote.AbstractProtocol$ConnectionHandler.process(AbstractProtocol.java:1272)
		at org.apache.tomcat.util.net.NioEndpoint$SocketProcessor.doRun(NioEndpoint.java:1801)
		at org.apache.tomcat.util.net.SocketProcessorBase.run(SocketProcessorBase.java:52)
		at org.apache.tomcat.util.threads.ThreadPoolExecutor.runWorker(ThreadPoolExecutor.java:946)
		at org.apache.tomcat.util.threads.ThreadPoolExecutor$Worker.run(ThreadPoolExecutor.java:480)
		at org.apache.tomcat.util.threads.TaskThread$WrappingRunnable.run(TaskThread.java:57)
		at java.base/java.lang.Thread.run(Thread.java:840)
	Caused by: java.lang.UnsupportedClassVersionError: org/lpu/dev/codes/security/SecurityConfig has been compiled by a more recent version of the Java Runtime (class file version 65.0), this version of the Java Runtime only recognizes class file versions up to 61.0 (unable to load class [org.lpu.dev.codes.security.SecurityConfig])
		at org.apache.catalina.loader.WebappClassLoaderBase.findClassInternal(WebappClassLoaderBase.java:2170)
		at org.apache.catalina.loader.WebappClassLoaderBase.findClass(WebappClassLoaderBase.java:693)
		at org.apache.catalina.loader.WebappClassLoaderBase.loadClass(WebappClassLoaderBase.java:1186)
		at org.apache.catalina.loader.WebappClassLoaderBase.loadClass(WebappClassLoaderBase.java:1056)
		at java.base/java.lang.Class.forName0(Native Method)
		at java.base/java.lang.Class.forName(Class.java:469)
		at org.springframework.util.ClassUtils.forName(ClassUtils.java:302)
		at org.springframework.beans.factory.support.AbstractBeanDefinition.resolveBeanClass(AbstractBeanDefinition.java:489)
		at org.springframework.context.annotation.ConfigurationClassPostProcessor.enhanceConfigurationClasses(ConfigurationClassPostProcessor.java:536)
		... 33 more
29-Jun-2026 04:26:46.651 SEVERE [http-nio-8080-exec-1] org.apache.catalina.core.StandardWrapperValve.invoke Allocate exception for servlet [dispatcher1]
	java.lang.UnsupportedClassVersionError: org/lpu/dev/codes/security/SecurityConfig has been compiled by a more recent version of the Java Runtime (class file version 65.0), this version of the Java Runtime only recognizes class file versions up to 61.0 (unable to load class [org.lpu.dev.codes.security.SecurityConfig])
		at org.apache.catalina.loader.WebappClassLoaderBase.findClassInternal(WebappClassLoaderBase.java:2170)
		at org.apache.catalina.loader.WebappClassLoaderBase.findClass(WebappClassLoaderBase.java:693)
		at org.apache.catalina.loader.WebappClassLoaderBase.loadClass(WebappClassLoaderBase.java:1186)
		at org.apache.catalina.loader.WebappClassLoaderBase.loadClass(WebappClassLoaderBase.java:1056)
		at java.base/java.lang.Class.forName0(Native Method)
		at java.base/java.lang.Class.forName(Class.java:469)
		at org.springframework.util.ClassUtils.forName(ClassUtils.java:302)
		at org.springframework.beans.factory.support.AbstractBeanDefinition.resolveBeanClass(AbstractBeanDefinition.java:489)
		at org.springframework.context.annotation.ConfigurationClassPostProcessor.enhanceConfigurationClasses(ConfigurationClassPostProcessor.java:536)
		at org.springframework.context.annotation.ConfigurationClassPostProcessor.postProcessBeanFactory(ConfigurationClassPostProcessor.java:337)
		at org.springframework.context.support.PostProcessorRegistrationDelegate.invokeBeanFactoryPostProcessors(PostProcessorRegistrationDelegate.java:363)
		at org.springframework.context.support.PostProcessorRegistrationDelegate.invokeBeanFactoryPostProcessors(PostProcessorRegistrationDelegate.java:153)
		at org.springframework.context.support.AbstractApplicationContext.invokeBeanFactoryPostProcessors(AbstractApplicationContext.java:795)
		at org.springframework.context.support.AbstractApplicationContext.refresh(AbstractApplicationContext.java:603)
		at org.springframework.web.servlet.FrameworkServlet.configureAndRefreshWebApplicationContext(FrameworkServlet.java:696)
		at org.springframework.web.servlet.FrameworkServlet.createWebApplicationContext(FrameworkServlet.java:662)
		at org.springframework.web.servlet.FrameworkServlet.createWebApplicationContext(FrameworkServlet.java:710)
		at org.springframework.web.servlet.FrameworkServlet.initWebApplicationContext(FrameworkServlet.java:586)
		at org.springframework.web.servlet.FrameworkServlet.initServletBean(FrameworkServlet.java:528)
		at org.springframework.web.servlet.HttpServletBean.init(HttpServletBean.java:171)
		at jakarta.servlet.GenericServlet.init(GenericServlet.java:145)
		at jakarta.servlet.http.HttpServlet.init(HttpServlet.java:124)
		at org.apache.catalina.core.StandardWrapper.initServlet(StandardWrapper.java:819)
		at org.apache.catalina.core.StandardWrapper.loadServlet(StandardWrapper.java:789)
		at org.apache.catalina.core.StandardWrapper.allocate(StandardWrapper.java:571)
		at org.apache.catalina.core.StandardWrapperValve.invoke(StandardWrapperValve.java:113)
		at org.apache.catalina.core.StandardContextValve.invoke(StandardContextValve.java:77)
		at org.apache.catalina.authenticator.AuthenticatorBase.invoke(AuthenticatorBase.java:492)
		at org.apache.catalina.core.StandardHostValve.invoke(StandardHostValve.java:113)
		at org.apache.catalina.valves.ErrorReportValve.invoke(ErrorReportValve.java:83)
		at org.apache.catalina.valves.AbstractAccessLogValve.invoke(AbstractAccessLogValve.java:782)
		at org.apache.catalina.core.StandardEngineValve.invoke(StandardEngineValve.java:72)
		at org.apache.catalina.connector.CoyoteAdapter.service(CoyoteAdapter.java:341)
		at org.apache.coyote.http11.Http11Processor.service(Http11Processor.java:397)
		at org.apache.coyote.AbstractProcessorLight.process(AbstractProcessorLight.java:63)
		at org.apache.coyote.AbstractProtocol$ConnectionHandler.process(AbstractProtocol.java:1272)
		at org.apache.tomcat.util.net.NioEndpoint$SocketProcessor.doRun(NioEndpoint.java:1801)
		at org.apache.tomcat.util.net.SocketProcessorBase.run(SocketProcessorBase.java:52)
		at org.apache.tomcat.util.threads.ThreadPoolExecutor.runWorker(ThreadPoolExecutor.java:946)
		at org.apache.tomcat.util.threads.ThreadPoolExecutor$Worker.run(ThreadPoolExecutor.java:480)
		at org.apache.tomcat.util.threads.TaskThread$WrappingRunnable.run(TaskThread.java:57)
		at java.base/java.lang.Thread.run(Thread.java:840)
29-Jun-2026 04:27:01.501 INFO [http-nio-8080-exec-3] org.apache.catalina.core.ApplicationContext.log Initializing Spring DispatcherServlet 'dispatcher1'
29-Jun-2026 04:27:01.625 SEVERE [http-nio-8080-exec-3] org.apache.catalina.core.ApplicationContext.log Servlet.init() for servlet [dispatcher1] threw exception
	java.lang.IllegalStateException: Cannot load configuration class: org.lpu.dev.codes.security.SecurityConfig
		at org.springframework.context.annotation.ConfigurationClassPostProcessor.enhanceConfigurationClasses(ConfigurationClassPostProcessor.java:540)
		at org.springframework.context.annotation.ConfigurationClassPostProcessor.postProcessBeanFactory(ConfigurationClassPostProcessor.java:337)
		at org.springframework.context.support.PostProcessorRegistrationDelegate.invokeBeanFactoryPostProcessors(PostProcessorRegistrationDelegate.java:363)
		at org.springframework.context.support.PostProcessorRegistrationDelegate.invokeBeanFactoryPostProcessors(PostProcessorRegistrationDelegate.java:153)
		at org.springframework.context.support.AbstractApplicationContext.invokeBeanFactoryPostProcessors(AbstractApplicationContext.java:795)
		at org.springframework.context.support.AbstractApplicationContext.refresh(AbstractApplicationContext.java:603)
		at org.springframework.web.servlet.FrameworkServlet.configureAndRefreshWebApplicationContext(FrameworkServlet.java:696)
		at org.springframework.web.servlet.FrameworkServlet.createWebApplicationContext(FrameworkServlet.java:662)
		at org.springframework.web.servlet.FrameworkServlet.createWebApplicationContext(FrameworkServlet.java:710)
		at org.springframework.web.servlet.FrameworkServlet.initWebApplicationContext(FrameworkServlet.java:586)
		at org.springframework.web.servlet.FrameworkServlet.initServletBean(FrameworkServlet.java:528)
		at org.springframework.web.servlet.HttpServletBean.init(HttpServletBean.java:171)
		at jakarta.servlet.GenericServlet.init(GenericServlet.java:145)
		at jakarta.servlet.http.HttpServlet.init(HttpServlet.java:124)
		at org.apache.catalina.core.StandardWrapper.initServlet(StandardWrapper.java:819)
		at org.apache.catalina.core.StandardWrapper.loadServlet(StandardWrapper.java:789)
		at org.apache.catalina.core.StandardWrapper.allocate(StandardWrapper.java:571)
		at org.apache.catalina.core.StandardWrapperValve.invoke(StandardWrapperValve.java:113)
		at org.apache.catalina.core.StandardContextValve.invoke(StandardContextValve.java:77)
		at org.apache.catalina.authenticator.AuthenticatorBase.invoke(AuthenticatorBase.java:492)
		at org.apache.catalina.core.StandardHostValve.invoke(StandardHostValve.java:113)
		at org.apache.catalina.valves.ErrorReportValve.invoke(ErrorReportValve.java:83)
		at org.apache.catalina.valves.AbstractAccessLogValve.invoke(AbstractAccessLogValve.java:782)
		at org.apache.catalina.core.StandardEngineValve.invoke(StandardEngineValve.java:72)
		at org.apache.catalina.connector.CoyoteAdapter.service(CoyoteAdapter.java:341)
		at org.apache.coyote.http11.Http11Processor.service(Http11Processor.java:397)
		at org.apache.coyote.AbstractProcessorLight.process(AbstractProcessorLight.java:63)
		at org.apache.coyote.AbstractProtocol$ConnectionHandler.process(AbstractProtocol.java:1272)
		at org.apache.tomcat.util.net.NioEndpoint$SocketProcessor.doRun(NioEndpoint.java:1801)
		at org.apache.tomcat.util.net.SocketProcessorBase.run(SocketProcessorBase.java:52)
		at org.apache.tomcat.util.threads.ThreadPoolExecutor.runWorker(ThreadPoolExecutor.java:946)
		at org.apache.tomcat.util.threads.ThreadPoolExecutor$Worker.run(ThreadPoolExecutor.java:480)
		at org.apache.tomcat.util.threads.TaskThread$WrappingRunnable.run(TaskThread.java:57)
		at java.base/java.lang.Thread.run(Thread.java:840)
	Caused by: java.lang.UnsupportedClassVersionError: org/lpu/dev/codes/security/SecurityConfig has been compiled by a more recent version of the Java Runtime (class file version 65.0), this version of the Java Runtime only recognizes class file versions up to 61.0 (unable to load class [org.lpu.dev.codes.security.SecurityConfig])
		at org.apache.catalina.loader.WebappClassLoaderBase.findClassInternal(WebappClassLoaderBase.java:2170)
		at org.apache.catalina.loader.WebappClassLoaderBase.findClass(WebappClassLoaderBase.java:693)
		at org.apache.catalina.loader.WebappClassLoaderBase.loadClass(WebappClassLoaderBase.java:1186)
		at org.apache.catalina.loader.WebappClassLoaderBase.loadClass(WebappClassLoaderBase.java:1056)
		at java.base/java.lang.Class.forName0(Native Method)
		at java.base/java.lang.Class.forName(Class.java:469)
		at org.springframework.util.ClassUtils.forName(ClassUtils.java:302)
		at org.springframework.beans.factory.support.AbstractBeanDefinition.resolveBeanClass(AbstractBeanDefinition.java:489)
		at org.springframework.context.annotation.ConfigurationClassPostProcessor.enhanceConfigurationClasses(ConfigurationClassPostProcessor.java:536)
		... 33 more
29-Jun-2026 04:27:01.625 SEVERE [http-nio-8080-exec-3] org.apache.catalina.core.StandardWrapperValve.invoke Allocate exception for servlet [dispatcher1]
	java.lang.UnsupportedClassVersionError: org/lpu/dev/codes/security/SecurityConfig has been compiled by a more recent version of the Java Runtime (class file version 65.0), this version of the Java Runtime only recognizes class file versions up to 61.0 (unable to load class [org.lpu.dev.codes.security.SecurityConfig])
		at org.apache.catalina.loader.WebappClassLoaderBase.findClassInternal(WebappClassLoaderBase.java:2170)
		at org.apache.catalina.loader.WebappClassLoaderBase.findClass(WebappClassLoaderBase.java:693)
		at org.apache.catalina.loader.WebappClassLoaderBase.loadClass(WebappClassLoaderBase.java:1186)
		at org.apache.catalina.loader.WebappClassLoaderBase.loadClass(WebappClassLoaderBase.java:1056)
		at java.base/java.lang.Class.forName0(Native Method)
		at java.base/java.lang.Class.forName(Class.java:469)
		at org.springframework.util.ClassUtils.forName(ClassUtils.java:302)
		at org.springframework.beans.factory.support.AbstractBeanDefinition.resolveBeanClass(AbstractBeanDefinition.java:489)
		at org.springframework.context.annotation.ConfigurationClassPostProcessor.enhanceConfigurationClasses(ConfigurationClassPostProcessor.java:536)
		at org.springframework.context.annotation.ConfigurationClassPostProcessor.postProcessBeanFactory(ConfigurationClassPostProcessor.java:337)
		at org.springframework.context.support.PostProcessorRegistrationDelegate.invokeBeanFactoryPostProcessors(PostProcessorRegistrationDelegate.java:363)
		at org.springframework.context.support.PostProcessorRegistrationDelegate.invokeBeanFactoryPostProcessors(PostProcessorRegistrationDelegate.java:153)
		at org.springframework.context.support.AbstractApplicationContext.invokeBeanFactoryPostProcessors(AbstractApplicationContext.java:795)
		at org.springframework.context.support.AbstractApplicationContext.refresh(AbstractApplicationContext.java:603)
		at org.springframework.web.servlet.FrameworkServlet.configureAndRefreshWebApplicationContext(FrameworkServlet.java:696)
		at org.springframework.web.servlet.FrameworkServlet.createWebApplicationContext(FrameworkServlet.java:662)
		at org.springframework.web.servlet.FrameworkServlet.createWebApplicationContext(FrameworkServlet.java:710)
		at org.springframework.web.servlet.FrameworkServlet.initWebApplicationContext(FrameworkServlet.java:586)
		at org.springframework.web.servlet.FrameworkServlet.initServletBean(FrameworkServlet.java:528)
		at org.springframework.web.servlet.HttpServletBean.init(HttpServletBean.java:171)
		at jakarta.servlet.GenericServlet.init(GenericServlet.java:145)
		at jakarta.servlet.http.HttpServlet.init(HttpServlet.java:124)
		at org.apache.catalina.core.StandardWrapper.initServlet(StandardWrapper.java:819)
		at org.apache.catalina.core.StandardWrapper.loadServlet(StandardWrapper.java:789)
		at org.apache.catalina.core.StandardWrapper.allocate(StandardWrapper.java:571)
		at org.apache.catalina.core.StandardWrapperValve.invoke(StandardWrapperValve.java:113)
		at org.apache.catalina.core.StandardContextValve.invoke(StandardContextValve.java:77)
		at org.apache.catalina.authenticator.AuthenticatorBase.invoke(AuthenticatorBase.java:492)
		at org.apache.catalina.core.StandardHostValve.invoke(StandardHostValve.java:113)
		at org.apache.catalina.valves.ErrorReportValve.invoke(ErrorReportValve.java:83)
		at org.apache.catalina.valves.AbstractAccessLogValve.invoke(AbstractAccessLogValve.java:782)
		at org.apache.catalina.core.StandardEngineValve.invoke(StandardEngineValve.java:72)
		at org.apache.catalina.connector.CoyoteAdapter.service(CoyoteAdapter.java:341)
		at org.apache.coyote.http11.Http11Processor.service(Http11Processor.java:397)
		at org.apache.coyote.AbstractProcessorLight.process(AbstractProcessorLight.java:63)
		at org.apache.coyote.AbstractProtocol$ConnectionHandler.process(AbstractProtocol.java:1272)
		at org.apache.tomcat.util.net.NioEndpoint$SocketProcessor.doRun(NioEndpoint.java:1801)
		at org.apache.tomcat.util.net.SocketProcessorBase.run(SocketProcessorBase.java:52)
		at org.apache.tomcat.util.threads.ThreadPoolExecutor.runWorker(ThreadPoolExecutor.java:946)
		at org.apache.tomcat.util.threads.ThreadPoolExecutor$Worker.run(ThreadPoolExecutor.java:480)
		at org.apache.tomcat.util.threads.TaskThread$WrappingRunnable.run(TaskThread.java:57)
		at java.base/java.lang.Thread.run(Thread.java:840)
29-Jun-2026 04:27:16.528 INFO [http-nio-8080-exec-4] org.apache.catalina.core.ApplicationContext.log Initializing Spring DispatcherServlet 'dispatcher1'
29-Jun-2026 04:27:16.694 SEVERE [http-nio-8080-exec-4] org.apache.catalina.core.ApplicationContext.log Servlet.init() for servlet [dispatcher1] threw exception
	java.lang.IllegalStateException: Cannot load configuration class: org.lpu.dev.codes.security.SecurityConfig
		at org.springframework.context.annotation.ConfigurationClassPostProcessor.enhanceConfigurationClasses(ConfigurationClassPostProcessor.java:540)
		at org.springframework.context.annotation.ConfigurationClassPostProcessor.postProcessBeanFactory(ConfigurationClassPostProcessor.java:337)
		at org.springframework.context.support.PostProcessorRegistrationDelegate.invokeBeanFactoryPostProcessors(PostProcessorRegistrationDelegate.java:363)
		at org.springframework.context.support.PostProcessorRegistrationDelegate.invokeBeanFactoryPostProcessors(PostProcessorRegistrationDelegate.java:153)
		at org.springframework.context.support.AbstractApplicationContext.invokeBeanFactoryPostProcessors(AbstractApplicationContext.java:795)
		at org.springframework.context.support.AbstractApplicationContext.refresh(AbstractApplicationContext.java:603)
		at org.springframework.web.servlet.FrameworkServlet.configureAndRefreshWebApplicationContext(FrameworkServlet.java:696)
		at org.springframework.web.servlet.FrameworkServlet.createWebApplicationContext(FrameworkServlet.java:662)
		at org.springframework.web.servlet.FrameworkServlet.createWebApplicationContext(FrameworkServlet.java:710)
		at org.springframework.web.servlet.FrameworkServlet.initWebApplicationContext(FrameworkServlet.java:586)
		at org.springframework.web.servlet.FrameworkServlet.initServletBean(FrameworkServlet.java:528)
		at org.springframework.web.servlet.HttpServletBean.init(HttpServletBean.java:171)
		at jakarta.servlet.GenericServlet.init(GenericServlet.java:145)
		at jakarta.servlet.http.HttpServlet.init(HttpServlet.java:124)
		at org.apache.catalina.core.StandardWrapper.initServlet(StandardWrapper.java:819)
		at org.apache.catalina.core.StandardWrapper.loadServlet(StandardWrapper.java:789)
		at org.apache.catalina.core.StandardWrapper.allocate(StandardWrapper.java:571)
		at org.apache.catalina.core.StandardWrapperValve.invoke(StandardWrapperValve.java:113)
		at org.apache.catalina.core.StandardContextValve.invoke(StandardContextValve.java:77)
		at org.apache.catalina.authenticator.AuthenticatorBase.invoke(AuthenticatorBase.java:492)
		at org.apache.catalina.core.StandardHostValve.invoke(StandardHostValve.java:113)
		at org.apache.catalina.valves.ErrorReportValve.invoke(ErrorReportValve.java:83)
		at org.apache.catalina.valves.AbstractAccessLogValve.invoke(AbstractAccessLogValve.java:782)
		at org.apache.catalina.core.StandardEngineValve.invoke(StandardEngineValve.java:72)
		at org.apache.catalina.connector.CoyoteAdapter.service(CoyoteAdapter.java:341)
		at org.apache.coyote.http11.Http11Processor.service(Http11Processor.java:397)
		at org.apache.coyote.AbstractProcessorLight.process(AbstractProcessorLight.java:63)
		at org.apache.coyote.AbstractProtocol$ConnectionHandler.process(AbstractProtocol.java:1272)
		at org.apache.tomcat.util.net.NioEndpoint$SocketProcessor.doRun(NioEndpoint.java:1801)
		at org.apache.tomcat.util.net.SocketProcessorBase.run(SocketProcessorBase.java:52)
		at org.apache.tomcat.util.threads.ThreadPoolExecutor.runWorker(ThreadPoolExecutor.java:946)
		at org.apache.tomcat.util.threads.ThreadPoolExecutor$Worker.run(ThreadPoolExecutor.java:480)
		at org.apache.tomcat.util.threads.TaskThread$WrappingRunnable.run(TaskThread.java:57)
		at java.base/java.lang.Thread.run(Thread.java:840)
	Caused by: java.lang.UnsupportedClassVersionError: org/lpu/dev/codes/security/SecurityConfig has been compiled by a more recent version of the Java Runtime (class file version 65.0), this version of the Java Runtime only recognizes class file versions up to 61.0 (unable to load class [org.lpu.dev.codes.security.SecurityConfig])
		at org.apache.catalina.loader.WebappClassLoaderBase.findClassInternal(WebappClassLoaderBase.java:2170)
		at org.apache.catalina.loader.WebappClassLoaderBase.findClass(WebappClassLoaderBase.java:693)
		at org.apache.catalina.loader.WebappClassLoaderBase.loadClass(WebappClassLoaderBase.java:1186)
		at org.apache.catalina.loader.WebappClassLoaderBase.loadClass(WebappClassLoaderBase.java:1056)
		at java.base/java.lang.Class.forName0(Native Method)
		at java.base/java.lang.Class.forName(Class.java:469)
		at org.springframework.util.ClassUtils.forName(ClassUtils.java:302)
		at org.springframework.beans.factory.support.AbstractBeanDefinition.resolveBeanClass(AbstractBeanDefinition.java:489)
		at org.springframework.context.annotation.ConfigurationClassPostProcessor.enhanceConfigurationClasses(ConfigurationClassPostProcessor.java:536)
		... 33 more
29-Jun-2026 04:27:16.694 SEVERE [http-nio-8080-exec-4] org.apache.catalina.core.StandardWrapperValve.invoke Allocate exception for servlet [dispatcher1]
	java.lang.UnsupportedClassVersionError: org/lpu/dev/codes/security/SecurityConfig has been compiled by a more recent version of the Java Runtime (class file version 65.0), this version of the Java Runtime only recognizes class file versions up to 61.0 (unable to load class [org.lpu.dev.codes.security.SecurityConfig])
		at org.apache.catalina.loader.WebappClassLoaderBase.findClassInternal(WebappClassLoaderBase.java:2170)
		at org.apache.catalina.loader.WebappClassLoaderBase.findClass(WebappClassLoaderBase.java:693)
		at org.apache.catalina.loader.WebappClassLoaderBase.loadClass(WebappClassLoaderBase.java:1186)
		at org.apache.catalina.loader.WebappClassLoaderBase.loadClass(WebappClassLoaderBase.java:1056)
		at java.base/java.lang.Class.forName0(Native Method)
		at java.base/java.lang.Class.forName(Class.java:469)
		at org.springframework.util.ClassUtils.forName(ClassUtils.java:302)
		at org.springframework.beans.factory.support.AbstractBeanDefinition.resolveBeanClass(AbstractBeanDefinition.java:489)
		at org.springframework.context.annotation.ConfigurationClassPostProcessor.enhanceConfigurationClasses(ConfigurationClassPostProcessor.java:536)
		at org.springframework.context.annotation.ConfigurationClassPostProcessor.postProcessBeanFactory(ConfigurationClassPostProcessor.java:337)
		at org.springframework.context.support.PostProcessorRegistrationDelegate.invokeBeanFactoryPostProcessors(PostProcessorRegistrationDelegate.java:363)
		at org.springframework.context.support.PostProcessorRegistrationDelegate.invokeBeanFactoryPostProcessors(PostProcessorRegistrationDelegate.java:153)
		at org.springframework.context.support.AbstractApplicationContext.invokeBeanFactoryPostProcessors(AbstractApplicationContext.java:795)
		at org.springframework.context.support.AbstractApplicationContext.refresh(AbstractApplicationContext.java:603)
		at org.springframework.web.servlet.FrameworkServlet.configureAndRefreshWebApplicationContext(FrameworkServlet.java:696)
		at org.springframework.web.servlet.FrameworkServlet.createWebApplicationContext(FrameworkServlet.java:662)
		at org.springframework.web.servlet.FrameworkServlet.createWebApplicationContext(FrameworkServlet.java:710)
		at org.springframework.web.servlet.FrameworkServlet.initWebApplicationContext(FrameworkServlet.java:586)
		at org.springframework.web.servlet.FrameworkServlet.initServletBean(FrameworkServlet.java:528)
		at org.springframework.web.servlet.HttpServletBean.init(HttpServletBean.java:171)
		at jakarta.servlet.GenericServlet.init(GenericServlet.java:145)
		at jakarta.servlet.http.HttpServlet.init(HttpServlet.java:124)
		at org.apache.catalina.core.StandardWrapper.initServlet(StandardWrapper.java:819)
		at org.apache.catalina.core.StandardWrapper.loadServlet(StandardWrapper.java:789)
		at org.apache.catalina.core.StandardWrapper.allocate(StandardWrapper.java:571)
		at org.apache.catalina.core.StandardWrapperValve.invoke(StandardWrapperValve.java:113)
		at org.apache.catalina.core.StandardContextValve.invoke(StandardContextValve.java:77)
		at org.apache.catalina.authenticator.AuthenticatorBase.invoke(AuthenticatorBase.java:492)
		at org.apache.catalina.core.StandardHostValve.invoke(StandardHostValve.java:113)
		at org.apache.catalina.valves.ErrorReportValve.invoke(ErrorReportValve.java:83)
		at org.apache.catalina.valves.AbstractAccessLogValve.invoke(AbstractAccessLogValve.java:782)
		at org.apache.catalina.core.StandardEngineValve.invoke(StandardEngineValve.java:72)
		at org.apache.catalina.connector.CoyoteAdapter.service(CoyoteAdapter.java:341)
		at org.apache.coyote.http11.Http11Processor.service(Http11Processor.java:397)
		at org.apache.coyote.AbstractProcessorLight.process(AbstractProcessorLight.java:63)
		at org.apache.coyote.AbstractProtocol$ConnectionHandler.process(AbstractProtocol.java:1272)
		at org.apache.tomcat.util.net.NioEndpoint$SocketProcessor.doRun(NioEndpoint.java:1801)
		at org.apache.tomcat.util.net.SocketProcessorBase.run(SocketProcessorBase.java:52)
		at org.apache.tomcat.util.threads.ThreadPoolExecutor.runWorker(ThreadPoolExecutor.java:946)
		at org.apache.tomcat.util.threads.ThreadPoolExecutor$Worker.run(ThreadPoolExecutor.java:480)
		at org.apache.tomcat.util.threads.TaskThread$WrappingRunnable.run(TaskThread.java:57)
		at java.base/java.lang.Thread.run(Thread.java:840)
29-Jun-2026 04:28:03.953 INFO [main] org.apache.catalina.core.ApplicationContext.log No Spring WebApplicationInitializer types detected on classpath
29-Jun-2026 04:28:04.432 INFO [http-nio-8080-exec-1] org.apache.catalina.core.ApplicationContext.log Initializing Spring DispatcherServlet 'dispatcher1'
29-Jun-2026 04:29:07.445 SEVERE [http-nio-8080-exec-1] org.apache.catalina.core.ApplicationContext.log Servlet.init() for servlet [dispatcher1] threw exception
	org.springframework.beans.factory.BeanCreationException: Error creating bean with name 'entityManagerFactory' defined in ServletContext resource [/WEB-INF/jdbc-context.xml]: Unable to build Hibernate SessionFactory  [persistence unit: default] ; nested exception is org.hibernate.exception.GenericJDBCException: Unable to open JDBC Connection for DDL execution [Connections could not be acquired from the underlying database!] [n/a]
		at org.springframework.beans.factory.support.AbstractAutowireCapableBeanFactory.initializeBean(AbstractAutowireCapableBeanFactory.java:1817)
		at org.springframework.beans.factory.support.AbstractAutowireCapableBeanFactory.doCreateBean(AbstractAutowireCapableBeanFactory.java:603)
		at org.springframework.beans.factory.support.AbstractAutowireCapableBeanFactory.createBean(AbstractAutowireCapableBeanFactory.java:525)
		at org.springframework.beans.factory.support.AbstractBeanFactory.lambda$doGetBean$0(AbstractBeanFactory.java:333)
		at org.springframework.beans.factory.support.DefaultSingletonBeanRegistry.getSingleton(DefaultSingletonBeanRegistry.java:371)
		at org.springframework.beans.factory.support.AbstractBeanFactory.doGetBean(AbstractBeanFactory.java:331)
		at org.springframework.beans.factory.support.AbstractBeanFactory.getBean(AbstractBeanFactory.java:201)
		at org.springframework.context.support.AbstractApplicationContext.finishBeanFactoryInitialization(AbstractApplicationContext.java:977)
		at org.springframework.context.support.AbstractApplicationContext.refresh(AbstractApplicationContext.java:621)
		at org.springframework.web.servlet.FrameworkServlet.configureAndRefreshWebApplicationContext(FrameworkServlet.java:696)
		at org.springframework.web.servlet.FrameworkServlet.createWebApplicationContext(FrameworkServlet.java:662)
		at org.springframework.web.servlet.FrameworkServlet.createWebApplicationContext(FrameworkServlet.java:710)
		at org.springframework.web.servlet.FrameworkServlet.initWebApplicationContext(FrameworkServlet.java:586)
		at org.springframework.web.servlet.FrameworkServlet.initServletBean(FrameworkServlet.java:528)
		at org.springframework.web.servlet.HttpServletBean.init(HttpServletBean.java:171)
		at jakarta.servlet.GenericServlet.init(GenericServlet.java:145)
		at jakarta.servlet.http.HttpServlet.init(HttpServlet.java:124)
		at org.apache.catalina.core.StandardWrapper.initServlet(StandardWrapper.java:819)
		at org.apache.catalina.core.StandardWrapper.loadServlet(StandardWrapper.java:789)
		at org.apache.catalina.core.StandardWrapper.allocate(StandardWrapper.java:571)
		at org.apache.catalina.core.StandardWrapperValve.invoke(StandardWrapperValve.java:113)
		at org.apache.catalina.core.StandardContextValve.invoke(StandardContextValve.java:77)
		at org.apache.catalina.authenticator.AuthenticatorBase.invoke(AuthenticatorBase.java:492)
		at org.apache.catalina.core.StandardHostValve.invoke(StandardHostValve.java:113)
		at org.apache.catalina.valves.ErrorReportValve.invoke(ErrorReportValve.java:83)
		at org.apache.catalina.valves.AbstractAccessLogValve.invoke(AbstractAccessLogValve.java:782)
		at org.apache.catalina.core.StandardEngineValve.invoke(StandardEngineValve.java:72)
		at org.apache.catalina.connector.CoyoteAdapter.service(CoyoteAdapter.java:341)
		at org.apache.coyote.http11.Http11Processor.service(Http11Processor.java:397)
		at org.apache.coyote.AbstractProcessorLight.process(AbstractProcessorLight.java:63)
		at org.apache.coyote.AbstractProtocol$ConnectionHandler.process(AbstractProtocol.java:1272)
		at org.apache.tomcat.util.net.NioEndpoint$SocketProcessor.doRun(NioEndpoint.java:1801)
		at org.apache.tomcat.util.net.SocketProcessorBase.run(SocketProcessorBase.java:52)
		at org.apache.tomcat.util.threads.ThreadPoolExecutor.runWorker(ThreadPoolExecutor.java:946)
		at org.apache.tomcat.util.threads.ThreadPoolExecutor$Worker.run(ThreadPoolExecutor.java:480)
		at org.apache.tomcat.util.threads.TaskThread$WrappingRunnable.run(TaskThread.java:57)
		at java.base/java.lang.Thread.run(Thread.java:1583)
	Caused by: jakarta.persistence.PersistenceException: Unable to build Hibernate SessionFactory  [persistence unit: default] ; nested exception is org.hibernate.exception.GenericJDBCException: Unable to open JDBC Connection for DDL execution [Connections could not be acquired from the underlying database!] [n/a]
		at org.springframework.orm.jpa.AbstractEntityManagerFactoryBean.buildNativeEntityManagerFactory(AbstractEntityManagerFactoryBean.java:448)
		at org.springframework.orm.jpa.AbstractEntityManagerFactoryBean.afterPropertiesSet(AbstractEntityManagerFactoryBean.java:411)
		at org.springframework.orm.jpa.LocalContainerEntityManagerFactoryBean.afterPropertiesSet(LocalContainerEntityManagerFactoryBean.java:419)
		at org.springframework.beans.factory.support.AbstractAutowireCapableBeanFactory.invokeInitMethods(AbstractAutowireCapableBeanFactory.java:1864)
		at org.springframework.beans.factory.support.AbstractAutowireCapableBeanFactory.initializeBean(AbstractAutowireCapableBeanFactory.java:1813)
		... 36 more
	Caused by: org.hibernate.exception.GenericJDBCException: Unable to open JDBC Connection for DDL execution [Connections could not be acquired from the underlying database!] [n/a]
		at org.hibernate.exception.internal.StandardSQLExceptionConverter.convert(StandardSQLExceptionConverter.java:39)
		at org.hibernate.engine.jdbc.spi.SqlExceptionHelper.convert(SqlExceptionHelper.java:115)
		at org.hibernate.engine.jdbc.spi.SqlExceptionHelper.convert(SqlExceptionHelper.java:101)
		at org.hibernate.resource.transaction.backend.jdbc.internal.DdlTransactionIsolatorNonJtaImpl.getIsolatedConnection(DdlTransactionIsolatorNonJtaImpl.java:71)
		at org.hibernate.resource.transaction.backend.jdbc.internal.DdlTransactionIsolatorNonJtaImpl.getIsolatedConnection(DdlTransactionIsolatorNonJtaImpl.java:37)
		at org.hibernate.tool.schema.internal.exec.ImprovedExtractionContextImpl.getJdbcConnection(ImprovedExtractionContextImpl.java:61)
		at org.hibernate.tool.schema.extract.spi.ExtractionContext.getQueryResults(ExtractionContext.java:41)
		at org.hibernate.tool.schema.extract.internal.SequenceInformationExtractorLegacyImpl.extractMetadata(SequenceInformationExtractorLegacyImpl.java:36)
		at org.hibernate.tool.schema.extract.internal.DatabaseInformationImpl.initializeSequences(DatabaseInformationImpl.java:73)
		at org.hibernate.tool.schema.extract.internal.DatabaseInformationImpl.<init>(DatabaseInformationImpl.java:63)
		at org.hibernate.tool.schema.extract.internal.CachingDatabaseInformationImpl.<init>(CachingDatabaseInformationImpl.java:43)
		at org.hibernate.tool.schema.internal.GroupedSchemaMigratorImpl.buildDatabaseInformation(GroupedSchemaMigratorImpl.java:112)
		at org.hibernate.tool.schema.internal.AbstractSchemaMigrator.doMigration(AbstractSchemaMigrator.java:83)
		at org.hibernate.tool.schema.spi.SchemaManagementToolCoordinator.performDatabaseAction(SchemaManagementToolCoordinator.java:269)
		at org.hibernate.tool.schema.spi.SchemaManagementToolCoordinator.lambda$process$1(SchemaManagementToolCoordinator.java:101)
		at java.base/java.util.HashMap.forEach(HashMap.java:1429)
		at org.hibernate.tool.schema.spi.SchemaManagementToolCoordinator.process(SchemaManagementToolCoordinator.java:100)
		at org.hibernate.boot.internal.SessionFactoryObserverForSchemaExport.sessionFactoryCreated(SessionFactoryObserverForSchemaExport.java:35)
		at org.hibernate.internal.SessionFactoryObserverChain.sessionFactoryCreated(SessionFactoryObserverChain.java:33)
		at org.hibernate.internal.SessionFactoryImpl.<init>(SessionFactoryImpl.java:327)
		at org.hibernate.internal.SessionFactoryRegistry.instantiateSessionFactory(SessionFactoryRegistry.java:64)
		at org.hibernate.boot.internal.SessionFactoryBuilderImpl.build(SessionFactoryBuilderImpl.java:458)
		at org.hibernate.jpa.boot.internal.EntityManagerFactoryBuilderImpl.build(EntityManagerFactoryBuilderImpl.java:1452)
		at org.springframework.orm.jpa.vendor.SpringHibernateJpaPersistenceProvider.createContainerEntityManagerFactory(SpringHibernateJpaPersistenceProvider.java:93)
		at org.springframework.orm.jpa.LocalContainerEntityManagerFactoryBean.createNativeEntityManagerFactory(LocalContainerEntityManagerFactoryBean.java:443)
		at org.springframework.orm.jpa.AbstractEntityManagerFactoryBean.buildNativeEntityManagerFactory(AbstractEntityManagerFactoryBean.java:436)
		... 40 more
	Caused by: java.sql.SQLException: Connections could not be acquired from the underlying database!
		at com.mchange.v2.sql.SqlUtils.toSQLException(SqlUtils.java:118)
		at com.mchange.v2.c3p0.impl.C3P0PooledConnectionPool.checkoutPooledConnection(C3P0PooledConnectionPool.java:692)
		at com.mchange.v2.c3p0.impl.AbstractPoolBackedDataSource.getConnection(AbstractPoolBackedDataSource.java:140)
		at org.hibernate.engine.jdbc.connections.internal.DataSourceConnectionProvider.getConnection(DataSourceConnectionProvider.java:149)
		at org.hibernate.engine.jdbc.env.internal.JdbcEnvironmentInitiator$ConnectionProviderJdbcConnectionAccess.obtainConnection(JdbcEnvironmentInitiator.java:508)
		at org.hibernate.resource.transaction.backend.jdbc.internal.DdlTransactionIsolatorNonJtaImpl.getIsolatedConnection(DdlTransactionIsolatorNonJtaImpl.java:44)
		... 62 more
	Caused by: com.mchange.v2.resourcepool.CannotAcquireResourceException: A ResourcePool could not acquire a resource from its primary factory or source.
		at com.mchange.v2.resourcepool.BasicResourcePool.awaitAvailable(BasicResourcePool.java:1507)
		at com.mchange.v2.resourcepool.BasicResourcePool.prelimCheckoutResource(BasicResourcePool.java:644)
		at com.mchange.v2.resourcepool.BasicResourcePool.checkoutResource(BasicResourcePool.java:554)
		at com.mchange.v2.c3p0.impl.C3P0PooledConnectionPool.checkoutAndMarkConnectionInUse(C3P0PooledConnectionPool.java:758)
		at com.mchange.v2.c3p0.impl.C3P0PooledConnectionPool.checkoutPooledConnection(C3P0PooledConnectionPool.java:685)
		... 66 more
	Caused by: org.postgresql.util.PSQLException: Connection to localhost:5432 refused. Check that the hostname and port are correct and that the postmaster is accepting TCP/IP connections.
		at org.postgresql.core.v3.ConnectionFactoryImpl.openConnectionImpl(ConnectionFactoryImpl.java:373)
		at org.postgresql.core.ConnectionFactory.openConnection(ConnectionFactory.java:57)
		at org.postgresql.jdbc.PgConnection.<init>(PgConnection.java:290)
		at org.postgresql.Driver.makeConnection(Driver.java:448)
		at org.postgresql.Driver.connect(Driver.java:298)
		at com.mchange.v2.c3p0.DriverManagerDataSource.getConnection(DriverManagerDataSource.java:175)
		at com.mchange.v2.c3p0.WrapperConnectionPoolDataSource.getPooledConnection(WrapperConnectionPoolDataSource.java:220)
		at com.mchange.v2.c3p0.WrapperConnectionPoolDataSource.getPooledConnection(WrapperConnectionPoolDataSource.java:206)
		at com.mchange.v2.c3p0.impl.C3P0PooledConnectionPool$1PooledConnectionResourcePoolManager.acquireResource(C3P0PooledConnectionPool.java:203)
		at com.mchange.v2.resourcepool.BasicResourcePool.doAcquire(BasicResourcePool.java:1176)
		at com.mchange.v2.resourcepool.BasicResourcePool.doAcquireAndDecrementPendingAcquiresWithinLockOnSuccess(BasicResourcePool.java:1163)
		at com.mchange.v2.resourcepool.BasicResourcePool.access$700(BasicResourcePool.java:44)
		at com.mchange.v2.resourcepool.BasicResourcePool$ScatteredAcquireTask.run(BasicResourcePool.java:1908)
		at com.mchange.v2.async.ThreadPoolAsynchronousRunner$PoolThread.run(ThreadPoolAsynchronousRunner.java:696)
	Caused by: java.net.ConnectException: Connection refused
		at java.base/sun.nio.ch.Net.pollConnect(Native Method)
		at java.base/sun.nio.ch.Net.pollConnectNow(Net.java:694)
		at java.base/sun.nio.ch.NioSocketImpl.timedFinishConnect(NioSocketImpl.java:542)
		at java.base/sun.nio.ch.NioSocketImpl.connect(NioSocketImpl.java:592)
		at java.base/java.net.SocksSocketImpl.connect(SocksSocketImpl.java:327)
		at java.base/java.net.Socket.connect(Socket.java:751)
		at org.postgresql.core.PGStream.createSocket(PGStream.java:261)
		at org.postgresql.core.PGStream.<init>(PGStream.java:122)
		at org.postgresql.core.v3.ConnectionFactoryImpl.tryConnect(ConnectionFactoryImpl.java:146)
		at org.postgresql.core.v3.ConnectionFactoryImpl.openConnectionImpl(ConnectionFactoryImpl.java:289)
		... 13 more
29-Jun-2026 04:29:07.446 SEVERE [http-nio-8080-exec-1] org.apache.catalina.core.StandardWrapperValve.invoke Allocate exception for servlet [dispatcher1]
	java.net.ConnectException: Connection refused
		at java.base/sun.nio.ch.Net.pollConnect(Native Method)
		at java.base/sun.nio.ch.Net.pollConnectNow(Net.java:694)
		at java.base/sun.nio.ch.NioSocketImpl.timedFinishConnect(NioSocketImpl.java:542)
		at java.base/sun.nio.ch.NioSocketImpl.connect(NioSocketImpl.java:592)
		at java.base/java.net.SocksSocketImpl.connect(SocksSocketImpl.java:327)
		at java.base/java.net.Socket.connect(Socket.java:751)
		at org.postgresql.core.PGStream.createSocket(PGStream.java:261)
		at org.postgresql.core.PGStream.<init>(PGStream.java:122)
		at org.postgresql.core.v3.ConnectionFactoryImpl.tryConnect(ConnectionFactoryImpl.java:146)
		at org.postgresql.core.v3.ConnectionFactoryImpl.openConnectionImpl(ConnectionFactoryImpl.java:289)
		at org.postgresql.core.ConnectionFactory.openConnection(ConnectionFactory.java:57)
		at org.postgresql.jdbc.PgConnection.<init>(PgConnection.java:290)
		at org.postgresql.Driver.makeConnection(Driver.java:448)
		at org.postgresql.Driver.connect(Driver.java:298)
		at com.mchange.v2.c3p0.DriverManagerDataSource.getConnection(DriverManagerDataSource.java:175)
		at com.mchange.v2.c3p0.WrapperConnectionPoolDataSource.getPooledConnection(WrapperConnectionPoolDataSource.java:220)
		at com.mchange.v2.c3p0.WrapperConnectionPoolDataSource.getPooledConnection(WrapperConnectionPoolDataSource.java:206)
		at com.mchange.v2.c3p0.impl.C3P0PooledConnectionPool$1PooledConnectionResourcePoolManager.acquireResource(C3P0PooledConnectionPool.java:203)
		at com.mchange.v2.resourcepool.BasicResourcePool.doAcquire(BasicResourcePool.java:1176)
		at com.mchange.v2.resourcepool.BasicResourcePool.doAcquireAndDecrementPendingAcquiresWithinLockOnSuccess(BasicResourcePool.java:1163)
		at com.mchange.v2.resourcepool.BasicResourcePool.access$700(BasicResourcePool.java:44)
		at com.mchange.v2.resourcepool.BasicResourcePool$ScatteredAcquireTask.run(BasicResourcePool.java:1908)
		at com.mchange.v2.async.ThreadPoolAsynchronousRunner$PoolThread.run(ThreadPoolAsynchronousRunner.java:696)
29-Jun-2026 04:29:07.488 INFO [http-nio-8080-exec-6] org.apache.catalina.core.ApplicationContext.log Initializing Spring DispatcherServlet 'dispatcher1'
29-Jun-2026 04:30:08.271 SEVERE [http-nio-8080-exec-6] org.apache.catalina.core.ApplicationContext.log Servlet.init() for servlet [dispatcher1] threw exception
	org.springframework.beans.factory.BeanCreationException: Error creating bean with name 'entityManagerFactory' defined in ServletContext resource [/WEB-INF/jdbc-context.xml]: Unable to build Hibernate SessionFactory  [persistence unit: default] ; nested exception is org.hibernate.exception.GenericJDBCException: Unable to open JDBC Connection for DDL execution [Connections could not be acquired from the underlying database!] [n/a]
		at org.springframework.beans.factory.support.AbstractAutowireCapableBeanFactory.initializeBean(AbstractAutowireCapableBeanFactory.java:1817)
		at org.springframework.beans.factory.support.AbstractAutowireCapableBeanFactory.doCreateBean(AbstractAutowireCapableBeanFactory.java:603)
		at org.springframework.beans.factory.support.AbstractAutowireCapableBeanFactory.createBean(AbstractAutowireCapableBeanFactory.java:525)
		at org.springframework.beans.factory.support.AbstractBeanFactory.lambda$doGetBean$0(AbstractBeanFactory.java:333)
		at org.springframework.beans.factory.support.DefaultSingletonBeanRegistry.getSingleton(DefaultSingletonBeanRegistry.java:371)
		at org.springframework.beans.factory.support.AbstractBeanFactory.doGetBean(AbstractBeanFactory.java:331)
		at org.springframework.beans.factory.support.AbstractBeanFactory.getBean(AbstractBeanFactory.java:201)
		at org.springframework.context.support.AbstractApplicationContext.finishBeanFactoryInitialization(AbstractApplicationContext.java:977)
		at org.springframework.context.support.AbstractApplicationContext.refresh(AbstractApplicationContext.java:621)
		at org.springframework.web.servlet.FrameworkServlet.configureAndRefreshWebApplicationContext(FrameworkServlet.java:696)
		at org.springframework.web.servlet.FrameworkServlet.createWebApplicationContext(FrameworkServlet.java:662)
		at org.springframework.web.servlet.FrameworkServlet.createWebApplicationContext(FrameworkServlet.java:710)
		at org.springframework.web.servlet.FrameworkServlet.initWebApplicationContext(FrameworkServlet.java:586)
		at org.springframework.web.servlet.FrameworkServlet.initServletBean(FrameworkServlet.java:528)
		at org.springframework.web.servlet.HttpServletBean.init(HttpServletBean.java:171)
		at jakarta.servlet.GenericServlet.init(GenericServlet.java:145)
		at jakarta.servlet.http.HttpServlet.init(HttpServlet.java:124)
		at org.apache.catalina.core.StandardWrapper.initServlet(StandardWrapper.java:819)
		at org.apache.catalina.core.StandardWrapper.loadServlet(StandardWrapper.java:789)
		at org.apache.catalina.core.StandardWrapper.allocate(StandardWrapper.java:571)
		at org.apache.catalina.core.StandardWrapperValve.invoke(StandardWrapperValve.java:113)
		at org.apache.catalina.core.StandardContextValve.invoke(StandardContextValve.java:77)
		at org.apache.catalina.authenticator.AuthenticatorBase.invoke(AuthenticatorBase.java:492)
		at org.apache.catalina.core.StandardHostValve.invoke(StandardHostValve.java:113)
		at org.apache.catalina.valves.ErrorReportValve.invoke(ErrorReportValve.java:83)
		at org.apache.catalina.valves.AbstractAccessLogValve.invoke(AbstractAccessLogValve.java:782)
		at org.apache.catalina.core.StandardEngineValve.invoke(StandardEngineValve.java:72)
		at org.apache.catalina.connector.CoyoteAdapter.service(CoyoteAdapter.java:341)
		at org.apache.coyote.http11.Http11Processor.service(Http11Processor.java:397)
		at org.apache.coyote.AbstractProcessorLight.process(AbstractProcessorLight.java:63)
		at org.apache.coyote.AbstractProtocol$ConnectionHandler.process(AbstractProtocol.java:1272)
		at org.apache.tomcat.util.net.NioEndpoint$SocketProcessor.doRun(NioEndpoint.java:1801)
		at org.apache.tomcat.util.net.SocketProcessorBase.run(SocketProcessorBase.java:52)
		at org.apache.tomcat.util.threads.ThreadPoolExecutor.runWorker(ThreadPoolExecutor.java:946)
		at org.apache.tomcat.util.threads.ThreadPoolExecutor$Worker.run(ThreadPoolExecutor.java:480)
		at org.apache.tomcat.util.threads.TaskThread$WrappingRunnable.run(TaskThread.java:57)
		at java.base/java.lang.Thread.run(Thread.java:1583)
	Caused by: jakarta.persistence.PersistenceException: Unable to build Hibernate SessionFactory  [persistence unit: default] ; nested exception is org.hibernate.exception.GenericJDBCException: Unable to open JDBC Connection for DDL execution [Connections could not be acquired from the underlying database!] [n/a]
		at org.springframework.orm.jpa.AbstractEntityManagerFactoryBean.buildNativeEntityManagerFactory(AbstractEntityManagerFactoryBean.java:448)
		at org.springframework.orm.jpa.AbstractEntityManagerFactoryBean.afterPropertiesSet(AbstractEntityManagerFactoryBean.java:411)
		at org.springframework.orm.jpa.LocalContainerEntityManagerFactoryBean.afterPropertiesSet(LocalContainerEntityManagerFactoryBean.java:419)
		at org.springframework.beans.factory.support.AbstractAutowireCapableBeanFactory.invokeInitMethods(AbstractAutowireCapableBeanFactory.java:1864)
		at org.springframework.beans.factory.support.AbstractAutowireCapableBeanFactory.initializeBean(AbstractAutowireCapableBeanFactory.java:1813)
		... 36 more
	Caused by: org.hibernate.exception.GenericJDBCException: Unable to open JDBC Connection for DDL execution [Connections could not be acquired from the underlying database!] [n/a]
		at org.hibernate.exception.internal.StandardSQLExceptionConverter.convert(StandardSQLExceptionConverter.java:39)
		at org.hibernate.engine.jdbc.spi.SqlExceptionHelper.convert(SqlExceptionHelper.java:115)
		at org.hibernate.engine.jdbc.spi.SqlExceptionHelper.convert(SqlExceptionHelper.java:101)
		at org.hibernate.resource.transaction.backend.jdbc.internal.DdlTransactionIsolatorNonJtaImpl.getIsolatedConnection(DdlTransactionIsolatorNonJtaImpl.java:71)
		at org.hibernate.resource.transaction.backend.jdbc.internal.DdlTransactionIsolatorNonJtaImpl.getIsolatedConnection(DdlTransactionIsolatorNonJtaImpl.java:37)
		at org.hibernate.tool.schema.internal.exec.ImprovedExtractionContextImpl.getJdbcConnection(ImprovedExtractionContextImpl.java:61)
		at org.hibernate.tool.schema.extract.spi.ExtractionContext.getQueryResults(ExtractionContext.java:41)
		at org.hibernate.tool.schema.extract.internal.SequenceInformationExtractorLegacyImpl.extractMetadata(SequenceInformationExtractorLegacyImpl.java:36)
		at org.hibernate.tool.schema.extract.internal.DatabaseInformationImpl.initializeSequences(DatabaseInformationImpl.java:73)
		at org.hibernate.tool.schema.extract.internal.DatabaseInformationImpl.<init>(DatabaseInformationImpl.java:63)
		at org.hibernate.tool.schema.extract.internal.CachingDatabaseInformationImpl.<init>(CachingDatabaseInformationImpl.java:43)
		at org.hibernate.tool.schema.internal.GroupedSchemaMigratorImpl.buildDatabaseInformation(GroupedSchemaMigratorImpl.java:112)
		at org.hibernate.tool.schema.internal.AbstractSchemaMigrator.doMigration(AbstractSchemaMigrator.java:83)
		at org.hibernate.tool.schema.spi.SchemaManagementToolCoordinator.performDatabaseAction(SchemaManagementToolCoordinator.java:269)
		at org.hibernate.tool.schema.spi.SchemaManagementToolCoordinator.lambda$process$1(SchemaManagementToolCoordinator.java:101)
		at java.base/java.util.HashMap.forEach(HashMap.java:1429)
		at org.hibernate.tool.schema.spi.SchemaManagementToolCoordinator.process(SchemaManagementToolCoordinator.java:100)
		at org.hibernate.boot.internal.SessionFactoryObserverForSchemaExport.sessionFactoryCreated(SessionFactoryObserverForSchemaExport.java:35)
		at org.hibernate.internal.SessionFactoryObserverChain.sessionFactoryCreated(SessionFactoryObserverChain.java:33)
		at org.hibernate.internal.SessionFactoryImpl.<init>(SessionFactoryImpl.java:327)
		at org.hibernate.internal.SessionFactoryRegistry.instantiateSessionFactory(SessionFactoryRegistry.java:64)
		at org.hibernate.boot.internal.SessionFactoryBuilderImpl.build(SessionFactoryBuilderImpl.java:458)
		at org.hibernate.jpa.boot.internal.EntityManagerFactoryBuilderImpl.build(EntityManagerFactoryBuilderImpl.java:1452)
		at org.springframework.orm.jpa.vendor.SpringHibernateJpaPersistenceProvider.createContainerEntityManagerFactory(SpringHibernateJpaPersistenceProvider.java:93)
		at org.springframework.orm.jpa.LocalContainerEntityManagerFactoryBean.createNativeEntityManagerFactory(LocalContainerEntityManagerFactoryBean.java:443)
		at org.springframework.orm.jpa.AbstractEntityManagerFactoryBean.buildNativeEntityManagerFactory(AbstractEntityManagerFactoryBean.java:436)
		... 40 more
	Caused by: java.sql.SQLException: Connections could not be acquired from the underlying database!
		at com.mchange.v2.sql.SqlUtils.toSQLException(SqlUtils.java:118)
		at com.mchange.v2.c3p0.impl.C3P0PooledConnectionPool.checkoutPooledConnection(C3P0PooledConnectionPool.java:692)
		at com.mchange.v2.c3p0.impl.AbstractPoolBackedDataSource.getConnection(AbstractPoolBackedDataSource.java:140)
		at org.hibernate.engine.jdbc.connections.internal.DataSourceConnectionProvider.getConnection(DataSourceConnectionProvider.java:149)
		at org.hibernate.engine.jdbc.env.internal.JdbcEnvironmentInitiator$ConnectionProviderJdbcConnectionAccess.obtainConnection(JdbcEnvironmentInitiator.java:508)
		at org.hibernate.resource.transaction.backend.jdbc.internal.DdlTransactionIsolatorNonJtaImpl.getIsolatedConnection(DdlTransactionIsolatorNonJtaImpl.java:44)
		... 62 more
	Caused by: com.mchange.v2.resourcepool.CannotAcquireResourceException: A ResourcePool could not acquire a resource from its primary factory or source.
		at com.mchange.v2.resourcepool.BasicResourcePool.awaitAvailable(BasicResourcePool.java:1507)
		at com.mchange.v2.resourcepool.BasicResourcePool.prelimCheckoutResource(BasicResourcePool.java:644)
		at com.mchange.v2.resourcepool.BasicResourcePool.checkoutResource(BasicResourcePool.java:554)
		at com.mchange.v2.c3p0.impl.C3P0PooledConnectionPool.checkoutAndMarkConnectionInUse(C3P0PooledConnectionPool.java:758)
		at com.mchange.v2.c3p0.impl.C3P0PooledConnectionPool.checkoutPooledConnection(C3P0PooledConnectionPool.java:685)
		... 66 more
	Caused by: org.postgresql.util.PSQLException: Connection to localhost:5432 refused. Check that the hostname and port are correct and that the postmaster is accepting TCP/IP connections.
		at org.postgresql.core.v3.ConnectionFactoryImpl.openConnectionImpl(ConnectionFactoryImpl.java:373)
		at org.postgresql.core.ConnectionFactory.openConnection(ConnectionFactory.java:57)
		at org.postgresql.jdbc.PgConnection.<init>(PgConnection.java:290)
		at org.postgresql.Driver.makeConnection(Driver.java:448)
		at org.postgresql.Driver.connect(Driver.java:298)
		at com.mchange.v2.c3p0.DriverManagerDataSource.getConnection(DriverManagerDataSource.java:175)
		at com.mchange.v2.c3p0.WrapperConnectionPoolDataSource.getPooledConnection(WrapperConnectionPoolDataSource.java:220)
		at com.mchange.v2.c3p0.WrapperConnectionPoolDataSource.getPooledConnection(WrapperConnectionPoolDataSource.java:206)
		at com.mchange.v2.c3p0.impl.C3P0PooledConnectionPool$1PooledConnectionResourcePoolManager.acquireResource(C3P0PooledConnectionPool.java:203)
		at com.mchange.v2.resourcepool.BasicResourcePool.doAcquire(BasicResourcePool.java:1176)
		at com.mchange.v2.resourcepool.BasicResourcePool.doAcquireAndDecrementPendingAcquiresWithinLockOnSuccess(BasicResourcePool.java:1163)
		at com.mchange.v2.resourcepool.BasicResourcePool.access$700(BasicResourcePool.java:44)
		at com.mchange.v2.resourcepool.BasicResourcePool$ScatteredAcquireTask.run(BasicResourcePool.java:1908)
		at com.mchange.v2.async.ThreadPoolAsynchronousRunner$PoolThread.run(ThreadPoolAsynchronousRunner.java:696)
	Caused by: java.net.ConnectException: Connection refused
		at java.base/sun.nio.ch.Net.pollConnect(Native Method)
		at java.base/sun.nio.ch.Net.pollConnectNow(Net.java:694)
		at java.base/sun.nio.ch.NioSocketImpl.timedFinishConnect(NioSocketImpl.java:542)
		at java.base/sun.nio.ch.NioSocketImpl.connect(NioSocketImpl.java:592)
		at java.base/java.net.SocksSocketImpl.connect(SocksSocketImpl.java:327)
		at java.base/java.net.Socket.connect(Socket.java:751)
		at org.postgresql.core.PGStream.createSocket(PGStream.java:261)
		at org.postgresql.core.PGStream.<init>(PGStream.java:122)
		at org.postgresql.core.v3.ConnectionFactoryImpl.tryConnect(ConnectionFactoryImpl.java:146)
		at org.postgresql.core.v3.ConnectionFactoryImpl.openConnectionImpl(ConnectionFactoryImpl.java:289)
		... 13 more
29-Jun-2026 04:30:08.274 SEVERE [http-nio-8080-exec-6] org.apache.catalina.core.StandardWrapperValve.invoke Allocate exception for servlet [dispatcher1]
	java.net.ConnectException: Connection refused
		at java.base/sun.nio.ch.Net.pollConnect(Native Method)
		at java.base/sun.nio.ch.Net.pollConnectNow(Net.java:694)
		at java.base/sun.nio.ch.NioSocketImpl.timedFinishConnect(NioSocketImpl.java:542)
		at java.base/sun.nio.ch.NioSocketImpl.connect(NioSocketImpl.java:592)
		at java.base/java.net.SocksSocketImpl.connect(SocksSocketImpl.java:327)
		at java.base/java.net.Socket.connect(Socket.java:751)
		at org.postgresql.core.PGStream.createSocket(PGStream.java:261)
		at org.postgresql.core.PGStream.<init>(PGStream.java:122)
		at org.postgresql.core.v3.ConnectionFactoryImpl.tryConnect(ConnectionFactoryImpl.java:146)
		at org.postgresql.core.v3.ConnectionFactoryImpl.openConnectionImpl(ConnectionFactoryImpl.java:289)
		at org.postgresql.core.ConnectionFactory.openConnection(ConnectionFactory.java:57)
		at org.postgresql.jdbc.PgConnection.<init>(PgConnection.java:290)
		at org.postgresql.Driver.makeConnection(Driver.java:448)
		at org.postgresql.Driver.connect(Driver.java:298)
		at com.mchange.v2.c3p0.DriverManagerDataSource.getConnection(DriverManagerDataSource.java:175)
		at com.mchange.v2.c3p0.WrapperConnectionPoolDataSource.getPooledConnection(WrapperConnectionPoolDataSource.java:220)
		at com.mchange.v2.c3p0.WrapperConnectionPoolDataSource.getPooledConnection(WrapperConnectionPoolDataSource.java:206)
		at com.mchange.v2.c3p0.impl.C3P0PooledConnectionPool$1PooledConnectionResourcePoolManager.acquireResource(C3P0PooledConnectionPool.java:203)
		at com.mchange.v2.resourcepool.BasicResourcePool.doAcquire(BasicResourcePool.java:1176)
		at com.mchange.v2.resourcepool.BasicResourcePool.doAcquireAndDecrementPendingAcquiresWithinLockOnSuccess(BasicResourcePool.java:1163)
		at com.mchange.v2.resourcepool.BasicResourcePool.access$700(BasicResourcePool.java:44)
		at com.mchange.v2.resourcepool.BasicResourcePool$ScatteredAcquireTask.run(BasicResourcePool.java:1908)
		at com.mchange.v2.async.ThreadPoolAsynchronousRunner$PoolThread.run(ThreadPoolAsynchronousRunner.java:696)
29-Jun-2026 04:30:08.319 INFO [http-nio-8080-exec-5] org.apache.catalina.core.ApplicationContext.log Initializing Spring DispatcherServlet 'dispatcher1'
29-Jun-2026 04:30:36.610 INFO [main] org.apache.catalina.core.ApplicationContext.log No Spring WebApplicationInitializer types detected on classpath
29-Jun-2026 04:30:46.810 INFO [http-nio-8080-exec-2] org.apache.catalina.core.ApplicationContext.log Initializing Spring DispatcherServlet 'dispatcher1'
29-Jun-2026 04:31:52.851 INFO [main] org.apache.catalina.core.ApplicationContext.log No Spring WebApplicationInitializer types detected on classpath
29-Jun-2026 04:32:01.804 INFO [http-nio-8080-exec-1] org.apache.catalina.core.ApplicationContext.log Initializing Spring DispatcherServlet 'dispatcher1'
29-Jun-2026 04:32:57.346 INFO [main] org.apache.catalina.core.ApplicationContext.log No Spring WebApplicationInitializer types detected on classpath
29-Jun-2026 04:33:01.699 INFO [http-nio-8080-exec-1] org.apache.catalina.core.ApplicationContext.log Initializing Spring DispatcherServlet 'dispatcher1'
29-Jun-2026 04:34:05.068 SEVERE [http-nio-8080-exec-1] org.apache.catalina.core.ApplicationContext.log Servlet.init() for servlet [dispatcher1] threw exception
	org.springframework.beans.factory.BeanCreationException: Error creating bean with name 'entityManagerFactory' defined in ServletContext resource [/WEB-INF/jdbc-context.xml]: Unable to build Hibernate SessionFactory  [persistence unit: default] ; nested exception is org.hibernate.exception.GenericJDBCException: Unable to open JDBC Connection for DDL execution [Connections could not be acquired from the underlying database!] [n/a]
		at org.springframework.beans.factory.support.AbstractAutowireCapableBeanFactory.initializeBean(AbstractAutowireCapableBeanFactory.java:1817)
		at org.springframework.beans.factory.support.AbstractAutowireCapableBeanFactory.doCreateBean(AbstractAutowireCapableBeanFactory.java:603)
		at org.springframework.beans.factory.support.AbstractAutowireCapableBeanFactory.createBean(AbstractAutowireCapableBeanFactory.java:525)
		at org.springframework.beans.factory.support.AbstractBeanFactory.lambda$doGetBean$0(AbstractBeanFactory.java:333)
		at org.springframework.beans.factory.support.DefaultSingletonBeanRegistry.getSingleton(DefaultSingletonBeanRegistry.java:371)
		at org.springframework.beans.factory.support.AbstractBeanFactory.doGetBean(AbstractBeanFactory.java:331)
		at org.springframework.beans.factory.support.AbstractBeanFactory.getBean(AbstractBeanFactory.java:201)
		at org.springframework.context.support.AbstractApplicationContext.finishBeanFactoryInitialization(AbstractApplicationContext.java:977)
		at org.springframework.context.support.AbstractApplicationContext.refresh(AbstractApplicationContext.java:621)
		at org.springframework.web.servlet.FrameworkServlet.configureAndRefreshWebApplicationContext(FrameworkServlet.java:696)
		at org.springframework.web.servlet.FrameworkServlet.createWebApplicationContext(FrameworkServlet.java:662)
		at org.springframework.web.servlet.FrameworkServlet.createWebApplicationContext(FrameworkServlet.java:710)
		at org.springframework.web.servlet.FrameworkServlet.initWebApplicationContext(FrameworkServlet.java:586)
		at org.springframework.web.servlet.FrameworkServlet.initServletBean(FrameworkServlet.java:528)
		at org.springframework.web.servlet.HttpServletBean.init(HttpServletBean.java:171)
		at jakarta.servlet.GenericServlet.init(GenericServlet.java:145)
		at jakarta.servlet.http.HttpServlet.init(HttpServlet.java:124)
		at org.apache.catalina.core.StandardWrapper.initServlet(StandardWrapper.java:819)
		at org.apache.catalina.core.StandardWrapper.loadServlet(StandardWrapper.java:789)
		at org.apache.catalina.core.StandardWrapper.allocate(StandardWrapper.java:571)
		at org.apache.catalina.core.StandardWrapperValve.invoke(StandardWrapperValve.java:113)
		at org.apache.catalina.core.StandardContextValve.invoke(StandardContextValve.java:77)
		at org.apache.catalina.authenticator.AuthenticatorBase.invoke(AuthenticatorBase.java:492)
		at org.apache.catalina.core.StandardHostValve.invoke(StandardHostValve.java:113)
		at org.apache.catalina.valves.ErrorReportValve.invoke(ErrorReportValve.java:83)
		at org.apache.catalina.valves.AbstractAccessLogValve.invoke(AbstractAccessLogValve.java:782)
		at org.apache.catalina.core.StandardEngineValve.invoke(StandardEngineValve.java:72)
		at org.apache.catalina.connector.CoyoteAdapter.service(CoyoteAdapter.java:341)
		at org.apache.coyote.http11.Http11Processor.service(Http11Processor.java:397)
		at org.apache.coyote.AbstractProcessorLight.process(AbstractProcessorLight.java:63)
		at org.apache.coyote.AbstractProtocol$ConnectionHandler.process(AbstractProtocol.java:1272)
		at org.apache.tomcat.util.net.NioEndpoint$SocketProcessor.doRun(NioEndpoint.java:1801)
		at org.apache.tomcat.util.net.SocketProcessorBase.run(SocketProcessorBase.java:52)
		at org.apache.tomcat.util.threads.ThreadPoolExecutor.runWorker(ThreadPoolExecutor.java:946)
		at org.apache.tomcat.util.threads.ThreadPoolExecutor$Worker.run(ThreadPoolExecutor.java:480)
		at org.apache.tomcat.util.threads.TaskThread$WrappingRunnable.run(TaskThread.java:57)
		at java.base/java.lang.Thread.run(Thread.java:1583)
	Caused by: jakarta.persistence.PersistenceException: Unable to build Hibernate SessionFactory  [persistence unit: default] ; nested exception is org.hibernate.exception.GenericJDBCException: Unable to open JDBC Connection for DDL execution [Connections could not be acquired from the underlying database!] [n/a]
		at org.springframework.orm.jpa.AbstractEntityManagerFactoryBean.buildNativeEntityManagerFactory(AbstractEntityManagerFactoryBean.java:448)
		at org.springframework.orm.jpa.AbstractEntityManagerFactoryBean.afterPropertiesSet(AbstractEntityManagerFactoryBean.java:411)
		at org.springframework.orm.jpa.LocalContainerEntityManagerFactoryBean.afterPropertiesSet(LocalContainerEntityManagerFactoryBean.java:419)
		at org.springframework.beans.factory.support.AbstractAutowireCapableBeanFactory.invokeInitMethods(AbstractAutowireCapableBeanFactory.java:1864)
		at org.springframework.beans.factory.support.AbstractAutowireCapableBeanFactory.initializeBean(AbstractAutowireCapableBeanFactory.java:1813)
		... 36 more
	Caused by: org.hibernate.exception.GenericJDBCException: Unable to open JDBC Connection for DDL execution [Connections could not be acquired from the underlying database!] [n/a]
		at org.hibernate.exception.internal.StandardSQLExceptionConverter.convert(StandardSQLExceptionConverter.java:39)
		at org.hibernate.engine.jdbc.spi.SqlExceptionHelper.convert(SqlExceptionHelper.java:115)
		at org.hibernate.engine.jdbc.spi.SqlExceptionHelper.convert(SqlExceptionHelper.java:101)
		at org.hibernate.resource.transaction.backend.jdbc.internal.DdlTransactionIsolatorNonJtaImpl.getIsolatedConnection(DdlTransactionIsolatorNonJtaImpl.java:71)
		at org.hibernate.resource.transaction.backend.jdbc.internal.DdlTransactionIsolatorNonJtaImpl.getIsolatedConnection(DdlTransactionIsolatorNonJtaImpl.java:37)
		at org.hibernate.tool.schema.internal.exec.ImprovedExtractionContextImpl.getJdbcConnection(ImprovedExtractionContextImpl.java:61)
		at org.hibernate.tool.schema.extract.spi.ExtractionContext.getQueryResults(ExtractionContext.java:41)
		at org.hibernate.tool.schema.extract.internal.SequenceInformationExtractorLegacyImpl.extractMetadata(SequenceInformationExtractorLegacyImpl.java:36)
		at org.hibernate.tool.schema.extract.internal.DatabaseInformationImpl.initializeSequences(DatabaseInformationImpl.java:73)
		at org.hibernate.tool.schema.extract.internal.DatabaseInformationImpl.<init>(DatabaseInformationImpl.java:63)
		at org.hibernate.tool.schema.extract.internal.CachingDatabaseInformationImpl.<init>(CachingDatabaseInformationImpl.java:43)
		at org.hibernate.tool.schema.internal.GroupedSchemaMigratorImpl.buildDatabaseInformation(GroupedSchemaMigratorImpl.java:112)
		at org.hibernate.tool.schema.internal.AbstractSchemaMigrator.doMigration(AbstractSchemaMigrator.java:83)
		at org.hibernate.tool.schema.spi.SchemaManagementToolCoordinator.performDatabaseAction(SchemaManagementToolCoordinator.java:269)
		at org.hibernate.tool.schema.spi.SchemaManagementToolCoordinator.lambda$process$1(SchemaManagementToolCoordinator.java:101)
		at java.base/java.util.HashMap.forEach(HashMap.java:1429)
		at org.hibernate.tool.schema.spi.SchemaManagementToolCoordinator.process(SchemaManagementToolCoordinator.java:100)
		at org.hibernate.boot.internal.SessionFactoryObserverForSchemaExport.sessionFactoryCreated(SessionFactoryObserverForSchemaExport.java:35)
		at org.hibernate.internal.SessionFactoryObserverChain.sessionFactoryCreated(SessionFactoryObserverChain.java:33)
		at org.hibernate.internal.SessionFactoryImpl.<init>(SessionFactoryImpl.java:327)
		at org.hibernate.internal.SessionFactoryRegistry.instantiateSessionFactory(SessionFactoryRegistry.java:64)
		at org.hibernate.boot.internal.SessionFactoryBuilderImpl.build(SessionFactoryBuilderImpl.java:458)
		at org.hibernate.jpa.boot.internal.EntityManagerFactoryBuilderImpl.build(EntityManagerFactoryBuilderImpl.java:1452)
		at org.springframework.orm.jpa.vendor.SpringHibernateJpaPersistenceProvider.createContainerEntityManagerFactory(SpringHibernateJpaPersistenceProvider.java:93)
		at org.springframework.orm.jpa.LocalContainerEntityManagerFactoryBean.createNativeEntityManagerFactory(LocalContainerEntityManagerFactoryBean.java:443)
		at org.springframework.orm.jpa.AbstractEntityManagerFactoryBean.buildNativeEntityManagerFactory(AbstractEntityManagerFactoryBean.java:436)
		... 40 more
	Caused by: java.sql.SQLException: Connections could not be acquired from the underlying database!
		at com.mchange.v2.sql.SqlUtils.toSQLException(SqlUtils.java:118)
		at com.mchange.v2.c3p0.impl.C3P0PooledConnectionPool.checkoutPooledConnection(C3P0PooledConnectionPool.java:692)
		at com.mchange.v2.c3p0.impl.AbstractPoolBackedDataSource.getConnection(AbstractPoolBackedDataSource.java:140)
		at org.hibernate.engine.jdbc.connections.internal.DataSourceConnectionProvider.getConnection(DataSourceConnectionProvider.java:149)
		at org.hibernate.engine.jdbc.env.internal.JdbcEnvironmentInitiator$ConnectionProviderJdbcConnectionAccess.obtainConnection(JdbcEnvironmentInitiator.java:508)
		at org.hibernate.resource.transaction.backend.jdbc.internal.DdlTransactionIsolatorNonJtaImpl.getIsolatedConnection(DdlTransactionIsolatorNonJtaImpl.java:44)
		... 62 more
	Caused by: com.mchange.v2.resourcepool.CannotAcquireResourceException: A ResourcePool could not acquire a resource from its primary factory or source.
		at com.mchange.v2.resourcepool.BasicResourcePool.awaitAvailable(BasicResourcePool.java:1507)
		at com.mchange.v2.resourcepool.BasicResourcePool.prelimCheckoutResource(BasicResourcePool.java:644)
		at com.mchange.v2.resourcepool.BasicResourcePool.checkoutResource(BasicResourcePool.java:554)
		at com.mchange.v2.c3p0.impl.C3P0PooledConnectionPool.checkoutAndMarkConnectionInUse(C3P0PooledConnectionPool.java:758)
		at com.mchange.v2.c3p0.impl.C3P0PooledConnectionPool.checkoutPooledConnection(C3P0PooledConnectionPool.java:685)
		... 66 more
	Caused by: org.postgresql.util.PSQLException: Connection to localhost:5432 refused. Check that the hostname and port are correct and that the postmaster is accepting TCP/IP connections.
		at org.postgresql.core.v3.ConnectionFactoryImpl.openConnectionImpl(ConnectionFactoryImpl.java:373)
		at org.postgresql.core.ConnectionFactory.openConnection(ConnectionFactory.java:57)
		at org.postgresql.jdbc.PgConnection.<init>(PgConnection.java:290)
		at org.postgresql.Driver.makeConnection(Driver.java:448)
		at org.postgresql.Driver.connect(Driver.java:298)
		at com.mchange.v2.c3p0.DriverManagerDataSource.getConnection(DriverManagerDataSource.java:175)
		at com.mchange.v2.c3p0.WrapperConnectionPoolDataSource.getPooledConnection(WrapperConnectionPoolDataSource.java:220)
		at com.mchange.v2.c3p0.WrapperConnectionPoolDataSource.getPooledConnection(WrapperConnectionPoolDataSource.java:206)
		at com.mchange.v2.c3p0.impl.C3P0PooledConnectionPool$1PooledConnectionResourcePoolManager.acquireResource(C3P0PooledConnectionPool.java:203)
		at com.mchange.v2.resourcepool.BasicResourcePool.doAcquire(BasicResourcePool.java:1176)
		at com.mchange.v2.resourcepool.BasicResourcePool.doAcquireAndDecrementPendingAcquiresWithinLockOnSuccess(BasicResourcePool.java:1163)
		at com.mchange.v2.resourcepool.BasicResourcePool.access$700(BasicResourcePool.java:44)
		at com.mchange.v2.resourcepool.BasicResourcePool$ScatteredAcquireTask.run(BasicResourcePool.java:1908)
		at com.mchange.v2.async.ThreadPoolAsynchronousRunner$PoolThread.run(ThreadPoolAsynchronousRunner.java:696)
	Caused by: java.net.ConnectException: Connection refused
		at java.base/sun.nio.ch.Net.pollConnect(Native Method)
		at java.base/sun.nio.ch.Net.pollConnectNow(Net.java:694)
		at java.base/sun.nio.ch.NioSocketImpl.timedFinishConnect(NioSocketImpl.java:542)
		at java.base/sun.nio.ch.NioSocketImpl.connect(NioSocketImpl.java:592)
		at java.base/java.net.SocksSocketImpl.connect(SocksSocketImpl.java:327)
		at java.base/java.net.Socket.connect(Socket.java:751)
		at org.postgresql.core.PGStream.createSocket(PGStream.java:261)
		at org.postgresql.core.PGStream.<init>(PGStream.java:122)
		at org.postgresql.core.v3.ConnectionFactoryImpl.tryConnect(ConnectionFactoryImpl.java:146)
		at org.postgresql.core.v3.ConnectionFactoryImpl.openConnectionImpl(ConnectionFactoryImpl.java:289)
		... 13 more
29-Jun-2026 04:34:05.068 SEVERE [http-nio-8080-exec-1] org.apache.catalina.core.StandardWrapperValve.invoke Allocate exception for servlet [dispatcher1]
	java.net.ConnectException: Connection refused
		at java.base/sun.nio.ch.Net.pollConnect(Native Method)
		at java.base/sun.nio.ch.Net.pollConnectNow(Net.java:694)
		at java.base/sun.nio.ch.NioSocketImpl.timedFinishConnect(NioSocketImpl.java:542)
		at java.base/sun.nio.ch.NioSocketImpl.connect(NioSocketImpl.java:592)
		at java.base/java.net.SocksSocketImpl.connect(SocksSocketImpl.java:327)
		at java.base/java.net.Socket.connect(Socket.java:751)
		at org.postgresql.core.PGStream.createSocket(PGStream.java:261)
		at org.postgresql.core.PGStream.<init>(PGStream.java:122)
		at org.postgresql.core.v3.ConnectionFactoryImpl.tryConnect(ConnectionFactoryImpl.java:146)
		at org.postgresql.core.v3.ConnectionFactoryImpl.openConnectionImpl(ConnectionFactoryImpl.java:289)
		at org.postgresql.core.ConnectionFactory.openConnection(ConnectionFactory.java:57)
		at org.postgresql.jdbc.PgConnection.<init>(PgConnection.java:290)
		at org.postgresql.Driver.makeConnection(Driver.java:448)
		at org.postgresql.Driver.connect(Driver.java:298)
		at com.mchange.v2.c3p0.DriverManagerDataSource.getConnection(DriverManagerDataSource.java:175)
		at com.mchange.v2.c3p0.WrapperConnectionPoolDataSource.getPooledConnection(WrapperConnectionPoolDataSource.java:220)
		at com.mchange.v2.c3p0.WrapperConnectionPoolDataSource.getPooledConnection(WrapperConnectionPoolDataSource.java:206)
		at com.mchange.v2.c3p0.impl.C3P0PooledConnectionPool$1PooledConnectionResourcePoolManager.acquireResource(C3P0PooledConnectionPool.java:203)
		at com.mchange.v2.resourcepool.BasicResourcePool.doAcquire(BasicResourcePool.java:1176)
		at com.mchange.v2.resourcepool.BasicResourcePool.doAcquireAndDecrementPendingAcquiresWithinLockOnSuccess(BasicResourcePool.java:1163)
		at com.mchange.v2.resourcepool.BasicResourcePool.access$700(BasicResourcePool.java:44)
		at com.mchange.v2.resourcepool.BasicResourcePool$ScatteredAcquireTask.run(BasicResourcePool.java:1908)
		at com.mchange.v2.async.ThreadPoolAsynchronousRunner$PoolThread.run(ThreadPoolAsynchronousRunner.java:696)
29-Jun-2026 04:34:05.078 INFO [http-nio-8080-exec-2] org.apache.catalina.core.ApplicationContext.log Initializing Spring DispatcherServlet 'dispatcher1'
29-Jun-2026 04:35:05.880 SEVERE [http-nio-8080-exec-2] org.apache.catalina.core.ApplicationContext.log Servlet.init() for servlet [dispatcher1] threw exception
	org.springframework.beans.factory.BeanCreationException: Error creating bean with name 'entityManagerFactory' defined in ServletContext resource [/WEB-INF/jdbc-context.xml]: Unable to build Hibernate SessionFactory  [persistence unit: default] ; nested exception is org.hibernate.exception.GenericJDBCException: Unable to open JDBC Connection for DDL execution [Connections could not be acquired from the underlying database!] [n/a]
		at org.springframework.beans.factory.support.AbstractAutowireCapableBeanFactory.initializeBean(AbstractAutowireCapableBeanFactory.java:1817)
		at org.springframework.beans.factory.support.AbstractAutowireCapableBeanFactory.doCreateBean(AbstractAutowireCapableBeanFactory.java:603)
		at org.springframework.beans.factory.support.AbstractAutowireCapableBeanFactory.createBean(AbstractAutowireCapableBeanFactory.java:525)
		at org.springframework.beans.factory.support.AbstractBeanFactory.lambda$doGetBean$0(AbstractBeanFactory.java:333)
		at org.springframework.beans.factory.support.DefaultSingletonBeanRegistry.getSingleton(DefaultSingletonBeanRegistry.java:371)
		at org.springframework.beans.factory.support.AbstractBeanFactory.doGetBean(AbstractBeanFactory.java:331)
		at org.springframework.beans.factory.support.AbstractBeanFactory.getBean(AbstractBeanFactory.java:201)
		at org.springframework.context.support.AbstractApplicationContext.finishBeanFactoryInitialization(AbstractApplicationContext.java:977)
		at org.springframework.context.support.AbstractApplicationContext.refresh(AbstractApplicationContext.java:621)
		at org.springframework.web.servlet.FrameworkServlet.configureAndRefreshWebApplicationContext(FrameworkServlet.java:696)
		at org.springframework.web.servlet.FrameworkServlet.createWebApplicationContext(FrameworkServlet.java:662)
		at org.springframework.web.servlet.FrameworkServlet.createWebApplicationContext(FrameworkServlet.java:710)
		at org.springframework.web.servlet.FrameworkServlet.initWebApplicationContext(FrameworkServlet.java:586)
		at org.springframework.web.servlet.FrameworkServlet.initServletBean(FrameworkServlet.java:528)
		at org.springframework.web.servlet.HttpServletBean.init(HttpServletBean.java:171)
		at jakarta.servlet.GenericServlet.init(GenericServlet.java:145)
		at jakarta.servlet.http.HttpServlet.init(HttpServlet.java:124)
		at org.apache.catalina.core.StandardWrapper.initServlet(StandardWrapper.java:819)
		at org.apache.catalina.core.StandardWrapper.loadServlet(StandardWrapper.java:789)
		at org.apache.catalina.core.StandardWrapper.allocate(StandardWrapper.java:571)
		at org.apache.catalina.core.StandardWrapperValve.invoke(StandardWrapperValve.java:113)
		at org.apache.catalina.core.StandardContextValve.invoke(StandardContextValve.java:77)
		at org.apache.catalina.authenticator.AuthenticatorBase.invoke(AuthenticatorBase.java:492)
		at org.apache.catalina.core.StandardHostValve.invoke(StandardHostValve.java:113)
		at org.apache.catalina.valves.ErrorReportValve.invoke(ErrorReportValve.java:83)
		at org.apache.catalina.valves.AbstractAccessLogValve.invoke(AbstractAccessLogValve.java:782)
		at org.apache.catalina.core.StandardEngineValve.invoke(StandardEngineValve.java:72)
		at org.apache.catalina.connector.CoyoteAdapter.service(CoyoteAdapter.java:341)
		at org.apache.coyote.http11.Http11Processor.service(Http11Processor.java:397)
		at org.apache.coyote.AbstractProcessorLight.process(AbstractProcessorLight.java:63)
		at org.apache.coyote.AbstractProtocol$ConnectionHandler.process(AbstractProtocol.java:1272)
		at org.apache.tomcat.util.net.NioEndpoint$SocketProcessor.doRun(NioEndpoint.java:1801)
		at org.apache.tomcat.util.net.SocketProcessorBase.run(SocketProcessorBase.java:52)
		at org.apache.tomcat.util.threads.ThreadPoolExecutor.runWorker(ThreadPoolExecutor.java:946)
		at org.apache.tomcat.util.threads.ThreadPoolExecutor$Worker.run(ThreadPoolExecutor.java:480)
		at org.apache.tomcat.util.threads.TaskThread$WrappingRunnable.run(TaskThread.java:57)
		at java.base/java.lang.Thread.run(Thread.java:1583)
	Caused by: jakarta.persistence.PersistenceException: Unable to build Hibernate SessionFactory  [persistence unit: default] ; nested exception is org.hibernate.exception.GenericJDBCException: Unable to open JDBC Connection for DDL execution [Connections could not be acquired from the underlying database!] [n/a]
		at org.springframework.orm.jpa.AbstractEntityManagerFactoryBean.buildNativeEntityManagerFactory(AbstractEntityManagerFactoryBean.java:448)
		at org.springframework.orm.jpa.AbstractEntityManagerFactoryBean.afterPropertiesSet(AbstractEntityManagerFactoryBean.java:411)
		at org.springframework.orm.jpa.LocalContainerEntityManagerFactoryBean.afterPropertiesSet(LocalContainerEntityManagerFactoryBean.java:419)
		at org.springframework.beans.factory.support.AbstractAutowireCapableBeanFactory.invokeInitMethods(AbstractAutowireCapableBeanFactory.java:1864)
		at org.springframework.beans.factory.support.AbstractAutowireCapableBeanFactory.initializeBean(AbstractAutowireCapableBeanFactory.java:1813)
		... 36 more
	Caused by: org.hibernate.exception.GenericJDBCException: Unable to open JDBC Connection for DDL execution [Connections could not be acquired from the underlying database!] [n/a]
		at org.hibernate.exception.internal.StandardSQLExceptionConverter.convert(StandardSQLExceptionConverter.java:39)
		at org.hibernate.engine.jdbc.spi.SqlExceptionHelper.convert(SqlExceptionHelper.java:115)
		at org.hibernate.engine.jdbc.spi.SqlExceptionHelper.convert(SqlExceptionHelper.java:101)
		at org.hibernate.resource.transaction.backend.jdbc.internal.DdlTransactionIsolatorNonJtaImpl.getIsolatedConnection(DdlTransactionIsolatorNonJtaImpl.java:71)
		at org.hibernate.resource.transaction.backend.jdbc.internal.DdlTransactionIsolatorNonJtaImpl.getIsolatedConnection(DdlTransactionIsolatorNonJtaImpl.java:37)
		at org.hibernate.tool.schema.internal.exec.ImprovedExtractionContextImpl.getJdbcConnection(ImprovedExtractionContextImpl.java:61)
		at org.hibernate.tool.schema.extract.spi.ExtractionContext.getQueryResults(ExtractionContext.java:41)
		at org.hibernate.tool.schema.extract.internal.SequenceInformationExtractorLegacyImpl.extractMetadata(SequenceInformationExtractorLegacyImpl.java:36)
		at org.hibernate.tool.schema.extract.internal.DatabaseInformationImpl.initializeSequences(DatabaseInformationImpl.java:73)
		at org.hibernate.tool.schema.extract.internal.DatabaseInformationImpl.<init>(DatabaseInformationImpl.java:63)
		at org.hibernate.tool.schema.extract.internal.CachingDatabaseInformationImpl.<init>(CachingDatabaseInformationImpl.java:43)
		at org.hibernate.tool.schema.internal.GroupedSchemaMigratorImpl.buildDatabaseInformation(GroupedSchemaMigratorImpl.java:112)
		at org.hibernate.tool.schema.internal.AbstractSchemaMigrator.doMigration(AbstractSchemaMigrator.java:83)
		at org.hibernate.tool.schema.spi.SchemaManagementToolCoordinator.performDatabaseAction(SchemaManagementToolCoordinator.java:269)
		at org.hibernate.tool.schema.spi.SchemaManagementToolCoordinator.lambda$process$1(SchemaManagementToolCoordinator.java:101)
		at java.base/java.util.HashMap.forEach(HashMap.java:1429)
		at org.hibernate.tool.schema.spi.SchemaManagementToolCoordinator.process(SchemaManagementToolCoordinator.java:100)
		at org.hibernate.boot.internal.SessionFactoryObserverForSchemaExport.sessionFactoryCreated(SessionFactoryObserverForSchemaExport.java:35)
		at org.hibernate.internal.SessionFactoryObserverChain.sessionFactoryCreated(SessionFactoryObserverChain.java:33)
		at org.hibernate.internal.SessionFactoryImpl.<init>(SessionFactoryImpl.java:327)
		at org.hibernate.internal.SessionFactoryRegistry.instantiateSessionFactory(SessionFactoryRegistry.java:64)
		at org.hibernate.boot.internal.SessionFactoryBuilderImpl.build(SessionFactoryBuilderImpl.java:458)
		at org.hibernate.jpa.boot.internal.EntityManagerFactoryBuilderImpl.build(EntityManagerFactoryBuilderImpl.java:1452)
		at org.springframework.orm.jpa.vendor.SpringHibernateJpaPersistenceProvider.createContainerEntityManagerFactory(SpringHibernateJpaPersistenceProvider.java:93)
		at org.springframework.orm.jpa.LocalContainerEntityManagerFactoryBean.createNativeEntityManagerFactory(LocalContainerEntityManagerFactoryBean.java:443)
		at org.springframework.orm.jpa.AbstractEntityManagerFactoryBean.buildNativeEntityManagerFactory(AbstractEntityManagerFactoryBean.java:436)
		... 40 more
	Caused by: java.sql.SQLException: Connections could not be acquired from the underlying database!
		at com.mchange.v2.sql.SqlUtils.toSQLException(SqlUtils.java:118)
		at com.mchange.v2.c3p0.impl.C3P0PooledConnectionPool.checkoutPooledConnection(C3P0PooledConnectionPool.java:692)
		at com.mchange.v2.c3p0.impl.AbstractPoolBackedDataSource.getConnection(AbstractPoolBackedDataSource.java:140)
		at org.hibernate.engine.jdbc.connections.internal.DataSourceConnectionProvider.getConnection(DataSourceConnectionProvider.java:149)
		at org.hibernate.engine.jdbc.env.internal.JdbcEnvironmentInitiator$ConnectionProviderJdbcConnectionAccess.obtainConnection(JdbcEnvironmentInitiator.java:508)
		at org.hibernate.resource.transaction.backend.jdbc.internal.DdlTransactionIsolatorNonJtaImpl.getIsolatedConnection(DdlTransactionIsolatorNonJtaImpl.java:44)
		... 62 more
	Caused by: com.mchange.v2.resourcepool.CannotAcquireResourceException: A ResourcePool could not acquire a resource from its primary factory or source.
		at com.mchange.v2.resourcepool.BasicResourcePool.awaitAvailable(BasicResourcePool.java:1507)
		at com.mchange.v2.resourcepool.BasicResourcePool.prelimCheckoutResource(BasicResourcePool.java:644)
		at com.mchange.v2.resourcepool.BasicResourcePool.checkoutResource(BasicResourcePool.java:554)
		at com.mchange.v2.c3p0.impl.C3P0PooledConnectionPool.checkoutAndMarkConnectionInUse(C3P0PooledConnectionPool.java:758)
		at com.mchange.v2.c3p0.impl.C3P0PooledConnectionPool.checkoutPooledConnection(C3P0PooledConnectionPool.java:685)
		... 66 more
	Caused by: org.postgresql.util.PSQLException: Connection to localhost:5432 refused. Check that the hostname and port are correct and that the postmaster is accepting TCP/IP connections.
		at org.postgresql.core.v3.ConnectionFactoryImpl.openConnectionImpl(ConnectionFactoryImpl.java:373)
		at org.postgresql.core.ConnectionFactory.openConnection(ConnectionFactory.java:57)
		at org.postgresql.jdbc.PgConnection.<init>(PgConnection.java:290)
		at org.postgresql.Driver.makeConnection(Driver.java:448)
		at org.postgresql.Driver.connect(Driver.java:298)
		at com.mchange.v2.c3p0.DriverManagerDataSource.getConnection(DriverManagerDataSource.java:175)
		at com.mchange.v2.c3p0.WrapperConnectionPoolDataSource.getPooledConnection(WrapperConnectionPoolDataSource.java:220)
		at com.mchange.v2.c3p0.WrapperConnectionPoolDataSource.getPooledConnection(WrapperConnectionPoolDataSource.java:206)
		at com.mchange.v2.c3p0.impl.C3P0PooledConnectionPool$1PooledConnectionResourcePoolManager.acquireResource(C3P0PooledConnectionPool.java:203)
		at com.mchange.v2.resourcepool.BasicResourcePool.doAcquire(BasicResourcePool.java:1176)
		at com.mchange.v2.resourcepool.BasicResourcePool.doAcquireAndDecrementPendingAcquiresWithinLockOnSuccess(BasicResourcePool.java:1163)
		at com.mchange.v2.resourcepool.BasicResourcePool.access$700(BasicResourcePool.java:44)
		at com.mchange.v2.resourcepool.BasicResourcePool$ScatteredAcquireTask.run(BasicResourcePool.java:1908)
		at com.mchange.v2.async.ThreadPoolAsynchronousRunner$PoolThread.run(ThreadPoolAsynchronousRunner.java:696)
	Caused by: java.net.ConnectException: Connection refused
		at java.base/sun.nio.ch.Net.pollConnect(Native Method)
		at java.base/sun.nio.ch.Net.pollConnectNow(Net.java:694)
		at java.base/sun.nio.ch.NioSocketImpl.timedFinishConnect(NioSocketImpl.java:542)
		at java.base/sun.nio.ch.NioSocketImpl.connect(NioSocketImpl.java:592)
		at java.base/java.net.SocksSocketImpl.connect(SocksSocketImpl.java:327)
		at java.base/java.net.Socket.connect(Socket.java:751)
		at org.postgresql.core.PGStream.createSocket(PGStream.java:261)
		at org.postgresql.core.PGStream.<init>(PGStream.java:122)
		at org.postgresql.core.v3.ConnectionFactoryImpl.tryConnect(ConnectionFactoryImpl.java:146)
		at org.postgresql.core.v3.ConnectionFactoryImpl.openConnectionImpl(ConnectionFactoryImpl.java:289)
		... 13 more
29-Jun-2026 04:35:05.881 SEVERE [http-nio-8080-exec-2] org.apache.catalina.core.StandardWrapperValve.invoke Allocate exception for servlet [dispatcher1]
	java.net.ConnectException: Connection refused
		at java.base/sun.nio.ch.Net.pollConnect(Native Method)
		at java.base/sun.nio.ch.Net.pollConnectNow(Net.java:694)
		at java.base/sun.nio.ch.NioSocketImpl.timedFinishConnect(NioSocketImpl.java:542)
		at java.base/sun.nio.ch.NioSocketImpl.connect(NioSocketImpl.java:592)
		at java.base/java.net.SocksSocketImpl.connect(SocksSocketImpl.java:327)
		at java.base/java.net.Socket.connect(Socket.java:751)
		at org.postgresql.core.PGStream.createSocket(PGStream.java:261)
		at org.postgresql.core.PGStream.<init>(PGStream.java:122)
		at org.postgresql.core.v3.ConnectionFactoryImpl.tryConnect(ConnectionFactoryImpl.java:146)
		at org.postgresql.core.v3.ConnectionFactoryImpl.openConnectionImpl(ConnectionFactoryImpl.java:289)
		at org.postgresql.core.ConnectionFactory.openConnection(ConnectionFactory.java:57)
		at org.postgresql.jdbc.PgConnection.<init>(PgConnection.java:290)
		at org.postgresql.Driver.makeConnection(Driver.java:448)
		at org.postgresql.Driver.connect(Driver.java:298)
		at com.mchange.v2.c3p0.DriverManagerDataSource.getConnection(DriverManagerDataSource.java:175)
		at com.mchange.v2.c3p0.WrapperConnectionPoolDataSource.getPooledConnection(WrapperConnectionPoolDataSource.java:220)
		at com.mchange.v2.c3p0.WrapperConnectionPoolDataSource.getPooledConnection(WrapperConnectionPoolDataSource.java:206)
		at com.mchange.v2.c3p0.impl.C3P0PooledConnectionPool$1PooledConnectionResourcePoolManager.acquireResource(C3P0PooledConnectionPool.java:203)
		at com.mchange.v2.resourcepool.BasicResourcePool.doAcquire(BasicResourcePool.java:1176)
		at com.mchange.v2.resourcepool.BasicResourcePool.doAcquireAndDecrementPendingAcquiresWithinLockOnSuccess(BasicResourcePool.java:1163)
		at com.mchange.v2.resourcepool.BasicResourcePool.access$700(BasicResourcePool.java:44)
		at com.mchange.v2.resourcepool.BasicResourcePool$ScatteredAcquireTask.run(BasicResourcePool.java:1908)
		at com.mchange.v2.async.ThreadPoolAsynchronousRunner$PoolThread.run(ThreadPoolAsynchronousRunner.java:696)
29-Jun-2026 04:39:20.714 INFO [http-nio-8080-exec-3] org.apache.catalina.core.ApplicationContext.log Initializing Spring DispatcherServlet 'dispatcher1'
29-Jun-2026 04:39:36.037 INFO [main] org.apache.catalina.core.ApplicationContext.log No Spring WebApplicationInitializer types detected on classpath
29-Jun-2026 04:39:36.570 INFO [http-nio-8080-exec-1] org.apache.catalina.core.ApplicationContext.log Initializing Spring DispatcherServlet 'dispatcher1'
29-Jun-2026 04:40:39.948 SEVERE [http-nio-8080-exec-1] org.apache.catalina.core.ApplicationContext.log Servlet.init() for servlet [dispatcher1] threw exception
	org.springframework.beans.factory.BeanCreationException: Error creating bean with name 'entityManagerFactory' defined in ServletContext resource [/WEB-INF/jdbc-context.xml]: Unable to build Hibernate SessionFactory  [persistence unit: default] ; nested exception is org.hibernate.exception.GenericJDBCException: Unable to open JDBC Connection for DDL execution [Connections could not be acquired from the underlying database!] [n/a]
		at org.springframework.beans.factory.support.AbstractAutowireCapableBeanFactory.initializeBean(AbstractAutowireCapableBeanFactory.java:1817)
		at org.springframework.beans.factory.support.AbstractAutowireCapableBeanFactory.doCreateBean(AbstractAutowireCapableBeanFactory.java:603)
		at org.springframework.beans.factory.support.AbstractAutowireCapableBeanFactory.createBean(AbstractAutowireCapableBeanFactory.java:525)
		at org.springframework.beans.factory.support.AbstractBeanFactory.lambda$doGetBean$0(AbstractBeanFactory.java:333)
		at org.springframework.beans.factory.support.DefaultSingletonBeanRegistry.getSingleton(DefaultSingletonBeanRegistry.java:371)
		at org.springframework.beans.factory.support.AbstractBeanFactory.doGetBean(AbstractBeanFactory.java:331)
		at org.springframework.beans.factory.support.AbstractBeanFactory.getBean(AbstractBeanFactory.java:201)
		at org.springframework.context.support.AbstractApplicationContext.finishBeanFactoryInitialization(AbstractApplicationContext.java:977)
		at org.springframework.context.support.AbstractApplicationContext.refresh(AbstractApplicationContext.java:621)
		at org.springframework.web.servlet.FrameworkServlet.configureAndRefreshWebApplicationContext(FrameworkServlet.java:696)
		at org.springframework.web.servlet.FrameworkServlet.createWebApplicationContext(FrameworkServlet.java:662)
		at org.springframework.web.servlet.FrameworkServlet.createWebApplicationContext(FrameworkServlet.java:710)
		at org.springframework.web.servlet.FrameworkServlet.initWebApplicationContext(FrameworkServlet.java:586)
		at org.springframework.web.servlet.FrameworkServlet.initServletBean(FrameworkServlet.java:528)
		at org.springframework.web.servlet.HttpServletBean.init(HttpServletBean.java:171)
		at jakarta.servlet.GenericServlet.init(GenericServlet.java:145)
		at jakarta.servlet.http.HttpServlet.init(HttpServlet.java:124)
		at org.apache.catalina.core.StandardWrapper.initServlet(StandardWrapper.java:819)
		at org.apache.catalina.core.StandardWrapper.loadServlet(StandardWrapper.java:789)
		at org.apache.catalina.core.StandardWrapper.allocate(StandardWrapper.java:571)
		at org.apache.catalina.core.StandardWrapperValve.invoke(StandardWrapperValve.java:113)
		at org.apache.catalina.core.StandardContextValve.invoke(StandardContextValve.java:77)
		at org.apache.catalina.authenticator.AuthenticatorBase.invoke(AuthenticatorBase.java:492)
		at org.apache.catalina.core.StandardHostValve.invoke(StandardHostValve.java:113)
		at org.apache.catalina.valves.ErrorReportValve.invoke(ErrorReportValve.java:83)
		at org.apache.catalina.valves.AbstractAccessLogValve.invoke(AbstractAccessLogValve.java:782)
		at org.apache.catalina.core.StandardEngineValve.invoke(StandardEngineValve.java:72)
		at org.apache.catalina.connector.CoyoteAdapter.service(CoyoteAdapter.java:341)
		at org.apache.coyote.http11.Http11Processor.service(Http11Processor.java:397)
		at org.apache.coyote.AbstractProcessorLight.process(AbstractProcessorLight.java:63)
		at org.apache.coyote.AbstractProtocol$ConnectionHandler.process(AbstractProtocol.java:1272)
		at org.apache.tomcat.util.net.NioEndpoint$SocketProcessor.doRun(NioEndpoint.java:1801)
		at org.apache.tomcat.util.net.SocketProcessorBase.run(SocketProcessorBase.java:52)
		at org.apache.tomcat.util.threads.ThreadPoolExecutor.runWorker(ThreadPoolExecutor.java:946)
		at org.apache.tomcat.util.threads.ThreadPoolExecutor$Worker.run(ThreadPoolExecutor.java:480)
		at org.apache.tomcat.util.threads.TaskThread$WrappingRunnable.run(TaskThread.java:57)
		at java.base/java.lang.Thread.run(Thread.java:1583)
	Caused by: jakarta.persistence.PersistenceException: Unable to build Hibernate SessionFactory  [persistence unit: default] ; nested exception is org.hibernate.exception.GenericJDBCException: Unable to open JDBC Connection for DDL execution [Connections could not be acquired from the underlying database!] [n/a]
		at org.springframework.orm.jpa.AbstractEntityManagerFactoryBean.buildNativeEntityManagerFactory(AbstractEntityManagerFactoryBean.java:448)
		at org.springframework.orm.jpa.AbstractEntityManagerFactoryBean.afterPropertiesSet(AbstractEntityManagerFactoryBean.java:411)
		at org.springframework.orm.jpa.LocalContainerEntityManagerFactoryBean.afterPropertiesSet(LocalContainerEntityManagerFactoryBean.java:419)
		at org.springframework.beans.factory.support.AbstractAutowireCapableBeanFactory.invokeInitMethods(AbstractAutowireCapableBeanFactory.java:1864)
		at org.springframework.beans.factory.support.AbstractAutowireCapableBeanFactory.initializeBean(AbstractAutowireCapableBeanFactory.java:1813)
		... 36 more
	Caused by: org.hibernate.exception.GenericJDBCException: Unable to open JDBC Connection for DDL execution [Connections could not be acquired from the underlying database!] [n/a]
		at org.hibernate.exception.internal.StandardSQLExceptionConverter.convert(StandardSQLExceptionConverter.java:39)
		at org.hibernate.engine.jdbc.spi.SqlExceptionHelper.convert(SqlExceptionHelper.java:115)
		at org.hibernate.engine.jdbc.spi.SqlExceptionHelper.convert(SqlExceptionHelper.java:101)
		at org.hibernate.resource.transaction.backend.jdbc.internal.DdlTransactionIsolatorNonJtaImpl.getIsolatedConnection(DdlTransactionIsolatorNonJtaImpl.java:71)
		at org.hibernate.resource.transaction.backend.jdbc.internal.DdlTransactionIsolatorNonJtaImpl.getIsolatedConnection(DdlTransactionIsolatorNonJtaImpl.java:37)
		at org.hibernate.tool.schema.internal.exec.ImprovedExtractionContextImpl.getJdbcConnection(ImprovedExtractionContextImpl.java:61)
		at org.hibernate.tool.schema.extract.spi.ExtractionContext.getQueryResults(ExtractionContext.java:41)
		at org.hibernate.tool.schema.extract.internal.SequenceInformationExtractorLegacyImpl.extractMetadata(SequenceInformationExtractorLegacyImpl.java:36)
		at org.hibernate.tool.schema.extract.internal.DatabaseInformationImpl.initializeSequences(DatabaseInformationImpl.java:73)
		at org.hibernate.tool.schema.extract.internal.DatabaseInformationImpl.<init>(DatabaseInformationImpl.java:63)
		at org.hibernate.tool.schema.extract.internal.CachingDatabaseInformationImpl.<init>(CachingDatabaseInformationImpl.java:43)
		at org.hibernate.tool.schema.internal.GroupedSchemaMigratorImpl.buildDatabaseInformation(GroupedSchemaMigratorImpl.java:112)
		at org.hibernate.tool.schema.internal.AbstractSchemaMigrator.doMigration(AbstractSchemaMigrator.java:83)
		at org.hibernate.tool.schema.spi.SchemaManagementToolCoordinator.performDatabaseAction(SchemaManagementToolCoordinator.java:269)
		at org.hibernate.tool.schema.spi.SchemaManagementToolCoordinator.lambda$process$1(SchemaManagementToolCoordinator.java:101)
		at java.base/java.util.HashMap.forEach(HashMap.java:1429)
		at org.hibernate.tool.schema.spi.SchemaManagementToolCoordinator.process(SchemaManagementToolCoordinator.java:100)
		at org.hibernate.boot.internal.SessionFactoryObserverForSchemaExport.sessionFactoryCreated(SessionFactoryObserverForSchemaExport.java:35)
		at org.hibernate.internal.SessionFactoryObserverChain.sessionFactoryCreated(SessionFactoryObserverChain.java:33)
		at org.hibernate.internal.SessionFactoryImpl.<init>(SessionFactoryImpl.java:327)
		at org.hibernate.internal.SessionFactoryRegistry.instantiateSessionFactory(SessionFactoryRegistry.java:64)
		at org.hibernate.boot.internal.SessionFactoryBuilderImpl.build(SessionFactoryBuilderImpl.java:458)
		at org.hibernate.jpa.boot.internal.EntityManagerFactoryBuilderImpl.build(EntityManagerFactoryBuilderImpl.java:1452)
		at org.springframework.orm.jpa.vendor.SpringHibernateJpaPersistenceProvider.createContainerEntityManagerFactory(SpringHibernateJpaPersistenceProvider.java:93)
		at org.springframework.orm.jpa.LocalContainerEntityManagerFactoryBean.createNativeEntityManagerFactory(LocalContainerEntityManagerFactoryBean.java:443)
		at org.springframework.orm.jpa.AbstractEntityManagerFactoryBean.buildNativeEntityManagerFactory(AbstractEntityManagerFactoryBean.java:436)
		... 40 more
	Caused by: java.sql.SQLException: Connections could not be acquired from the underlying database!
		at com.mchange.v2.sql.SqlUtils.toSQLException(SqlUtils.java:118)
		at com.mchange.v2.c3p0.impl.C3P0PooledConnectionPool.checkoutPooledConnection(C3P0PooledConnectionPool.java:692)
		at com.mchange.v2.c3p0.impl.AbstractPoolBackedDataSource.getConnection(AbstractPoolBackedDataSource.java:140)
		at org.hibernate.engine.jdbc.connections.internal.DataSourceConnectionProvider.getConnection(DataSourceConnectionProvider.java:149)
		at org.hibernate.engine.jdbc.env.internal.JdbcEnvironmentInitiator$ConnectionProviderJdbcConnectionAccess.obtainConnection(JdbcEnvironmentInitiator.java:508)
		at org.hibernate.resource.transaction.backend.jdbc.internal.DdlTransactionIsolatorNonJtaImpl.getIsolatedConnection(DdlTransactionIsolatorNonJtaImpl.java:44)
		... 62 more
	Caused by: com.mchange.v2.resourcepool.CannotAcquireResourceException: A ResourcePool could not acquire a resource from its primary factory or source.
		at com.mchange.v2.resourcepool.BasicResourcePool.awaitAvailable(BasicResourcePool.java:1507)
		at com.mchange.v2.resourcepool.BasicResourcePool.prelimCheckoutResource(BasicResourcePool.java:644)
		at com.mchange.v2.resourcepool.BasicResourcePool.checkoutResource(BasicResourcePool.java:554)
		at com.mchange.v2.c3p0.impl.C3P0PooledConnectionPool.checkoutAndMarkConnectionInUse(C3P0PooledConnectionPool.java:758)
		at com.mchange.v2.c3p0.impl.C3P0PooledConnectionPool.checkoutPooledConnection(C3P0PooledConnectionPool.java:685)
		... 66 more
	Caused by: org.postgresql.util.PSQLException: Connection to localhost:5432 refused. Check that the hostname and port are correct and that the postmaster is accepting TCP/IP connections.
		at org.postgresql.core.v3.ConnectionFactoryImpl.openConnectionImpl(ConnectionFactoryImpl.java:373)
		at org.postgresql.core.ConnectionFactory.openConnection(ConnectionFactory.java:57)
		at org.postgresql.jdbc.PgConnection.<init>(PgConnection.java:290)
		at org.postgresql.Driver.makeConnection(Driver.java:448)
		at org.postgresql.Driver.connect(Driver.java:298)
		at com.mchange.v2.c3p0.DriverManagerDataSource.getConnection(DriverManagerDataSource.java:175)
		at com.mchange.v2.c3p0.WrapperConnectionPoolDataSource.getPooledConnection(WrapperConnectionPoolDataSource.java:220)
		at com.mchange.v2.c3p0.WrapperConnectionPoolDataSource.getPooledConnection(WrapperConnectionPoolDataSource.java:206)
		at com.mchange.v2.c3p0.impl.C3P0PooledConnectionPool$1PooledConnectionResourcePoolManager.acquireResource(C3P0PooledConnectionPool.java:203)
		at com.mchange.v2.resourcepool.BasicResourcePool.doAcquire(BasicResourcePool.java:1176)
		at com.mchange.v2.resourcepool.BasicResourcePool.doAcquireAndDecrementPendingAcquiresWithinLockOnSuccess(BasicResourcePool.java:1163)
		at com.mchange.v2.resourcepool.BasicResourcePool.access$700(BasicResourcePool.java:44)
		at com.mchange.v2.resourcepool.BasicResourcePool$ScatteredAcquireTask.run(BasicResourcePool.java:1908)
		at com.mchange.v2.async.ThreadPoolAsynchronousRunner$PoolThread.run(ThreadPoolAsynchronousRunner.java:696)
	Caused by: java.net.ConnectException: Connection refused
		at java.base/sun.nio.ch.Net.pollConnect(Native Method)
		at java.base/sun.nio.ch.Net.pollConnectNow(Net.java:694)
		at java.base/sun.nio.ch.NioSocketImpl.timedFinishConnect(NioSocketImpl.java:542)
		at java.base/sun.nio.ch.NioSocketImpl.connect(NioSocketImpl.java:592)
		at java.base/java.net.SocksSocketImpl.connect(SocksSocketImpl.java:327)
		at java.base/java.net.Socket.connect(Socket.java:751)
		at org.postgresql.core.PGStream.createSocket(PGStream.java:261)
		at org.postgresql.core.PGStream.<init>(PGStream.java:122)
		at org.postgresql.core.v3.ConnectionFactoryImpl.tryConnect(ConnectionFactoryImpl.java:146)
		at org.postgresql.core.v3.ConnectionFactoryImpl.openConnectionImpl(ConnectionFactoryImpl.java:289)
		... 13 more
29-Jun-2026 04:40:39.948 SEVERE [http-nio-8080-exec-1] org.apache.catalina.core.StandardWrapperValve.invoke Allocate exception for servlet [dispatcher1]
	java.net.ConnectException: Connection refused
		at java.base/sun.nio.ch.Net.pollConnect(Native Method)
		at java.base/sun.nio.ch.Net.pollConnectNow(Net.java:694)
		at java.base/sun.nio.ch.NioSocketImpl.timedFinishConnect(NioSocketImpl.java:542)
		at java.base/sun.nio.ch.NioSocketImpl.connect(NioSocketImpl.java:592)
		at java.base/java.net.SocksSocketImpl.connect(SocksSocketImpl.java:327)
		at java.base/java.net.Socket.connect(Socket.java:751)
		at org.postgresql.core.PGStream.createSocket(PGStream.java:261)
		at org.postgresql.core.PGStream.<init>(PGStream.java:122)
		at org.postgresql.core.v3.ConnectionFactoryImpl.tryConnect(ConnectionFactoryImpl.java:146)
		at org.postgresql.core.v3.ConnectionFactoryImpl.openConnectionImpl(ConnectionFactoryImpl.java:289)
		at org.postgresql.core.ConnectionFactory.openConnection(ConnectionFactory.java:57)
		at org.postgresql.jdbc.PgConnection.<init>(PgConnection.java:290)
		at org.postgresql.Driver.makeConnection(Driver.java:448)
		at org.postgresql.Driver.connect(Driver.java:298)
		at com.mchange.v2.c3p0.DriverManagerDataSource.getConnection(DriverManagerDataSource.java:175)
		at com.mchange.v2.c3p0.WrapperConnectionPoolDataSource.getPooledConnection(WrapperConnectionPoolDataSource.java:220)
		at com.mchange.v2.c3p0.WrapperConnectionPoolDataSource.getPooledConnection(WrapperConnectionPoolDataSource.java:206)
		at com.mchange.v2.c3p0.impl.C3P0PooledConnectionPool$1PooledConnectionResourcePoolManager.acquireResource(C3P0PooledConnectionPool.java:203)
		at com.mchange.v2.resourcepool.BasicResourcePool.doAcquire(BasicResourcePool.java:1176)
		at com.mchange.v2.resourcepool.BasicResourcePool.doAcquireAndDecrementPendingAcquiresWithinLockOnSuccess(BasicResourcePool.java:1163)
		at com.mchange.v2.resourcepool.BasicResourcePool.access$700(BasicResourcePool.java:44)
		at com.mchange.v2.resourcepool.BasicResourcePool$ScatteredAcquireTask.run(BasicResourcePool.java:1908)
		at com.mchange.v2.async.ThreadPoolAsynchronousRunner$PoolThread.run(ThreadPoolAsynchronousRunner.java:696)
29-Jun-2026 04:40:39.965 INFO [http-nio-8080-exec-6] org.apache.catalina.core.ApplicationContext.log Initializing Spring DispatcherServlet 'dispatcher1'
29-Jun-2026 04:41:40.853 SEVERE [http-nio-8080-exec-6] org.apache.catalina.core.ApplicationContext.log Servlet.init() for servlet [dispatcher1] threw exception
	org.springframework.beans.factory.BeanCreationException: Error creating bean with name 'entityManagerFactory' defined in ServletContext resource [/WEB-INF/jdbc-context.xml]: Unable to build Hibernate SessionFactory  [persistence unit: default] ; nested exception is org.hibernate.exception.GenericJDBCException: Unable to open JDBC Connection for DDL execution [Connections could not be acquired from the underlying database!] [n/a]
		at org.springframework.beans.factory.support.AbstractAutowireCapableBeanFactory.initializeBean(AbstractAutowireCapableBeanFactory.java:1817)
		at org.springframework.beans.factory.support.AbstractAutowireCapableBeanFactory.doCreateBean(AbstractAutowireCapableBeanFactory.java:603)
		at org.springframework.beans.factory.support.AbstractAutowireCapableBeanFactory.createBean(AbstractAutowireCapableBeanFactory.java:525)
		at org.springframework.beans.factory.support.AbstractBeanFactory.lambda$doGetBean$0(AbstractBeanFactory.java:333)
		at org.springframework.beans.factory.support.DefaultSingletonBeanRegistry.getSingleton(DefaultSingletonBeanRegistry.java:371)
		at org.springframework.beans.factory.support.AbstractBeanFactory.doGetBean(AbstractBeanFactory.java:331)
		at org.springframework.beans.factory.support.AbstractBeanFactory.getBean(AbstractBeanFactory.java:201)
		at org.springframework.context.support.AbstractApplicationContext.finishBeanFactoryInitialization(AbstractApplicationContext.java:977)
		at org.springframework.context.support.AbstractApplicationContext.refresh(AbstractApplicationContext.java:621)
		at org.springframework.web.servlet.FrameworkServlet.configureAndRefreshWebApplicationContext(FrameworkServlet.java:696)
		at org.springframework.web.servlet.FrameworkServlet.createWebApplicationContext(FrameworkServlet.java:662)
		at org.springframework.web.servlet.FrameworkServlet.createWebApplicationContext(FrameworkServlet.java:710)
		at org.springframework.web.servlet.FrameworkServlet.initWebApplicationContext(FrameworkServlet.java:586)
		at org.springframework.web.servlet.FrameworkServlet.initServletBean(FrameworkServlet.java:528)
		at org.springframework.web.servlet.HttpServletBean.init(HttpServletBean.java:171)
		at jakarta.servlet.GenericServlet.init(GenericServlet.java:145)
		at jakarta.servlet.http.HttpServlet.init(HttpServlet.java:124)
		at org.apache.catalina.core.StandardWrapper.initServlet(StandardWrapper.java:819)
		at org.apache.catalina.core.StandardWrapper.loadServlet(StandardWrapper.java:789)
		at org.apache.catalina.core.StandardWrapper.allocate(StandardWrapper.java:571)
		at org.apache.catalina.core.StandardWrapperValve.invoke(StandardWrapperValve.java:113)
		at org.apache.catalina.core.StandardContextValve.invoke(StandardContextValve.java:77)
		at org.apache.catalina.authenticator.AuthenticatorBase.invoke(AuthenticatorBase.java:492)
		at org.apache.catalina.core.StandardHostValve.invoke(StandardHostValve.java:113)
		at org.apache.catalina.valves.ErrorReportValve.invoke(ErrorReportValve.java:83)
		at org.apache.catalina.valves.AbstractAccessLogValve.invoke(AbstractAccessLogValve.java:782)
		at org.apache.catalina.core.StandardEngineValve.invoke(StandardEngineValve.java:72)
		at org.apache.catalina.connector.CoyoteAdapter.service(CoyoteAdapter.java:341)
		at org.apache.coyote.http11.Http11Processor.service(Http11Processor.java:397)
		at org.apache.coyote.AbstractProcessorLight.process(AbstractProcessorLight.java:63)
		at org.apache.coyote.AbstractProtocol$ConnectionHandler.process(AbstractProtocol.java:1272)
		at org.apache.tomcat.util.net.NioEndpoint$SocketProcessor.doRun(NioEndpoint.java:1801)
		at org.apache.tomcat.util.net.SocketProcessorBase.run(SocketProcessorBase.java:52)
		at org.apache.tomcat.util.threads.ThreadPoolExecutor.runWorker(ThreadPoolExecutor.java:946)
		at org.apache.tomcat.util.threads.ThreadPoolExecutor$Worker.run(ThreadPoolExecutor.java:480)
		at org.apache.tomcat.util.threads.TaskThread$WrappingRunnable.run(TaskThread.java:57)
		at java.base/java.lang.Thread.run(Thread.java:1583)
	Caused by: jakarta.persistence.PersistenceException: Unable to build Hibernate SessionFactory  [persistence unit: default] ; nested exception is org.hibernate.exception.GenericJDBCException: Unable to open JDBC Connection for DDL execution [Connections could not be acquired from the underlying database!] [n/a]
		at org.springframework.orm.jpa.AbstractEntityManagerFactoryBean.buildNativeEntityManagerFactory(AbstractEntityManagerFactoryBean.java:448)
		at org.springframework.orm.jpa.AbstractEntityManagerFactoryBean.afterPropertiesSet(AbstractEntityManagerFactoryBean.java:411)
		at org.springframework.orm.jpa.LocalContainerEntityManagerFactoryBean.afterPropertiesSet(LocalContainerEntityManagerFactoryBean.java:419)
		at org.springframework.beans.factory.support.AbstractAutowireCapableBeanFactory.invokeInitMethods(AbstractAutowireCapableBeanFactory.java:1864)
		at org.springframework.beans.factory.support.AbstractAutowireCapableBeanFactory.initializeBean(AbstractAutowireCapableBeanFactory.java:1813)
		... 36 more
	Caused by: org.hibernate.exception.GenericJDBCException: Unable to open JDBC Connection for DDL execution [Connections could not be acquired from the underlying database!] [n/a]
		at org.hibernate.exception.internal.StandardSQLExceptionConverter.convert(StandardSQLExceptionConverter.java:39)
		at org.hibernate.engine.jdbc.spi.SqlExceptionHelper.convert(SqlExceptionHelper.java:115)
		at org.hibernate.engine.jdbc.spi.SqlExceptionHelper.convert(SqlExceptionHelper.java:101)
		at org.hibernate.resource.transaction.backend.jdbc.internal.DdlTransactionIsolatorNonJtaImpl.getIsolatedConnection(DdlTransactionIsolatorNonJtaImpl.java:71)
		at org.hibernate.resource.transaction.backend.jdbc.internal.DdlTransactionIsolatorNonJtaImpl.getIsolatedConnection(DdlTransactionIsolatorNonJtaImpl.java:37)
		at org.hibernate.tool.schema.internal.exec.ImprovedExtractionContextImpl.getJdbcConnection(ImprovedExtractionContextImpl.java:61)
		at org.hibernate.tool.schema.extract.spi.ExtractionContext.getQueryResults(ExtractionContext.java:41)
		at org.hibernate.tool.schema.extract.internal.SequenceInformationExtractorLegacyImpl.extractMetadata(SequenceInformationExtractorLegacyImpl.java:36)
		at org.hibernate.tool.schema.extract.internal.DatabaseInformationImpl.initializeSequences(DatabaseInformationImpl.java:73)
		at org.hibernate.tool.schema.extract.internal.DatabaseInformationImpl.<init>(DatabaseInformationImpl.java:63)
		at org.hibernate.tool.schema.extract.internal.CachingDatabaseInformationImpl.<init>(CachingDatabaseInformationImpl.java:43)
		at org.hibernate.tool.schema.internal.GroupedSchemaMigratorImpl.buildDatabaseInformation(GroupedSchemaMigratorImpl.java:112)
		at org.hibernate.tool.schema.internal.AbstractSchemaMigrator.doMigration(AbstractSchemaMigrator.java:83)
		at org.hibernate.tool.schema.spi.SchemaManagementToolCoordinator.performDatabaseAction(SchemaManagementToolCoordinator.java:269)
		at org.hibernate.tool.schema.spi.SchemaManagementToolCoordinator.lambda$process$1(SchemaManagementToolCoordinator.java:101)
		at java.base/java.util.HashMap.forEach(HashMap.java:1429)
		at org.hibernate.tool.schema.spi.SchemaManagementToolCoordinator.process(SchemaManagementToolCoordinator.java:100)
		at org.hibernate.boot.internal.SessionFactoryObserverForSchemaExport.sessionFactoryCreated(SessionFactoryObserverForSchemaExport.java:35)
		at org.hibernate.internal.SessionFactoryObserverChain.sessionFactoryCreated(SessionFactoryObserverChain.java:33)
		at org.hibernate.internal.SessionFactoryImpl.<init>(SessionFactoryImpl.java:327)
		at org.hibernate.internal.SessionFactoryRegistry.instantiateSessionFactory(SessionFactoryRegistry.java:64)
		at org.hibernate.boot.internal.SessionFactoryBuilderImpl.build(SessionFactoryBuilderImpl.java:458)
		at org.hibernate.jpa.boot.internal.EntityManagerFactoryBuilderImpl.build(EntityManagerFactoryBuilderImpl.java:1452)
		at org.springframework.orm.jpa.vendor.SpringHibernateJpaPersistenceProvider.createContainerEntityManagerFactory(SpringHibernateJpaPersistenceProvider.java:93)
		at org.springframework.orm.jpa.LocalContainerEntityManagerFactoryBean.createNativeEntityManagerFactory(LocalContainerEntityManagerFactoryBean.java:443)
		at org.springframework.orm.jpa.AbstractEntityManagerFactoryBean.buildNativeEntityManagerFactory(AbstractEntityManagerFactoryBean.java:436)
		... 40 more
	Caused by: java.sql.SQLException: Connections could not be acquired from the underlying database!
		at com.mchange.v2.sql.SqlUtils.toSQLException(SqlUtils.java:118)
		at com.mchange.v2.c3p0.impl.C3P0PooledConnectionPool.checkoutPooledConnection(C3P0PooledConnectionPool.java:692)
		at com.mchange.v2.c3p0.impl.AbstractPoolBackedDataSource.getConnection(AbstractPoolBackedDataSource.java:140)
		at org.hibernate.engine.jdbc.connections.internal.DataSourceConnectionProvider.getConnection(DataSourceConnectionProvider.java:149)
		at org.hibernate.engine.jdbc.env.internal.JdbcEnvironmentInitiator$ConnectionProviderJdbcConnectionAccess.obtainConnection(JdbcEnvironmentInitiator.java:508)
		at org.hibernate.resource.transaction.backend.jdbc.internal.DdlTransactionIsolatorNonJtaImpl.getIsolatedConnection(DdlTransactionIsolatorNonJtaImpl.java:44)
		... 62 more
	Caused by: com.mchange.v2.resourcepool.CannotAcquireResourceException: A ResourcePool could not acquire a resource from its primary factory or source.
		at com.mchange.v2.resourcepool.BasicResourcePool.awaitAvailable(BasicResourcePool.java:1507)
		at com.mchange.v2.resourcepool.BasicResourcePool.prelimCheckoutResource(BasicResourcePool.java:644)
		at com.mchange.v2.resourcepool.BasicResourcePool.checkoutResource(BasicResourcePool.java:554)
		at com.mchange.v2.c3p0.impl.C3P0PooledConnectionPool.checkoutAndMarkConnectionInUse(C3P0PooledConnectionPool.java:758)
		at com.mchange.v2.c3p0.impl.C3P0PooledConnectionPool.checkoutPooledConnection(C3P0PooledConnectionPool.java:685)
		... 66 more
	Caused by: org.postgresql.util.PSQLException: Connection to localhost:5432 refused. Check that the hostname and port are correct and that the postmaster is accepting TCP/IP connections.
		at org.postgresql.core.v3.ConnectionFactoryImpl.openConnectionImpl(ConnectionFactoryImpl.java:373)
		at org.postgresql.core.ConnectionFactory.openConnection(ConnectionFactory.java:57)
		at org.postgresql.jdbc.PgConnection.<init>(PgConnection.java:290)
		at org.postgresql.Driver.makeConnection(Driver.java:448)
		at org.postgresql.Driver.connect(Driver.java:298)
		at com.mchange.v2.c3p0.DriverManagerDataSource.getConnection(DriverManagerDataSource.java:175)
		at com.mchange.v2.c3p0.WrapperConnectionPoolDataSource.getPooledConnection(WrapperConnectionPoolDataSource.java:220)
		at com.mchange.v2.c3p0.WrapperConnectionPoolDataSource.getPooledConnection(WrapperConnectionPoolDataSource.java:206)
		at com.mchange.v2.c3p0.impl.C3P0PooledConnectionPool$1PooledConnectionResourcePoolManager.acquireResource(C3P0PooledConnectionPool.java:203)
		at com.mchange.v2.resourcepool.BasicResourcePool.doAcquire(BasicResourcePool.java:1176)
		at com.mchange.v2.resourcepool.BasicResourcePool.doAcquireAndDecrementPendingAcquiresWithinLockOnSuccess(BasicResourcePool.java:1163)
		at com.mchange.v2.resourcepool.BasicResourcePool.access$700(BasicResourcePool.java:44)
		at com.mchange.v2.resourcepool.BasicResourcePool$ScatteredAcquireTask.run(BasicResourcePool.java:1908)
		at com.mchange.v2.async.ThreadPoolAsynchronousRunner$PoolThread.run(ThreadPoolAsynchronousRunner.java:696)
	Caused by: java.net.ConnectException: Connection refused
		at java.base/sun.nio.ch.Net.pollConnect(Native Method)
		at java.base/sun.nio.ch.Net.pollConnectNow(Net.java:694)
		at java.base/sun.nio.ch.NioSocketImpl.timedFinishConnect(NioSocketImpl.java:542)
		at java.base/sun.nio.ch.NioSocketImpl.connect(NioSocketImpl.java:592)
		at java.base/java.net.SocksSocketImpl.connect(SocksSocketImpl.java:327)
		at java.base/java.net.Socket.connect(Socket.java:751)
		at org.postgresql.core.PGStream.createSocket(PGStream.java:261)
		at org.postgresql.core.PGStream.<init>(PGStream.java:122)
		at org.postgresql.core.v3.ConnectionFactoryImpl.tryConnect(ConnectionFactoryImpl.java:146)
		at org.postgresql.core.v3.ConnectionFactoryImpl.openConnectionImpl(ConnectionFactoryImpl.java:289)
		... 13 more
29-Jun-2026 04:41:40.854 SEVERE [http-nio-8080-exec-6] org.apache.catalina.core.StandardWrapperValve.invoke Allocate exception for servlet [dispatcher1]
	java.net.ConnectException: Connection refused
		at java.base/sun.nio.ch.Net.pollConnect(Native Method)
		at java.base/sun.nio.ch.Net.pollConnectNow(Net.java:694)
		at java.base/sun.nio.ch.NioSocketImpl.timedFinishConnect(NioSocketImpl.java:542)
		at java.base/sun.nio.ch.NioSocketImpl.connect(NioSocketImpl.java:592)
		at java.base/java.net.SocksSocketImpl.connect(SocksSocketImpl.java:327)
		at java.base/java.net.Socket.connect(Socket.java:751)
		at org.postgresql.core.PGStream.createSocket(PGStream.java:261)
		at org.postgresql.core.PGStream.<init>(PGStream.java:122)
		at org.postgresql.core.v3.ConnectionFactoryImpl.tryConnect(ConnectionFactoryImpl.java:146)
		at org.postgresql.core.v3.ConnectionFactoryImpl.openConnectionImpl(ConnectionFactoryImpl.java:289)
		at org.postgresql.core.ConnectionFactory.openConnection(ConnectionFactory.java:57)
		at org.postgresql.jdbc.PgConnection.<init>(PgConnection.java:290)
		at org.postgresql.Driver.makeConnection(Driver.java:448)
		at org.postgresql.Driver.connect(Driver.java:298)
		at com.mchange.v2.c3p0.DriverManagerDataSource.getConnection(DriverManagerDataSource.java:175)
		at com.mchange.v2.c3p0.WrapperConnectionPoolDataSource.getPooledConnection(WrapperConnectionPoolDataSource.java:220)
		at com.mchange.v2.c3p0.WrapperConnectionPoolDataSource.getPooledConnection(WrapperConnectionPoolDataSource.java:206)
		at com.mchange.v2.c3p0.impl.C3P0PooledConnectionPool$1PooledConnectionResourcePoolManager.acquireResource(C3P0PooledConnectionPool.java:203)
		at com.mchange.v2.resourcepool.BasicResourcePool.doAcquire(BasicResourcePool.java:1176)
		at com.mchange.v2.resourcepool.BasicResourcePool.doAcquireAndDecrementPendingAcquiresWithinLockOnSuccess(BasicResourcePool.java:1163)
		at com.mchange.v2.resourcepool.BasicResourcePool.access$700(BasicResourcePool.java:44)
		at com.mchange.v2.resourcepool.BasicResourcePool$ScatteredAcquireTask.run(BasicResourcePool.java:1908)
		at com.mchange.v2.async.ThreadPoolAsynchronousRunner$PoolThread.run(ThreadPoolAsynchronousRunner.java:696)
29-Jun-2026 04:41:40.863 INFO [http-nio-8080-exec-5] org.apache.catalina.core.ApplicationContext.log Initializing Spring DispatcherServlet 'dispatcher1'
29-Jun-2026 04:44:14.633 INFO [main] org.apache.catalina.core.ApplicationContext.log No Spring WebApplicationInitializer types detected on classpath
29-Jun-2026 04:44:19.765 INFO [http-nio-8080-exec-1] org.apache.catalina.core.ApplicationContext.log Initializing Spring DispatcherServlet 'dispatcher1'
29-Jun-2026 04:45:22.698 SEVERE [http-nio-8080-exec-1] org.apache.catalina.core.ApplicationContext.log Servlet.init() for servlet [dispatcher1] threw exception
	org.springframework.beans.factory.BeanCreationException: Error creating bean with name 'entityManagerFactory' defined in ServletContext resource [/WEB-INF/jdbc-context.xml]: Unable to build Hibernate SessionFactory  [persistence unit: default] ; nested exception is org.hibernate.exception.GenericJDBCException: Unable to open JDBC Connection for DDL execution [Connections could not be acquired from the underlying database!] [n/a]
		at org.springframework.beans.factory.support.AbstractAutowireCapableBeanFactory.initializeBean(AbstractAutowireCapableBeanFactory.java:1817)
		at org.springframework.beans.factory.support.AbstractAutowireCapableBeanFactory.doCreateBean(AbstractAutowireCapableBeanFactory.java:603)
		at org.springframework.beans.factory.support.AbstractAutowireCapableBeanFactory.createBean(AbstractAutowireCapableBeanFactory.java:525)
		at org.springframework.beans.factory.support.AbstractBeanFactory.lambda$doGetBean$0(AbstractBeanFactory.java:333)
		at org.springframework.beans.factory.support.DefaultSingletonBeanRegistry.getSingleton(DefaultSingletonBeanRegistry.java:371)
		at org.springframework.beans.factory.support.AbstractBeanFactory.doGetBean(AbstractBeanFactory.java:331)
		at org.springframework.beans.factory.support.AbstractBeanFactory.getBean(AbstractBeanFactory.java:201)
		at org.springframework.context.support.AbstractApplicationContext.finishBeanFactoryInitialization(AbstractApplicationContext.java:977)
		at org.springframework.context.support.AbstractApplicationContext.refresh(AbstractApplicationContext.java:621)
		at org.springframework.web.servlet.FrameworkServlet.configureAndRefreshWebApplicationContext(FrameworkServlet.java:696)
		at org.springframework.web.servlet.FrameworkServlet.createWebApplicationContext(FrameworkServlet.java:662)
		at org.springframework.web.servlet.FrameworkServlet.createWebApplicationContext(FrameworkServlet.java:710)
		at org.springframework.web.servlet.FrameworkServlet.initWebApplicationContext(FrameworkServlet.java:586)
		at org.springframework.web.servlet.FrameworkServlet.initServletBean(FrameworkServlet.java:528)
		at org.springframework.web.servlet.HttpServletBean.init(HttpServletBean.java:171)
		at jakarta.servlet.GenericServlet.init(GenericServlet.java:145)
		at jakarta.servlet.http.HttpServlet.init(HttpServlet.java:124)
		at org.apache.catalina.core.StandardWrapper.initServlet(StandardWrapper.java:819)
		at org.apache.catalina.core.StandardWrapper.loadServlet(StandardWrapper.java:789)
		at org.apache.catalina.core.StandardWrapper.allocate(StandardWrapper.java:571)
		at org.apache.catalina.core.StandardWrapperValve.invoke(StandardWrapperValve.java:113)
		at org.apache.catalina.core.StandardContextValve.invoke(StandardContextValve.java:77)
		at org.apache.catalina.authenticator.AuthenticatorBase.invoke(AuthenticatorBase.java:492)
		at org.apache.catalina.core.StandardHostValve.invoke(StandardHostValve.java:113)
		at org.apache.catalina.valves.ErrorReportValve.invoke(ErrorReportValve.java:83)
		at org.apache.catalina.valves.AbstractAccessLogValve.invoke(AbstractAccessLogValve.java:782)
		at org.apache.catalina.core.StandardEngineValve.invoke(StandardEngineValve.java:72)
		at org.apache.catalina.connector.CoyoteAdapter.service(CoyoteAdapter.java:341)
		at org.apache.coyote.http11.Http11Processor.service(Http11Processor.java:397)
		at org.apache.coyote.AbstractProcessorLight.process(AbstractProcessorLight.java:63)
		at org.apache.coyote.AbstractProtocol$ConnectionHandler.process(AbstractProtocol.java:1272)
		at org.apache.tomcat.util.net.NioEndpoint$SocketProcessor.doRun(NioEndpoint.java:1801)
		at org.apache.tomcat.util.net.SocketProcessorBase.run(SocketProcessorBase.java:52)
		at org.apache.tomcat.util.threads.ThreadPoolExecutor.runWorker(ThreadPoolExecutor.java:946)
		at org.apache.tomcat.util.threads.ThreadPoolExecutor$Worker.run(ThreadPoolExecutor.java:480)
		at org.apache.tomcat.util.threads.TaskThread$WrappingRunnable.run(TaskThread.java:57)
		at java.base/java.lang.Thread.run(Thread.java:1583)
	Caused by: jakarta.persistence.PersistenceException: Unable to build Hibernate SessionFactory  [persistence unit: default] ; nested exception is org.hibernate.exception.GenericJDBCException: Unable to open JDBC Connection for DDL execution [Connections could not be acquired from the underlying database!] [n/a]
		at org.springframework.orm.jpa.AbstractEntityManagerFactoryBean.buildNativeEntityManagerFactory(AbstractEntityManagerFactoryBean.java:448)
		at org.springframework.orm.jpa.AbstractEntityManagerFactoryBean.afterPropertiesSet(AbstractEntityManagerFactoryBean.java:411)
		at org.springframework.orm.jpa.LocalContainerEntityManagerFactoryBean.afterPropertiesSet(LocalContainerEntityManagerFactoryBean.java:419)
		at org.springframework.beans.factory.support.AbstractAutowireCapableBeanFactory.invokeInitMethods(AbstractAutowireCapableBeanFactory.java:1864)
		at org.springframework.beans.factory.support.AbstractAutowireCapableBeanFactory.initializeBean(AbstractAutowireCapableBeanFactory.java:1813)
		... 36 more
	Caused by: org.hibernate.exception.GenericJDBCException: Unable to open JDBC Connection for DDL execution [Connections could not be acquired from the underlying database!] [n/a]
		at org.hibernate.exception.internal.StandardSQLExceptionConverter.convert(StandardSQLExceptionConverter.java:39)
		at org.hibernate.engine.jdbc.spi.SqlExceptionHelper.convert(SqlExceptionHelper.java:115)
		at org.hibernate.engine.jdbc.spi.SqlExceptionHelper.convert(SqlExceptionHelper.java:101)
		at org.hibernate.resource.transaction.backend.jdbc.internal.DdlTransactionIsolatorNonJtaImpl.getIsolatedConnection(DdlTransactionIsolatorNonJtaImpl.java:71)
		at org.hibernate.resource.transaction.backend.jdbc.internal.DdlTransactionIsolatorNonJtaImpl.getIsolatedConnection(DdlTransactionIsolatorNonJtaImpl.java:37)
		at org.hibernate.tool.schema.internal.exec.ImprovedExtractionContextImpl.getJdbcConnection(ImprovedExtractionContextImpl.java:61)
		at org.hibernate.tool.schema.extract.spi.ExtractionContext.getQueryResults(ExtractionContext.java:41)
		at org.hibernate.tool.schema.extract.internal.SequenceInformationExtractorLegacyImpl.extractMetadata(SequenceInformationExtractorLegacyImpl.java:36)
		at org.hibernate.tool.schema.extract.internal.DatabaseInformationImpl.initializeSequences(DatabaseInformationImpl.java:73)
		at org.hibernate.tool.schema.extract.internal.DatabaseInformationImpl.<init>(DatabaseInformationImpl.java:63)
		at org.hibernate.tool.schema.extract.internal.CachingDatabaseInformationImpl.<init>(CachingDatabaseInformationImpl.java:43)
		at org.hibernate.tool.schema.internal.GroupedSchemaMigratorImpl.buildDatabaseInformation(GroupedSchemaMigratorImpl.java:112)
		at org.hibernate.tool.schema.internal.AbstractSchemaMigrator.doMigration(AbstractSchemaMigrator.java:83)
		at org.hibernate.tool.schema.spi.SchemaManagementToolCoordinator.performDatabaseAction(SchemaManagementToolCoordinator.java:269)
		at org.hibernate.tool.schema.spi.SchemaManagementToolCoordinator.lambda$process$1(SchemaManagementToolCoordinator.java:101)
		at java.base/java.util.HashMap.forEach(HashMap.java:1429)
		at org.hibernate.tool.schema.spi.SchemaManagementToolCoordinator.process(SchemaManagementToolCoordinator.java:100)
		at org.hibernate.boot.internal.SessionFactoryObserverForSchemaExport.sessionFactoryCreated(SessionFactoryObserverForSchemaExport.java:35)
		at org.hibernate.internal.SessionFactoryObserverChain.sessionFactoryCreated(SessionFactoryObserverChain.java:33)
		at org.hibernate.internal.SessionFactoryImpl.<init>(SessionFactoryImpl.java:327)
		at org.hibernate.internal.SessionFactoryRegistry.instantiateSessionFactory(SessionFactoryRegistry.java:64)
		at org.hibernate.boot.internal.SessionFactoryBuilderImpl.build(SessionFactoryBuilderImpl.java:458)
		at org.hibernate.jpa.boot.internal.EntityManagerFactoryBuilderImpl.build(EntityManagerFactoryBuilderImpl.java:1452)
		at org.springframework.orm.jpa.vendor.SpringHibernateJpaPersistenceProvider.createContainerEntityManagerFactory(SpringHibernateJpaPersistenceProvider.java:93)
		at org.springframework.orm.jpa.LocalContainerEntityManagerFactoryBean.createNativeEntityManagerFactory(LocalContainerEntityManagerFactoryBean.java:443)
		at org.springframework.orm.jpa.AbstractEntityManagerFactoryBean.buildNativeEntityManagerFactory(AbstractEntityManagerFactoryBean.java:436)
		... 40 more
	Caused by: java.sql.SQLException: Connections could not be acquired from the underlying database!
		at com.mchange.v2.sql.SqlUtils.toSQLException(SqlUtils.java:118)
		at com.mchange.v2.c3p0.impl.C3P0PooledConnectionPool.checkoutPooledConnection(C3P0PooledConnectionPool.java:692)
		at com.mchange.v2.c3p0.impl.AbstractPoolBackedDataSource.getConnection(AbstractPoolBackedDataSource.java:140)
		at org.hibernate.engine.jdbc.connections.internal.DataSourceConnectionProvider.getConnection(DataSourceConnectionProvider.java:149)
		at org.hibernate.engine.jdbc.env.internal.JdbcEnvironmentInitiator$ConnectionProviderJdbcConnectionAccess.obtainConnection(JdbcEnvironmentInitiator.java:508)
		at org.hibernate.resource.transaction.backend.jdbc.internal.DdlTransactionIsolatorNonJtaImpl.getIsolatedConnection(DdlTransactionIsolatorNonJtaImpl.java:44)
		... 62 more
	Caused by: com.mchange.v2.resourcepool.CannotAcquireResourceException: A ResourcePool could not acquire a resource from its primary factory or source.
		at com.mchange.v2.resourcepool.BasicResourcePool.awaitAvailable(BasicResourcePool.java:1507)
		at com.mchange.v2.resourcepool.BasicResourcePool.prelimCheckoutResource(BasicResourcePool.java:644)
		at com.mchange.v2.resourcepool.BasicResourcePool.checkoutResource(BasicResourcePool.java:554)
		at com.mchange.v2.c3p0.impl.C3P0PooledConnectionPool.checkoutAndMarkConnectionInUse(C3P0PooledConnectionPool.java:758)
		at com.mchange.v2.c3p0.impl.C3P0PooledConnectionPool.checkoutPooledConnection(C3P0PooledConnectionPool.java:685)
		... 66 more
	Caused by: org.postgresql.util.PSQLException: Connection to localhost:5432 refused. Check that the hostname and port are correct and that the postmaster is accepting TCP/IP connections.
		at org.postgresql.core.v3.ConnectionFactoryImpl.openConnectionImpl(ConnectionFactoryImpl.java:373)
		at org.postgresql.core.ConnectionFactory.openConnection(ConnectionFactory.java:57)
		at org.postgresql.jdbc.PgConnection.<init>(PgConnection.java:290)
		at org.postgresql.Driver.makeConnection(Driver.java:448)
		at org.postgresql.Driver.connect(Driver.java:298)
		at com.mchange.v2.c3p0.DriverManagerDataSource.getConnection(DriverManagerDataSource.java:175)
		at com.mchange.v2.c3p0.WrapperConnectionPoolDataSource.getPooledConnection(WrapperConnectionPoolDataSource.java:220)
		at com.mchange.v2.c3p0.WrapperConnectionPoolDataSource.getPooledConnection(WrapperConnectionPoolDataSource.java:206)
		at com.mchange.v2.c3p0.impl.C3P0PooledConnectionPool$1PooledConnectionResourcePoolManager.acquireResource(C3P0PooledConnectionPool.java:203)
		at com.mchange.v2.resourcepool.BasicResourcePool.doAcquire(BasicResourcePool.java:1176)
		at com.mchange.v2.resourcepool.BasicResourcePool.doAcquireAndDecrementPendingAcquiresWithinLockOnSuccess(BasicResourcePool.java:1163)
		at com.mchange.v2.resourcepool.BasicResourcePool.access$700(BasicResourcePool.java:44)
		at com.mchange.v2.resourcepool.BasicResourcePool$ScatteredAcquireTask.run(BasicResourcePool.java:1908)
		at com.mchange.v2.async.ThreadPoolAsynchronousRunner$PoolThread.run(ThreadPoolAsynchronousRunner.java:696)
	Caused by: java.net.ConnectException: Connection refused
		at java.base/sun.nio.ch.Net.pollConnect(Native Method)
		at java.base/sun.nio.ch.Net.pollConnectNow(Net.java:694)
		at java.base/sun.nio.ch.NioSocketImpl.timedFinishConnect(NioSocketImpl.java:542)
		at java.base/sun.nio.ch.NioSocketImpl.connect(NioSocketImpl.java:592)
		at java.base/java.net.SocksSocketImpl.connect(SocksSocketImpl.java:327)
		at java.base/java.net.Socket.connect(Socket.java:751)
		at org.postgresql.core.PGStream.createSocket(PGStream.java:261)
		at org.postgresql.core.PGStream.<init>(PGStream.java:122)
		at org.postgresql.core.v3.ConnectionFactoryImpl.tryConnect(ConnectionFactoryImpl.java:146)
		at org.postgresql.core.v3.ConnectionFactoryImpl.openConnectionImpl(ConnectionFactoryImpl.java:289)
		... 13 more
29-Jun-2026 04:45:22.705 SEVERE [http-nio-8080-exec-1] org.apache.catalina.core.StandardWrapperValve.invoke Allocate exception for servlet [dispatcher1]
	java.net.ConnectException: Connection refused
		at java.base/sun.nio.ch.Net.pollConnect(Native Method)
		at java.base/sun.nio.ch.Net.pollConnectNow(Net.java:694)
		at java.base/sun.nio.ch.NioSocketImpl.timedFinishConnect(NioSocketImpl.java:542)
		at java.base/sun.nio.ch.NioSocketImpl.connect(NioSocketImpl.java:592)
		at java.base/java.net.SocksSocketImpl.connect(SocksSocketImpl.java:327)
		at java.base/java.net.Socket.connect(Socket.java:751)
		at org.postgresql.core.PGStream.createSocket(PGStream.java:261)
		at org.postgresql.core.PGStream.<init>(PGStream.java:122)
		at org.postgresql.core.v3.ConnectionFactoryImpl.tryConnect(ConnectionFactoryImpl.java:146)
		at org.postgresql.core.v3.ConnectionFactoryImpl.openConnectionImpl(ConnectionFactoryImpl.java:289)
		at org.postgresql.core.ConnectionFactory.openConnection(ConnectionFactory.java:57)
		at org.postgresql.jdbc.PgConnection.<init>(PgConnection.java:290)
		at org.postgresql.Driver.makeConnection(Driver.java:448)
		at org.postgresql.Driver.connect(Driver.java:298)
		at com.mchange.v2.c3p0.DriverManagerDataSource.getConnection(DriverManagerDataSource.java:175)
		at com.mchange.v2.c3p0.WrapperConnectionPoolDataSource.getPooledConnection(WrapperConnectionPoolDataSource.java:220)
		at com.mchange.v2.c3p0.WrapperConnectionPoolDataSource.getPooledConnection(WrapperConnectionPoolDataSource.java:206)
		at com.mchange.v2.c3p0.impl.C3P0PooledConnectionPool$1PooledConnectionResourcePoolManager.acquireResource(C3P0PooledConnectionPool.java:203)
		at com.mchange.v2.resourcepool.BasicResourcePool.doAcquire(BasicResourcePool.java:1176)
		at com.mchange.v2.resourcepool.BasicResourcePool.doAcquireAndDecrementPendingAcquiresWithinLockOnSuccess(BasicResourcePool.java:1163)
		at com.mchange.v2.resourcepool.BasicResourcePool.access$700(BasicResourcePool.java:44)
		at com.mchange.v2.resourcepool.BasicResourcePool$ScatteredAcquireTask.run(BasicResourcePool.java:1908)
		at com.mchange.v2.async.ThreadPoolAsynchronousRunner$PoolThread.run(ThreadPoolAsynchronousRunner.java:696)
29-Jun-2026 04:45:22.718 INFO [http-nio-8080-exec-6] org.apache.catalina.core.ApplicationContext.log Initializing Spring DispatcherServlet 'dispatcher1'
29-Jun-2026 04:46:23.358 SEVERE [http-nio-8080-exec-6] org.apache.catalina.core.ApplicationContext.log Servlet.init() for servlet [dispatcher1] threw exception
	org.springframework.beans.factory.BeanCreationException: Error creating bean with name 'entityManagerFactory' defined in ServletContext resource [/WEB-INF/jdbc-context.xml]: Unable to build Hibernate SessionFactory  [persistence unit: default] ; nested exception is org.hibernate.exception.GenericJDBCException: Unable to open JDBC Connection for DDL execution [Connections could not be acquired from the underlying database!] [n/a]
		at org.springframework.beans.factory.support.AbstractAutowireCapableBeanFactory.initializeBean(AbstractAutowireCapableBeanFactory.java:1817)
		at org.springframework.beans.factory.support.AbstractAutowireCapableBeanFactory.doCreateBean(AbstractAutowireCapableBeanFactory.java:603)
		at org.springframework.beans.factory.support.AbstractAutowireCapableBeanFactory.createBean(AbstractAutowireCapableBeanFactory.java:525)
		at org.springframework.beans.factory.support.AbstractBeanFactory.lambda$doGetBean$0(AbstractBeanFactory.java:333)
		at org.springframework.beans.factory.support.DefaultSingletonBeanRegistry.getSingleton(DefaultSingletonBeanRegistry.java:371)
		at org.springframework.beans.factory.support.AbstractBeanFactory.doGetBean(AbstractBeanFactory.java:331)
		at org.springframework.beans.factory.support.AbstractBeanFactory.getBean(AbstractBeanFactory.java:201)
		at org.springframework.context.support.AbstractApplicationContext.finishBeanFactoryInitialization(AbstractApplicationContext.java:977)
		at org.springframework.context.support.AbstractApplicationContext.refresh(AbstractApplicationContext.java:621)
		at org.springframework.web.servlet.FrameworkServlet.configureAndRefreshWebApplicationContext(FrameworkServlet.java:696)
		at org.springframework.web.servlet.FrameworkServlet.createWebApplicationContext(FrameworkServlet.java:662)
		at org.springframework.web.servlet.FrameworkServlet.createWebApplicationContext(FrameworkServlet.java:710)
		at org.springframework.web.servlet.FrameworkServlet.initWebApplicationContext(FrameworkServlet.java:586)
		at org.springframework.web.servlet.FrameworkServlet.initServletBean(FrameworkServlet.java:528)
		at org.springframework.web.servlet.HttpServletBean.init(HttpServletBean.java:171)
		at jakarta.servlet.GenericServlet.init(GenericServlet.java:145)
		at jakarta.servlet.http.HttpServlet.init(HttpServlet.java:124)
		at org.apache.catalina.core.StandardWrapper.initServlet(StandardWrapper.java:819)
		at org.apache.catalina.core.StandardWrapper.loadServlet(StandardWrapper.java:789)
		at org.apache.catalina.core.StandardWrapper.allocate(StandardWrapper.java:571)
		at org.apache.catalina.core.StandardWrapperValve.invoke(StandardWrapperValve.java:113)
		at org.apache.catalina.core.StandardContextValve.invoke(StandardContextValve.java:77)
		at org.apache.catalina.authenticator.AuthenticatorBase.invoke(AuthenticatorBase.java:492)
		at org.apache.catalina.core.StandardHostValve.invoke(StandardHostValve.java:113)
		at org.apache.catalina.valves.ErrorReportValve.invoke(ErrorReportValve.java:83)
		at org.apache.catalina.valves.AbstractAccessLogValve.invoke(AbstractAccessLogValve.java:782)
		at org.apache.catalina.core.StandardEngineValve.invoke(StandardEngineValve.java:72)
		at org.apache.catalina.connector.CoyoteAdapter.service(CoyoteAdapter.java:341)
		at org.apache.coyote.http11.Http11Processor.service(Http11Processor.java:397)
		at org.apache.coyote.AbstractProcessorLight.process(AbstractProcessorLight.java:63)
		at org.apache.coyote.AbstractProtocol$ConnectionHandler.process(AbstractProtocol.java:1272)
		at org.apache.tomcat.util.net.NioEndpoint$SocketProcessor.doRun(NioEndpoint.java:1801)
		at org.apache.tomcat.util.net.SocketProcessorBase.run(SocketProcessorBase.java:52)
		at org.apache.tomcat.util.threads.ThreadPoolExecutor.runWorker(ThreadPoolExecutor.java:946)
		at org.apache.tomcat.util.threads.ThreadPoolExecutor$Worker.run(ThreadPoolExecutor.java:480)
		at org.apache.tomcat.util.threads.TaskThread$WrappingRunnable.run(TaskThread.java:57)
		at java.base/java.lang.Thread.run(Thread.java:1583)
	Caused by: jakarta.persistence.PersistenceException: Unable to build Hibernate SessionFactory  [persistence unit: default] ; nested exception is org.hibernate.exception.GenericJDBCException: Unable to open JDBC Connection for DDL execution [Connections could not be acquired from the underlying database!] [n/a]
		at org.springframework.orm.jpa.AbstractEntityManagerFactoryBean.buildNativeEntityManagerFactory(AbstractEntityManagerFactoryBean.java:448)
		at org.springframework.orm.jpa.AbstractEntityManagerFactoryBean.afterPropertiesSet(AbstractEntityManagerFactoryBean.java:411)
		at org.springframework.orm.jpa.LocalContainerEntityManagerFactoryBean.afterPropertiesSet(LocalContainerEntityManagerFactoryBean.java:419)
		at org.springframework.beans.factory.support.AbstractAutowireCapableBeanFactory.invokeInitMethods(AbstractAutowireCapableBeanFactory.java:1864)
		at org.springframework.beans.factory.support.AbstractAutowireCapableBeanFactory.initializeBean(AbstractAutowireCapableBeanFactory.java:1813)
		... 36 more
	Caused by: org.hibernate.exception.GenericJDBCException: Unable to open JDBC Connection for DDL execution [Connections could not be acquired from the underlying database!] [n/a]
		at org.hibernate.exception.internal.StandardSQLExceptionConverter.convert(StandardSQLExceptionConverter.java:39)
		at org.hibernate.engine.jdbc.spi.SqlExceptionHelper.convert(SqlExceptionHelper.java:115)
		at org.hibernate.engine.jdbc.spi.SqlExceptionHelper.convert(SqlExceptionHelper.java:101)
		at org.hibernate.resource.transaction.backend.jdbc.internal.DdlTransactionIsolatorNonJtaImpl.getIsolatedConnection(DdlTransactionIsolatorNonJtaImpl.java:71)
		at org.hibernate.resource.transaction.backend.jdbc.internal.DdlTransactionIsolatorNonJtaImpl.getIsolatedConnection(DdlTransactionIsolatorNonJtaImpl.java:37)
		at org.hibernate.tool.schema.internal.exec.ImprovedExtractionContextImpl.getJdbcConnection(ImprovedExtractionContextImpl.java:61)
		at org.hibernate.tool.schema.extract.spi.ExtractionContext.getQueryResults(ExtractionContext.java:41)
		at org.hibernate.tool.schema.extract.internal.SequenceInformationExtractorLegacyImpl.extractMetadata(SequenceInformationExtractorLegacyImpl.java:36)
		at org.hibernate.tool.schema.extract.internal.DatabaseInformationImpl.initializeSequences(DatabaseInformationImpl.java:73)
		at org.hibernate.tool.schema.extract.internal.DatabaseInformationImpl.<init>(DatabaseInformationImpl.java:63)
		at org.hibernate.tool.schema.extract.internal.CachingDatabaseInformationImpl.<init>(CachingDatabaseInformationImpl.java:43)
		at org.hibernate.tool.schema.internal.GroupedSchemaMigratorImpl.buildDatabaseInformation(GroupedSchemaMigratorImpl.java:112)
		at org.hibernate.tool.schema.internal.AbstractSchemaMigrator.doMigration(AbstractSchemaMigrator.java:83)
		at org.hibernate.tool.schema.spi.SchemaManagementToolCoordinator.performDatabaseAction(SchemaManagementToolCoordinator.java:269)
		at org.hibernate.tool.schema.spi.SchemaManagementToolCoordinator.lambda$process$1(SchemaManagementToolCoordinator.java:101)
		at java.base/java.util.HashMap.forEach(HashMap.java:1429)
		at org.hibernate.tool.schema.spi.SchemaManagementToolCoordinator.process(SchemaManagementToolCoordinator.java:100)
		at org.hibernate.boot.internal.SessionFactoryObserverForSchemaExport.sessionFactoryCreated(SessionFactoryObserverForSchemaExport.java:35)
		at org.hibernate.internal.SessionFactoryObserverChain.sessionFactoryCreated(SessionFactoryObserverChain.java:33)
		at org.hibernate.internal.SessionFactoryImpl.<init>(SessionFactoryImpl.java:327)
		at org.hibernate.internal.SessionFactoryRegistry.instantiateSessionFactory(SessionFactoryRegistry.java:64)
		at org.hibernate.boot.internal.SessionFactoryBuilderImpl.build(SessionFactoryBuilderImpl.java:458)
		at org.hibernate.jpa.boot.internal.EntityManagerFactoryBuilderImpl.build(EntityManagerFactoryBuilderImpl.java:1452)
		at org.springframework.orm.jpa.vendor.SpringHibernateJpaPersistenceProvider.createContainerEntityManagerFactory(SpringHibernateJpaPersistenceProvider.java:93)
		at org.springframework.orm.jpa.LocalContainerEntityManagerFactoryBean.createNativeEntityManagerFactory(LocalContainerEntityManagerFactoryBean.java:443)
		at org.springframework.orm.jpa.AbstractEntityManagerFactoryBean.buildNativeEntityManagerFactory(AbstractEntityManagerFactoryBean.java:436)
		... 40 more
	Caused by: java.sql.SQLException: Connections could not be acquired from the underlying database!
		at com.mchange.v2.sql.SqlUtils.toSQLException(SqlUtils.java:118)
		at com.mchange.v2.c3p0.impl.C3P0PooledConnectionPool.checkoutPooledConnection(C3P0PooledConnectionPool.java:692)
		at com.mchange.v2.c3p0.impl.AbstractPoolBackedDataSource.getConnection(AbstractPoolBackedDataSource.java:140)
		at org.hibernate.engine.jdbc.connections.internal.DataSourceConnectionProvider.getConnection(DataSourceConnectionProvider.java:149)
		at org.hibernate.engine.jdbc.env.internal.JdbcEnvironmentInitiator$ConnectionProviderJdbcConnectionAccess.obtainConnection(JdbcEnvironmentInitiator.java:508)
		at org.hibernate.resource.transaction.backend.jdbc.internal.DdlTransactionIsolatorNonJtaImpl.getIsolatedConnection(DdlTransactionIsolatorNonJtaImpl.java:44)
		... 62 more
	Caused by: com.mchange.v2.resourcepool.CannotAcquireResourceException: A ResourcePool could not acquire a resource from its primary factory or source.
		at com.mchange.v2.resourcepool.BasicResourcePool.awaitAvailable(BasicResourcePool.java:1507)
		at com.mchange.v2.resourcepool.BasicResourcePool.prelimCheckoutResource(BasicResourcePool.java:644)
		at com.mchange.v2.resourcepool.BasicResourcePool.checkoutResource(BasicResourcePool.java:554)
		at com.mchange.v2.c3p0.impl.C3P0PooledConnectionPool.checkoutAndMarkConnectionInUse(C3P0PooledConnectionPool.java:758)
		at com.mchange.v2.c3p0.impl.C3P0PooledConnectionPool.checkoutPooledConnection(C3P0PooledConnectionPool.java:685)
		... 66 more
	Caused by: org.postgresql.util.PSQLException: Connection to localhost:5432 refused. Check that the hostname and port are correct and that the postmaster is accepting TCP/IP connections.
		at org.postgresql.core.v3.ConnectionFactoryImpl.openConnectionImpl(ConnectionFactoryImpl.java:373)
		at org.postgresql.core.ConnectionFactory.openConnection(ConnectionFactory.java:57)
		at org.postgresql.jdbc.PgConnection.<init>(PgConnection.java:290)
		at org.postgresql.Driver.makeConnection(Driver.java:448)
		at org.postgresql.Driver.connect(Driver.java:298)
		at com.mchange.v2.c3p0.DriverManagerDataSource.getConnection(DriverManagerDataSource.java:175)
		at com.mchange.v2.c3p0.WrapperConnectionPoolDataSource.getPooledConnection(WrapperConnectionPoolDataSource.java:220)
		at com.mchange.v2.c3p0.WrapperConnectionPoolDataSource.getPooledConnection(WrapperConnectionPoolDataSource.java:206)
		at com.mchange.v2.c3p0.impl.C3P0PooledConnectionPool$1PooledConnectionResourcePoolManager.acquireResource(C3P0PooledConnectionPool.java:203)
		at com.mchange.v2.resourcepool.BasicResourcePool.doAcquire(BasicResourcePool.java:1176)
		at com.mchange.v2.resourcepool.BasicResourcePool.doAcquireAndDecrementPendingAcquiresWithinLockOnSuccess(BasicResourcePool.java:1163)
		at com.mchange.v2.resourcepool.BasicResourcePool.access$700(BasicResourcePool.java:44)
		at com.mchange.v2.resourcepool.BasicResourcePool$ScatteredAcquireTask.run(BasicResourcePool.java:1908)
		at com.mchange.v2.async.ThreadPoolAsynchronousRunner$PoolThread.run(ThreadPoolAsynchronousRunner.java:696)
	Caused by: java.net.ConnectException: Connection refused
		at java.base/sun.nio.ch.Net.pollConnect(Native Method)
		at java.base/sun.nio.ch.Net.pollConnectNow(Net.java:694)
		at java.base/sun.nio.ch.NioSocketImpl.timedFinishConnect(NioSocketImpl.java:542)
		at java.base/sun.nio.ch.NioSocketImpl.connect(NioSocketImpl.java:592)
		at java.base/java.net.SocksSocketImpl.connect(SocksSocketImpl.java:327)
		at java.base/java.net.Socket.connect(Socket.java:751)
		at org.postgresql.core.PGStream.createSocket(PGStream.java:261)
		at org.postgresql.core.PGStream.<init>(PGStream.java:122)
		at org.postgresql.core.v3.ConnectionFactoryImpl.tryConnect(ConnectionFactoryImpl.java:146)
		at org.postgresql.core.v3.ConnectionFactoryImpl.openConnectionImpl(ConnectionFactoryImpl.java:289)
		... 13 more
29-Jun-2026 04:46:23.359 SEVERE [http-nio-8080-exec-6] org.apache.catalina.core.StandardWrapperValve.invoke Allocate exception for servlet [dispatcher1]
	java.net.ConnectException: Connection refused
		at java.base/sun.nio.ch.Net.pollConnect(Native Method)
		at java.base/sun.nio.ch.Net.pollConnectNow(Net.java:694)
		at java.base/sun.nio.ch.NioSocketImpl.timedFinishConnect(NioSocketImpl.java:542)
		at java.base/sun.nio.ch.NioSocketImpl.connect(NioSocketImpl.java:592)
		at java.base/java.net.SocksSocketImpl.connect(SocksSocketImpl.java:327)
		at java.base/java.net.Socket.connect(Socket.java:751)
		at org.postgresql.core.PGStream.createSocket(PGStream.java:261)
		at org.postgresql.core.PGStream.<init>(PGStream.java:122)
		at org.postgresql.core.v3.ConnectionFactoryImpl.tryConnect(ConnectionFactoryImpl.java:146)
		at org.postgresql.core.v3.ConnectionFactoryImpl.openConnectionImpl(ConnectionFactoryImpl.java:289)
		at org.postgresql.core.ConnectionFactory.openConnection(ConnectionFactory.java:57)
		at org.postgresql.jdbc.PgConnection.<init>(PgConnection.java:290)
		at org.postgresql.Driver.makeConnection(Driver.java:448)
		at org.postgresql.Driver.connect(Driver.java:298)
		at com.mchange.v2.c3p0.DriverManagerDataSource.getConnection(DriverManagerDataSource.java:175)
		at com.mchange.v2.c3p0.WrapperConnectionPoolDataSource.getPooledConnection(WrapperConnectionPoolDataSource.java:220)
		at com.mchange.v2.c3p0.WrapperConnectionPoolDataSource.getPooledConnection(WrapperConnectionPoolDataSource.java:206)
		at com.mchange.v2.c3p0.impl.C3P0PooledConnectionPool$1PooledConnectionResourcePoolManager.acquireResource(C3P0PooledConnectionPool.java:203)
		at com.mchange.v2.resourcepool.BasicResourcePool.doAcquire(BasicResourcePool.java:1176)
		at com.mchange.v2.resourcepool.BasicResourcePool.doAcquireAndDecrementPendingAcquiresWithinLockOnSuccess(BasicResourcePool.java:1163)
		at com.mchange.v2.resourcepool.BasicResourcePool.access$700(BasicResourcePool.java:44)
		at com.mchange.v2.resourcepool.BasicResourcePool$ScatteredAcquireTask.run(BasicResourcePool.java:1908)
		at com.mchange.v2.async.ThreadPoolAsynchronousRunner$PoolThread.run(ThreadPoolAsynchronousRunner.java:696)
29-Jun-2026 04:46:23.383 INFO [http-nio-8080-exec-5] org.apache.catalina.core.ApplicationContext.log Initializing Spring DispatcherServlet 'dispatcher1'
29-Jun-2026 04:47:23.983 SEVERE [http-nio-8080-exec-5] org.apache.catalina.core.ApplicationContext.log Servlet.init() for servlet [dispatcher1] threw exception
	org.springframework.beans.factory.BeanCreationException: Error creating bean with name 'entityManagerFactory' defined in ServletContext resource [/WEB-INF/jdbc-context.xml]: Unable to build Hibernate SessionFactory  [persistence unit: default] ; nested exception is org.hibernate.exception.GenericJDBCException: Unable to open JDBC Connection for DDL execution [Connections could not be acquired from the underlying database!] [n/a]
		at org.springframework.beans.factory.support.AbstractAutowireCapableBeanFactory.initializeBean(AbstractAutowireCapableBeanFactory.java:1817)
		at org.springframework.beans.factory.support.AbstractAutowireCapableBeanFactory.doCreateBean(AbstractAutowireCapableBeanFactory.java:603)
		at org.springframework.beans.factory.support.AbstractAutowireCapableBeanFactory.createBean(AbstractAutowireCapableBeanFactory.java:525)
		at org.springframework.beans.factory.support.AbstractBeanFactory.lambda$doGetBean$0(AbstractBeanFactory.java:333)
		at org.springframework.beans.factory.support.DefaultSingletonBeanRegistry.getSingleton(DefaultSingletonBeanRegistry.java:371)
		at org.springframework.beans.factory.support.AbstractBeanFactory.doGetBean(AbstractBeanFactory.java:331)
		at org.springframework.beans.factory.support.AbstractBeanFactory.getBean(AbstractBeanFactory.java:201)
		at org.springframework.context.support.AbstractApplicationContext.finishBeanFactoryInitialization(AbstractApplicationContext.java:977)
		at org.springframework.context.support.AbstractApplicationContext.refresh(AbstractApplicationContext.java:621)
		at org.springframework.web.servlet.FrameworkServlet.configureAndRefreshWebApplicationContext(FrameworkServlet.java:696)
		at org.springframework.web.servlet.FrameworkServlet.createWebApplicationContext(FrameworkServlet.java:662)
		at org.springframework.web.servlet.FrameworkServlet.createWebApplicationContext(FrameworkServlet.java:710)
		at org.springframework.web.servlet.FrameworkServlet.initWebApplicationContext(FrameworkServlet.java:586)
		at org.springframework.web.servlet.FrameworkServlet.initServletBean(FrameworkServlet.java:528)
		at org.springframework.web.servlet.HttpServletBean.init(HttpServletBean.java:171)
		at jakarta.servlet.GenericServlet.init(GenericServlet.java:145)
		at jakarta.servlet.http.HttpServlet.init(HttpServlet.java:124)
		at org.apache.catalina.core.StandardWrapper.initServlet(StandardWrapper.java:819)
		at org.apache.catalina.core.StandardWrapper.loadServlet(StandardWrapper.java:789)
		at org.apache.catalina.core.StandardWrapper.allocate(StandardWrapper.java:571)
		at org.apache.catalina.core.StandardWrapperValve.invoke(StandardWrapperValve.java:113)
		at org.apache.catalina.core.StandardContextValve.invoke(StandardContextValve.java:77)
		at org.apache.catalina.authenticator.AuthenticatorBase.invoke(AuthenticatorBase.java:492)
		at org.apache.catalina.core.StandardHostValve.invoke(StandardHostValve.java:113)
		at org.apache.catalina.valves.ErrorReportValve.invoke(ErrorReportValve.java:83)
		at org.apache.catalina.valves.AbstractAccessLogValve.invoke(AbstractAccessLogValve.java:782)
		at org.apache.catalina.core.StandardEngineValve.invoke(StandardEngineValve.java:72)
		at org.apache.catalina.connector.CoyoteAdapter.service(CoyoteAdapter.java:341)
		at org.apache.coyote.http11.Http11Processor.service(Http11Processor.java:397)
		at org.apache.coyote.AbstractProcessorLight.process(AbstractProcessorLight.java:63)
		at org.apache.coyote.AbstractProtocol$ConnectionHandler.process(AbstractProtocol.java:1272)
		at org.apache.tomcat.util.net.NioEndpoint$SocketProcessor.doRun(NioEndpoint.java:1801)
		at org.apache.tomcat.util.net.SocketProcessorBase.run(SocketProcessorBase.java:52)
		at org.apache.tomcat.util.threads.ThreadPoolExecutor.runWorker(ThreadPoolExecutor.java:946)
		at org.apache.tomcat.util.threads.ThreadPoolExecutor$Worker.run(ThreadPoolExecutor.java:480)
		at org.apache.tomcat.util.threads.TaskThread$WrappingRunnable.run(TaskThread.java:57)
		at java.base/java.lang.Thread.run(Thread.java:1583)
	Caused by: jakarta.persistence.PersistenceException: Unable to build Hibernate SessionFactory  [persistence unit: default] ; nested exception is org.hibernate.exception.GenericJDBCException: Unable to open JDBC Connection for DDL execution [Connections could not be acquired from the underlying database!] [n/a]
		at org.springframework.orm.jpa.AbstractEntityManagerFactoryBean.buildNativeEntityManagerFactory(AbstractEntityManagerFactoryBean.java:448)
		at org.springframework.orm.jpa.AbstractEntityManagerFactoryBean.afterPropertiesSet(AbstractEntityManagerFactoryBean.java:411)
		at org.springframework.orm.jpa.LocalContainerEntityManagerFactoryBean.afterPropertiesSet(LocalContainerEntityManagerFactoryBean.java:419)
		at org.springframework.beans.factory.support.AbstractAutowireCapableBeanFactory.invokeInitMethods(AbstractAutowireCapableBeanFactory.java:1864)
		at org.springframework.beans.factory.support.AbstractAutowireCapableBeanFactory.initializeBean(AbstractAutowireCapableBeanFactory.java:1813)
		... 36 more
	Caused by: org.hibernate.exception.GenericJDBCException: Unable to open JDBC Connection for DDL execution [Connections could not be acquired from the underlying database!] [n/a]
		at org.hibernate.exception.internal.StandardSQLExceptionConverter.convert(StandardSQLExceptionConverter.java:39)
		at org.hibernate.engine.jdbc.spi.SqlExceptionHelper.convert(SqlExceptionHelper.java:115)
		at org.hibernate.engine.jdbc.spi.SqlExceptionHelper.convert(SqlExceptionHelper.java:101)
		at org.hibernate.resource.transaction.backend.jdbc.internal.DdlTransactionIsolatorNonJtaImpl.getIsolatedConnection(DdlTransactionIsolatorNonJtaImpl.java:71)
		at org.hibernate.resource.transaction.backend.jdbc.internal.DdlTransactionIsolatorNonJtaImpl.getIsolatedConnection(DdlTransactionIsolatorNonJtaImpl.java:37)
		at org.hibernate.tool.schema.internal.exec.ImprovedExtractionContextImpl.getJdbcConnection(ImprovedExtractionContextImpl.java:61)
		at org.hibernate.tool.schema.extract.spi.ExtractionContext.getQueryResults(ExtractionContext.java:41)
		at org.hibernate.tool.schema.extract.internal.SequenceInformationExtractorLegacyImpl.extractMetadata(SequenceInformationExtractorLegacyImpl.java:36)
		at org.hibernate.tool.schema.extract.internal.DatabaseInformationImpl.initializeSequences(DatabaseInformationImpl.java:73)
		at org.hibernate.tool.schema.extract.internal.DatabaseInformationImpl.<init>(DatabaseInformationImpl.java:63)
		at org.hibernate.tool.schema.extract.internal.CachingDatabaseInformationImpl.<init>(CachingDatabaseInformationImpl.java:43)
		at org.hibernate.tool.schema.internal.GroupedSchemaMigratorImpl.buildDatabaseInformation(GroupedSchemaMigratorImpl.java:112)
		at org.hibernate.tool.schema.internal.AbstractSchemaMigrator.doMigration(AbstractSchemaMigrator.java:83)
		at org.hibernate.tool.schema.spi.SchemaManagementToolCoordinator.performDatabaseAction(SchemaManagementToolCoordinator.java:269)
		at org.hibernate.tool.schema.spi.SchemaManagementToolCoordinator.lambda$process$1(SchemaManagementToolCoordinator.java:101)
		at java.base/java.util.HashMap.forEach(HashMap.java:1429)
		at org.hibernate.tool.schema.spi.SchemaManagementToolCoordinator.process(SchemaManagementToolCoordinator.java:100)
		at org.hibernate.boot.internal.SessionFactoryObserverForSchemaExport.sessionFactoryCreated(SessionFactoryObserverForSchemaExport.java:35)
		at org.hibernate.internal.SessionFactoryObserverChain.sessionFactoryCreated(SessionFactoryObserverChain.java:33)
		at org.hibernate.internal.SessionFactoryImpl.<init>(SessionFactoryImpl.java:327)
		at org.hibernate.internal.SessionFactoryRegistry.instantiateSessionFactory(SessionFactoryRegistry.java:64)
		at org.hibernate.boot.internal.SessionFactoryBuilderImpl.build(SessionFactoryBuilderImpl.java:458)
		at org.hibernate.jpa.boot.internal.EntityManagerFactoryBuilderImpl.build(EntityManagerFactoryBuilderImpl.java:1452)
		at org.springframework.orm.jpa.vendor.SpringHibernateJpaPersistenceProvider.createContainerEntityManagerFactory(SpringHibernateJpaPersistenceProvider.java:93)
		at org.springframework.orm.jpa.LocalContainerEntityManagerFactoryBean.createNativeEntityManagerFactory(LocalContainerEntityManagerFactoryBean.java:443)
		at org.springframework.orm.jpa.AbstractEntityManagerFactoryBean.buildNativeEntityManagerFactory(AbstractEntityManagerFactoryBean.java:436)
		... 40 more
	Caused by: java.sql.SQLException: Connections could not be acquired from the underlying database!
		at com.mchange.v2.sql.SqlUtils.toSQLException(SqlUtils.java:118)
		at com.mchange.v2.c3p0.impl.C3P0PooledConnectionPool.checkoutPooledConnection(C3P0PooledConnectionPool.java:692)
		at com.mchange.v2.c3p0.impl.AbstractPoolBackedDataSource.getConnection(AbstractPoolBackedDataSource.java:140)
		at org.hibernate.engine.jdbc.connections.internal.DataSourceConnectionProvider.getConnection(DataSourceConnectionProvider.java:149)
		at org.hibernate.engine.jdbc.env.internal.JdbcEnvironmentInitiator$ConnectionProviderJdbcConnectionAccess.obtainConnection(JdbcEnvironmentInitiator.java:508)
		at org.hibernate.resource.transaction.backend.jdbc.internal.DdlTransactionIsolatorNonJtaImpl.getIsolatedConnection(DdlTransactionIsolatorNonJtaImpl.java:44)
		... 62 more
	Caused by: com.mchange.v2.resourcepool.CannotAcquireResourceException: A ResourcePool could not acquire a resource from its primary factory or source.
		at com.mchange.v2.resourcepool.BasicResourcePool.awaitAvailable(BasicResourcePool.java:1507)
		at com.mchange.v2.resourcepool.BasicResourcePool.prelimCheckoutResource(BasicResourcePool.java:644)
		at com.mchange.v2.resourcepool.BasicResourcePool.checkoutResource(BasicResourcePool.java:554)
		at com.mchange.v2.c3p0.impl.C3P0PooledConnectionPool.checkoutAndMarkConnectionInUse(C3P0PooledConnectionPool.java:758)
		at com.mchange.v2.c3p0.impl.C3P0PooledConnectionPool.checkoutPooledConnection(C3P0PooledConnectionPool.java:685)
		... 66 more
	Caused by: org.postgresql.util.PSQLException: Connection to localhost:5432 refused. Check that the hostname and port are correct and that the postmaster is accepting TCP/IP connections.
		at org.postgresql.core.v3.ConnectionFactoryImpl.openConnectionImpl(ConnectionFactoryImpl.java:373)
		at org.postgresql.core.ConnectionFactory.openConnection(ConnectionFactory.java:57)
		at org.postgresql.jdbc.PgConnection.<init>(PgConnection.java:290)
		at org.postgresql.Driver.makeConnection(Driver.java:448)
		at org.postgresql.Driver.connect(Driver.java:298)
		at com.mchange.v2.c3p0.DriverManagerDataSource.getConnection(DriverManagerDataSource.java:175)
		at com.mchange.v2.c3p0.WrapperConnectionPoolDataSource.getPooledConnection(WrapperConnectionPoolDataSource.java:220)
		at com.mchange.v2.c3p0.WrapperConnectionPoolDataSource.getPooledConnection(WrapperConnectionPoolDataSource.java:206)
		at com.mchange.v2.c3p0.impl.C3P0PooledConnectionPool$1PooledConnectionResourcePoolManager.acquireResource(C3P0PooledConnectionPool.java:203)
		at com.mchange.v2.resourcepool.BasicResourcePool.doAcquire(BasicResourcePool.java:1176)
		at com.mchange.v2.resourcepool.BasicResourcePool.doAcquireAndDecrementPendingAcquiresWithinLockOnSuccess(BasicResourcePool.java:1163)
		at com.mchange.v2.resourcepool.BasicResourcePool.access$700(BasicResourcePool.java:44)
		at com.mchange.v2.resourcepool.BasicResourcePool$ScatteredAcquireTask.run(BasicResourcePool.java:1908)
		at com.mchange.v2.async.ThreadPoolAsynchronousRunner$PoolThread.run(ThreadPoolAsynchronousRunner.java:696)
	Caused by: java.net.ConnectException: Connection refused
		at java.base/sun.nio.ch.Net.pollConnect(Native Method)
		at java.base/sun.nio.ch.Net.pollConnectNow(Net.java:694)
		at java.base/sun.nio.ch.NioSocketImpl.timedFinishConnect(NioSocketImpl.java:542)
		at java.base/sun.nio.ch.NioSocketImpl.connect(NioSocketImpl.java:592)
		at java.base/java.net.SocksSocketImpl.connect(SocksSocketImpl.java:327)
		at java.base/java.net.Socket.connect(Socket.java:751)
		at org.postgresql.core.PGStream.createSocket(PGStream.java:261)
		at org.postgresql.core.PGStream.<init>(PGStream.java:122)
		at org.postgresql.core.v3.ConnectionFactoryImpl.tryConnect(ConnectionFactoryImpl.java:146)
		at org.postgresql.core.v3.ConnectionFactoryImpl.openConnectionImpl(ConnectionFactoryImpl.java:289)
		... 13 more
29-Jun-2026 04:47:23.985 SEVERE [http-nio-8080-exec-5] org.apache.catalina.core.StandardWrapperValve.invoke Allocate exception for servlet [dispatcher1]
	java.net.ConnectException: Connection refused
		at java.base/sun.nio.ch.Net.pollConnect(Native Method)
		at java.base/sun.nio.ch.Net.pollConnectNow(Net.java:694)
		at java.base/sun.nio.ch.NioSocketImpl.timedFinishConnect(NioSocketImpl.java:542)
		at java.base/sun.nio.ch.NioSocketImpl.connect(NioSocketImpl.java:592)
		at java.base/java.net.SocksSocketImpl.connect(SocksSocketImpl.java:327)
		at java.base/java.net.Socket.connect(Socket.java:751)
		at org.postgresql.core.PGStream.createSocket(PGStream.java:261)
		at org.postgresql.core.PGStream.<init>(PGStream.java:122)
		at org.postgresql.core.v3.ConnectionFactoryImpl.tryConnect(ConnectionFactoryImpl.java:146)
		at org.postgresql.core.v3.ConnectionFactoryImpl.openConnectionImpl(ConnectionFactoryImpl.java:289)
		at org.postgresql.core.ConnectionFactory.openConnection(ConnectionFactory.java:57)
		at org.postgresql.jdbc.PgConnection.<init>(PgConnection.java:290)
		at org.postgresql.Driver.makeConnection(Driver.java:448)
		at org.postgresql.Driver.connect(Driver.java:298)
		at com.mchange.v2.c3p0.DriverManagerDataSource.getConnection(DriverManagerDataSource.java:175)
		at com.mchange.v2.c3p0.WrapperConnectionPoolDataSource.getPooledConnection(WrapperConnectionPoolDataSource.java:220)
		at com.mchange.v2.c3p0.WrapperConnectionPoolDataSource.getPooledConnection(WrapperConnectionPoolDataSource.java:206)
		at com.mchange.v2.c3p0.impl.C3P0PooledConnectionPool$1PooledConnectionResourcePoolManager.acquireResource(C3P0PooledConnectionPool.java:203)
		at com.mchange.v2.resourcepool.BasicResourcePool.doAcquire(BasicResourcePool.java:1176)
		at com.mchange.v2.resourcepool.BasicResourcePool.doAcquireAndDecrementPendingAcquiresWithinLockOnSuccess(BasicResourcePool.java:1163)
		at com.mchange.v2.resourcepool.BasicResourcePool.access$700(BasicResourcePool.java:44)
		at com.mchange.v2.resourcepool.BasicResourcePool$ScatteredAcquireTask.run(BasicResourcePool.java:1908)
		at com.mchange.v2.async.ThreadPoolAsynchronousRunner$PoolThread.run(ThreadPoolAsynchronousRunner.java:696)
29-Jun-2026 04:47:23.995 INFO [http-nio-8080-exec-4] org.apache.catalina.core.ApplicationContext.log Initializing Spring DispatcherServlet 'dispatcher1'
29-Jun-2026 04:52:14.185 INFO [main] org.apache.catalina.core.ApplicationContext.log No Spring WebApplicationInitializer types detected on classpath
29-Jun-2026 04:52:24.252 INFO [http-nio-8080-exec-1] org.apache.catalina.core.ApplicationContext.log Initializing Spring DispatcherServlet 'dispatcher1'
29-Jun-2026 04:53:27.020 SEVERE [http-nio-8080-exec-1] org.apache.catalina.core.ApplicationContext.log Servlet.init() for servlet [dispatcher1] threw exception
	org.springframework.beans.factory.BeanCreationException: Error creating bean with name 'entityManagerFactory' defined in ServletContext resource [/WEB-INF/jdbc-context.xml]: Unable to build Hibernate SessionFactory  [persistence unit: default] ; nested exception is org.hibernate.exception.GenericJDBCException: Unable to open JDBC Connection for DDL execution [Connections could not be acquired from the underlying database!] [n/a]
		at org.springframework.beans.factory.support.AbstractAutowireCapableBeanFactory.initializeBean(AbstractAutowireCapableBeanFactory.java:1817)
		at org.springframework.beans.factory.support.AbstractAutowireCapableBeanFactory.doCreateBean(AbstractAutowireCapableBeanFactory.java:603)
		at org.springframework.beans.factory.support.AbstractAutowireCapableBeanFactory.createBean(AbstractAutowireCapableBeanFactory.java:525)
		at org.springframework.beans.factory.support.AbstractBeanFactory.lambda$doGetBean$0(AbstractBeanFactory.java:333)
		at org.springframework.beans.factory.support.DefaultSingletonBeanRegistry.getSingleton(DefaultSingletonBeanRegistry.java:371)
		at org.springframework.beans.factory.support.AbstractBeanFactory.doGetBean(AbstractBeanFactory.java:331)
		at org.springframework.beans.factory.support.AbstractBeanFactory.getBean(AbstractBeanFactory.java:201)
		at org.springframework.context.support.AbstractApplicationContext.finishBeanFactoryInitialization(AbstractApplicationContext.java:977)
		at org.springframework.context.support.AbstractApplicationContext.refresh(AbstractApplicationContext.java:621)
		at org.springframework.web.servlet.FrameworkServlet.configureAndRefreshWebApplicationContext(FrameworkServlet.java:696)
		at org.springframework.web.servlet.FrameworkServlet.createWebApplicationContext(FrameworkServlet.java:662)
		at org.springframework.web.servlet.FrameworkServlet.createWebApplicationContext(FrameworkServlet.java:710)
		at org.springframework.web.servlet.FrameworkServlet.initWebApplicationContext(FrameworkServlet.java:586)
		at org.springframework.web.servlet.FrameworkServlet.initServletBean(FrameworkServlet.java:528)
		at org.springframework.web.servlet.HttpServletBean.init(HttpServletBean.java:171)
		at jakarta.servlet.GenericServlet.init(GenericServlet.java:145)
		at jakarta.servlet.http.HttpServlet.init(HttpServlet.java:124)
		at org.apache.catalina.core.StandardWrapper.initServlet(StandardWrapper.java:819)
		at org.apache.catalina.core.StandardWrapper.loadServlet(StandardWrapper.java:789)
		at org.apache.catalina.core.StandardWrapper.allocate(StandardWrapper.java:571)
		at org.apache.catalina.core.StandardWrapperValve.invoke(StandardWrapperValve.java:113)
		at org.apache.catalina.core.StandardContextValve.invoke(StandardContextValve.java:77)
		at org.apache.catalina.authenticator.AuthenticatorBase.invoke(AuthenticatorBase.java:492)
		at org.apache.catalina.core.StandardHostValve.invoke(StandardHostValve.java:113)
		at org.apache.catalina.valves.ErrorReportValve.invoke(ErrorReportValve.java:83)
		at org.apache.catalina.valves.AbstractAccessLogValve.invoke(AbstractAccessLogValve.java:782)
		at org.apache.catalina.core.StandardEngineValve.invoke(StandardEngineValve.java:72)
		at org.apache.catalina.connector.CoyoteAdapter.service(CoyoteAdapter.java:341)
		at org.apache.coyote.http11.Http11Processor.service(Http11Processor.java:397)
		at org.apache.coyote.AbstractProcessorLight.process(AbstractProcessorLight.java:63)
		at org.apache.coyote.AbstractProtocol$ConnectionHandler.process(AbstractProtocol.java:1272)
		at org.apache.tomcat.util.net.NioEndpoint$SocketProcessor.doRun(NioEndpoint.java:1801)
		at org.apache.tomcat.util.net.SocketProcessorBase.run(SocketProcessorBase.java:52)
		at org.apache.tomcat.util.threads.ThreadPoolExecutor.runWorker(ThreadPoolExecutor.java:946)
		at org.apache.tomcat.util.threads.ThreadPoolExecutor$Worker.run(ThreadPoolExecutor.java:480)
		at org.apache.tomcat.util.threads.TaskThread$WrappingRunnable.run(TaskThread.java:57)
		at java.base/java.lang.Thread.run(Thread.java:1583)
	Caused by: jakarta.persistence.PersistenceException: Unable to build Hibernate SessionFactory  [persistence unit: default] ; nested exception is org.hibernate.exception.GenericJDBCException: Unable to open JDBC Connection for DDL execution [Connections could not be acquired from the underlying database!] [n/a]
		at org.springframework.orm.jpa.AbstractEntityManagerFactoryBean.buildNativeEntityManagerFactory(AbstractEntityManagerFactoryBean.java:448)
		at org.springframework.orm.jpa.AbstractEntityManagerFactoryBean.afterPropertiesSet(AbstractEntityManagerFactoryBean.java:411)
		at org.springframework.orm.jpa.LocalContainerEntityManagerFactoryBean.afterPropertiesSet(LocalContainerEntityManagerFactoryBean.java:419)
		at org.springframework.beans.factory.support.AbstractAutowireCapableBeanFactory.invokeInitMethods(AbstractAutowireCapableBeanFactory.java:1864)
		at org.springframework.beans.factory.support.AbstractAutowireCapableBeanFactory.initializeBean(AbstractAutowireCapableBeanFactory.java:1813)
		... 36 more
	Caused by: org.hibernate.exception.GenericJDBCException: Unable to open JDBC Connection for DDL execution [Connections could not be acquired from the underlying database!] [n/a]
		at org.hibernate.exception.internal.StandardSQLExceptionConverter.convert(StandardSQLExceptionConverter.java:39)
		at org.hibernate.engine.jdbc.spi.SqlExceptionHelper.convert(SqlExceptionHelper.java:115)
		at org.hibernate.engine.jdbc.spi.SqlExceptionHelper.convert(SqlExceptionHelper.java:101)
		at org.hibernate.resource.transaction.backend.jdbc.internal.DdlTransactionIsolatorNonJtaImpl.getIsolatedConnection(DdlTransactionIsolatorNonJtaImpl.java:71)
		at org.hibernate.resource.transaction.backend.jdbc.internal.DdlTransactionIsolatorNonJtaImpl.getIsolatedConnection(DdlTransactionIsolatorNonJtaImpl.java:37)
		at org.hibernate.tool.schema.internal.exec.ImprovedExtractionContextImpl.getJdbcConnection(ImprovedExtractionContextImpl.java:61)
		at org.hibernate.tool.schema.extract.spi.ExtractionContext.getQueryResults(ExtractionContext.java:41)
		at org.hibernate.tool.schema.extract.internal.SequenceInformationExtractorLegacyImpl.extractMetadata(SequenceInformationExtractorLegacyImpl.java:36)
		at org.hibernate.tool.schema.extract.internal.DatabaseInformationImpl.initializeSequences(DatabaseInformationImpl.java:73)
		at org.hibernate.tool.schema.extract.internal.DatabaseInformationImpl.<init>(DatabaseInformationImpl.java:63)
		at org.hibernate.tool.schema.extract.internal.CachingDatabaseInformationImpl.<init>(CachingDatabaseInformationImpl.java:43)
		at org.hibernate.tool.schema.internal.GroupedSchemaMigratorImpl.buildDatabaseInformation(GroupedSchemaMigratorImpl.java:112)
		at org.hibernate.tool.schema.internal.AbstractSchemaMigrator.doMigration(AbstractSchemaMigrator.java:83)
		at org.hibernate.tool.schema.spi.SchemaManagementToolCoordinator.performDatabaseAction(SchemaManagementToolCoordinator.java:269)
		at org.hibernate.tool.schema.spi.SchemaManagementToolCoordinator.lambda$process$1(SchemaManagementToolCoordinator.java:101)
		at java.base/java.util.HashMap.forEach(HashMap.java:1429)
		at org.hibernate.tool.schema.spi.SchemaManagementToolCoordinator.process(SchemaManagementToolCoordinator.java:100)
		at org.hibernate.boot.internal.SessionFactoryObserverForSchemaExport.sessionFactoryCreated(SessionFactoryObserverForSchemaExport.java:35)
		at org.hibernate.internal.SessionFactoryObserverChain.sessionFactoryCreated(SessionFactoryObserverChain.java:33)
		at org.hibernate.internal.SessionFactoryImpl.<init>(SessionFactoryImpl.java:327)
		at org.hibernate.internal.SessionFactoryRegistry.instantiateSessionFactory(SessionFactoryRegistry.java:64)
		at org.hibernate.boot.internal.SessionFactoryBuilderImpl.build(SessionFactoryBuilderImpl.java:458)
		at org.hibernate.jpa.boot.internal.EntityManagerFactoryBuilderImpl.build(EntityManagerFactoryBuilderImpl.java:1452)
		at org.springframework.orm.jpa.vendor.SpringHibernateJpaPersistenceProvider.createContainerEntityManagerFactory(SpringHibernateJpaPersistenceProvider.java:93)
		at org.springframework.orm.jpa.LocalContainerEntityManagerFactoryBean.createNativeEntityManagerFactory(LocalContainerEntityManagerFactoryBean.java:443)
		at org.springframework.orm.jpa.AbstractEntityManagerFactoryBean.buildNativeEntityManagerFactory(AbstractEntityManagerFactoryBean.java:436)
		... 40 more
	Caused by: java.sql.SQLException: Connections could not be acquired from the underlying database!
		at com.mchange.v2.sql.SqlUtils.toSQLException(SqlUtils.java:118)
		at com.mchange.v2.c3p0.impl.C3P0PooledConnectionPool.checkoutPooledConnection(C3P0PooledConnectionPool.java:692)
		at com.mchange.v2.c3p0.impl.AbstractPoolBackedDataSource.getConnection(AbstractPoolBackedDataSource.java:140)
		at org.hibernate.engine.jdbc.connections.internal.DataSourceConnectionProvider.getConnection(DataSourceConnectionProvider.java:149)
		at org.hibernate.engine.jdbc.env.internal.JdbcEnvironmentInitiator$ConnectionProviderJdbcConnectionAccess.obtainConnection(JdbcEnvironmentInitiator.java:508)
		at org.hibernate.resource.transaction.backend.jdbc.internal.DdlTransactionIsolatorNonJtaImpl.getIsolatedConnection(DdlTransactionIsolatorNonJtaImpl.java:44)
		... 62 more
	Caused by: com.mchange.v2.resourcepool.CannotAcquireResourceException: A ResourcePool could not acquire a resource from its primary factory or source.
		at com.mchange.v2.resourcepool.BasicResourcePool.awaitAvailable(BasicResourcePool.java:1507)
		at com.mchange.v2.resourcepool.BasicResourcePool.prelimCheckoutResource(BasicResourcePool.java:644)
		at com.mchange.v2.resourcepool.BasicResourcePool.checkoutResource(BasicResourcePool.java:554)
		at com.mchange.v2.c3p0.impl.C3P0PooledConnectionPool.checkoutAndMarkConnectionInUse(C3P0PooledConnectionPool.java:758)
		at com.mchange.v2.c3p0.impl.C3P0PooledConnectionPool.checkoutPooledConnection(C3P0PooledConnectionPool.java:685)
		... 66 more
	Caused by: org.postgresql.util.PSQLException: Connection to localhost:5432 refused. Check that the hostname and port are correct and that the postmaster is accepting TCP/IP connections.
		at org.postgresql.core.v3.ConnectionFactoryImpl.openConnectionImpl(ConnectionFactoryImpl.java:373)
		at org.postgresql.core.ConnectionFactory.openConnection(ConnectionFactory.java:57)
		at org.postgresql.jdbc.PgConnection.<init>(PgConnection.java:290)
		at org.postgresql.Driver.makeConnection(Driver.java:448)
		at org.postgresql.Driver.connect(Driver.java:298)
		at com.mchange.v2.c3p0.DriverManagerDataSource.getConnection(DriverManagerDataSource.java:175)
		at com.mchange.v2.c3p0.WrapperConnectionPoolDataSource.getPooledConnection(WrapperConnectionPoolDataSource.java:220)
		at com.mchange.v2.c3p0.WrapperConnectionPoolDataSource.getPooledConnection(WrapperConnectionPoolDataSource.java:206)
		at com.mchange.v2.c3p0.impl.C3P0PooledConnectionPool$1PooledConnectionResourcePoolManager.acquireResource(C3P0PooledConnectionPool.java:203)
		at com.mchange.v2.resourcepool.BasicResourcePool.doAcquire(BasicResourcePool.java:1176)
		at com.mchange.v2.resourcepool.BasicResourcePool.doAcquireAndDecrementPendingAcquiresWithinLockOnSuccess(BasicResourcePool.java:1163)
		at com.mchange.v2.resourcepool.BasicResourcePool.access$700(BasicResourcePool.java:44)
		at com.mchange.v2.resourcepool.BasicResourcePool$ScatteredAcquireTask.run(BasicResourcePool.java:1908)
		at com.mchange.v2.async.ThreadPoolAsynchronousRunner$PoolThread.run(ThreadPoolAsynchronousRunner.java:696)
	Caused by: java.net.ConnectException: Connection refused
		at java.base/sun.nio.ch.Net.pollConnect(Native Method)
		at java.base/sun.nio.ch.Net.pollConnectNow(Net.java:694)
		at java.base/sun.nio.ch.NioSocketImpl.timedFinishConnect(NioSocketImpl.java:542)
		at java.base/sun.nio.ch.NioSocketImpl.connect(NioSocketImpl.java:592)
		at java.base/java.net.SocksSocketImpl.connect(SocksSocketImpl.java:327)
		at java.base/java.net.Socket.connect(Socket.java:751)
		at org.postgresql.core.PGStream.createSocket(PGStream.java:261)
		at org.postgresql.core.PGStream.<init>(PGStream.java:122)
		at org.postgresql.core.v3.ConnectionFactoryImpl.tryConnect(ConnectionFactoryImpl.java:146)
		at org.postgresql.core.v3.ConnectionFactoryImpl.openConnectionImpl(ConnectionFactoryImpl.java:289)
		... 13 more
29-Jun-2026 04:53:27.021 SEVERE [http-nio-8080-exec-1] org.apache.catalina.core.StandardWrapperValve.invoke Allocate exception for servlet [dispatcher1]
	java.net.ConnectException: Connection refused
		at java.base/sun.nio.ch.Net.pollConnect(Native Method)
		at java.base/sun.nio.ch.Net.pollConnectNow(Net.java:694)
		at java.base/sun.nio.ch.NioSocketImpl.timedFinishConnect(NioSocketImpl.java:542)
		at java.base/sun.nio.ch.NioSocketImpl.connect(NioSocketImpl.java:592)
		at java.base/java.net.SocksSocketImpl.connect(SocksSocketImpl.java:327)
		at java.base/java.net.Socket.connect(Socket.java:751)
		at org.postgresql.core.PGStream.createSocket(PGStream.java:261)
		at org.postgresql.core.PGStream.<init>(PGStream.java:122)
		at org.postgresql.core.v3.ConnectionFactoryImpl.tryConnect(ConnectionFactoryImpl.java:146)
		at org.postgresql.core.v3.ConnectionFactoryImpl.openConnectionImpl(ConnectionFactoryImpl.java:289)
		at org.postgresql.core.ConnectionFactory.openConnection(ConnectionFactory.java:57)
		at org.postgresql.jdbc.PgConnection.<init>(PgConnection.java:290)
		at org.postgresql.Driver.makeConnection(Driver.java:448)
		at org.postgresql.Driver.connect(Driver.java:298)
		at com.mchange.v2.c3p0.DriverManagerDataSource.getConnection(DriverManagerDataSource.java:175)
		at com.mchange.v2.c3p0.WrapperConnectionPoolDataSource.getPooledConnection(WrapperConnectionPoolDataSource.java:220)
		at com.mchange.v2.c3p0.WrapperConnectionPoolDataSource.getPooledConnection(WrapperConnectionPoolDataSource.java:206)
		at com.mchange.v2.c3p0.impl.C3P0PooledConnectionPool$1PooledConnectionResourcePoolManager.acquireResource(C3P0PooledConnectionPool.java:203)
		at com.mchange.v2.resourcepool.BasicResourcePool.doAcquire(BasicResourcePool.java:1176)
		at com.mchange.v2.resourcepool.BasicResourcePool.doAcquireAndDecrementPendingAcquiresWithinLockOnSuccess(BasicResourcePool.java:1163)
		at com.mchange.v2.resourcepool.BasicResourcePool.access$700(BasicResourcePool.java:44)
		at com.mchange.v2.resourcepool.BasicResourcePool$ScatteredAcquireTask.run(BasicResourcePool.java:1908)
		at com.mchange.v2.async.ThreadPoolAsynchronousRunner$PoolThread.run(ThreadPoolAsynchronousRunner.java:696)
29-Jun-2026 04:53:27.030 INFO [http-nio-8080-exec-4] org.apache.catalina.core.ApplicationContext.log Initializing Spring DispatcherServlet 'dispatcher1'
29-Jun-2026 04:54:27.689 SEVERE [http-nio-8080-exec-4] org.apache.catalina.core.ApplicationContext.log Servlet.init() for servlet [dispatcher1] threw exception
	org.springframework.beans.factory.BeanCreationException: Error creating bean with name 'entityManagerFactory' defined in ServletContext resource [/WEB-INF/jdbc-context.xml]: Unable to build Hibernate SessionFactory  [persistence unit: default] ; nested exception is org.hibernate.exception.GenericJDBCException: Unable to open JDBC Connection for DDL execution [Connections could not be acquired from the underlying database!] [n/a]
		at org.springframework.beans.factory.support.AbstractAutowireCapableBeanFactory.initializeBean(AbstractAutowireCapableBeanFactory.java:1817)
		at org.springframework.beans.factory.support.AbstractAutowireCapableBeanFactory.doCreateBean(AbstractAutowireCapableBeanFactory.java:603)
		at org.springframework.beans.factory.support.AbstractAutowireCapableBeanFactory.createBean(AbstractAutowireCapableBeanFactory.java:525)
		at org.springframework.beans.factory.support.AbstractBeanFactory.lambda$doGetBean$0(AbstractBeanFactory.java:333)
		at org.springframework.beans.factory.support.DefaultSingletonBeanRegistry.getSingleton(DefaultSingletonBeanRegistry.java:371)
		at org.springframework.beans.factory.support.AbstractBeanFactory.doGetBean(AbstractBeanFactory.java:331)
		at org.springframework.beans.factory.support.AbstractBeanFactory.getBean(AbstractBeanFactory.java:201)
		at org.springframework.context.support.AbstractApplicationContext.finishBeanFactoryInitialization(AbstractApplicationContext.java:977)
		at org.springframework.context.support.AbstractApplicationContext.refresh(AbstractApplicationContext.java:621)
		at org.springframework.web.servlet.FrameworkServlet.configureAndRefreshWebApplicationContext(FrameworkServlet.java:696)
		at org.springframework.web.servlet.FrameworkServlet.createWebApplicationContext(FrameworkServlet.java:662)
		at org.springframework.web.servlet.FrameworkServlet.createWebApplicationContext(FrameworkServlet.java:710)
		at org.springframework.web.servlet.FrameworkServlet.initWebApplicationContext(FrameworkServlet.java:586)
		at org.springframework.web.servlet.FrameworkServlet.initServletBean(FrameworkServlet.java:528)
		at org.springframework.web.servlet.HttpServletBean.init(HttpServletBean.java:171)
		at jakarta.servlet.GenericServlet.init(GenericServlet.java:145)
		at jakarta.servlet.http.HttpServlet.init(HttpServlet.java:124)
		at org.apache.catalina.core.StandardWrapper.initServlet(StandardWrapper.java:819)
		at org.apache.catalina.core.StandardWrapper.loadServlet(StandardWrapper.java:789)
		at org.apache.catalina.core.StandardWrapper.allocate(StandardWrapper.java:571)
		at org.apache.catalina.core.StandardWrapperValve.invoke(StandardWrapperValve.java:113)
		at org.apache.catalina.core.StandardContextValve.invoke(StandardContextValve.java:77)
		at org.apache.catalina.authenticator.AuthenticatorBase.invoke(AuthenticatorBase.java:492)
		at org.apache.catalina.core.StandardHostValve.invoke(StandardHostValve.java:113)
		at org.apache.catalina.valves.ErrorReportValve.invoke(ErrorReportValve.java:83)
		at org.apache.catalina.valves.AbstractAccessLogValve.invoke(AbstractAccessLogValve.java:782)
		at org.apache.catalina.core.StandardEngineValve.invoke(StandardEngineValve.java:72)
		at org.apache.catalina.connector.CoyoteAdapter.service(CoyoteAdapter.java:341)
		at org.apache.coyote.http11.Http11Processor.service(Http11Processor.java:397)
		at org.apache.coyote.AbstractProcessorLight.process(AbstractProcessorLight.java:63)
		at org.apache.coyote.AbstractProtocol$ConnectionHandler.process(AbstractProtocol.java:1272)
		at org.apache.tomcat.util.net.NioEndpoint$SocketProcessor.doRun(NioEndpoint.java:1801)
		at org.apache.tomcat.util.net.SocketProcessorBase.run(SocketProcessorBase.java:52)
		at org.apache.tomcat.util.threads.ThreadPoolExecutor.runWorker(ThreadPoolExecutor.java:946)
		at org.apache.tomcat.util.threads.ThreadPoolExecutor$Worker.run(ThreadPoolExecutor.java:480)
		at org.apache.tomcat.util.threads.TaskThread$WrappingRunnable.run(TaskThread.java:57)
		at java.base/java.lang.Thread.run(Thread.java:1583)
	Caused by: jakarta.persistence.PersistenceException: Unable to build Hibernate SessionFactory  [persistence unit: default] ; nested exception is org.hibernate.exception.GenericJDBCException: Unable to open JDBC Connection for DDL execution [Connections could not be acquired from the underlying database!] [n/a]
		at org.springframework.orm.jpa.AbstractEntityManagerFactoryBean.buildNativeEntityManagerFactory(AbstractEntityManagerFactoryBean.java:448)
		at org.springframework.orm.jpa.AbstractEntityManagerFactoryBean.afterPropertiesSet(AbstractEntityManagerFactoryBean.java:411)
		at org.springframework.orm.jpa.LocalContainerEntityManagerFactoryBean.afterPropertiesSet(LocalContainerEntityManagerFactoryBean.java:419)
		at org.springframework.beans.factory.support.AbstractAutowireCapableBeanFactory.invokeInitMethods(AbstractAutowireCapableBeanFactory.java:1864)
		at org.springframework.beans.factory.support.AbstractAutowireCapableBeanFactory.initializeBean(AbstractAutowireCapableBeanFactory.java:1813)
		... 36 more
	Caused by: org.hibernate.exception.GenericJDBCException: Unable to open JDBC Connection for DDL execution [Connections could not be acquired from the underlying database!] [n/a]
		at org.hibernate.exception.internal.StandardSQLExceptionConverter.convert(StandardSQLExceptionConverter.java:39)
		at org.hibernate.engine.jdbc.spi.SqlExceptionHelper.convert(SqlExceptionHelper.java:115)
		at org.hibernate.engine.jdbc.spi.SqlExceptionHelper.convert(SqlExceptionHelper.java:101)
		at org.hibernate.resource.transaction.backend.jdbc.internal.DdlTransactionIsolatorNonJtaImpl.getIsolatedConnection(DdlTransactionIsolatorNonJtaImpl.java:71)
		at org.hibernate.resource.transaction.backend.jdbc.internal.DdlTransactionIsolatorNonJtaImpl.getIsolatedConnection(DdlTransactionIsolatorNonJtaImpl.java:37)
		at org.hibernate.tool.schema.internal.exec.ImprovedExtractionContextImpl.getJdbcConnection(ImprovedExtractionContextImpl.java:61)
		at org.hibernate.tool.schema.extract.spi.ExtractionContext.getQueryResults(ExtractionContext.java:41)
		at org.hibernate.tool.schema.extract.internal.SequenceInformationExtractorLegacyImpl.extractMetadata(SequenceInformationExtractorLegacyImpl.java:36)
		at org.hibernate.tool.schema.extract.internal.DatabaseInformationImpl.initializeSequences(DatabaseInformationImpl.java:73)
		at org.hibernate.tool.schema.extract.internal.DatabaseInformationImpl.<init>(DatabaseInformationImpl.java:63)
		at org.hibernate.tool.schema.extract.internal.CachingDatabaseInformationImpl.<init>(CachingDatabaseInformationImpl.java:43)
		at org.hibernate.tool.schema.internal.GroupedSchemaMigratorImpl.buildDatabaseInformation(GroupedSchemaMigratorImpl.java:112)
		at org.hibernate.tool.schema.internal.AbstractSchemaMigrator.doMigration(AbstractSchemaMigrator.java:83)
		at org.hibernate.tool.schema.spi.SchemaManagementToolCoordinator.performDatabaseAction(SchemaManagementToolCoordinator.java:269)
		at org.hibernate.tool.schema.spi.SchemaManagementToolCoordinator.lambda$process$1(SchemaManagementToolCoordinator.java:101)
		at java.base/java.util.HashMap.forEach(HashMap.java:1429)
		at org.hibernate.tool.schema.spi.SchemaManagementToolCoordinator.process(SchemaManagementToolCoordinator.java:100)
		at org.hibernate.boot.internal.SessionFactoryObserverForSchemaExport.sessionFactoryCreated(SessionFactoryObserverForSchemaExport.java:35)
		at org.hibernate.internal.SessionFactoryObserverChain.sessionFactoryCreated(SessionFactoryObserverChain.java:33)
		at org.hibernate.internal.SessionFactoryImpl.<init>(SessionFactoryImpl.java:327)
		at org.hibernate.internal.SessionFactoryRegistry.instantiateSessionFactory(SessionFactoryRegistry.java:64)
		at org.hibernate.boot.internal.SessionFactoryBuilderImpl.build(SessionFactoryBuilderImpl.java:458)
		at org.hibernate.jpa.boot.internal.EntityManagerFactoryBuilderImpl.build(EntityManagerFactoryBuilderImpl.java:1452)
		at org.springframework.orm.jpa.vendor.SpringHibernateJpaPersistenceProvider.createContainerEntityManagerFactory(SpringHibernateJpaPersistenceProvider.java:93)
		at org.springframework.orm.jpa.LocalContainerEntityManagerFactoryBean.createNativeEntityManagerFactory(LocalContainerEntityManagerFactoryBean.java:443)
		at org.springframework.orm.jpa.AbstractEntityManagerFactoryBean.buildNativeEntityManagerFactory(AbstractEntityManagerFactoryBean.java:436)
		... 40 more
	Caused by: java.sql.SQLException: Connections could not be acquired from the underlying database!
		at com.mchange.v2.sql.SqlUtils.toSQLException(SqlUtils.java:118)
		at com.mchange.v2.c3p0.impl.C3P0PooledConnectionPool.checkoutPooledConnection(C3P0PooledConnectionPool.java:692)
		at com.mchange.v2.c3p0.impl.AbstractPoolBackedDataSource.getConnection(AbstractPoolBackedDataSource.java:140)
		at org.hibernate.engine.jdbc.connections.internal.DataSourceConnectionProvider.getConnection(DataSourceConnectionProvider.java:149)
		at org.hibernate.engine.jdbc.env.internal.JdbcEnvironmentInitiator$ConnectionProviderJdbcConnectionAccess.obtainConnection(JdbcEnvironmentInitiator.java:508)
		at org.hibernate.resource.transaction.backend.jdbc.internal.DdlTransactionIsolatorNonJtaImpl.getIsolatedConnection(DdlTransactionIsolatorNonJtaImpl.java:44)
		... 62 more
	Caused by: com.mchange.v2.resourcepool.CannotAcquireResourceException: A ResourcePool could not acquire a resource from its primary factory or source.
		at com.mchange.v2.resourcepool.BasicResourcePool.awaitAvailable(BasicResourcePool.java:1507)
		at com.mchange.v2.resourcepool.BasicResourcePool.prelimCheckoutResource(BasicResourcePool.java:644)
		at com.mchange.v2.resourcepool.BasicResourcePool.checkoutResource(BasicResourcePool.java:554)
		at com.mchange.v2.c3p0.impl.C3P0PooledConnectionPool.checkoutAndMarkConnectionInUse(C3P0PooledConnectionPool.java:758)
		at com.mchange.v2.c3p0.impl.C3P0PooledConnectionPool.checkoutPooledConnection(C3P0PooledConnectionPool.java:685)
		... 66 more
	Caused by: org.postgresql.util.PSQLException: Connection to localhost:5432 refused. Check that the hostname and port are correct and that the postmaster is accepting TCP/IP connections.
		at org.postgresql.core.v3.ConnectionFactoryImpl.openConnectionImpl(ConnectionFactoryImpl.java:373)
		at org.postgresql.core.ConnectionFactory.openConnection(ConnectionFactory.java:57)
		at org.postgresql.jdbc.PgConnection.<init>(PgConnection.java:290)
		at org.postgresql.Driver.makeConnection(Driver.java:448)
		at org.postgresql.Driver.connect(Driver.java:298)
		at com.mchange.v2.c3p0.DriverManagerDataSource.getConnection(DriverManagerDataSource.java:175)
		at com.mchange.v2.c3p0.WrapperConnectionPoolDataSource.getPooledConnection(WrapperConnectionPoolDataSource.java:220)
		at com.mchange.v2.c3p0.WrapperConnectionPoolDataSource.getPooledConnection(WrapperConnectionPoolDataSource.java:206)
		at com.mchange.v2.c3p0.impl.C3P0PooledConnectionPool$1PooledConnectionResourcePoolManager.acquireResource(C3P0PooledConnectionPool.java:203)
		at com.mchange.v2.resourcepool.BasicResourcePool.doAcquire(BasicResourcePool.java:1176)
		at com.mchange.v2.resourcepool.BasicResourcePool.doAcquireAndDecrementPendingAcquiresWithinLockOnSuccess(BasicResourcePool.java:1163)
		at com.mchange.v2.resourcepool.BasicResourcePool.access$700(BasicResourcePool.java:44)
		at com.mchange.v2.resourcepool.BasicResourcePool$ScatteredAcquireTask.run(BasicResourcePool.java:1908)
		at com.mchange.v2.async.ThreadPoolAsynchronousRunner$PoolThread.run(ThreadPoolAsynchronousRunner.java:696)
	Caused by: java.net.ConnectException: Connection refused
		at java.base/sun.nio.ch.Net.pollConnect(Native Method)
		at java.base/sun.nio.ch.Net.pollConnectNow(Net.java:694)
		at java.base/sun.nio.ch.NioSocketImpl.timedFinishConnect(NioSocketImpl.java:542)
		at java.base/sun.nio.ch.NioSocketImpl.connect(NioSocketImpl.java:592)
		at java.base/java.net.SocksSocketImpl.connect(SocksSocketImpl.java:327)
		at java.base/java.net.Socket.connect(Socket.java:751)
		at org.postgresql.core.PGStream.createSocket(PGStream.java:261)
		at org.postgresql.core.PGStream.<init>(PGStream.java:122)
		at org.postgresql.core.v3.ConnectionFactoryImpl.tryConnect(ConnectionFactoryImpl.java:146)
		at org.postgresql.core.v3.ConnectionFactoryImpl.openConnectionImpl(ConnectionFactoryImpl.java:289)
		... 13 more
29-Jun-2026 04:54:27.689 SEVERE [http-nio-8080-exec-4] org.apache.catalina.core.StandardWrapperValve.invoke Allocate exception for servlet [dispatcher1]
	java.net.ConnectException: Connection refused
		at java.base/sun.nio.ch.Net.pollConnect(Native Method)
		at java.base/sun.nio.ch.Net.pollConnectNow(Net.java:694)
		at java.base/sun.nio.ch.NioSocketImpl.timedFinishConnect(NioSocketImpl.java:542)
		at java.base/sun.nio.ch.NioSocketImpl.connect(NioSocketImpl.java:592)
		at java.base/java.net.SocksSocketImpl.connect(SocksSocketImpl.java:327)
		at java.base/java.net.Socket.connect(Socket.java:751)
		at org.postgresql.core.PGStream.createSocket(PGStream.java:261)
		at org.postgresql.core.PGStream.<init>(PGStream.java:122)
		at org.postgresql.core.v3.ConnectionFactoryImpl.tryConnect(ConnectionFactoryImpl.java:146)
		at org.postgresql.core.v3.ConnectionFactoryImpl.openConnectionImpl(ConnectionFactoryImpl.java:289)
		at org.postgresql.core.ConnectionFactory.openConnection(ConnectionFactory.java:57)
		at org.postgresql.jdbc.PgConnection.<init>(PgConnection.java:290)
		at org.postgresql.Driver.makeConnection(Driver.java:448)
		at org.postgresql.Driver.connect(Driver.java:298)
		at com.mchange.v2.c3p0.DriverManagerDataSource.getConnection(DriverManagerDataSource.java:175)
		at com.mchange.v2.c3p0.WrapperConnectionPoolDataSource.getPooledConnection(WrapperConnectionPoolDataSource.java:220)
		at com.mchange.v2.c3p0.WrapperConnectionPoolDataSource.getPooledConnection(WrapperConnectionPoolDataSource.java:206)
		at com.mchange.v2.c3p0.impl.C3P0PooledConnectionPool$1PooledConnectionResourcePoolManager.acquireResource(C3P0PooledConnectionPool.java:203)
		at com.mchange.v2.resourcepool.BasicResourcePool.doAcquire(BasicResourcePool.java:1176)
		at com.mchange.v2.resourcepool.BasicResourcePool.doAcquireAndDecrementPendingAcquiresWithinLockOnSuccess(BasicResourcePool.java:1163)
		at com.mchange.v2.resourcepool.BasicResourcePool.access$700(BasicResourcePool.java:44)
		at com.mchange.v2.resourcepool.BasicResourcePool$ScatteredAcquireTask.run(BasicResourcePool.java:1908)
		at com.mchange.v2.async.ThreadPoolAsynchronousRunner$PoolThread.run(ThreadPoolAsynchronousRunner.java:696)
29-Jun-2026 04:54:27.699 INFO [http-nio-8080-exec-3] org.apache.catalina.core.ApplicationContext.log Initializing Spring DispatcherServlet 'dispatcher1'
29-Jun-2026 04:55:28.413 SEVERE [http-nio-8080-exec-3] org.apache.catalina.core.ApplicationContext.log Servlet.init() for servlet [dispatcher1] threw exception
	org.springframework.beans.factory.BeanCreationException: Error creating bean with name 'entityManagerFactory' defined in ServletContext resource [/WEB-INF/jdbc-context.xml]: Unable to build Hibernate SessionFactory  [persistence unit: default] ; nested exception is org.hibernate.exception.GenericJDBCException: Unable to open JDBC Connection for DDL execution [Connections could not be acquired from the underlying database!] [n/a]
		at org.springframework.beans.factory.support.AbstractAutowireCapableBeanFactory.initializeBean(AbstractAutowireCapableBeanFactory.java:1817)
		at org.springframework.beans.factory.support.AbstractAutowireCapableBeanFactory.doCreateBean(AbstractAutowireCapableBeanFactory.java:603)
		at org.springframework.beans.factory.support.AbstractAutowireCapableBeanFactory.createBean(AbstractAutowireCapableBeanFactory.java:525)
		at org.springframework.beans.factory.support.AbstractBeanFactory.lambda$doGetBean$0(AbstractBeanFactory.java:333)
		at org.springframework.beans.factory.support.DefaultSingletonBeanRegistry.getSingleton(DefaultSingletonBeanRegistry.java:371)
		at org.springframework.beans.factory.support.AbstractBeanFactory.doGetBean(AbstractBeanFactory.java:331)
		at org.springframework.beans.factory.support.AbstractBeanFactory.getBean(AbstractBeanFactory.java:201)
		at org.springframework.context.support.AbstractApplicationContext.finishBeanFactoryInitialization(AbstractApplicationContext.java:977)
		at org.springframework.context.support.AbstractApplicationContext.refresh(AbstractApplicationContext.java:621)
		at org.springframework.web.servlet.FrameworkServlet.configureAndRefreshWebApplicationContext(FrameworkServlet.java:696)
		at org.springframework.web.servlet.FrameworkServlet.createWebApplicationContext(FrameworkServlet.java:662)
		at org.springframework.web.servlet.FrameworkServlet.createWebApplicationContext(FrameworkServlet.java:710)
		at org.springframework.web.servlet.FrameworkServlet.initWebApplicationContext(FrameworkServlet.java:586)
		at org.springframework.web.servlet.FrameworkServlet.initServletBean(FrameworkServlet.java:528)
		at org.springframework.web.servlet.HttpServletBean.init(HttpServletBean.java:171)
		at jakarta.servlet.GenericServlet.init(GenericServlet.java:145)
		at jakarta.servlet.http.HttpServlet.init(HttpServlet.java:124)
		at org.apache.catalina.core.StandardWrapper.initServlet(StandardWrapper.java:819)
		at org.apache.catalina.core.StandardWrapper.loadServlet(StandardWrapper.java:789)
		at org.apache.catalina.core.StandardWrapper.allocate(StandardWrapper.java:571)
		at org.apache.catalina.core.StandardWrapperValve.invoke(StandardWrapperValve.java:113)
		at org.apache.catalina.core.StandardContextValve.invoke(StandardContextValve.java:77)
		at org.apache.catalina.authenticator.AuthenticatorBase.invoke(AuthenticatorBase.java:492)
		at org.apache.catalina.core.StandardHostValve.invoke(StandardHostValve.java:113)
		at org.apache.catalina.valves.ErrorReportValve.invoke(ErrorReportValve.java:83)
		at org.apache.catalina.valves.AbstractAccessLogValve.invoke(AbstractAccessLogValve.java:782)
		at org.apache.catalina.core.StandardEngineValve.invoke(StandardEngineValve.java:72)
		at org.apache.catalina.connector.CoyoteAdapter.service(CoyoteAdapter.java:341)
		at org.apache.coyote.http11.Http11Processor.service(Http11Processor.java:397)
		at org.apache.coyote.AbstractProcessorLight.process(AbstractProcessorLight.java:63)
		at org.apache.coyote.AbstractProtocol$ConnectionHandler.process(AbstractProtocol.java:1272)
		at org.apache.tomcat.util.net.NioEndpoint$SocketProcessor.doRun(NioEndpoint.java:1801)
		at org.apache.tomcat.util.net.SocketProcessorBase.run(SocketProcessorBase.java:52)
		at org.apache.tomcat.util.threads.ThreadPoolExecutor.runWorker(ThreadPoolExecutor.java:946)
		at org.apache.tomcat.util.threads.ThreadPoolExecutor$Worker.run(ThreadPoolExecutor.java:480)
		at org.apache.tomcat.util.threads.TaskThread$WrappingRunnable.run(TaskThread.java:57)
		at java.base/java.lang.Thread.run(Thread.java:1583)
	Caused by: jakarta.persistence.PersistenceException: Unable to build Hibernate SessionFactory  [persistence unit: default] ; nested exception is org.hibernate.exception.GenericJDBCException: Unable to open JDBC Connection for DDL execution [Connections could not be acquired from the underlying database!] [n/a]
		at org.springframework.orm.jpa.AbstractEntityManagerFactoryBean.buildNativeEntityManagerFactory(AbstractEntityManagerFactoryBean.java:448)
		at org.springframework.orm.jpa.AbstractEntityManagerFactoryBean.afterPropertiesSet(AbstractEntityManagerFactoryBean.java:411)
		at org.springframework.orm.jpa.LocalContainerEntityManagerFactoryBean.afterPropertiesSet(LocalContainerEntityManagerFactoryBean.java:419)
		at org.springframework.beans.factory.support.AbstractAutowireCapableBeanFactory.invokeInitMethods(AbstractAutowireCapableBeanFactory.java:1864)
		at org.springframework.beans.factory.support.AbstractAutowireCapableBeanFactory.initializeBean(AbstractAutowireCapableBeanFactory.java:1813)
		... 36 more
	Caused by: org.hibernate.exception.GenericJDBCException: Unable to open JDBC Connection for DDL execution [Connections could not be acquired from the underlying database!] [n/a]
		at org.hibernate.exception.internal.StandardSQLExceptionConverter.convert(StandardSQLExceptionConverter.java:39)
		at org.hibernate.engine.jdbc.spi.SqlExceptionHelper.convert(SqlExceptionHelper.java:115)
		at org.hibernate.engine.jdbc.spi.SqlExceptionHelper.convert(SqlExceptionHelper.java:101)
		at org.hibernate.resource.transaction.backend.jdbc.internal.DdlTransactionIsolatorNonJtaImpl.getIsolatedConnection(DdlTransactionIsolatorNonJtaImpl.java:71)
		at org.hibernate.resource.transaction.backend.jdbc.internal.DdlTransactionIsolatorNonJtaImpl.getIsolatedConnection(DdlTransactionIsolatorNonJtaImpl.java:37)
		at org.hibernate.tool.schema.internal.exec.ImprovedExtractionContextImpl.getJdbcConnection(ImprovedExtractionContextImpl.java:61)
		at org.hibernate.tool.schema.extract.spi.ExtractionContext.getQueryResults(ExtractionContext.java:41)
		at org.hibernate.tool.schema.extract.internal.SequenceInformationExtractorLegacyImpl.extractMetadata(SequenceInformationExtractorLegacyImpl.java:36)
		at org.hibernate.tool.schema.extract.internal.DatabaseInformationImpl.initializeSequences(DatabaseInformationImpl.java:73)
		at org.hibernate.tool.schema.extract.internal.DatabaseInformationImpl.<init>(DatabaseInformationImpl.java:63)
		at org.hibernate.tool.schema.extract.internal.CachingDatabaseInformationImpl.<init>(CachingDatabaseInformationImpl.java:43)
		at org.hibernate.tool.schema.internal.GroupedSchemaMigratorImpl.buildDatabaseInformation(GroupedSchemaMigratorImpl.java:112)
		at org.hibernate.tool.schema.internal.AbstractSchemaMigrator.doMigration(AbstractSchemaMigrator.java:83)
		at org.hibernate.tool.schema.spi.SchemaManagementToolCoordinator.performDatabaseAction(SchemaManagementToolCoordinator.java:269)
		at org.hibernate.tool.schema.spi.SchemaManagementToolCoordinator.lambda$process$1(SchemaManagementToolCoordinator.java:101)
		at java.base/java.util.HashMap.forEach(HashMap.java:1429)
		at org.hibernate.tool.schema.spi.SchemaManagementToolCoordinator.process(SchemaManagementToolCoordinator.java:100)
		at org.hibernate.boot.internal.SessionFactoryObserverForSchemaExport.sessionFactoryCreated(SessionFactoryObserverForSchemaExport.java:35)
		at org.hibernate.internal.SessionFactoryObserverChain.sessionFactoryCreated(SessionFactoryObserverChain.java:33)
		at org.hibernate.internal.SessionFactoryImpl.<init>(SessionFactoryImpl.java:327)
		at org.hibernate.internal.SessionFactoryRegistry.instantiateSessionFactory(SessionFactoryRegistry.java:64)
		at org.hibernate.boot.internal.SessionFactoryBuilderImpl.build(SessionFactoryBuilderImpl.java:458)
		at org.hibernate.jpa.boot.internal.EntityManagerFactoryBuilderImpl.build(EntityManagerFactoryBuilderImpl.java:1452)
		at org.springframework.orm.jpa.vendor.SpringHibernateJpaPersistenceProvider.createContainerEntityManagerFactory(SpringHibernateJpaPersistenceProvider.java:93)
		at org.springframework.orm.jpa.LocalContainerEntityManagerFactoryBean.createNativeEntityManagerFactory(LocalContainerEntityManagerFactoryBean.java:443)
		at org.springframework.orm.jpa.AbstractEntityManagerFactoryBean.buildNativeEntityManagerFactory(AbstractEntityManagerFactoryBean.java:436)
		... 40 more
	Caused by: java.sql.SQLException: Connections could not be acquired from the underlying database!
		at com.mchange.v2.sql.SqlUtils.toSQLException(SqlUtils.java:118)
		at com.mchange.v2.c3p0.impl.C3P0PooledConnectionPool.checkoutPooledConnection(C3P0PooledConnectionPool.java:692)
		at com.mchange.v2.c3p0.impl.AbstractPoolBackedDataSource.getConnection(AbstractPoolBackedDataSource.java:140)
		at org.hibernate.engine.jdbc.connections.internal.DataSourceConnectionProvider.getConnection(DataSourceConnectionProvider.java:149)
		at org.hibernate.engine.jdbc.env.internal.JdbcEnvironmentInitiator$ConnectionProviderJdbcConnectionAccess.obtainConnection(JdbcEnvironmentInitiator.java:508)
		at org.hibernate.resource.transaction.backend.jdbc.internal.DdlTransactionIsolatorNonJtaImpl.getIsolatedConnection(DdlTransactionIsolatorNonJtaImpl.java:44)
		... 62 more
	Caused by: com.mchange.v2.resourcepool.CannotAcquireResourceException: A ResourcePool could not acquire a resource from its primary factory or source.
		at com.mchange.v2.resourcepool.BasicResourcePool.awaitAvailable(BasicResourcePool.java:1507)
		at com.mchange.v2.resourcepool.BasicResourcePool.prelimCheckoutResource(BasicResourcePool.java:644)
		at com.mchange.v2.resourcepool.BasicResourcePool.checkoutResource(BasicResourcePool.java:554)
		at com.mchange.v2.c3p0.impl.C3P0PooledConnectionPool.checkoutAndMarkConnectionInUse(C3P0PooledConnectionPool.java:758)
		at com.mchange.v2.c3p0.impl.C3P0PooledConnectionPool.checkoutPooledConnection(C3P0PooledConnectionPool.java:685)
		... 66 more
	Caused by: org.postgresql.util.PSQLException: Connection to localhost:5432 refused. Check that the hostname and port are correct and that the postmaster is accepting TCP/IP connections.
		at org.postgresql.core.v3.ConnectionFactoryImpl.openConnectionImpl(ConnectionFactoryImpl.java:373)
		at org.postgresql.core.ConnectionFactory.openConnection(ConnectionFactory.java:57)
		at org.postgresql.jdbc.PgConnection.<init>(PgConnection.java:290)
		at org.postgresql.Driver.makeConnection(Driver.java:448)
		at org.postgresql.Driver.connect(Driver.java:298)
		at com.mchange.v2.c3p0.DriverManagerDataSource.getConnection(DriverManagerDataSource.java:175)
		at com.mchange.v2.c3p0.WrapperConnectionPoolDataSource.getPooledConnection(WrapperConnectionPoolDataSource.java:220)
		at com.mchange.v2.c3p0.WrapperConnectionPoolDataSource.getPooledConnection(WrapperConnectionPoolDataSource.java:206)
		at com.mchange.v2.c3p0.impl.C3P0PooledConnectionPool$1PooledConnectionResourcePoolManager.acquireResource(C3P0PooledConnectionPool.java:203)
		at com.mchange.v2.resourcepool.BasicResourcePool.doAcquire(BasicResourcePool.java:1176)
		at com.mchange.v2.resourcepool.BasicResourcePool.doAcquireAndDecrementPendingAcquiresWithinLockOnSuccess(BasicResourcePool.java:1163)
		at com.mchange.v2.resourcepool.BasicResourcePool.access$700(BasicResourcePool.java:44)
		at com.mchange.v2.resourcepool.BasicResourcePool$ScatteredAcquireTask.run(BasicResourcePool.java:1908)
		at com.mchange.v2.async.ThreadPoolAsynchronousRunner$PoolThread.run(ThreadPoolAsynchronousRunner.java:696)
	Caused by: java.net.ConnectException: Connection refused
		at java.base/sun.nio.ch.Net.pollConnect(Native Method)
		at java.base/sun.nio.ch.Net.pollConnectNow(Net.java:694)
		at java.base/sun.nio.ch.NioSocketImpl.timedFinishConnect(NioSocketImpl.java:542)
		at java.base/sun.nio.ch.NioSocketImpl.connect(NioSocketImpl.java:592)
		at java.base/java.net.SocksSocketImpl.connect(SocksSocketImpl.java:327)
		at java.base/java.net.Socket.connect(Socket.java:751)
		at org.postgresql.core.PGStream.createSocket(PGStream.java:261)
		at org.postgresql.core.PGStream.<init>(PGStream.java:122)
		at org.postgresql.core.v3.ConnectionFactoryImpl.tryConnect(ConnectionFactoryImpl.java:146)
		at org.postgresql.core.v3.ConnectionFactoryImpl.openConnectionImpl(ConnectionFactoryImpl.java:289)
		... 13 more
29-Jun-2026 04:55:28.414 SEVERE [http-nio-8080-exec-3] org.apache.catalina.core.StandardWrapperValve.invoke Allocate exception for servlet [dispatcher1]
	java.net.ConnectException: Connection refused
		at java.base/sun.nio.ch.Net.pollConnect(Native Method)
		at java.base/sun.nio.ch.Net.pollConnectNow(Net.java:694)
		at java.base/sun.nio.ch.NioSocketImpl.timedFinishConnect(NioSocketImpl.java:542)
		at java.base/sun.nio.ch.NioSocketImpl.connect(NioSocketImpl.java:592)
		at java.base/java.net.SocksSocketImpl.connect(SocksSocketImpl.java:327)
		at java.base/java.net.Socket.connect(Socket.java:751)
		at org.postgresql.core.PGStream.createSocket(PGStream.java:261)
		at org.postgresql.core.PGStream.<init>(PGStream.java:122)
		at org.postgresql.core.v3.ConnectionFactoryImpl.tryConnect(ConnectionFactoryImpl.java:146)
		at org.postgresql.core.v3.ConnectionFactoryImpl.openConnectionImpl(ConnectionFactoryImpl.java:289)
		at org.postgresql.core.ConnectionFactory.openConnection(ConnectionFactory.java:57)
		at org.postgresql.jdbc.PgConnection.<init>(PgConnection.java:290)
		at org.postgresql.Driver.makeConnection(Driver.java:448)
		at org.postgresql.Driver.connect(Driver.java:298)
		at com.mchange.v2.c3p0.DriverManagerDataSource.getConnection(DriverManagerDataSource.java:175)
		at com.mchange.v2.c3p0.WrapperConnectionPoolDataSource.getPooledConnection(WrapperConnectionPoolDataSource.java:220)
		at com.mchange.v2.c3p0.WrapperConnectionPoolDataSource.getPooledConnection(WrapperConnectionPoolDataSource.java:206)
		at com.mchange.v2.c3p0.impl.C3P0PooledConnectionPool$1PooledConnectionResourcePoolManager.acquireResource(C3P0PooledConnectionPool.java:203)
		at com.mchange.v2.resourcepool.BasicResourcePool.doAcquire(BasicResourcePool.java:1176)
		at com.mchange.v2.resourcepool.BasicResourcePool.doAcquireAndDecrementPendingAcquiresWithinLockOnSuccess(BasicResourcePool.java:1163)
		at com.mchange.v2.resourcepool.BasicResourcePool.access$700(BasicResourcePool.java:44)
		at com.mchange.v2.resourcepool.BasicResourcePool$ScatteredAcquireTask.run(BasicResourcePool.java:1908)
		at com.mchange.v2.async.ThreadPoolAsynchronousRunner$PoolThread.run(ThreadPoolAsynchronousRunner.java:696)
29-Jun-2026 04:55:28.426 INFO [http-nio-8080-exec-2] org.apache.catalina.core.ApplicationContext.log Initializing Spring DispatcherServlet 'dispatcher1'
29-Jun-2026 04:56:21.902 INFO [main] org.apache.catalina.core.ApplicationContext.log No Spring WebApplicationInitializer types detected on classpath
29-Jun-2026 04:56:33.202 INFO [http-nio-8080-exec-1] org.apache.catalina.core.ApplicationContext.log Initializing Spring DispatcherServlet 'dispatcher1'
29-Jun-2026 04:57:19.428 INFO [main] org.apache.catalina.core.ApplicationContext.log No Spring WebApplicationInitializer types detected on classpath
29-Jun-2026 04:57:19.959 INFO [http-nio-8080-exec-1] org.apache.catalina.core.ApplicationContext.log Initializing Spring DispatcherServlet 'dispatcher1'
29-Jun-2026 04:58:07.003 INFO [main] org.apache.catalina.core.ApplicationContext.log No Spring WebApplicationInitializer types detected on classpath
29-Jun-2026 04:58:18.167 INFO [http-nio-8080-exec-1] org.apache.catalina.core.ApplicationContext.log Initializing Spring DispatcherServlet 'dispatcher1'
29-Jun-2026 04:59:20.950 SEVERE [http-nio-8080-exec-1] org.apache.catalina.core.ApplicationContext.log Servlet.init() for servlet [dispatcher1] threw exception
	org.springframework.beans.factory.BeanCreationException: Error creating bean with name 'entityManagerFactory' defined in ServletContext resource [/WEB-INF/jdbc-context.xml]: Unable to build Hibernate SessionFactory  [persistence unit: default] ; nested exception is org.hibernate.exception.GenericJDBCException: Unable to open JDBC Connection for DDL execution [Connections could not be acquired from the underlying database!] [n/a]
		at org.springframework.beans.factory.support.AbstractAutowireCapableBeanFactory.initializeBean(AbstractAutowireCapableBeanFactory.java:1817)
		at org.springframework.beans.factory.support.AbstractAutowireCapableBeanFactory.doCreateBean(AbstractAutowireCapableBeanFactory.java:603)
		at org.springframework.beans.factory.support.AbstractAutowireCapableBeanFactory.createBean(AbstractAutowireCapableBeanFactory.java:525)
		at org.springframework.beans.factory.support.AbstractBeanFactory.lambda$doGetBean$0(AbstractBeanFactory.java:333)
		at org.springframework.beans.factory.support.DefaultSingletonBeanRegistry.getSingleton(DefaultSingletonBeanRegistry.java:371)
		at org.springframework.beans.factory.support.AbstractBeanFactory.doGetBean(AbstractBeanFactory.java:331)
		at org.springframework.beans.factory.support.AbstractBeanFactory.getBean(AbstractBeanFactory.java:201)
		at org.springframework.context.support.AbstractApplicationContext.finishBeanFactoryInitialization(AbstractApplicationContext.java:977)
		at org.springframework.context.support.AbstractApplicationContext.refresh(AbstractApplicationContext.java:621)
		at org.springframework.web.servlet.FrameworkServlet.configureAndRefreshWebApplicationContext(FrameworkServlet.java:696)
		at org.springframework.web.servlet.FrameworkServlet.createWebApplicationContext(FrameworkServlet.java:662)
		at org.springframework.web.servlet.FrameworkServlet.createWebApplicationContext(FrameworkServlet.java:710)
		at org.springframework.web.servlet.FrameworkServlet.initWebApplicationContext(FrameworkServlet.java:586)
		at org.springframework.web.servlet.FrameworkServlet.initServletBean(FrameworkServlet.java:528)
		at org.springframework.web.servlet.HttpServletBean.init(HttpServletBean.java:171)
		at jakarta.servlet.GenericServlet.init(GenericServlet.java:145)
		at jakarta.servlet.http.HttpServlet.init(HttpServlet.java:124)
		at org.apache.catalina.core.StandardWrapper.initServlet(StandardWrapper.java:819)
		at org.apache.catalina.core.StandardWrapper.loadServlet(StandardWrapper.java:789)
		at org.apache.catalina.core.StandardWrapper.allocate(StandardWrapper.java:571)
		at org.apache.catalina.core.StandardWrapperValve.invoke(StandardWrapperValve.java:113)
		at org.apache.catalina.core.StandardContextValve.invoke(StandardContextValve.java:77)
		at org.apache.catalina.authenticator.AuthenticatorBase.invoke(AuthenticatorBase.java:492)
		at org.apache.catalina.core.StandardHostValve.invoke(StandardHostValve.java:113)
		at org.apache.catalina.valves.ErrorReportValve.invoke(ErrorReportValve.java:83)
		at org.apache.catalina.valves.AbstractAccessLogValve.invoke(AbstractAccessLogValve.java:782)
		at org.apache.catalina.core.StandardEngineValve.invoke(StandardEngineValve.java:72)
		at org.apache.catalina.connector.CoyoteAdapter.service(CoyoteAdapter.java:341)
		at org.apache.coyote.http11.Http11Processor.service(Http11Processor.java:397)
		at org.apache.coyote.AbstractProcessorLight.process(AbstractProcessorLight.java:63)
		at org.apache.coyote.AbstractProtocol$ConnectionHandler.process(AbstractProtocol.java:1272)
		at org.apache.tomcat.util.net.NioEndpoint$SocketProcessor.doRun(NioEndpoint.java:1801)
		at org.apache.tomcat.util.net.SocketProcessorBase.run(SocketProcessorBase.java:52)
		at org.apache.tomcat.util.threads.ThreadPoolExecutor.runWorker(ThreadPoolExecutor.java:946)
		at org.apache.tomcat.util.threads.ThreadPoolExecutor$Worker.run(ThreadPoolExecutor.java:480)
		at org.apache.tomcat.util.threads.TaskThread$WrappingRunnable.run(TaskThread.java:57)
		at java.base/java.lang.Thread.run(Thread.java:1583)
	Caused by: jakarta.persistence.PersistenceException: Unable to build Hibernate SessionFactory  [persistence unit: default] ; nested exception is org.hibernate.exception.GenericJDBCException: Unable to open JDBC Connection for DDL execution [Connections could not be acquired from the underlying database!] [n/a]
		at org.springframework.orm.jpa.AbstractEntityManagerFactoryBean.buildNativeEntityManagerFactory(AbstractEntityManagerFactoryBean.java:448)
		at org.springframework.orm.jpa.AbstractEntityManagerFactoryBean.afterPropertiesSet(AbstractEntityManagerFactoryBean.java:411)
		at org.springframework.orm.jpa.LocalContainerEntityManagerFactoryBean.afterPropertiesSet(LocalContainerEntityManagerFactoryBean.java:419)
		at org.springframework.beans.factory.support.AbstractAutowireCapableBeanFactory.invokeInitMethods(AbstractAutowireCapableBeanFactory.java:1864)
		at org.springframework.beans.factory.support.AbstractAutowireCapableBeanFactory.initializeBean(AbstractAutowireCapableBeanFactory.java:1813)
		... 36 more
	Caused by: org.hibernate.exception.GenericJDBCException: Unable to open JDBC Connection for DDL execution [Connections could not be acquired from the underlying database!] [n/a]
		at org.hibernate.exception.internal.StandardSQLExceptionConverter.convert(StandardSQLExceptionConverter.java:39)
		at org.hibernate.engine.jdbc.spi.SqlExceptionHelper.convert(SqlExceptionHelper.java:115)
		at org.hibernate.engine.jdbc.spi.SqlExceptionHelper.convert(SqlExceptionHelper.java:101)
		at org.hibernate.resource.transaction.backend.jdbc.internal.DdlTransactionIsolatorNonJtaImpl.getIsolatedConnection(DdlTransactionIsolatorNonJtaImpl.java:71)
		at org.hibernate.resource.transaction.backend.jdbc.internal.DdlTransactionIsolatorNonJtaImpl.getIsolatedConnection(DdlTransactionIsolatorNonJtaImpl.java:37)
		at org.hibernate.tool.schema.internal.exec.ImprovedExtractionContextImpl.getJdbcConnection(ImprovedExtractionContextImpl.java:61)
		at org.hibernate.tool.schema.extract.spi.ExtractionContext.getQueryResults(ExtractionContext.java:41)
		at org.hibernate.tool.schema.extract.internal.SequenceInformationExtractorLegacyImpl.extractMetadata(SequenceInformationExtractorLegacyImpl.java:36)
		at org.hibernate.tool.schema.extract.internal.DatabaseInformationImpl.initializeSequences(DatabaseInformationImpl.java:73)
		at org.hibernate.tool.schema.extract.internal.DatabaseInformationImpl.<init>(DatabaseInformationImpl.java:63)
		at org.hibernate.tool.schema.extract.internal.CachingDatabaseInformationImpl.<init>(CachingDatabaseInformationImpl.java:43)
		at org.hibernate.tool.schema.internal.GroupedSchemaMigratorImpl.buildDatabaseInformation(GroupedSchemaMigratorImpl.java:112)
		at org.hibernate.tool.schema.internal.AbstractSchemaMigrator.doMigration(AbstractSchemaMigrator.java:83)
		at org.hibernate.tool.schema.spi.SchemaManagementToolCoordinator.performDatabaseAction(SchemaManagementToolCoordinator.java:269)
		at org.hibernate.tool.schema.spi.SchemaManagementToolCoordinator.lambda$process$1(SchemaManagementToolCoordinator.java:101)
		at java.base/java.util.HashMap.forEach(HashMap.java:1429)
		at org.hibernate.tool.schema.spi.SchemaManagementToolCoordinator.process(SchemaManagementToolCoordinator.java:100)
		at org.hibernate.boot.internal.SessionFactoryObserverForSchemaExport.sessionFactoryCreated(SessionFactoryObserverForSchemaExport.java:35)
		at org.hibernate.internal.SessionFactoryObserverChain.sessionFactoryCreated(SessionFactoryObserverChain.java:33)
		at org.hibernate.internal.SessionFactoryImpl.<init>(SessionFactoryImpl.java:327)
		at org.hibernate.internal.SessionFactoryRegistry.instantiateSessionFactory(SessionFactoryRegistry.java:64)
		at org.hibernate.boot.internal.SessionFactoryBuilderImpl.build(SessionFactoryBuilderImpl.java:458)
		at org.hibernate.jpa.boot.internal.EntityManagerFactoryBuilderImpl.build(EntityManagerFactoryBuilderImpl.java:1452)
		at org.springframework.orm.jpa.vendor.SpringHibernateJpaPersistenceProvider.createContainerEntityManagerFactory(SpringHibernateJpaPersistenceProvider.java:93)
		at org.springframework.orm.jpa.LocalContainerEntityManagerFactoryBean.createNativeEntityManagerFactory(LocalContainerEntityManagerFactoryBean.java:443)
		at org.springframework.orm.jpa.AbstractEntityManagerFactoryBean.buildNativeEntityManagerFactory(AbstractEntityManagerFactoryBean.java:436)
		... 40 more
	Caused by: java.sql.SQLException: Connections could not be acquired from the underlying database!
		at com.mchange.v2.sql.SqlUtils.toSQLException(SqlUtils.java:118)
		at com.mchange.v2.c3p0.impl.C3P0PooledConnectionPool.checkoutPooledConnection(C3P0PooledConnectionPool.java:692)
		at com.mchange.v2.c3p0.impl.AbstractPoolBackedDataSource.getConnection(AbstractPoolBackedDataSource.java:140)
		at org.hibernate.engine.jdbc.connections.internal.DataSourceConnectionProvider.getConnection(DataSourceConnectionProvider.java:149)
		at org.hibernate.engine.jdbc.env.internal.JdbcEnvironmentInitiator$ConnectionProviderJdbcConnectionAccess.obtainConnection(JdbcEnvironmentInitiator.java:508)
		at org.hibernate.resource.transaction.backend.jdbc.internal.DdlTransactionIsolatorNonJtaImpl.getIsolatedConnection(DdlTransactionIsolatorNonJtaImpl.java:44)
		... 62 more
	Caused by: com.mchange.v2.resourcepool.CannotAcquireResourceException: A ResourcePool could not acquire a resource from its primary factory or source.
		at com.mchange.v2.resourcepool.BasicResourcePool.awaitAvailable(BasicResourcePool.java:1507)
		at com.mchange.v2.resourcepool.BasicResourcePool.prelimCheckoutResource(BasicResourcePool.java:644)
		at com.mchange.v2.resourcepool.BasicResourcePool.checkoutResource(BasicResourcePool.java:554)
		at com.mchange.v2.c3p0.impl.C3P0PooledConnectionPool.checkoutAndMarkConnectionInUse(C3P0PooledConnectionPool.java:758)
		at com.mchange.v2.c3p0.impl.C3P0PooledConnectionPool.checkoutPooledConnection(C3P0PooledConnectionPool.java:685)
		... 66 more
	Caused by: org.postgresql.util.PSQLException: Connection to localhost:5432 refused. Check that the hostname and port are correct and that the postmaster is accepting TCP/IP connections.
		at org.postgresql.core.v3.ConnectionFactoryImpl.openConnectionImpl(ConnectionFactoryImpl.java:373)
		at org.postgresql.core.ConnectionFactory.openConnection(ConnectionFactory.java:57)
		at org.postgresql.jdbc.PgConnection.<init>(PgConnection.java:290)
		at org.postgresql.Driver.makeConnection(Driver.java:448)
		at org.postgresql.Driver.connect(Driver.java:298)
		at com.mchange.v2.c3p0.DriverManagerDataSource.getConnection(DriverManagerDataSource.java:175)
		at com.mchange.v2.c3p0.WrapperConnectionPoolDataSource.getPooledConnection(WrapperConnectionPoolDataSource.java:220)
		at com.mchange.v2.c3p0.WrapperConnectionPoolDataSource.getPooledConnection(WrapperConnectionPoolDataSource.java:206)
		at com.mchange.v2.c3p0.impl.C3P0PooledConnectionPool$1PooledConnectionResourcePoolManager.acquireResource(C3P0PooledConnectionPool.java:203)
		at com.mchange.v2.resourcepool.BasicResourcePool.doAcquire(BasicResourcePool.java:1176)
		at com.mchange.v2.resourcepool.BasicResourcePool.doAcquireAndDecrementPendingAcquiresWithinLockOnSuccess(BasicResourcePool.java:1163)
		at com.mchange.v2.resourcepool.BasicResourcePool.access$700(BasicResourcePool.java:44)
		at com.mchange.v2.resourcepool.BasicResourcePool$ScatteredAcquireTask.run(BasicResourcePool.java:1908)
		at com.mchange.v2.async.ThreadPoolAsynchronousRunner$PoolThread.run(ThreadPoolAsynchronousRunner.java:696)
	Caused by: java.net.ConnectException: Connection refused
		at java.base/sun.nio.ch.Net.pollConnect(Native Method)
		at java.base/sun.nio.ch.Net.pollConnectNow(Net.java:694)
		at java.base/sun.nio.ch.NioSocketImpl.timedFinishConnect(NioSocketImpl.java:542)
		at java.base/sun.nio.ch.NioSocketImpl.connect(NioSocketImpl.java:592)
		at java.base/java.net.SocksSocketImpl.connect(SocksSocketImpl.java:327)
		at java.base/java.net.Socket.connect(Socket.java:751)
		at org.postgresql.core.PGStream.createSocket(PGStream.java:261)
		at org.postgresql.core.PGStream.<init>(PGStream.java:122)
		at org.postgresql.core.v3.ConnectionFactoryImpl.tryConnect(ConnectionFactoryImpl.java:146)
		at org.postgresql.core.v3.ConnectionFactoryImpl.openConnectionImpl(ConnectionFactoryImpl.java:289)
		... 13 more
29-Jun-2026 04:59:20.952 SEVERE [http-nio-8080-exec-1] org.apache.catalina.core.StandardWrapperValve.invoke Allocate exception for servlet [dispatcher1]
	java.net.ConnectException: Connection refused
		at java.base/sun.nio.ch.Net.pollConnect(Native Method)
		at java.base/sun.nio.ch.Net.pollConnectNow(Net.java:694)
		at java.base/sun.nio.ch.NioSocketImpl.timedFinishConnect(NioSocketImpl.java:542)
		at java.base/sun.nio.ch.NioSocketImpl.connect(NioSocketImpl.java:592)
		at java.base/java.net.SocksSocketImpl.connect(SocksSocketImpl.java:327)
		at java.base/java.net.Socket.connect(Socket.java:751)
		at org.postgresql.core.PGStream.createSocket(PGStream.java:261)
		at org.postgresql.core.PGStream.<init>(PGStream.java:122)
		at org.postgresql.core.v3.ConnectionFactoryImpl.tryConnect(ConnectionFactoryImpl.java:146)
		at org.postgresql.core.v3.ConnectionFactoryImpl.openConnectionImpl(ConnectionFactoryImpl.java:289)
		at org.postgresql.core.ConnectionFactory.openConnection(ConnectionFactory.java:57)
		at org.postgresql.jdbc.PgConnection.<init>(PgConnection.java:290)
		at org.postgresql.Driver.makeConnection(Driver.java:448)
		at org.postgresql.Driver.connect(Driver.java:298)
		at com.mchange.v2.c3p0.DriverManagerDataSource.getConnection(DriverManagerDataSource.java:175)
		at com.mchange.v2.c3p0.WrapperConnectionPoolDataSource.getPooledConnection(WrapperConnectionPoolDataSource.java:220)
		at com.mchange.v2.c3p0.WrapperConnectionPoolDataSource.getPooledConnection(WrapperConnectionPoolDataSource.java:206)
		at com.mchange.v2.c3p0.impl.C3P0PooledConnectionPool$1PooledConnectionResourcePoolManager.acquireResource(C3P0PooledConnectionPool.java:203)
		at com.mchange.v2.resourcepool.BasicResourcePool.doAcquire(BasicResourcePool.java:1176)
		at com.mchange.v2.resourcepool.BasicResourcePool.doAcquireAndDecrementPendingAcquiresWithinLockOnSuccess(BasicResourcePool.java:1163)
		at com.mchange.v2.resourcepool.BasicResourcePool.access$700(BasicResourcePool.java:44)
		at com.mchange.v2.resourcepool.BasicResourcePool$ScatteredAcquireTask.run(BasicResourcePool.java:1908)
		at com.mchange.v2.async.ThreadPoolAsynchronousRunner$PoolThread.run(ThreadPoolAsynchronousRunner.java:696)
29-Jun-2026 04:59:20.969 INFO [http-nio-8080-exec-5] org.apache.catalina.core.ApplicationContext.log Initializing Spring DispatcherServlet 'dispatcher1'
29-Jun-2026 05:00:21.704 SEVERE [http-nio-8080-exec-5] org.apache.catalina.core.ApplicationContext.log Servlet.init() for servlet [dispatcher1] threw exception
	org.springframework.beans.factory.BeanCreationException: Error creating bean with name 'entityManagerFactory' defined in ServletContext resource [/WEB-INF/jdbc-context.xml]: Unable to build Hibernate SessionFactory  [persistence unit: default] ; nested exception is org.hibernate.exception.GenericJDBCException: Unable to open JDBC Connection for DDL execution [Connections could not be acquired from the underlying database!] [n/a]
		at org.springframework.beans.factory.support.AbstractAutowireCapableBeanFactory.initializeBean(AbstractAutowireCapableBeanFactory.java:1817)
		at org.springframework.beans.factory.support.AbstractAutowireCapableBeanFactory.doCreateBean(AbstractAutowireCapableBeanFactory.java:603)
		at org.springframework.beans.factory.support.AbstractAutowireCapableBeanFactory.createBean(AbstractAutowireCapableBeanFactory.java:525)
		at org.springframework.beans.factory.support.AbstractBeanFactory.lambda$doGetBean$0(AbstractBeanFactory.java:333)
		at org.springframework.beans.factory.support.DefaultSingletonBeanRegistry.getSingleton(DefaultSingletonBeanRegistry.java:371)
		at org.springframework.beans.factory.support.AbstractBeanFactory.doGetBean(AbstractBeanFactory.java:331)
		at org.springframework.beans.factory.support.AbstractBeanFactory.getBean(AbstractBeanFactory.java:201)
		at org.springframework.context.support.AbstractApplicationContext.finishBeanFactoryInitialization(AbstractApplicationContext.java:977)
		at org.springframework.context.support.AbstractApplicationContext.refresh(AbstractApplicationContext.java:621)
		at org.springframework.web.servlet.FrameworkServlet.configureAndRefreshWebApplicationContext(FrameworkServlet.java:696)
		at org.springframework.web.servlet.FrameworkServlet.createWebApplicationContext(FrameworkServlet.java:662)
		at org.springframework.web.servlet.FrameworkServlet.createWebApplicationContext(FrameworkServlet.java:710)
		at org.springframework.web.servlet.FrameworkServlet.initWebApplicationContext(FrameworkServlet.java:586)
		at org.springframework.web.servlet.FrameworkServlet.initServletBean(FrameworkServlet.java:528)
		at org.springframework.web.servlet.HttpServletBean.init(HttpServletBean.java:171)
		at jakarta.servlet.GenericServlet.init(GenericServlet.java:145)
		at jakarta.servlet.http.HttpServlet.init(HttpServlet.java:124)
		at org.apache.catalina.core.StandardWrapper.initServlet(StandardWrapper.java:819)
		at org.apache.catalina.core.StandardWrapper.loadServlet(StandardWrapper.java:789)
		at org.apache.catalina.core.StandardWrapper.allocate(StandardWrapper.java:571)
		at org.apache.catalina.core.StandardWrapperValve.invoke(StandardWrapperValve.java:113)
		at org.apache.catalina.core.StandardContextValve.invoke(StandardContextValve.java:77)
		at org.apache.catalina.authenticator.AuthenticatorBase.invoke(AuthenticatorBase.java:492)
		at org.apache.catalina.core.StandardHostValve.invoke(StandardHostValve.java:113)
		at org.apache.catalina.valves.ErrorReportValve.invoke(ErrorReportValve.java:83)
		at org.apache.catalina.valves.AbstractAccessLogValve.invoke(AbstractAccessLogValve.java:782)
		at org.apache.catalina.core.StandardEngineValve.invoke(StandardEngineValve.java:72)
		at org.apache.catalina.connector.CoyoteAdapter.service(CoyoteAdapter.java:341)
		at org.apache.coyote.http11.Http11Processor.service(Http11Processor.java:397)
		at org.apache.coyote.AbstractProcessorLight.process(AbstractProcessorLight.java:63)
		at org.apache.coyote.AbstractProtocol$ConnectionHandler.process(AbstractProtocol.java:1272)
		at org.apache.tomcat.util.net.NioEndpoint$SocketProcessor.doRun(NioEndpoint.java:1801)
		at org.apache.tomcat.util.net.SocketProcessorBase.run(SocketProcessorBase.java:52)
		at org.apache.tomcat.util.threads.ThreadPoolExecutor.runWorker(ThreadPoolExecutor.java:946)
		at org.apache.tomcat.util.threads.ThreadPoolExecutor$Worker.run(ThreadPoolExecutor.java:480)
		at org.apache.tomcat.util.threads.TaskThread$WrappingRunnable.run(TaskThread.java:57)
		at java.base/java.lang.Thread.run(Thread.java:1583)
	Caused by: jakarta.persistence.PersistenceException: Unable to build Hibernate SessionFactory  [persistence unit: default] ; nested exception is org.hibernate.exception.GenericJDBCException: Unable to open JDBC Connection for DDL execution [Connections could not be acquired from the underlying database!] [n/a]
		at org.springframework.orm.jpa.AbstractEntityManagerFactoryBean.buildNativeEntityManagerFactory(AbstractEntityManagerFactoryBean.java:448)
		at org.springframework.orm.jpa.AbstractEntityManagerFactoryBean.afterPropertiesSet(AbstractEntityManagerFactoryBean.java:411)
		at org.springframework.orm.jpa.LocalContainerEntityManagerFactoryBean.afterPropertiesSet(LocalContainerEntityManagerFactoryBean.java:419)
		at org.springframework.beans.factory.support.AbstractAutowireCapableBeanFactory.invokeInitMethods(AbstractAutowireCapableBeanFactory.java:1864)
		at org.springframework.beans.factory.support.AbstractAutowireCapableBeanFactory.initializeBean(AbstractAutowireCapableBeanFactory.java:1813)
		... 36 more
	Caused by: org.hibernate.exception.GenericJDBCException: Unable to open JDBC Connection for DDL execution [Connections could not be acquired from the underlying database!] [n/a]
		at org.hibernate.exception.internal.StandardSQLExceptionConverter.convert(StandardSQLExceptionConverter.java:39)
		at org.hibernate.engine.jdbc.spi.SqlExceptionHelper.convert(SqlExceptionHelper.java:115)
		at org.hibernate.engine.jdbc.spi.SqlExceptionHelper.convert(SqlExceptionHelper.java:101)
		at org.hibernate.resource.transaction.backend.jdbc.internal.DdlTransactionIsolatorNonJtaImpl.getIsolatedConnection(DdlTransactionIsolatorNonJtaImpl.java:71)
		at org.hibernate.resource.transaction.backend.jdbc.internal.DdlTransactionIsolatorNonJtaImpl.getIsolatedConnection(DdlTransactionIsolatorNonJtaImpl.java:37)
		at org.hibernate.tool.schema.internal.exec.ImprovedExtractionContextImpl.getJdbcConnection(ImprovedExtractionContextImpl.java:61)
		at org.hibernate.tool.schema.extract.spi.ExtractionContext.getQueryResults(ExtractionContext.java:41)
		at org.hibernate.tool.schema.extract.internal.SequenceInformationExtractorLegacyImpl.extractMetadata(SequenceInformationExtractorLegacyImpl.java:36)
		at org.hibernate.tool.schema.extract.internal.DatabaseInformationImpl.initializeSequences(DatabaseInformationImpl.java:73)
		at org.hibernate.tool.schema.extract.internal.DatabaseInformationImpl.<init>(DatabaseInformationImpl.java:63)
		at org.hibernate.tool.schema.extract.internal.CachingDatabaseInformationImpl.<init>(CachingDatabaseInformationImpl.java:43)
		at org.hibernate.tool.schema.internal.GroupedSchemaMigratorImpl.buildDatabaseInformation(GroupedSchemaMigratorImpl.java:112)
		at org.hibernate.tool.schema.internal.AbstractSchemaMigrator.doMigration(AbstractSchemaMigrator.java:83)
		at org.hibernate.tool.schema.spi.SchemaManagementToolCoordinator.performDatabaseAction(SchemaManagementToolCoordinator.java:269)
		at org.hibernate.tool.schema.spi.SchemaManagementToolCoordinator.lambda$process$1(SchemaManagementToolCoordinator.java:101)
		at java.base/java.util.HashMap.forEach(HashMap.java:1429)
		at org.hibernate.tool.schema.spi.SchemaManagementToolCoordinator.process(SchemaManagementToolCoordinator.java:100)
		at org.hibernate.boot.internal.SessionFactoryObserverForSchemaExport.sessionFactoryCreated(SessionFactoryObserverForSchemaExport.java:35)
		at org.hibernate.internal.SessionFactoryObserverChain.sessionFactoryCreated(SessionFactoryObserverChain.java:33)
		at org.hibernate.internal.SessionFactoryImpl.<init>(SessionFactoryImpl.java:327)
		at org.hibernate.internal.SessionFactoryRegistry.instantiateSessionFactory(SessionFactoryRegistry.java:64)
		at org.hibernate.boot.internal.SessionFactoryBuilderImpl.build(SessionFactoryBuilderImpl.java:458)
		at org.hibernate.jpa.boot.internal.EntityManagerFactoryBuilderImpl.build(EntityManagerFactoryBuilderImpl.java:1452)
		at org.springframework.orm.jpa.vendor.SpringHibernateJpaPersistenceProvider.createContainerEntityManagerFactory(SpringHibernateJpaPersistenceProvider.java:93)
		at org.springframework.orm.jpa.LocalContainerEntityManagerFactoryBean.createNativeEntityManagerFactory(LocalContainerEntityManagerFactoryBean.java:443)
		at org.springframework.orm.jpa.AbstractEntityManagerFactoryBean.buildNativeEntityManagerFactory(AbstractEntityManagerFactoryBean.java:436)
		... 40 more
	Caused by: java.sql.SQLException: Connections could not be acquired from the underlying database!
		at com.mchange.v2.sql.SqlUtils.toSQLException(SqlUtils.java:118)
		at com.mchange.v2.c3p0.impl.C3P0PooledConnectionPool.checkoutPooledConnection(C3P0PooledConnectionPool.java:692)
		at com.mchange.v2.c3p0.impl.AbstractPoolBackedDataSource.getConnection(AbstractPoolBackedDataSource.java:140)
		at org.hibernate.engine.jdbc.connections.internal.DataSourceConnectionProvider.getConnection(DataSourceConnectionProvider.java:149)
		at org.hibernate.engine.jdbc.env.internal.JdbcEnvironmentInitiator$ConnectionProviderJdbcConnectionAccess.obtainConnection(JdbcEnvironmentInitiator.java:508)
		at org.hibernate.resource.transaction.backend.jdbc.internal.DdlTransactionIsolatorNonJtaImpl.getIsolatedConnection(DdlTransactionIsolatorNonJtaImpl.java:44)
		... 62 more
	Caused by: com.mchange.v2.resourcepool.CannotAcquireResourceException: A ResourcePool could not acquire a resource from its primary factory or source.
		at com.mchange.v2.resourcepool.BasicResourcePool.awaitAvailable(BasicResourcePool.java:1507)
		at com.mchange.v2.resourcepool.BasicResourcePool.prelimCheckoutResource(BasicResourcePool.java:644)
		at com.mchange.v2.resourcepool.BasicResourcePool.checkoutResource(BasicResourcePool.java:554)
		at com.mchange.v2.c3p0.impl.C3P0PooledConnectionPool.checkoutAndMarkConnectionInUse(C3P0PooledConnectionPool.java:758)
		at com.mchange.v2.c3p0.impl.C3P0PooledConnectionPool.checkoutPooledConnection(C3P0PooledConnectionPool.java:685)
		... 66 more
	Caused by: org.postgresql.util.PSQLException: Connection to localhost:5432 refused. Check that the hostname and port are correct and that the postmaster is accepting TCP/IP connections.
		at org.postgresql.core.v3.ConnectionFactoryImpl.openConnectionImpl(ConnectionFactoryImpl.java:373)
		at org.postgresql.core.ConnectionFactory.openConnection(ConnectionFactory.java:57)
		at org.postgresql.jdbc.PgConnection.<init>(PgConnection.java:290)
		at org.postgresql.Driver.makeConnection(Driver.java:448)
		at org.postgresql.Driver.connect(Driver.java:298)
		at com.mchange.v2.c3p0.DriverManagerDataSource.getConnection(DriverManagerDataSource.java:175)
		at com.mchange.v2.c3p0.WrapperConnectionPoolDataSource.getPooledConnection(WrapperConnectionPoolDataSource.java:220)
		at com.mchange.v2.c3p0.WrapperConnectionPoolDataSource.getPooledConnection(WrapperConnectionPoolDataSource.java:206)
		at com.mchange.v2.c3p0.impl.C3P0PooledConnectionPool$1PooledConnectionResourcePoolManager.acquireResource(C3P0PooledConnectionPool.java:203)
		at com.mchange.v2.resourcepool.BasicResourcePool.doAcquire(BasicResourcePool.java:1176)
		at com.mchange.v2.resourcepool.BasicResourcePool.doAcquireAndDecrementPendingAcquiresWithinLockOnSuccess(BasicResourcePool.java:1163)
		at com.mchange.v2.resourcepool.BasicResourcePool.access$700(BasicResourcePool.java:44)
		at com.mchange.v2.resourcepool.BasicResourcePool$ScatteredAcquireTask.run(BasicResourcePool.java:1908)
		at com.mchange.v2.async.ThreadPoolAsynchronousRunner$PoolThread.run(ThreadPoolAsynchronousRunner.java:696)
	Caused by: java.net.ConnectException: Connection refused
		at java.base/sun.nio.ch.Net.pollConnect(Native Method)
		at java.base/sun.nio.ch.Net.pollConnectNow(Net.java:694)
		at java.base/sun.nio.ch.NioSocketImpl.timedFinishConnect(NioSocketImpl.java:542)
		at java.base/sun.nio.ch.NioSocketImpl.connect(NioSocketImpl.java:592)
		at java.base/java.net.SocksSocketImpl.connect(SocksSocketImpl.java:327)
		at java.base/java.net.Socket.connect(Socket.java:751)
		at org.postgresql.core.PGStream.createSocket(PGStream.java:261)
		at org.postgresql.core.PGStream.<init>(PGStream.java:122)
		at org.postgresql.core.v3.ConnectionFactoryImpl.tryConnect(ConnectionFactoryImpl.java:146)
		at org.postgresql.core.v3.ConnectionFactoryImpl.openConnectionImpl(ConnectionFactoryImpl.java:289)
		... 13 more
29-Jun-2026 05:00:21.704 SEVERE [http-nio-8080-exec-5] org.apache.catalina.core.StandardWrapperValve.invoke Allocate exception for servlet [dispatcher1]
	java.net.ConnectException: Connection refused
		at java.base/sun.nio.ch.Net.pollConnect(Native Method)
		at java.base/sun.nio.ch.Net.pollConnectNow(Net.java:694)
		at java.base/sun.nio.ch.NioSocketImpl.timedFinishConnect(NioSocketImpl.java:542)
		at java.base/sun.nio.ch.NioSocketImpl.connect(NioSocketImpl.java:592)
		at java.base/java.net.SocksSocketImpl.connect(SocksSocketImpl.java:327)
		at java.base/java.net.Socket.connect(Socket.java:751)
		at org.postgresql.core.PGStream.createSocket(PGStream.java:261)
		at org.postgresql.core.PGStream.<init>(PGStream.java:122)
		at org.postgresql.core.v3.ConnectionFactoryImpl.tryConnect(ConnectionFactoryImpl.java:146)
		at org.postgresql.core.v3.ConnectionFactoryImpl.openConnectionImpl(ConnectionFactoryImpl.java:289)
		at org.postgresql.core.ConnectionFactory.openConnection(ConnectionFactory.java:57)
		at org.postgresql.jdbc.PgConnection.<init>(PgConnection.java:290)
		at org.postgresql.Driver.makeConnection(Driver.java:448)
		at org.postgresql.Driver.connect(Driver.java:298)
		at com.mchange.v2.c3p0.DriverManagerDataSource.getConnection(DriverManagerDataSource.java:175)
		at com.mchange.v2.c3p0.WrapperConnectionPoolDataSource.getPooledConnection(WrapperConnectionPoolDataSource.java:220)
		at com.mchange.v2.c3p0.WrapperConnectionPoolDataSource.getPooledConnection(WrapperConnectionPoolDataSource.java:206)
		at com.mchange.v2.c3p0.impl.C3P0PooledConnectionPool$1PooledConnectionResourcePoolManager.acquireResource(C3P0PooledConnectionPool.java:203)
		at com.mchange.v2.resourcepool.BasicResourcePool.doAcquire(BasicResourcePool.java:1176)
		at com.mchange.v2.resourcepool.BasicResourcePool.doAcquireAndDecrementPendingAcquiresWithinLockOnSuccess(BasicResourcePool.java:1163)
		at com.mchange.v2.resourcepool.BasicResourcePool.access$700(BasicResourcePool.java:44)
		at com.mchange.v2.resourcepool.BasicResourcePool$ScatteredAcquireTask.run(BasicResourcePool.java:1908)
		at com.mchange.v2.async.ThreadPoolAsynchronousRunner$PoolThread.run(ThreadPoolAsynchronousRunner.java:696)
29-Jun-2026 05:00:21.716 INFO [http-nio-8080-exec-4] org.apache.catalina.core.ApplicationContext.log Initializing Spring DispatcherServlet 'dispatcher1'
29-Jun-2026 05:01:22.398 SEVERE [http-nio-8080-exec-4] org.apache.catalina.core.ApplicationContext.log Servlet.init() for servlet [dispatcher1] threw exception
	org.springframework.beans.factory.BeanCreationException: Error creating bean with name 'entityManagerFactory' defined in ServletContext resource [/WEB-INF/jdbc-context.xml]: Unable to build Hibernate SessionFactory  [persistence unit: default] ; nested exception is org.hibernate.exception.GenericJDBCException: Unable to open JDBC Connection for DDL execution [Connections could not be acquired from the underlying database!] [n/a]
		at org.springframework.beans.factory.support.AbstractAutowireCapableBeanFactory.initializeBean(AbstractAutowireCapableBeanFactory.java:1817)
		at org.springframework.beans.factory.support.AbstractAutowireCapableBeanFactory.doCreateBean(AbstractAutowireCapableBeanFactory.java:603)
		at org.springframework.beans.factory.support.AbstractAutowireCapableBeanFactory.createBean(AbstractAutowireCapableBeanFactory.java:525)
		at org.springframework.beans.factory.support.AbstractBeanFactory.lambda$doGetBean$0(AbstractBeanFactory.java:333)
		at org.springframework.beans.factory.support.DefaultSingletonBeanRegistry.getSingleton(DefaultSingletonBeanRegistry.java:371)
		at org.springframework.beans.factory.support.AbstractBeanFactory.doGetBean(AbstractBeanFactory.java:331)
		at org.springframework.beans.factory.support.AbstractBeanFactory.getBean(AbstractBeanFactory.java:201)
		at org.springframework.context.support.AbstractApplicationContext.finishBeanFactoryInitialization(AbstractApplicationContext.java:977)
		at org.springframework.context.support.AbstractApplicationContext.refresh(AbstractApplicationContext.java:621)
		at org.springframework.web.servlet.FrameworkServlet.configureAndRefreshWebApplicationContext(FrameworkServlet.java:696)
		at org.springframework.web.servlet.FrameworkServlet.createWebApplicationContext(FrameworkServlet.java:662)
		at org.springframework.web.servlet.FrameworkServlet.createWebApplicationContext(FrameworkServlet.java:710)
		at org.springframework.web.servlet.FrameworkServlet.initWebApplicationContext(FrameworkServlet.java:586)
		at org.springframework.web.servlet.FrameworkServlet.initServletBean(FrameworkServlet.java:528)
		at org.springframework.web.servlet.HttpServletBean.init(HttpServletBean.java:171)
		at jakarta.servlet.GenericServlet.init(GenericServlet.java:145)
		at jakarta.servlet.http.HttpServlet.init(HttpServlet.java:124)
		at org.apache.catalina.core.StandardWrapper.initServlet(StandardWrapper.java:819)
		at org.apache.catalina.core.StandardWrapper.loadServlet(StandardWrapper.java:789)
		at org.apache.catalina.core.StandardWrapper.allocate(StandardWrapper.java:571)
		at org.apache.catalina.core.StandardWrapperValve.invoke(StandardWrapperValve.java:113)
		at org.apache.catalina.core.StandardContextValve.invoke(StandardContextValve.java:77)
		at org.apache.catalina.authenticator.AuthenticatorBase.invoke(AuthenticatorBase.java:492)
		at org.apache.catalina.core.StandardHostValve.invoke(StandardHostValve.java:113)
		at org.apache.catalina.valves.ErrorReportValve.invoke(ErrorReportValve.java:83)
		at org.apache.catalina.valves.AbstractAccessLogValve.invoke(AbstractAccessLogValve.java:782)
		at org.apache.catalina.core.StandardEngineValve.invoke(StandardEngineValve.java:72)
		at org.apache.catalina.connector.CoyoteAdapter.service(CoyoteAdapter.java:341)
		at org.apache.coyote.http11.Http11Processor.service(Http11Processor.java:397)
		at org.apache.coyote.AbstractProcessorLight.process(AbstractProcessorLight.java:63)
		at org.apache.coyote.AbstractProtocol$ConnectionHandler.process(AbstractProtocol.java:1272)
		at org.apache.tomcat.util.net.NioEndpoint$SocketProcessor.doRun(NioEndpoint.java:1801)
		at org.apache.tomcat.util.net.SocketProcessorBase.run(SocketProcessorBase.java:52)
		at org.apache.tomcat.util.threads.ThreadPoolExecutor.runWorker(ThreadPoolExecutor.java:946)
		at org.apache.tomcat.util.threads.ThreadPoolExecutor$Worker.run(ThreadPoolExecutor.java:480)
		at org.apache.tomcat.util.threads.TaskThread$WrappingRunnable.run(TaskThread.java:57)
		at java.base/java.lang.Thread.run(Thread.java:1583)
	Caused by: jakarta.persistence.PersistenceException: Unable to build Hibernate SessionFactory  [persistence unit: default] ; nested exception is org.hibernate.exception.GenericJDBCException: Unable to open JDBC Connection for DDL execution [Connections could not be acquired from the underlying database!] [n/a]
		at org.springframework.orm.jpa.AbstractEntityManagerFactoryBean.buildNativeEntityManagerFactory(AbstractEntityManagerFactoryBean.java:448)
		at org.springframework.orm.jpa.AbstractEntityManagerFactoryBean.afterPropertiesSet(AbstractEntityManagerFactoryBean.java:411)
		at org.springframework.orm.jpa.LocalContainerEntityManagerFactoryBean.afterPropertiesSet(LocalContainerEntityManagerFactoryBean.java:419)
		at org.springframework.beans.factory.support.AbstractAutowireCapableBeanFactory.invokeInitMethods(AbstractAutowireCapableBeanFactory.java:1864)
		at org.springframework.beans.factory.support.AbstractAutowireCapableBeanFactory.initializeBean(AbstractAutowireCapableBeanFactory.java:1813)
		... 36 more
	Caused by: org.hibernate.exception.GenericJDBCException: Unable to open JDBC Connection for DDL execution [Connections could not be acquired from the underlying database!] [n/a]
		at org.hibernate.exception.internal.StandardSQLExceptionConverter.convert(StandardSQLExceptionConverter.java:39)
		at org.hibernate.engine.jdbc.spi.SqlExceptionHelper.convert(SqlExceptionHelper.java:115)
		at org.hibernate.engine.jdbc.spi.SqlExceptionHelper.convert(SqlExceptionHelper.java:101)
		at org.hibernate.resource.transaction.backend.jdbc.internal.DdlTransactionIsolatorNonJtaImpl.getIsolatedConnection(DdlTransactionIsolatorNonJtaImpl.java:71)
		at org.hibernate.resource.transaction.backend.jdbc.internal.DdlTransactionIsolatorNonJtaImpl.getIsolatedConnection(DdlTransactionIsolatorNonJtaImpl.java:37)
		at org.hibernate.tool.schema.internal.exec.ImprovedExtractionContextImpl.getJdbcConnection(ImprovedExtractionContextImpl.java:61)
		at org.hibernate.tool.schema.extract.spi.ExtractionContext.getQueryResults(ExtractionContext.java:41)
		at org.hibernate.tool.schema.extract.internal.SequenceInformationExtractorLegacyImpl.extractMetadata(SequenceInformationExtractorLegacyImpl.java:36)
		at org.hibernate.tool.schema.extract.internal.DatabaseInformationImpl.initializeSequences(DatabaseInformationImpl.java:73)
		at org.hibernate.tool.schema.extract.internal.DatabaseInformationImpl.<init>(DatabaseInformationImpl.java:63)
		at org.hibernate.tool.schema.extract.internal.CachingDatabaseInformationImpl.<init>(CachingDatabaseInformationImpl.java:43)
		at org.hibernate.tool.schema.internal.GroupedSchemaMigratorImpl.buildDatabaseInformation(GroupedSchemaMigratorImpl.java:112)
		at org.hibernate.tool.schema.internal.AbstractSchemaMigrator.doMigration(AbstractSchemaMigrator.java:83)
		at org.hibernate.tool.schema.spi.SchemaManagementToolCoordinator.performDatabaseAction(SchemaManagementToolCoordinator.java:269)
		at org.hibernate.tool.schema.spi.SchemaManagementToolCoordinator.lambda$process$1(SchemaManagementToolCoordinator.java:101)
		at java.base/java.util.HashMap.forEach(HashMap.java:1429)
		at org.hibernate.tool.schema.spi.SchemaManagementToolCoordinator.process(SchemaManagementToolCoordinator.java:100)
		at org.hibernate.boot.internal.SessionFactoryObserverForSchemaExport.sessionFactoryCreated(SessionFactoryObserverForSchemaExport.java:35)
		at org.hibernate.internal.SessionFactoryObserverChain.sessionFactoryCreated(SessionFactoryObserverChain.java:33)
		at org.hibernate.internal.SessionFactoryImpl.<init>(SessionFactoryImpl.java:327)
		at org.hibernate.internal.SessionFactoryRegistry.instantiateSessionFactory(SessionFactoryRegistry.java:64)
		at org.hibernate.boot.internal.SessionFactoryBuilderImpl.build(SessionFactoryBuilderImpl.java:458)
		at org.hibernate.jpa.boot.internal.EntityManagerFactoryBuilderImpl.build(EntityManagerFactoryBuilderImpl.java:1452)
		at org.springframework.orm.jpa.vendor.SpringHibernateJpaPersistenceProvider.createContainerEntityManagerFactory(SpringHibernateJpaPersistenceProvider.java:93)
		at org.springframework.orm.jpa.LocalContainerEntityManagerFactoryBean.createNativeEntityManagerFactory(LocalContainerEntityManagerFactoryBean.java:443)
		at org.springframework.orm.jpa.AbstractEntityManagerFactoryBean.buildNativeEntityManagerFactory(AbstractEntityManagerFactoryBean.java:436)
		... 40 more
	Caused by: java.sql.SQLException: Connections could not be acquired from the underlying database!
		at com.mchange.v2.sql.SqlUtils.toSQLException(SqlUtils.java:118)
		at com.mchange.v2.c3p0.impl.C3P0PooledConnectionPool.checkoutPooledConnection(C3P0PooledConnectionPool.java:692)
		at com.mchange.v2.c3p0.impl.AbstractPoolBackedDataSource.getConnection(AbstractPoolBackedDataSource.java:140)
		at org.hibernate.engine.jdbc.connections.internal.DataSourceConnectionProvider.getConnection(DataSourceConnectionProvider.java:149)
		at org.hibernate.engine.jdbc.env.internal.JdbcEnvironmentInitiator$ConnectionProviderJdbcConnectionAccess.obtainConnection(JdbcEnvironmentInitiator.java:508)
		at org.hibernate.resource.transaction.backend.jdbc.internal.DdlTransactionIsolatorNonJtaImpl.getIsolatedConnection(DdlTransactionIsolatorNonJtaImpl.java:44)
		... 62 more
	Caused by: com.mchange.v2.resourcepool.CannotAcquireResourceException: A ResourcePool could not acquire a resource from its primary factory or source.
		at com.mchange.v2.resourcepool.BasicResourcePool.awaitAvailable(BasicResourcePool.java:1507)
		at com.mchange.v2.resourcepool.BasicResourcePool.prelimCheckoutResource(BasicResourcePool.java:644)
		at com.mchange.v2.resourcepool.BasicResourcePool.checkoutResource(BasicResourcePool.java:554)
		at com.mchange.v2.c3p0.impl.C3P0PooledConnectionPool.checkoutAndMarkConnectionInUse(C3P0PooledConnectionPool.java:758)
		at com.mchange.v2.c3p0.impl.C3P0PooledConnectionPool.checkoutPooledConnection(C3P0PooledConnectionPool.java:685)
		... 66 more
	Caused by: org.postgresql.util.PSQLException: Connection to localhost:5432 refused. Check that the hostname and port are correct and that the postmaster is accepting TCP/IP connections.
		at org.postgresql.core.v3.ConnectionFactoryImpl.openConnectionImpl(ConnectionFactoryImpl.java:373)
		at org.postgresql.core.ConnectionFactory.openConnection(ConnectionFactory.java:57)
		at org.postgresql.jdbc.PgConnection.<init>(PgConnection.java:290)
		at org.postgresql.Driver.makeConnection(Driver.java:448)
		at org.postgresql.Driver.connect(Driver.java:298)
		at com.mchange.v2.c3p0.DriverManagerDataSource.getConnection(DriverManagerDataSource.java:175)
		at com.mchange.v2.c3p0.WrapperConnectionPoolDataSource.getPooledConnection(WrapperConnectionPoolDataSource.java:220)
		at com.mchange.v2.c3p0.WrapperConnectionPoolDataSource.getPooledConnection(WrapperConnectionPoolDataSource.java:206)
		at com.mchange.v2.c3p0.impl.C3P0PooledConnectionPool$1PooledConnectionResourcePoolManager.acquireResource(C3P0PooledConnectionPool.java:203)
		at com.mchange.v2.resourcepool.BasicResourcePool.doAcquire(BasicResourcePool.java:1176)
		at com.mchange.v2.resourcepool.BasicResourcePool.doAcquireAndDecrementPendingAcquiresWithinLockOnSuccess(BasicResourcePool.java:1163)
		at com.mchange.v2.resourcepool.BasicResourcePool.access$700(BasicResourcePool.java:44)
		at com.mchange.v2.resourcepool.BasicResourcePool$ScatteredAcquireTask.run(BasicResourcePool.java:1908)
		at com.mchange.v2.async.ThreadPoolAsynchronousRunner$PoolThread.run(ThreadPoolAsynchronousRunner.java:696)
	Caused by: java.net.ConnectException: Connection refused
		at java.base/sun.nio.ch.Net.pollConnect(Native Method)
		at java.base/sun.nio.ch.Net.pollConnectNow(Net.java:694)
		at java.base/sun.nio.ch.NioSocketImpl.timedFinishConnect(NioSocketImpl.java:542)
		at java.base/sun.nio.ch.NioSocketImpl.connect(NioSocketImpl.java:592)
		at java.base/java.net.SocksSocketImpl.connect(SocksSocketImpl.java:327)
		at java.base/java.net.Socket.connect(Socket.java:751)
		at org.postgresql.core.PGStream.createSocket(PGStream.java:261)
		at org.postgresql.core.PGStream.<init>(PGStream.java:122)
		at org.postgresql.core.v3.ConnectionFactoryImpl.tryConnect(ConnectionFactoryImpl.java:146)
		at org.postgresql.core.v3.ConnectionFactoryImpl.openConnectionImpl(ConnectionFactoryImpl.java:289)
		... 13 more
29-Jun-2026 05:01:22.401 SEVERE [http-nio-8080-exec-4] org.apache.catalina.core.StandardWrapperValve.invoke Allocate exception for servlet [dispatcher1]
	java.net.ConnectException: Connection refused
		at java.base/sun.nio.ch.Net.pollConnect(Native Method)
		at java.base/sun.nio.ch.Net.pollConnectNow(Net.java:694)
		at java.base/sun.nio.ch.NioSocketImpl.timedFinishConnect(NioSocketImpl.java:542)
		at java.base/sun.nio.ch.NioSocketImpl.connect(NioSocketImpl.java:592)
		at java.base/java.net.SocksSocketImpl.connect(SocksSocketImpl.java:327)
		at java.base/java.net.Socket.connect(Socket.java:751)
		at org.postgresql.core.PGStream.createSocket(PGStream.java:261)
		at org.postgresql.core.PGStream.<init>(PGStream.java:122)
		at org.postgresql.core.v3.ConnectionFactoryImpl.tryConnect(ConnectionFactoryImpl.java:146)
		at org.postgresql.core.v3.ConnectionFactoryImpl.openConnectionImpl(ConnectionFactoryImpl.java:289)
		at org.postgresql.core.ConnectionFactory.openConnection(ConnectionFactory.java:57)
		at org.postgresql.jdbc.PgConnection.<init>(PgConnection.java:290)
		at org.postgresql.Driver.makeConnection(Driver.java:448)
		at org.postgresql.Driver.connect(Driver.java:298)
		at com.mchange.v2.c3p0.DriverManagerDataSource.getConnection(DriverManagerDataSource.java:175)
		at com.mchange.v2.c3p0.WrapperConnectionPoolDataSource.getPooledConnection(WrapperConnectionPoolDataSource.java:220)
		at com.mchange.v2.c3p0.WrapperConnectionPoolDataSource.getPooledConnection(WrapperConnectionPoolDataSource.java:206)
		at com.mchange.v2.c3p0.impl.C3P0PooledConnectionPool$1PooledConnectionResourcePoolManager.acquireResource(C3P0PooledConnectionPool.java:203)
		at com.mchange.v2.resourcepool.BasicResourcePool.doAcquire(BasicResourcePool.java:1176)
		at com.mchange.v2.resourcepool.BasicResourcePool.doAcquireAndDecrementPendingAcquiresWithinLockOnSuccess(BasicResourcePool.java:1163)
		at com.mchange.v2.resourcepool.BasicResourcePool.access$700(BasicResourcePool.java:44)
		at com.mchange.v2.resourcepool.BasicResourcePool$ScatteredAcquireTask.run(BasicResourcePool.java:1908)
		at com.mchange.v2.async.ThreadPoolAsynchronousRunner$PoolThread.run(ThreadPoolAsynchronousRunner.java:696)
29-Jun-2026 05:01:22.418 INFO [http-nio-8080-exec-2] org.apache.catalina.core.ApplicationContext.log Initializing Spring DispatcherServlet 'dispatcher1'
29-Jun-2026 05:01:50.178 INFO [main] org.apache.catalina.core.ApplicationContext.log No Spring WebApplicationInitializer types detected on classpath
29-Jun-2026 05:02:22.546 INFO [Catalina-utility-1] org.apache.catalina.core.ApplicationContext.log No Spring WebApplicationInitializer types detected on classpath
29-Jun-2026 05:02:34.604 INFO [Catalina-utility-1] org.apache.catalina.core.ApplicationContext.log No Spring WebApplicationInitializer types detected on classpath
29-Jun-2026 05:02:37.034 INFO [http-nio-8080-exec-3] org.apache.catalina.core.ApplicationContext.log Initializing Spring DispatcherServlet 'dispatcher1'
29-Jun-2026 05:03:40.508 SEVERE [http-nio-8080-exec-3] org.apache.catalina.core.ApplicationContext.log Servlet.init() for servlet [dispatcher1] threw exception
	org.springframework.beans.factory.BeanCreationException: Error creating bean with name 'entityManagerFactory' defined in ServletContext resource [/WEB-INF/jdbc-context.xml]: Unable to build Hibernate SessionFactory  [persistence unit: default] ; nested exception is org.hibernate.exception.GenericJDBCException: Unable to open JDBC Connection for DDL execution [Connections could not be acquired from the underlying database!] [n/a]
		at org.springframework.beans.factory.support.AbstractAutowireCapableBeanFactory.initializeBean(AbstractAutowireCapableBeanFactory.java:1817)
		at org.springframework.beans.factory.support.AbstractAutowireCapableBeanFactory.doCreateBean(AbstractAutowireCapableBeanFactory.java:603)
		at org.springframework.beans.factory.support.AbstractAutowireCapableBeanFactory.createBean(AbstractAutowireCapableBeanFactory.java:525)
		at org.springframework.beans.factory.support.AbstractBeanFactory.lambda$doGetBean$0(AbstractBeanFactory.java:333)
		at org.springframework.beans.factory.support.DefaultSingletonBeanRegistry.getSingleton(DefaultSingletonBeanRegistry.java:371)
		at org.springframework.beans.factory.support.AbstractBeanFactory.doGetBean(AbstractBeanFactory.java:331)
		at org.springframework.beans.factory.support.AbstractBeanFactory.getBean(AbstractBeanFactory.java:201)
		at org.springframework.context.support.AbstractApplicationContext.finishBeanFactoryInitialization(AbstractApplicationContext.java:977)
		at org.springframework.context.support.AbstractApplicationContext.refresh(AbstractApplicationContext.java:621)
		at org.springframework.web.servlet.FrameworkServlet.configureAndRefreshWebApplicationContext(FrameworkServlet.java:696)
		at org.springframework.web.servlet.FrameworkServlet.createWebApplicationContext(FrameworkServlet.java:662)
		at org.springframework.web.servlet.FrameworkServlet.createWebApplicationContext(FrameworkServlet.java:710)
		at org.springframework.web.servlet.FrameworkServlet.initWebApplicationContext(FrameworkServlet.java:586)
		at org.springframework.web.servlet.FrameworkServlet.initServletBean(FrameworkServlet.java:528)
		at org.springframework.web.servlet.HttpServletBean.init(HttpServletBean.java:171)
		at jakarta.servlet.GenericServlet.init(GenericServlet.java:145)
		at jakarta.servlet.http.HttpServlet.init(HttpServlet.java:124)
		at org.apache.catalina.core.StandardWrapper.initServlet(StandardWrapper.java:819)
		at org.apache.catalina.core.StandardWrapper.loadServlet(StandardWrapper.java:789)
		at org.apache.catalina.core.StandardWrapper.allocate(StandardWrapper.java:571)
		at org.apache.catalina.core.StandardWrapperValve.invoke(StandardWrapperValve.java:113)
		at org.apache.catalina.core.StandardContextValve.invoke(StandardContextValve.java:77)
		at org.apache.catalina.authenticator.AuthenticatorBase.invoke(AuthenticatorBase.java:492)
		at org.apache.catalina.core.StandardHostValve.invoke(StandardHostValve.java:113)
		at org.apache.catalina.valves.ErrorReportValve.invoke(ErrorReportValve.java:83)
		at org.apache.catalina.valves.AbstractAccessLogValve.invoke(AbstractAccessLogValve.java:782)
		at org.apache.catalina.core.StandardEngineValve.invoke(StandardEngineValve.java:72)
		at org.apache.catalina.connector.CoyoteAdapter.service(CoyoteAdapter.java:341)
		at org.apache.coyote.http11.Http11Processor.service(Http11Processor.java:397)
		at org.apache.coyote.AbstractProcessorLight.process(AbstractProcessorLight.java:63)
		at org.apache.coyote.AbstractProtocol$ConnectionHandler.process(AbstractProtocol.java:1272)
		at org.apache.tomcat.util.net.NioEndpoint$SocketProcessor.doRun(NioEndpoint.java:1801)
		at org.apache.tomcat.util.net.SocketProcessorBase.run(SocketProcessorBase.java:52)
		at org.apache.tomcat.util.threads.ThreadPoolExecutor.runWorker(ThreadPoolExecutor.java:946)
		at org.apache.tomcat.util.threads.ThreadPoolExecutor$Worker.run(ThreadPoolExecutor.java:480)
		at org.apache.tomcat.util.threads.TaskThread$WrappingRunnable.run(TaskThread.java:57)
		at java.base/java.lang.Thread.run(Thread.java:1583)
	Caused by: jakarta.persistence.PersistenceException: Unable to build Hibernate SessionFactory  [persistence unit: default] ; nested exception is org.hibernate.exception.GenericJDBCException: Unable to open JDBC Connection for DDL execution [Connections could not be acquired from the underlying database!] [n/a]
		at org.springframework.orm.jpa.AbstractEntityManagerFactoryBean.buildNativeEntityManagerFactory(AbstractEntityManagerFactoryBean.java:448)
		at org.springframework.orm.jpa.AbstractEntityManagerFactoryBean.afterPropertiesSet(AbstractEntityManagerFactoryBean.java:411)
		at org.springframework.orm.jpa.LocalContainerEntityManagerFactoryBean.afterPropertiesSet(LocalContainerEntityManagerFactoryBean.java:419)
		at org.springframework.beans.factory.support.AbstractAutowireCapableBeanFactory.invokeInitMethods(AbstractAutowireCapableBeanFactory.java:1864)
		at org.springframework.beans.factory.support.AbstractAutowireCapableBeanFactory.initializeBean(AbstractAutowireCapableBeanFactory.java:1813)
		... 36 more
	Caused by: org.hibernate.exception.GenericJDBCException: Unable to open JDBC Connection for DDL execution [Connections could not be acquired from the underlying database!] [n/a]
		at org.hibernate.exception.internal.StandardSQLExceptionConverter.convert(StandardSQLExceptionConverter.java:39)
		at org.hibernate.engine.jdbc.spi.SqlExceptionHelper.convert(SqlExceptionHelper.java:115)
		at org.hibernate.engine.jdbc.spi.SqlExceptionHelper.convert(SqlExceptionHelper.java:101)
		at org.hibernate.resource.transaction.backend.jdbc.internal.DdlTransactionIsolatorNonJtaImpl.getIsolatedConnection(DdlTransactionIsolatorNonJtaImpl.java:71)
		at org.hibernate.resource.transaction.backend.jdbc.internal.DdlTransactionIsolatorNonJtaImpl.getIsolatedConnection(DdlTransactionIsolatorNonJtaImpl.java:37)
		at org.hibernate.tool.schema.internal.exec.ImprovedExtractionContextImpl.getJdbcConnection(ImprovedExtractionContextImpl.java:61)
		at org.hibernate.tool.schema.extract.spi.ExtractionContext.getQueryResults(ExtractionContext.java:41)
		at org.hibernate.tool.schema.extract.internal.SequenceInformationExtractorLegacyImpl.extractMetadata(SequenceInformationExtractorLegacyImpl.java:36)
		at org.hibernate.tool.schema.extract.internal.DatabaseInformationImpl.initializeSequences(DatabaseInformationImpl.java:73)
		at org.hibernate.tool.schema.extract.internal.DatabaseInformationImpl.<init>(DatabaseInformationImpl.java:63)
		at org.hibernate.tool.schema.extract.internal.CachingDatabaseInformationImpl.<init>(CachingDatabaseInformationImpl.java:43)
		at org.hibernate.tool.schema.internal.GroupedSchemaMigratorImpl.buildDatabaseInformation(GroupedSchemaMigratorImpl.java:112)
		at org.hibernate.tool.schema.internal.AbstractSchemaMigrator.doMigration(AbstractSchemaMigrator.java:83)
		at org.hibernate.tool.schema.spi.SchemaManagementToolCoordinator.performDatabaseAction(SchemaManagementToolCoordinator.java:269)
		at org.hibernate.tool.schema.spi.SchemaManagementToolCoordinator.lambda$process$1(SchemaManagementToolCoordinator.java:101)
		at java.base/java.util.HashMap.forEach(HashMap.java:1429)
		at org.hibernate.tool.schema.spi.SchemaManagementToolCoordinator.process(SchemaManagementToolCoordinator.java:100)
		at org.hibernate.boot.internal.SessionFactoryObserverForSchemaExport.sessionFactoryCreated(SessionFactoryObserverForSchemaExport.java:35)
		at org.hibernate.internal.SessionFactoryObserverChain.sessionFactoryCreated(SessionFactoryObserverChain.java:33)
		at org.hibernate.internal.SessionFactoryImpl.<init>(SessionFactoryImpl.java:327)
		at org.hibernate.internal.SessionFactoryRegistry.instantiateSessionFactory(SessionFactoryRegistry.java:64)
		at org.hibernate.boot.internal.SessionFactoryBuilderImpl.build(SessionFactoryBuilderImpl.java:458)
		at org.hibernate.jpa.boot.internal.EntityManagerFactoryBuilderImpl.build(EntityManagerFactoryBuilderImpl.java:1452)
		at org.springframework.orm.jpa.vendor.SpringHibernateJpaPersistenceProvider.createContainerEntityManagerFactory(SpringHibernateJpaPersistenceProvider.java:93)
		at org.springframework.orm.jpa.LocalContainerEntityManagerFactoryBean.createNativeEntityManagerFactory(LocalContainerEntityManagerFactoryBean.java:443)
		at org.springframework.orm.jpa.AbstractEntityManagerFactoryBean.buildNativeEntityManagerFactory(AbstractEntityManagerFactoryBean.java:436)
		... 40 more
	Caused by: java.sql.SQLException: Connections could not be acquired from the underlying database!
		at com.mchange.v2.sql.SqlUtils.toSQLException(SqlUtils.java:118)
		at com.mchange.v2.c3p0.impl.C3P0PooledConnectionPool.checkoutPooledConnection(C3P0PooledConnectionPool.java:692)
		at com.mchange.v2.c3p0.impl.AbstractPoolBackedDataSource.getConnection(AbstractPoolBackedDataSource.java:140)
		at org.hibernate.engine.jdbc.connections.internal.DataSourceConnectionProvider.getConnection(DataSourceConnectionProvider.java:149)
		at org.hibernate.engine.jdbc.env.internal.JdbcEnvironmentInitiator$ConnectionProviderJdbcConnectionAccess.obtainConnection(JdbcEnvironmentInitiator.java:508)
		at org.hibernate.resource.transaction.backend.jdbc.internal.DdlTransactionIsolatorNonJtaImpl.getIsolatedConnection(DdlTransactionIsolatorNonJtaImpl.java:44)
		... 62 more
	Caused by: com.mchange.v2.resourcepool.CannotAcquireResourceException: A ResourcePool could not acquire a resource from its primary factory or source.
		at com.mchange.v2.resourcepool.BasicResourcePool.awaitAvailable(BasicResourcePool.java:1507)
		at com.mchange.v2.resourcepool.BasicResourcePool.prelimCheckoutResource(BasicResourcePool.java:644)
		at com.mchange.v2.resourcepool.BasicResourcePool.checkoutResource(BasicResourcePool.java:554)
		at com.mchange.v2.c3p0.impl.C3P0PooledConnectionPool.checkoutAndMarkConnectionInUse(C3P0PooledConnectionPool.java:758)
		at com.mchange.v2.c3p0.impl.C3P0PooledConnectionPool.checkoutPooledConnection(C3P0PooledConnectionPool.java:685)
		... 66 more
	Caused by: org.postgresql.util.PSQLException: Connection to localhost:5432 refused. Check that the hostname and port are correct and that the postmaster is accepting TCP/IP connections.
		at org.postgresql.core.v3.ConnectionFactoryImpl.openConnectionImpl(ConnectionFactoryImpl.java:373)
		at org.postgresql.core.ConnectionFactory.openConnection(ConnectionFactory.java:57)
		at org.postgresql.jdbc.PgConnection.<init>(PgConnection.java:290)
		at org.postgresql.Driver.makeConnection(Driver.java:448)
		at org.postgresql.Driver.connect(Driver.java:298)
		at com.mchange.v2.c3p0.DriverManagerDataSource.getConnection(DriverManagerDataSource.java:175)
		at com.mchange.v2.c3p0.WrapperConnectionPoolDataSource.getPooledConnection(WrapperConnectionPoolDataSource.java:220)
		at com.mchange.v2.c3p0.WrapperConnectionPoolDataSource.getPooledConnection(WrapperConnectionPoolDataSource.java:206)
		at com.mchange.v2.c3p0.impl.C3P0PooledConnectionPool$1PooledConnectionResourcePoolManager.acquireResource(C3P0PooledConnectionPool.java:203)
		at com.mchange.v2.resourcepool.BasicResourcePool.doAcquire(BasicResourcePool.java:1176)
		at com.mchange.v2.resourcepool.BasicResourcePool.doAcquireAndDecrementPendingAcquiresWithinLockOnSuccess(BasicResourcePool.java:1163)
		at com.mchange.v2.resourcepool.BasicResourcePool.access$700(BasicResourcePool.java:44)
		at com.mchange.v2.resourcepool.BasicResourcePool$ScatteredAcquireTask.run(BasicResourcePool.java:1908)
		at com.mchange.v2.async.ThreadPoolAsynchronousRunner$PoolThread.run(ThreadPoolAsynchronousRunner.java:696)
	Caused by: java.net.ConnectException: Connection refused
		at java.base/sun.nio.ch.Net.pollConnect(Native Method)
		at java.base/sun.nio.ch.Net.pollConnectNow(Net.java:694)
		at java.base/sun.nio.ch.NioSocketImpl.timedFinishConnect(NioSocketImpl.java:542)
		at java.base/sun.nio.ch.NioSocketImpl.connect(NioSocketImpl.java:592)
		at java.base/java.net.SocksSocketImpl.connect(SocksSocketImpl.java:327)
		at java.base/java.net.Socket.connect(Socket.java:751)
		at org.postgresql.core.PGStream.createSocket(PGStream.java:261)
		at org.postgresql.core.PGStream.<init>(PGStream.java:122)
		at org.postgresql.core.v3.ConnectionFactoryImpl.tryConnect(ConnectionFactoryImpl.java:146)
		at org.postgresql.core.v3.ConnectionFactoryImpl.openConnectionImpl(ConnectionFactoryImpl.java:289)
		... 13 more
29-Jun-2026 05:03:40.508 SEVERE [http-nio-8080-exec-3] org.apache.catalina.core.StandardWrapperValve.invoke Allocate exception for servlet [dispatcher1]
	java.net.ConnectException: Connection refused
		at java.base/sun.nio.ch.Net.pollConnect(Native Method)
		at java.base/sun.nio.ch.Net.pollConnectNow(Net.java:694)
		at java.base/sun.nio.ch.NioSocketImpl.timedFinishConnect(NioSocketImpl.java:542)
		at java.base/sun.nio.ch.NioSocketImpl.connect(NioSocketImpl.java:592)
		at java.base/java.net.SocksSocketImpl.connect(SocksSocketImpl.java:327)
		at java.base/java.net.Socket.connect(Socket.java:751)
		at org.postgresql.core.PGStream.createSocket(PGStream.java:261)
		at org.postgresql.core.PGStream.<init>(PGStream.java:122)
		at org.postgresql.core.v3.ConnectionFactoryImpl.tryConnect(ConnectionFactoryImpl.java:146)
		at org.postgresql.core.v3.ConnectionFactoryImpl.openConnectionImpl(ConnectionFactoryImpl.java:289)
		at org.postgresql.core.ConnectionFactory.openConnection(ConnectionFactory.java:57)
		at org.postgresql.jdbc.PgConnection.<init>(PgConnection.java:290)
		at org.postgresql.Driver.makeConnection(Driver.java:448)
		at org.postgresql.Driver.connect(Driver.java:298)
		at com.mchange.v2.c3p0.DriverManagerDataSource.getConnection(DriverManagerDataSource.java:175)
		at com.mchange.v2.c3p0.WrapperConnectionPoolDataSource.getPooledConnection(WrapperConnectionPoolDataSource.java:220)
		at com.mchange.v2.c3p0.WrapperConnectionPoolDataSource.getPooledConnection(WrapperConnectionPoolDataSource.java:206)
		at com.mchange.v2.c3p0.impl.C3P0PooledConnectionPool$1PooledConnectionResourcePoolManager.acquireResource(C3P0PooledConnectionPool.java:203)
		at com.mchange.v2.resourcepool.BasicResourcePool.doAcquire(BasicResourcePool.java:1176)
		at com.mchange.v2.resourcepool.BasicResourcePool.doAcquireAndDecrementPendingAcquiresWithinLockOnSuccess(BasicResourcePool.java:1163)
		at com.mchange.v2.resourcepool.BasicResourcePool.access$700(BasicResourcePool.java:44)
		at com.mchange.v2.resourcepool.BasicResourcePool$ScatteredAcquireTask.run(BasicResourcePool.java:1908)
		at com.mchange.v2.async.ThreadPoolAsynchronousRunner$PoolThread.run(ThreadPoolAsynchronousRunner.java:696)
29-Jun-2026 05:03:40.523 INFO [http-nio-8080-exec-10] org.apache.catalina.core.ApplicationContext.log Initializing Spring DispatcherServlet 'dispatcher1'
29-Jun-2026 05:04:41.263 SEVERE [http-nio-8080-exec-10] org.apache.catalina.core.ApplicationContext.log Servlet.init() for servlet [dispatcher1] threw exception
	org.springframework.beans.factory.BeanCreationException: Error creating bean with name 'entityManagerFactory' defined in ServletContext resource [/WEB-INF/jdbc-context.xml]: Unable to build Hibernate SessionFactory  [persistence unit: default] ; nested exception is org.hibernate.exception.GenericJDBCException: Unable to open JDBC Connection for DDL execution [Connections could not be acquired from the underlying database!] [n/a]
		at org.springframework.beans.factory.support.AbstractAutowireCapableBeanFactory.initializeBean(AbstractAutowireCapableBeanFactory.java:1817)
		at org.springframework.beans.factory.support.AbstractAutowireCapableBeanFactory.doCreateBean(AbstractAutowireCapableBeanFactory.java:603)
		at org.springframework.beans.factory.support.AbstractAutowireCapableBeanFactory.createBean(AbstractAutowireCapableBeanFactory.java:525)
		at org.springframework.beans.factory.support.AbstractBeanFactory.lambda$doGetBean$0(AbstractBeanFactory.java:333)
		at org.springframework.beans.factory.support.DefaultSingletonBeanRegistry.getSingleton(DefaultSingletonBeanRegistry.java:371)
		at org.springframework.beans.factory.support.AbstractBeanFactory.doGetBean(AbstractBeanFactory.java:331)
		at org.springframework.beans.factory.support.AbstractBeanFactory.getBean(AbstractBeanFactory.java:201)
		at org.springframework.context.support.AbstractApplicationContext.finishBeanFactoryInitialization(AbstractApplicationContext.java:977)
		at org.springframework.context.support.AbstractApplicationContext.refresh(AbstractApplicationContext.java:621)
		at org.springframework.web.servlet.FrameworkServlet.configureAndRefreshWebApplicationContext(FrameworkServlet.java:696)
		at org.springframework.web.servlet.FrameworkServlet.createWebApplicationContext(FrameworkServlet.java:662)
		at org.springframework.web.servlet.FrameworkServlet.createWebApplicationContext(FrameworkServlet.java:710)
		at org.springframework.web.servlet.FrameworkServlet.initWebApplicationContext(FrameworkServlet.java:586)
		at org.springframework.web.servlet.FrameworkServlet.initServletBean(FrameworkServlet.java:528)
		at org.springframework.web.servlet.HttpServletBean.init(HttpServletBean.java:171)
		at jakarta.servlet.GenericServlet.init(GenericServlet.java:145)
		at jakarta.servlet.http.HttpServlet.init(HttpServlet.java:124)
		at org.apache.catalina.core.StandardWrapper.initServlet(StandardWrapper.java:819)
		at org.apache.catalina.core.StandardWrapper.loadServlet(StandardWrapper.java:789)
		at org.apache.catalina.core.StandardWrapper.allocate(StandardWrapper.java:571)
		at org.apache.catalina.core.StandardWrapperValve.invoke(StandardWrapperValve.java:113)
		at org.apache.catalina.core.StandardContextValve.invoke(StandardContextValve.java:77)
		at org.apache.catalina.authenticator.AuthenticatorBase.invoke(AuthenticatorBase.java:492)
		at org.apache.catalina.core.StandardHostValve.invoke(StandardHostValve.java:113)
		at org.apache.catalina.valves.ErrorReportValve.invoke(ErrorReportValve.java:83)
		at org.apache.catalina.valves.AbstractAccessLogValve.invoke(AbstractAccessLogValve.java:782)
		at org.apache.catalina.core.StandardEngineValve.invoke(StandardEngineValve.java:72)
		at org.apache.catalina.connector.CoyoteAdapter.service(CoyoteAdapter.java:341)
		at org.apache.coyote.http11.Http11Processor.service(Http11Processor.java:397)
		at org.apache.coyote.AbstractProcessorLight.process(AbstractProcessorLight.java:63)
		at org.apache.coyote.AbstractProtocol$ConnectionHandler.process(AbstractProtocol.java:1272)
		at org.apache.tomcat.util.net.NioEndpoint$SocketProcessor.doRun(NioEndpoint.java:1801)
		at org.apache.tomcat.util.net.SocketProcessorBase.run(SocketProcessorBase.java:52)
		at org.apache.tomcat.util.threads.ThreadPoolExecutor.runWorker(ThreadPoolExecutor.java:946)
		at org.apache.tomcat.util.threads.ThreadPoolExecutor$Worker.run(ThreadPoolExecutor.java:480)
		at org.apache.tomcat.util.threads.TaskThread$WrappingRunnable.run(TaskThread.java:57)
		at java.base/java.lang.Thread.run(Thread.java:1583)
	Caused by: jakarta.persistence.PersistenceException: Unable to build Hibernate SessionFactory  [persistence unit: default] ; nested exception is org.hibernate.exception.GenericJDBCException: Unable to open JDBC Connection for DDL execution [Connections could not be acquired from the underlying database!] [n/a]
		at org.springframework.orm.jpa.AbstractEntityManagerFactoryBean.buildNativeEntityManagerFactory(AbstractEntityManagerFactoryBean.java:448)
		at org.springframework.orm.jpa.AbstractEntityManagerFactoryBean.afterPropertiesSet(AbstractEntityManagerFactoryBean.java:411)
		at org.springframework.orm.jpa.LocalContainerEntityManagerFactoryBean.afterPropertiesSet(LocalContainerEntityManagerFactoryBean.java:419)
		at org.springframework.beans.factory.support.AbstractAutowireCapableBeanFactory.invokeInitMethods(AbstractAutowireCapableBeanFactory.java:1864)
		at org.springframework.beans.factory.support.AbstractAutowireCapableBeanFactory.initializeBean(AbstractAutowireCapableBeanFactory.java:1813)
		... 36 more
	Caused by: org.hibernate.exception.GenericJDBCException: Unable to open JDBC Connection for DDL execution [Connections could not be acquired from the underlying database!] [n/a]
		at org.hibernate.exception.internal.StandardSQLExceptionConverter.convert(StandardSQLExceptionConverter.java:39)
		at org.hibernate.engine.jdbc.spi.SqlExceptionHelper.convert(SqlExceptionHelper.java:115)
		at org.hibernate.engine.jdbc.spi.SqlExceptionHelper.convert(SqlExceptionHelper.java:101)
		at org.hibernate.resource.transaction.backend.jdbc.internal.DdlTransactionIsolatorNonJtaImpl.getIsolatedConnection(DdlTransactionIsolatorNonJtaImpl.java:71)
		at org.hibernate.resource.transaction.backend.jdbc.internal.DdlTransactionIsolatorNonJtaImpl.getIsolatedConnection(DdlTransactionIsolatorNonJtaImpl.java:37)
		at org.hibernate.tool.schema.internal.exec.ImprovedExtractionContextImpl.getJdbcConnection(ImprovedExtractionContextImpl.java:61)
		at org.hibernate.tool.schema.extract.spi.ExtractionContext.getQueryResults(ExtractionContext.java:41)
		at org.hibernate.tool.schema.extract.internal.SequenceInformationExtractorLegacyImpl.extractMetadata(SequenceInformationExtractorLegacyImpl.java:36)
		at org.hibernate.tool.schema.extract.internal.DatabaseInformationImpl.initializeSequences(DatabaseInformationImpl.java:73)
		at org.hibernate.tool.schema.extract.internal.DatabaseInformationImpl.<init>(DatabaseInformationImpl.java:63)
		at org.hibernate.tool.schema.extract.internal.CachingDatabaseInformationImpl.<init>(CachingDatabaseInformationImpl.java:43)
		at org.hibernate.tool.schema.internal.GroupedSchemaMigratorImpl.buildDatabaseInformation(GroupedSchemaMigratorImpl.java:112)
		at org.hibernate.tool.schema.internal.AbstractSchemaMigrator.doMigration(AbstractSchemaMigrator.java:83)
		at org.hibernate.tool.schema.spi.SchemaManagementToolCoordinator.performDatabaseAction(SchemaManagementToolCoordinator.java:269)
		at org.hibernate.tool.schema.spi.SchemaManagementToolCoordinator.lambda$process$1(SchemaManagementToolCoordinator.java:101)
		at java.base/java.util.HashMap.forEach(HashMap.java:1429)
		at org.hibernate.tool.schema.spi.SchemaManagementToolCoordinator.process(SchemaManagementToolCoordinator.java:100)
		at org.hibernate.boot.internal.SessionFactoryObserverForSchemaExport.sessionFactoryCreated(SessionFactoryObserverForSchemaExport.java:35)
		at org.hibernate.internal.SessionFactoryObserverChain.sessionFactoryCreated(SessionFactoryObserverChain.java:33)
		at org.hibernate.internal.SessionFactoryImpl.<init>(SessionFactoryImpl.java:327)
		at org.hibernate.internal.SessionFactoryRegistry.instantiateSessionFactory(SessionFactoryRegistry.java:64)
		at org.hibernate.boot.internal.SessionFactoryBuilderImpl.build(SessionFactoryBuilderImpl.java:458)
		at org.hibernate.jpa.boot.internal.EntityManagerFactoryBuilderImpl.build(EntityManagerFactoryBuilderImpl.java:1452)
		at org.springframework.orm.jpa.vendor.SpringHibernateJpaPersistenceProvider.createContainerEntityManagerFactory(SpringHibernateJpaPersistenceProvider.java:93)
		at org.springframework.orm.jpa.LocalContainerEntityManagerFactoryBean.createNativeEntityManagerFactory(LocalContainerEntityManagerFactoryBean.java:443)
		at org.springframework.orm.jpa.AbstractEntityManagerFactoryBean.buildNativeEntityManagerFactory(AbstractEntityManagerFactoryBean.java:436)
		... 40 more
	Caused by: java.sql.SQLException: Connections could not be acquired from the underlying database!
		at com.mchange.v2.sql.SqlUtils.toSQLException(SqlUtils.java:118)
		at com.mchange.v2.c3p0.impl.C3P0PooledConnectionPool.checkoutPooledConnection(C3P0PooledConnectionPool.java:692)
		at com.mchange.v2.c3p0.impl.AbstractPoolBackedDataSource.getConnection(AbstractPoolBackedDataSource.java:140)
		at org.hibernate.engine.jdbc.connections.internal.DataSourceConnectionProvider.getConnection(DataSourceConnectionProvider.java:149)
		at org.hibernate.engine.jdbc.env.internal.JdbcEnvironmentInitiator$ConnectionProviderJdbcConnectionAccess.obtainConnection(JdbcEnvironmentInitiator.java:508)
		at org.hibernate.resource.transaction.backend.jdbc.internal.DdlTransactionIsolatorNonJtaImpl.getIsolatedConnection(DdlTransactionIsolatorNonJtaImpl.java:44)
		... 62 more
	Caused by: com.mchange.v2.resourcepool.CannotAcquireResourceException: A ResourcePool could not acquire a resource from its primary factory or source.
		at com.mchange.v2.resourcepool.BasicResourcePool.awaitAvailable(BasicResourcePool.java:1507)
		at com.mchange.v2.resourcepool.BasicResourcePool.prelimCheckoutResource(BasicResourcePool.java:644)
		at com.mchange.v2.resourcepool.BasicResourcePool.checkoutResource(BasicResourcePool.java:554)
		at com.mchange.v2.c3p0.impl.C3P0PooledConnectionPool.checkoutAndMarkConnectionInUse(C3P0PooledConnectionPool.java:758)
		at com.mchange.v2.c3p0.impl.C3P0PooledConnectionPool.checkoutPooledConnection(C3P0PooledConnectionPool.java:685)
		... 66 more
	Caused by: org.postgresql.util.PSQLException: Connection to localhost:5432 refused. Check that the hostname and port are correct and that the postmaster is accepting TCP/IP connections.
		at org.postgresql.core.v3.ConnectionFactoryImpl.openConnectionImpl(ConnectionFactoryImpl.java:373)
		at org.postgresql.core.ConnectionFactory.openConnection(ConnectionFactory.java:57)
		at org.postgresql.jdbc.PgConnection.<init>(PgConnection.java:290)
		at org.postgresql.Driver.makeConnection(Driver.java:448)
		at org.postgresql.Driver.connect(Driver.java:298)
		at com.mchange.v2.c3p0.DriverManagerDataSource.getConnection(DriverManagerDataSource.java:175)
		at com.mchange.v2.c3p0.WrapperConnectionPoolDataSource.getPooledConnection(WrapperConnectionPoolDataSource.java:220)
		at com.mchange.v2.c3p0.WrapperConnectionPoolDataSource.getPooledConnection(WrapperConnectionPoolDataSource.java:206)
		at com.mchange.v2.c3p0.impl.C3P0PooledConnectionPool$1PooledConnectionResourcePoolManager.acquireResource(C3P0PooledConnectionPool.java:203)
		at com.mchange.v2.resourcepool.BasicResourcePool.doAcquire(BasicResourcePool.java:1176)
		at com.mchange.v2.resourcepool.BasicResourcePool.doAcquireAndDecrementPendingAcquiresWithinLockOnSuccess(BasicResourcePool.java:1163)
		at com.mchange.v2.resourcepool.BasicResourcePool.access$700(BasicResourcePool.java:44)
		at com.mchange.v2.resourcepool.BasicResourcePool$ScatteredAcquireTask.run(BasicResourcePool.java:1908)
		at com.mchange.v2.async.ThreadPoolAsynchronousRunner$PoolThread.run(ThreadPoolAsynchronousRunner.java:696)
	Caused by: java.net.ConnectException: Connection refused
		at java.base/sun.nio.ch.Net.pollConnect(Native Method)
		at java.base/sun.nio.ch.Net.pollConnectNow(Net.java:694)
		at java.base/sun.nio.ch.NioSocketImpl.timedFinishConnect(NioSocketImpl.java:542)
		at java.base/sun.nio.ch.NioSocketImpl.connect(NioSocketImpl.java:592)
		at java.base/java.net.SocksSocketImpl.connect(SocksSocketImpl.java:327)
		at java.base/java.net.Socket.connect(Socket.java:751)
		at org.postgresql.core.PGStream.createSocket(PGStream.java:261)
		at org.postgresql.core.PGStream.<init>(PGStream.java:122)
		at org.postgresql.core.v3.ConnectionFactoryImpl.tryConnect(ConnectionFactoryImpl.java:146)
		at org.postgresql.core.v3.ConnectionFactoryImpl.openConnectionImpl(ConnectionFactoryImpl.java:289)
		... 13 more
29-Jun-2026 05:04:41.265 SEVERE [http-nio-8080-exec-10] org.apache.catalina.core.StandardWrapperValve.invoke Allocate exception for servlet [dispatcher1]
	java.net.ConnectException: Connection refused
		at java.base/sun.nio.ch.Net.pollConnect(Native Method)
		at java.base/sun.nio.ch.Net.pollConnectNow(Net.java:694)
		at java.base/sun.nio.ch.NioSocketImpl.timedFinishConnect(NioSocketImpl.java:542)
		at java.base/sun.nio.ch.NioSocketImpl.connect(NioSocketImpl.java:592)
		at java.base/java.net.SocksSocketImpl.connect(SocksSocketImpl.java:327)
		at java.base/java.net.Socket.connect(Socket.java:751)
		at org.postgresql.core.PGStream.createSocket(PGStream.java:261)
		at org.postgresql.core.PGStream.<init>(PGStream.java:122)
		at org.postgresql.core.v3.ConnectionFactoryImpl.tryConnect(ConnectionFactoryImpl.java:146)
		at org.postgresql.core.v3.ConnectionFactoryImpl.openConnectionImpl(ConnectionFactoryImpl.java:289)
		at org.postgresql.core.ConnectionFactory.openConnection(ConnectionFactory.java:57)
		at org.postgresql.jdbc.PgConnection.<init>(PgConnection.java:290)
		at org.postgresql.Driver.makeConnection(Driver.java:448)
		at org.postgresql.Driver.connect(Driver.java:298)
		at com.mchange.v2.c3p0.DriverManagerDataSource.getConnection(DriverManagerDataSource.java:175)
		at com.mchange.v2.c3p0.WrapperConnectionPoolDataSource.getPooledConnection(WrapperConnectionPoolDataSource.java:220)
		at com.mchange.v2.c3p0.WrapperConnectionPoolDataSource.getPooledConnection(WrapperConnectionPoolDataSource.java:206)
		at com.mchange.v2.c3p0.impl.C3P0PooledConnectionPool$1PooledConnectionResourcePoolManager.acquireResource(C3P0PooledConnectionPool.java:203)
		at com.mchange.v2.resourcepool.BasicResourcePool.doAcquire(BasicResourcePool.java:1176)
		at com.mchange.v2.resourcepool.BasicResourcePool.doAcquireAndDecrementPendingAcquiresWithinLockOnSuccess(BasicResourcePool.java:1163)
		at com.mchange.v2.resourcepool.BasicResourcePool.access$700(BasicResourcePool.java:44)
		at com.mchange.v2.resourcepool.BasicResourcePool$ScatteredAcquireTask.run(BasicResourcePool.java:1908)
		at com.mchange.v2.async.ThreadPoolAsynchronousRunner$PoolThread.run(ThreadPoolAsynchronousRunner.java:696)
29-Jun-2026 05:04:41.274 INFO [http-nio-8080-exec-1] org.apache.catalina.core.ApplicationContext.log Initializing Spring DispatcherServlet 'dispatcher1'
29-Jun-2026 05:05:45.375 INFO [main] org.apache.catalina.core.ApplicationContext.log No Spring WebApplicationInitializer types detected on classpath
29-Jun-2026 05:05:49.273 INFO [http-nio-8080-exec-1] org.apache.catalina.core.ApplicationContext.log Initializing Spring DispatcherServlet 'dispatcher1'
29-Jun-2026 05:06:53.865 SEVERE [http-nio-8080-exec-1] org.apache.catalina.core.ApplicationContext.log Servlet.init() for servlet [dispatcher1] threw exception
	org.springframework.beans.factory.BeanCreationException: Error creating bean with name 'entityManagerFactory' defined in ServletContext resource [/WEB-INF/jdbc-context.xml]: Unable to build Hibernate SessionFactory  [persistence unit: default] ; nested exception is org.hibernate.exception.GenericJDBCException: Unable to open JDBC Connection for DDL execution [Connections could not be acquired from the underlying database!] [n/a]
		at org.springframework.beans.factory.support.AbstractAutowireCapableBeanFactory.initializeBean(AbstractAutowireCapableBeanFactory.java:1817)
		at org.springframework.beans.factory.support.AbstractAutowireCapableBeanFactory.doCreateBean(AbstractAutowireCapableBeanFactory.java:603)
		at org.springframework.beans.factory.support.AbstractAutowireCapableBeanFactory.createBean(AbstractAutowireCapableBeanFactory.java:525)
		at org.springframework.beans.factory.support.AbstractBeanFactory.lambda$doGetBean$0(AbstractBeanFactory.java:333)
		at org.springframework.beans.factory.support.DefaultSingletonBeanRegistry.getSingleton(DefaultSingletonBeanRegistry.java:371)
		at org.springframework.beans.factory.support.AbstractBeanFactory.doGetBean(AbstractBeanFactory.java:331)
		at org.springframework.beans.factory.support.AbstractBeanFactory.getBean(AbstractBeanFactory.java:201)
		at org.springframework.context.support.AbstractApplicationContext.finishBeanFactoryInitialization(AbstractApplicationContext.java:977)
		at org.springframework.context.support.AbstractApplicationContext.refresh(AbstractApplicationContext.java:621)
		at org.springframework.web.servlet.FrameworkServlet.configureAndRefreshWebApplicationContext(FrameworkServlet.java:696)
		at org.springframework.web.servlet.FrameworkServlet.createWebApplicationContext(FrameworkServlet.java:662)
		at org.springframework.web.servlet.FrameworkServlet.createWebApplicationContext(FrameworkServlet.java:710)
		at org.springframework.web.servlet.FrameworkServlet.initWebApplicationContext(FrameworkServlet.java:586)
		at org.springframework.web.servlet.FrameworkServlet.initServletBean(FrameworkServlet.java:528)
		at org.springframework.web.servlet.HttpServletBean.init(HttpServletBean.java:171)
		at jakarta.servlet.GenericServlet.init(GenericServlet.java:145)
		at jakarta.servlet.http.HttpServlet.init(HttpServlet.java:124)
		at org.apache.catalina.core.StandardWrapper.initServlet(StandardWrapper.java:819)
		at org.apache.catalina.core.StandardWrapper.loadServlet(StandardWrapper.java:789)
		at org.apache.catalina.core.StandardWrapper.allocate(StandardWrapper.java:571)
		at org.apache.catalina.core.StandardWrapperValve.invoke(StandardWrapperValve.java:113)
		at org.apache.catalina.core.StandardContextValve.invoke(StandardContextValve.java:77)
		at org.apache.catalina.authenticator.AuthenticatorBase.invoke(AuthenticatorBase.java:492)
		at org.apache.catalina.core.StandardHostValve.invoke(StandardHostValve.java:113)
		at org.apache.catalina.valves.ErrorReportValve.invoke(ErrorReportValve.java:83)
		at org.apache.catalina.valves.AbstractAccessLogValve.invoke(AbstractAccessLogValve.java:782)
		at org.apache.catalina.core.StandardEngineValve.invoke(StandardEngineValve.java:72)
		at org.apache.catalina.connector.CoyoteAdapter.service(CoyoteAdapter.java:341)
		at org.apache.coyote.http11.Http11Processor.service(Http11Processor.java:397)
		at org.apache.coyote.AbstractProcessorLight.process(AbstractProcessorLight.java:63)
		at org.apache.coyote.AbstractProtocol$ConnectionHandler.process(AbstractProtocol.java:1272)
		at org.apache.tomcat.util.net.NioEndpoint$SocketProcessor.doRun(NioEndpoint.java:1801)
		at org.apache.tomcat.util.net.SocketProcessorBase.run(SocketProcessorBase.java:52)
		at org.apache.tomcat.util.threads.ThreadPoolExecutor.runWorker(ThreadPoolExecutor.java:946)
		at org.apache.tomcat.util.threads.ThreadPoolExecutor$Worker.run(ThreadPoolExecutor.java:480)
		at org.apache.tomcat.util.threads.TaskThread$WrappingRunnable.run(TaskThread.java:57)
		at java.base/java.lang.Thread.run(Thread.java:1583)
	Caused by: jakarta.persistence.PersistenceException: Unable to build Hibernate SessionFactory  [persistence unit: default] ; nested exception is org.hibernate.exception.GenericJDBCException: Unable to open JDBC Connection for DDL execution [Connections could not be acquired from the underlying database!] [n/a]
		at org.springframework.orm.jpa.AbstractEntityManagerFactoryBean.buildNativeEntityManagerFactory(AbstractEntityManagerFactoryBean.java:448)
		at org.springframework.orm.jpa.AbstractEntityManagerFactoryBean.afterPropertiesSet(AbstractEntityManagerFactoryBean.java:411)
		at org.springframework.orm.jpa.LocalContainerEntityManagerFactoryBean.afterPropertiesSet(LocalContainerEntityManagerFactoryBean.java:419)
		at org.springframework.beans.factory.support.AbstractAutowireCapableBeanFactory.invokeInitMethods(AbstractAutowireCapableBeanFactory.java:1864)
		at org.springframework.beans.factory.support.AbstractAutowireCapableBeanFactory.initializeBean(AbstractAutowireCapableBeanFactory.java:1813)
		... 36 more
	Caused by: org.hibernate.exception.GenericJDBCException: Unable to open JDBC Connection for DDL execution [Connections could not be acquired from the underlying database!] [n/a]
		at org.hibernate.exception.internal.StandardSQLExceptionConverter.convert(StandardSQLExceptionConverter.java:39)
		at org.hibernate.engine.jdbc.spi.SqlExceptionHelper.convert(SqlExceptionHelper.java:115)
		at org.hibernate.engine.jdbc.spi.SqlExceptionHelper.convert(SqlExceptionHelper.java:101)
		at org.hibernate.resource.transaction.backend.jdbc.internal.DdlTransactionIsolatorNonJtaImpl.getIsolatedConnection(DdlTransactionIsolatorNonJtaImpl.java:71)
		at org.hibernate.resource.transaction.backend.jdbc.internal.DdlTransactionIsolatorNonJtaImpl.getIsolatedConnection(DdlTransactionIsolatorNonJtaImpl.java:37)
		at org.hibernate.tool.schema.internal.exec.ImprovedExtractionContextImpl.getJdbcConnection(ImprovedExtractionContextImpl.java:61)
		at org.hibernate.tool.schema.extract.spi.ExtractionContext.getQueryResults(ExtractionContext.java:41)
		at org.hibernate.tool.schema.extract.internal.SequenceInformationExtractorLegacyImpl.extractMetadata(SequenceInformationExtractorLegacyImpl.java:36)
		at org.hibernate.tool.schema.extract.internal.DatabaseInformationImpl.initializeSequences(DatabaseInformationImpl.java:73)
		at org.hibernate.tool.schema.extract.internal.DatabaseInformationImpl.<init>(DatabaseInformationImpl.java:63)
		at org.hibernate.tool.schema.extract.internal.CachingDatabaseInformationImpl.<init>(CachingDatabaseInformationImpl.java:43)
		at org.hibernate.tool.schema.internal.GroupedSchemaMigratorImpl.buildDatabaseInformation(GroupedSchemaMigratorImpl.java:112)
		at org.hibernate.tool.schema.internal.AbstractSchemaMigrator.doMigration(AbstractSchemaMigrator.java:83)
		at org.hibernate.tool.schema.spi.SchemaManagementToolCoordinator.performDatabaseAction(SchemaManagementToolCoordinator.java:269)
		at org.hibernate.tool.schema.spi.SchemaManagementToolCoordinator.lambda$process$1(SchemaManagementToolCoordinator.java:101)
		at java.base/java.util.HashMap.forEach(HashMap.java:1429)
		at org.hibernate.tool.schema.spi.SchemaManagementToolCoordinator.process(SchemaManagementToolCoordinator.java:100)
		at org.hibernate.boot.internal.SessionFactoryObserverForSchemaExport.sessionFactoryCreated(SessionFactoryObserverForSchemaExport.java:35)
		at org.hibernate.internal.SessionFactoryObserverChain.sessionFactoryCreated(SessionFactoryObserverChain.java:33)
		at org.hibernate.internal.SessionFactoryImpl.<init>(SessionFactoryImpl.java:327)
		at org.hibernate.internal.SessionFactoryRegistry.instantiateSessionFactory(SessionFactoryRegistry.java:64)
		at org.hibernate.boot.internal.SessionFactoryBuilderImpl.build(SessionFactoryBuilderImpl.java:458)
		at org.hibernate.jpa.boot.internal.EntityManagerFactoryBuilderImpl.build(EntityManagerFactoryBuilderImpl.java:1452)
		at org.springframework.orm.jpa.vendor.SpringHibernateJpaPersistenceProvider.createContainerEntityManagerFactory(SpringHibernateJpaPersistenceProvider.java:93)
		at org.springframework.orm.jpa.LocalContainerEntityManagerFactoryBean.createNativeEntityManagerFactory(LocalContainerEntityManagerFactoryBean.java:443)
		at org.springframework.orm.jpa.AbstractEntityManagerFactoryBean.buildNativeEntityManagerFactory(AbstractEntityManagerFactoryBean.java:436)
		... 40 more
	Caused by: java.sql.SQLException: Connections could not be acquired from the underlying database!
		at com.mchange.v2.sql.SqlUtils.toSQLException(SqlUtils.java:118)
		at com.mchange.v2.c3p0.impl.C3P0PooledConnectionPool.checkoutPooledConnection(C3P0PooledConnectionPool.java:692)
		at com.mchange.v2.c3p0.impl.AbstractPoolBackedDataSource.getConnection(AbstractPoolBackedDataSource.java:140)
		at org.hibernate.engine.jdbc.connections.internal.DataSourceConnectionProvider.getConnection(DataSourceConnectionProvider.java:149)
		at org.hibernate.engine.jdbc.env.internal.JdbcEnvironmentInitiator$ConnectionProviderJdbcConnectionAccess.obtainConnection(JdbcEnvironmentInitiator.java:508)
		at org.hibernate.resource.transaction.backend.jdbc.internal.DdlTransactionIsolatorNonJtaImpl.getIsolatedConnection(DdlTransactionIsolatorNonJtaImpl.java:44)
		... 62 more
	Caused by: com.mchange.v2.resourcepool.CannotAcquireResourceException: A ResourcePool could not acquire a resource from its primary factory or source.
		at com.mchange.v2.resourcepool.BasicResourcePool.awaitAvailable(BasicResourcePool.java:1507)
		at com.mchange.v2.resourcepool.BasicResourcePool.prelimCheckoutResource(BasicResourcePool.java:644)
		at com.mchange.v2.resourcepool.BasicResourcePool.checkoutResource(BasicResourcePool.java:554)
		at com.mchange.v2.c3p0.impl.C3P0PooledConnectionPool.checkoutAndMarkConnectionInUse(C3P0PooledConnectionPool.java:758)
		at com.mchange.v2.c3p0.impl.C3P0PooledConnectionPool.checkoutPooledConnection(C3P0PooledConnectionPool.java:685)
		... 66 more
	Caused by: org.postgresql.util.PSQLException: Connection to localhost:5432 refused. Check that the hostname and port are correct and that the postmaster is accepting TCP/IP connections.
		at org.postgresql.core.v3.ConnectionFactoryImpl.openConnectionImpl(ConnectionFactoryImpl.java:373)
		at org.postgresql.core.ConnectionFactory.openConnection(ConnectionFactory.java:57)
		at org.postgresql.jdbc.PgConnection.<init>(PgConnection.java:290)
		at org.postgresql.Driver.makeConnection(Driver.java:448)
		at org.postgresql.Driver.connect(Driver.java:298)
		at com.mchange.v2.c3p0.DriverManagerDataSource.getConnection(DriverManagerDataSource.java:175)
		at com.mchange.v2.c3p0.WrapperConnectionPoolDataSource.getPooledConnection(WrapperConnectionPoolDataSource.java:220)
		at com.mchange.v2.c3p0.WrapperConnectionPoolDataSource.getPooledConnection(WrapperConnectionPoolDataSource.java:206)
		at com.mchange.v2.c3p0.impl.C3P0PooledConnectionPool$1PooledConnectionResourcePoolManager.acquireResource(C3P0PooledConnectionPool.java:203)
		at com.mchange.v2.resourcepool.BasicResourcePool.doAcquire(BasicResourcePool.java:1176)
		at com.mchange.v2.resourcepool.BasicResourcePool.doAcquireAndDecrementPendingAcquiresWithinLockOnSuccess(BasicResourcePool.java:1163)
		at com.mchange.v2.resourcepool.BasicResourcePool.access$700(BasicResourcePool.java:44)
		at com.mchange.v2.resourcepool.BasicResourcePool$ScatteredAcquireTask.run(BasicResourcePool.java:1908)
		at com.mchange.v2.async.ThreadPoolAsynchronousRunner$PoolThread.run(ThreadPoolAsynchronousRunner.java:696)
	Caused by: java.net.ConnectException: Connection refused
		at java.base/sun.nio.ch.Net.pollConnect(Native Method)
		at java.base/sun.nio.ch.Net.pollConnectNow(Net.java:694)
		at java.base/sun.nio.ch.NioSocketImpl.timedFinishConnect(NioSocketImpl.java:542)
		at java.base/sun.nio.ch.NioSocketImpl.connect(NioSocketImpl.java:592)
		at java.base/java.net.SocksSocketImpl.connect(SocksSocketImpl.java:327)
		at java.base/java.net.Socket.connect(Socket.java:751)
		at org.postgresql.core.PGStream.createSocket(PGStream.java:261)
		at org.postgresql.core.PGStream.<init>(PGStream.java:122)
		at org.postgresql.core.v3.ConnectionFactoryImpl.tryConnect(ConnectionFactoryImpl.java:146)
		at org.postgresql.core.v3.ConnectionFactoryImpl.openConnectionImpl(ConnectionFactoryImpl.java:289)
		... 13 more
29-Jun-2026 05:06:53.866 SEVERE [http-nio-8080-exec-1] org.apache.catalina.core.StandardWrapperValve.invoke Allocate exception for servlet [dispatcher1]
	java.net.ConnectException: Connection refused
		at java.base/sun.nio.ch.Net.pollConnect(Native Method)
		at java.base/sun.nio.ch.Net.pollConnectNow(Net.java:694)
		at java.base/sun.nio.ch.NioSocketImpl.timedFinishConnect(NioSocketImpl.java:542)
		at java.base/sun.nio.ch.NioSocketImpl.connect(NioSocketImpl.java:592)
		at java.base/java.net.SocksSocketImpl.connect(SocksSocketImpl.java:327)
		at java.base/java.net.Socket.connect(Socket.java:751)
		at org.postgresql.core.PGStream.createSocket(PGStream.java:261)
		at org.postgresql.core.PGStream.<init>(PGStream.java:122)
		at org.postgresql.core.v3.ConnectionFactoryImpl.tryConnect(ConnectionFactoryImpl.java:146)
		at org.postgresql.core.v3.ConnectionFactoryImpl.openConnectionImpl(ConnectionFactoryImpl.java:289)
		at org.postgresql.core.ConnectionFactory.openConnection(ConnectionFactory.java:57)
		at org.postgresql.jdbc.PgConnection.<init>(PgConnection.java:290)
		at org.postgresql.Driver.makeConnection(Driver.java:448)
		at org.postgresql.Driver.connect(Driver.java:298)
		at com.mchange.v2.c3p0.DriverManagerDataSource.getConnection(DriverManagerDataSource.java:175)
		at com.mchange.v2.c3p0.WrapperConnectionPoolDataSource.getPooledConnection(WrapperConnectionPoolDataSource.java:220)
		at com.mchange.v2.c3p0.WrapperConnectionPoolDataSource.getPooledConnection(WrapperConnectionPoolDataSource.java:206)
		at com.mchange.v2.c3p0.impl.C3P0PooledConnectionPool$1PooledConnectionResourcePoolManager.acquireResource(C3P0PooledConnectionPool.java:203)
		at com.mchange.v2.resourcepool.BasicResourcePool.doAcquire(BasicResourcePool.java:1176)
		at com.mchange.v2.resourcepool.BasicResourcePool.doAcquireAndDecrementPendingAcquiresWithinLockOnSuccess(BasicResourcePool.java:1163)
		at com.mchange.v2.resourcepool.BasicResourcePool.access$700(BasicResourcePool.java:44)
		at com.mchange.v2.resourcepool.BasicResourcePool$ScatteredAcquireTask.run(BasicResourcePool.java:1908)
		at com.mchange.v2.async.ThreadPoolAsynchronousRunner$PoolThread.run(ThreadPoolAsynchronousRunner.java:696)
29-Jun-2026 05:06:53.874 INFO [http-nio-8080-exec-6] org.apache.catalina.core.ApplicationContext.log Initializing Spring DispatcherServlet 'dispatcher1'
29-Jun-2026 05:07:49.633 INFO [main] org.apache.catalina.core.ApplicationContext.log No Spring WebApplicationInitializer types detected on classpath
29-Jun-2026 05:07:51.994 INFO [http-nio-8080-exec-1] org.apache.catalina.core.ApplicationContext.log Initializing Spring DispatcherServlet 'dispatcher1'
29-Jun-2026 05:08:55.211 SEVERE [http-nio-8080-exec-1] org.apache.catalina.core.ApplicationContext.log Servlet.init() for servlet [dispatcher1] threw exception
	org.springframework.beans.factory.BeanCreationException: Error creating bean with name 'entityManagerFactory' defined in ServletContext resource [/WEB-INF/jdbc-context.xml]: Unable to build Hibernate SessionFactory  [persistence unit: default] ; nested exception is org.hibernate.exception.GenericJDBCException: Unable to open JDBC Connection for DDL execution [Connections could not be acquired from the underlying database!] [n/a]
		at org.springframework.beans.factory.support.AbstractAutowireCapableBeanFactory.initializeBean(AbstractAutowireCapableBeanFactory.java:1817)
		at org.springframework.beans.factory.support.AbstractAutowireCapableBeanFactory.doCreateBean(AbstractAutowireCapableBeanFactory.java:603)
		at org.springframework.beans.factory.support.AbstractAutowireCapableBeanFactory.createBean(AbstractAutowireCapableBeanFactory.java:525)
		at org.springframework.beans.factory.support.AbstractBeanFactory.lambda$doGetBean$0(AbstractBeanFactory.java:333)
		at org.springframework.beans.factory.support.DefaultSingletonBeanRegistry.getSingleton(DefaultSingletonBeanRegistry.java:371)
		at org.springframework.beans.factory.support.AbstractBeanFactory.doGetBean(AbstractBeanFactory.java:331)
		at org.springframework.beans.factory.support.AbstractBeanFactory.getBean(AbstractBeanFactory.java:201)
		at org.springframework.context.support.AbstractApplicationContext.finishBeanFactoryInitialization(AbstractApplicationContext.java:977)
		at org.springframework.context.support.AbstractApplicationContext.refresh(AbstractApplicationContext.java:621)
		at org.springframework.web.servlet.FrameworkServlet.configureAndRefreshWebApplicationContext(FrameworkServlet.java:696)
		at org.springframework.web.servlet.FrameworkServlet.createWebApplicationContext(FrameworkServlet.java:662)
		at org.springframework.web.servlet.FrameworkServlet.createWebApplicationContext(FrameworkServlet.java:710)
		at org.springframework.web.servlet.FrameworkServlet.initWebApplicationContext(FrameworkServlet.java:586)
		at org.springframework.web.servlet.FrameworkServlet.initServletBean(FrameworkServlet.java:528)
		at org.springframework.web.servlet.HttpServletBean.init(HttpServletBean.java:171)
		at jakarta.servlet.GenericServlet.init(GenericServlet.java:145)
		at jakarta.servlet.http.HttpServlet.init(HttpServlet.java:124)
		at org.apache.catalina.core.StandardWrapper.initServlet(StandardWrapper.java:819)
		at org.apache.catalina.core.StandardWrapper.loadServlet(StandardWrapper.java:789)
		at org.apache.catalina.core.StandardWrapper.allocate(StandardWrapper.java:571)
		at org.apache.catalina.core.StandardWrapperValve.invoke(StandardWrapperValve.java:113)
		at org.apache.catalina.core.StandardContextValve.invoke(StandardContextValve.java:77)
		at org.apache.catalina.authenticator.AuthenticatorBase.invoke(AuthenticatorBase.java:492)
		at org.apache.catalina.core.StandardHostValve.invoke(StandardHostValve.java:113)
		at org.apache.catalina.valves.ErrorReportValve.invoke(ErrorReportValve.java:83)
		at org.apache.catalina.valves.AbstractAccessLogValve.invoke(AbstractAccessLogValve.java:782)
		at org.apache.catalina.core.StandardEngineValve.invoke(StandardEngineValve.java:72)
		at org.apache.catalina.connector.CoyoteAdapter.service(CoyoteAdapter.java:341)
		at org.apache.coyote.http11.Http11Processor.service(Http11Processor.java:397)
		at org.apache.coyote.AbstractProcessorLight.process(AbstractProcessorLight.java:63)
		at org.apache.coyote.AbstractProtocol$ConnectionHandler.process(AbstractProtocol.java:1272)
		at org.apache.tomcat.util.net.NioEndpoint$SocketProcessor.doRun(NioEndpoint.java:1801)
		at org.apache.tomcat.util.net.SocketProcessorBase.run(SocketProcessorBase.java:52)
		at org.apache.tomcat.util.threads.ThreadPoolExecutor.runWorker(ThreadPoolExecutor.java:946)
		at org.apache.tomcat.util.threads.ThreadPoolExecutor$Worker.run(ThreadPoolExecutor.java:480)
		at org.apache.tomcat.util.threads.TaskThread$WrappingRunnable.run(TaskThread.java:57)
		at java.base/java.lang.Thread.run(Thread.java:1583)
	Caused by: jakarta.persistence.PersistenceException: Unable to build Hibernate SessionFactory  [persistence unit: default] ; nested exception is org.hibernate.exception.GenericJDBCException: Unable to open JDBC Connection for DDL execution [Connections could not be acquired from the underlying database!] [n/a]
		at org.springframework.orm.jpa.AbstractEntityManagerFactoryBean.buildNativeEntityManagerFactory(AbstractEntityManagerFactoryBean.java:448)
		at org.springframework.orm.jpa.AbstractEntityManagerFactoryBean.afterPropertiesSet(AbstractEntityManagerFactoryBean.java:411)
		at org.springframework.orm.jpa.LocalContainerEntityManagerFactoryBean.afterPropertiesSet(LocalContainerEntityManagerFactoryBean.java:419)
		at org.springframework.beans.factory.support.AbstractAutowireCapableBeanFactory.invokeInitMethods(AbstractAutowireCapableBeanFactory.java:1864)
		at org.springframework.beans.factory.support.AbstractAutowireCapableBeanFactory.initializeBean(AbstractAutowireCapableBeanFactory.java:1813)
		... 36 more
	Caused by: org.hibernate.exception.GenericJDBCException: Unable to open JDBC Connection for DDL execution [Connections could not be acquired from the underlying database!] [n/a]
		at org.hibernate.exception.internal.StandardSQLExceptionConverter.convert(StandardSQLExceptionConverter.java:39)
		at org.hibernate.engine.jdbc.spi.SqlExceptionHelper.convert(SqlExceptionHelper.java:115)
		at org.hibernate.engine.jdbc.spi.SqlExceptionHelper.convert(SqlExceptionHelper.java:101)
		at org.hibernate.resource.transaction.backend.jdbc.internal.DdlTransactionIsolatorNonJtaImpl.getIsolatedConnection(DdlTransactionIsolatorNonJtaImpl.java:71)
		at org.hibernate.resource.transaction.backend.jdbc.internal.DdlTransactionIsolatorNonJtaImpl.getIsolatedConnection(DdlTransactionIsolatorNonJtaImpl.java:37)
		at org.hibernate.tool.schema.internal.exec.ImprovedExtractionContextImpl.getJdbcConnection(ImprovedExtractionContextImpl.java:61)
		at org.hibernate.tool.schema.extract.spi.ExtractionContext.getQueryResults(ExtractionContext.java:41)
		at org.hibernate.tool.schema.extract.internal.SequenceInformationExtractorLegacyImpl.extractMetadata(SequenceInformationExtractorLegacyImpl.java:36)
		at org.hibernate.tool.schema.extract.internal.DatabaseInformationImpl.initializeSequences(DatabaseInformationImpl.java:73)
		at org.hibernate.tool.schema.extract.internal.DatabaseInformationImpl.<init>(DatabaseInformationImpl.java:63)
		at org.hibernate.tool.schema.extract.internal.CachingDatabaseInformationImpl.<init>(CachingDatabaseInformationImpl.java:43)
		at org.hibernate.tool.schema.internal.GroupedSchemaMigratorImpl.buildDatabaseInformation(GroupedSchemaMigratorImpl.java:112)
		at org.hibernate.tool.schema.internal.AbstractSchemaMigrator.doMigration(AbstractSchemaMigrator.java:83)
		at org.hibernate.tool.schema.spi.SchemaManagementToolCoordinator.performDatabaseAction(SchemaManagementToolCoordinator.java:269)
		at org.hibernate.tool.schema.spi.SchemaManagementToolCoordinator.lambda$process$1(SchemaManagementToolCoordinator.java:101)
		at java.base/java.util.HashMap.forEach(HashMap.java:1429)
		at org.hibernate.tool.schema.spi.SchemaManagementToolCoordinator.process(SchemaManagementToolCoordinator.java:100)
		at org.hibernate.boot.internal.SessionFactoryObserverForSchemaExport.sessionFactoryCreated(SessionFactoryObserverForSchemaExport.java:35)
		at org.hibernate.internal.SessionFactoryObserverChain.sessionFactoryCreated(SessionFactoryObserverChain.java:33)
		at org.hibernate.internal.SessionFactoryImpl.<init>(SessionFactoryImpl.java:327)
		at org.hibernate.internal.SessionFactoryRegistry.instantiateSessionFactory(SessionFactoryRegistry.java:64)
		at org.hibernate.boot.internal.SessionFactoryBuilderImpl.build(SessionFactoryBuilderImpl.java:458)
		at org.hibernate.jpa.boot.internal.EntityManagerFactoryBuilderImpl.build(EntityManagerFactoryBuilderImpl.java:1452)
		at org.springframework.orm.jpa.vendor.SpringHibernateJpaPersistenceProvider.createContainerEntityManagerFactory(SpringHibernateJpaPersistenceProvider.java:93)
		at org.springframework.orm.jpa.LocalContainerEntityManagerFactoryBean.createNativeEntityManagerFactory(LocalContainerEntityManagerFactoryBean.java:443)
		at org.springframework.orm.jpa.AbstractEntityManagerFactoryBean.buildNativeEntityManagerFactory(AbstractEntityManagerFactoryBean.java:436)
		... 40 more
	Caused by: java.sql.SQLException: Connections could not be acquired from the underlying database!
		at com.mchange.v2.sql.SqlUtils.toSQLException(SqlUtils.java:118)
		at com.mchange.v2.c3p0.impl.C3P0PooledConnectionPool.checkoutPooledConnection(C3P0PooledConnectionPool.java:692)
		at com.mchange.v2.c3p0.impl.AbstractPoolBackedDataSource.getConnection(AbstractPoolBackedDataSource.java:140)
		at org.hibernate.engine.jdbc.connections.internal.DataSourceConnectionProvider.getConnection(DataSourceConnectionProvider.java:149)
		at org.hibernate.engine.jdbc.env.internal.JdbcEnvironmentInitiator$ConnectionProviderJdbcConnectionAccess.obtainConnection(JdbcEnvironmentInitiator.java:508)
		at org.hibernate.resource.transaction.backend.jdbc.internal.DdlTransactionIsolatorNonJtaImpl.getIsolatedConnection(DdlTransactionIsolatorNonJtaImpl.java:44)
		... 62 more
	Caused by: com.mchange.v2.resourcepool.CannotAcquireResourceException: A ResourcePool could not acquire a resource from its primary factory or source.
		at com.mchange.v2.resourcepool.BasicResourcePool.awaitAvailable(BasicResourcePool.java:1507)
		at com.mchange.v2.resourcepool.BasicResourcePool.prelimCheckoutResource(BasicResourcePool.java:644)
		at com.mchange.v2.resourcepool.BasicResourcePool.checkoutResource(BasicResourcePool.java:554)
		at com.mchange.v2.c3p0.impl.C3P0PooledConnectionPool.checkoutAndMarkConnectionInUse(C3P0PooledConnectionPool.java:758)
		at com.mchange.v2.c3p0.impl.C3P0PooledConnectionPool.checkoutPooledConnection(C3P0PooledConnectionPool.java:685)
		... 66 more
	Caused by: org.postgresql.util.PSQLException: Connection to localhost:5432 refused. Check that the hostname and port are correct and that the postmaster is accepting TCP/IP connections.
		at org.postgresql.core.v3.ConnectionFactoryImpl.openConnectionImpl(ConnectionFactoryImpl.java:373)
		at org.postgresql.core.ConnectionFactory.openConnection(ConnectionFactory.java:57)
		at org.postgresql.jdbc.PgConnection.<init>(PgConnection.java:290)
		at org.postgresql.Driver.makeConnection(Driver.java:448)
		at org.postgresql.Driver.connect(Driver.java:298)
		at com.mchange.v2.c3p0.DriverManagerDataSource.getConnection(DriverManagerDataSource.java:175)
		at com.mchange.v2.c3p0.WrapperConnectionPoolDataSource.getPooledConnection(WrapperConnectionPoolDataSource.java:220)
		at com.mchange.v2.c3p0.WrapperConnectionPoolDataSource.getPooledConnection(WrapperConnectionPoolDataSource.java:206)
		at com.mchange.v2.c3p0.impl.C3P0PooledConnectionPool$1PooledConnectionResourcePoolManager.acquireResource(C3P0PooledConnectionPool.java:203)
		at com.mchange.v2.resourcepool.BasicResourcePool.doAcquire(BasicResourcePool.java:1176)
		at com.mchange.v2.resourcepool.BasicResourcePool.doAcquireAndDecrementPendingAcquiresWithinLockOnSuccess(BasicResourcePool.java:1163)
		at com.mchange.v2.resourcepool.BasicResourcePool.access$700(BasicResourcePool.java:44)
		at com.mchange.v2.resourcepool.BasicResourcePool$ScatteredAcquireTask.run(BasicResourcePool.java:1908)
		at com.mchange.v2.async.ThreadPoolAsynchronousRunner$PoolThread.run(ThreadPoolAsynchronousRunner.java:696)
	Caused by: java.net.ConnectException: Connection refused
		at java.base/sun.nio.ch.Net.pollConnect(Native Method)
		at java.base/sun.nio.ch.Net.pollConnectNow(Net.java:694)
		at java.base/sun.nio.ch.NioSocketImpl.timedFinishConnect(NioSocketImpl.java:542)
		at java.base/sun.nio.ch.NioSocketImpl.connect(NioSocketImpl.java:592)
		at java.base/java.net.SocksSocketImpl.connect(SocksSocketImpl.java:327)
		at java.base/java.net.Socket.connect(Socket.java:751)
		at org.postgresql.core.PGStream.createSocket(PGStream.java:261)
		at org.postgresql.core.PGStream.<init>(PGStream.java:122)
		at org.postgresql.core.v3.ConnectionFactoryImpl.tryConnect(ConnectionFactoryImpl.java:146)
		at org.postgresql.core.v3.ConnectionFactoryImpl.openConnectionImpl(ConnectionFactoryImpl.java:289)
		... 13 more
29-Jun-2026 05:08:55.217 SEVERE [http-nio-8080-exec-1] org.apache.catalina.core.StandardWrapperValve.invoke Allocate exception for servlet [dispatcher1]
	java.net.ConnectException: Connection refused
		at java.base/sun.nio.ch.Net.pollConnect(Native Method)
		at java.base/sun.nio.ch.Net.pollConnectNow(Net.java:694)
		at java.base/sun.nio.ch.NioSocketImpl.timedFinishConnect(NioSocketImpl.java:542)
		at java.base/sun.nio.ch.NioSocketImpl.connect(NioSocketImpl.java:592)
		at java.base/java.net.SocksSocketImpl.connect(SocksSocketImpl.java:327)
		at java.base/java.net.Socket.connect(Socket.java:751)
		at org.postgresql.core.PGStream.createSocket(PGStream.java:261)
		at org.postgresql.core.PGStream.<init>(PGStream.java:122)
		at org.postgresql.core.v3.ConnectionFactoryImpl.tryConnect(ConnectionFactoryImpl.java:146)
		at org.postgresql.core.v3.ConnectionFactoryImpl.openConnectionImpl(ConnectionFactoryImpl.java:289)
		at org.postgresql.core.ConnectionFactory.openConnection(ConnectionFactory.java:57)
		at org.postgresql.jdbc.PgConnection.<init>(PgConnection.java:290)
		at org.postgresql.Driver.makeConnection(Driver.java:448)
		at org.postgresql.Driver.connect(Driver.java:298)
		at com.mchange.v2.c3p0.DriverManagerDataSource.getConnection(DriverManagerDataSource.java:175)
		at com.mchange.v2.c3p0.WrapperConnectionPoolDataSource.getPooledConnection(WrapperConnectionPoolDataSource.java:220)
		at com.mchange.v2.c3p0.WrapperConnectionPoolDataSource.getPooledConnection(WrapperConnectionPoolDataSource.java:206)
		at com.mchange.v2.c3p0.impl.C3P0PooledConnectionPool$1PooledConnectionResourcePoolManager.acquireResource(C3P0PooledConnectionPool.java:203)
		at com.mchange.v2.resourcepool.BasicResourcePool.doAcquire(BasicResourcePool.java:1176)
		at com.mchange.v2.resourcepool.BasicResourcePool.doAcquireAndDecrementPendingAcquiresWithinLockOnSuccess(BasicResourcePool.java:1163)
		at com.mchange.v2.resourcepool.BasicResourcePool.access$700(BasicResourcePool.java:44)
		at com.mchange.v2.resourcepool.BasicResourcePool$ScatteredAcquireTask.run(BasicResourcePool.java:1908)
		at com.mchange.v2.async.ThreadPoolAsynchronousRunner$PoolThread.run(ThreadPoolAsynchronousRunner.java:696)
29-Jun-2026 05:08:55.226 INFO [http-nio-8080-exec-5] org.apache.catalina.core.ApplicationContext.log Initializing Spring DispatcherServlet 'dispatcher1'
29-Jun-2026 05:09:49.330 INFO [main] org.apache.catalina.core.ApplicationContext.log No Spring WebApplicationInitializer types detected on classpath
29-Jun-2026 05:09:52.039 INFO [http-nio-8080-exec-1] org.apache.catalina.core.ApplicationContext.log Initializing Spring DispatcherServlet 'dispatcher1'
29-Jun-2026 05:10:55.006 SEVERE [http-nio-8080-exec-1] org.apache.catalina.core.ApplicationContext.log Servlet.init() for servlet [dispatcher1] threw exception
	org.springframework.beans.factory.BeanCreationException: Error creating bean with name 'entityManagerFactory' defined in ServletContext resource [/WEB-INF/jdbc-context.xml]: Unable to build Hibernate SessionFactory  [persistence unit: default] ; nested exception is org.hibernate.exception.GenericJDBCException: Unable to open JDBC Connection for DDL execution [Connections could not be acquired from the underlying database!] [n/a]
		at org.springframework.beans.factory.support.AbstractAutowireCapableBeanFactory.initializeBean(AbstractAutowireCapableBeanFactory.java:1817)
		at org.springframework.beans.factory.support.AbstractAutowireCapableBeanFactory.doCreateBean(AbstractAutowireCapableBeanFactory.java:603)
		at org.springframework.beans.factory.support.AbstractAutowireCapableBeanFactory.createBean(AbstractAutowireCapableBeanFactory.java:525)
		at org.springframework.beans.factory.support.AbstractBeanFactory.lambda$doGetBean$0(AbstractBeanFactory.java:333)
		at org.springframework.beans.factory.support.DefaultSingletonBeanRegistry.getSingleton(DefaultSingletonBeanRegistry.java:371)
		at org.springframework.beans.factory.support.AbstractBeanFactory.doGetBean(AbstractBeanFactory.java:331)
		at org.springframework.beans.factory.support.AbstractBeanFactory.getBean(AbstractBeanFactory.java:201)
		at org.springframework.context.support.AbstractApplicationContext.finishBeanFactoryInitialization(AbstractApplicationContext.java:977)
		at org.springframework.context.support.AbstractApplicationContext.refresh(AbstractApplicationContext.java:621)
		at org.springframework.web.servlet.FrameworkServlet.configureAndRefreshWebApplicationContext(FrameworkServlet.java:696)
		at org.springframework.web.servlet.FrameworkServlet.createWebApplicationContext(FrameworkServlet.java:662)
		at org.springframework.web.servlet.FrameworkServlet.createWebApplicationContext(FrameworkServlet.java:710)
		at org.springframework.web.servlet.FrameworkServlet.initWebApplicationContext(FrameworkServlet.java:586)
		at org.springframework.web.servlet.FrameworkServlet.initServletBean(FrameworkServlet.java:528)
		at org.springframework.web.servlet.HttpServletBean.init(HttpServletBean.java:171)
		at jakarta.servlet.GenericServlet.init(GenericServlet.java:145)
		at jakarta.servlet.http.HttpServlet.init(HttpServlet.java:124)
		at org.apache.catalina.core.StandardWrapper.initServlet(StandardWrapper.java:819)
		at org.apache.catalina.core.StandardWrapper.loadServlet(StandardWrapper.java:789)
		at org.apache.catalina.core.StandardWrapper.allocate(StandardWrapper.java:571)
		at org.apache.catalina.core.StandardWrapperValve.invoke(StandardWrapperValve.java:113)
		at org.apache.catalina.core.StandardContextValve.invoke(StandardContextValve.java:77)
		at org.apache.catalina.authenticator.AuthenticatorBase.invoke(AuthenticatorBase.java:492)
		at org.apache.catalina.core.StandardHostValve.invoke(StandardHostValve.java:113)
		at org.apache.catalina.valves.ErrorReportValve.invoke(ErrorReportValve.java:83)
		at org.apache.catalina.valves.AbstractAccessLogValve.invoke(AbstractAccessLogValve.java:782)
		at org.apache.catalina.core.StandardEngineValve.invoke(StandardEngineValve.java:72)
		at org.apache.catalina.connector.CoyoteAdapter.service(CoyoteAdapter.java:341)
		at org.apache.coyote.http11.Http11Processor.service(Http11Processor.java:397)
		at org.apache.coyote.AbstractProcessorLight.process(AbstractProcessorLight.java:63)
		at org.apache.coyote.AbstractProtocol$ConnectionHandler.process(AbstractProtocol.java:1272)
		at org.apache.tomcat.util.net.NioEndpoint$SocketProcessor.doRun(NioEndpoint.java:1801)
		at org.apache.tomcat.util.net.SocketProcessorBase.run(SocketProcessorBase.java:52)
		at org.apache.tomcat.util.threads.ThreadPoolExecutor.runWorker(ThreadPoolExecutor.java:946)
		at org.apache.tomcat.util.threads.ThreadPoolExecutor$Worker.run(ThreadPoolExecutor.java:480)
		at org.apache.tomcat.util.threads.TaskThread$WrappingRunnable.run(TaskThread.java:57)
		at java.base/java.lang.Thread.run(Thread.java:1583)
	Caused by: jakarta.persistence.PersistenceException: Unable to build Hibernate SessionFactory  [persistence unit: default] ; nested exception is org.hibernate.exception.GenericJDBCException: Unable to open JDBC Connection for DDL execution [Connections could not be acquired from the underlying database!] [n/a]
		at org.springframework.orm.jpa.AbstractEntityManagerFactoryBean.buildNativeEntityManagerFactory(AbstractEntityManagerFactoryBean.java:448)
		at org.springframework.orm.jpa.AbstractEntityManagerFactoryBean.afterPropertiesSet(AbstractEntityManagerFactoryBean.java:411)
		at org.springframework.orm.jpa.LocalContainerEntityManagerFactoryBean.afterPropertiesSet(LocalContainerEntityManagerFactoryBean.java:419)
		at org.springframework.beans.factory.support.AbstractAutowireCapableBeanFactory.invokeInitMethods(AbstractAutowireCapableBeanFactory.java:1864)
		at org.springframework.beans.factory.support.AbstractAutowireCapableBeanFactory.initializeBean(AbstractAutowireCapableBeanFactory.java:1813)
		... 36 more
	Caused by: org.hibernate.exception.GenericJDBCException: Unable to open JDBC Connection for DDL execution [Connections could not be acquired from the underlying database!] [n/a]
		at org.hibernate.exception.internal.StandardSQLExceptionConverter.convert(StandardSQLExceptionConverter.java:39)
		at org.hibernate.engine.jdbc.spi.SqlExceptionHelper.convert(SqlExceptionHelper.java:115)
		at org.hibernate.engine.jdbc.spi.SqlExceptionHelper.convert(SqlExceptionHelper.java:101)
		at org.hibernate.resource.transaction.backend.jdbc.internal.DdlTransactionIsolatorNonJtaImpl.getIsolatedConnection(DdlTransactionIsolatorNonJtaImpl.java:71)
		at org.hibernate.resource.transaction.backend.jdbc.internal.DdlTransactionIsolatorNonJtaImpl.getIsolatedConnection(DdlTransactionIsolatorNonJtaImpl.java:37)
		at org.hibernate.tool.schema.internal.exec.ImprovedExtractionContextImpl.getJdbcConnection(ImprovedExtractionContextImpl.java:61)
		at org.hibernate.tool.schema.extract.spi.ExtractionContext.getQueryResults(ExtractionContext.java:41)
		at org.hibernate.tool.schema.extract.internal.SequenceInformationExtractorLegacyImpl.extractMetadata(SequenceInformationExtractorLegacyImpl.java:36)
		at org.hibernate.tool.schema.extract.internal.DatabaseInformationImpl.initializeSequences(DatabaseInformationImpl.java:73)
		at org.hibernate.tool.schema.extract.internal.DatabaseInformationImpl.<init>(DatabaseInformationImpl.java:63)
		at org.hibernate.tool.schema.extract.internal.CachingDatabaseInformationImpl.<init>(CachingDatabaseInformationImpl.java:43)
		at org.hibernate.tool.schema.internal.GroupedSchemaMigratorImpl.buildDatabaseInformation(GroupedSchemaMigratorImpl.java:112)
		at org.hibernate.tool.schema.internal.AbstractSchemaMigrator.doMigration(AbstractSchemaMigrator.java:83)
		at org.hibernate.tool.schema.spi.SchemaManagementToolCoordinator.performDatabaseAction(SchemaManagementToolCoordinator.java:269)
		at org.hibernate.tool.schema.spi.SchemaManagementToolCoordinator.lambda$process$1(SchemaManagementToolCoordinator.java:101)
		at java.base/java.util.HashMap.forEach(HashMap.java:1429)
		at org.hibernate.tool.schema.spi.SchemaManagementToolCoordinator.process(SchemaManagementToolCoordinator.java:100)
		at org.hibernate.boot.internal.SessionFactoryObserverForSchemaExport.sessionFactoryCreated(SessionFactoryObserverForSchemaExport.java:35)
		at org.hibernate.internal.SessionFactoryObserverChain.sessionFactoryCreated(SessionFactoryObserverChain.java:33)
		at org.hibernate.internal.SessionFactoryImpl.<init>(SessionFactoryImpl.java:327)
		at org.hibernate.internal.SessionFactoryRegistry.instantiateSessionFactory(SessionFactoryRegistry.java:64)
		at org.hibernate.boot.internal.SessionFactoryBuilderImpl.build(SessionFactoryBuilderImpl.java:458)
		at org.hibernate.jpa.boot.internal.EntityManagerFactoryBuilderImpl.build(EntityManagerFactoryBuilderImpl.java:1452)
		at org.springframework.orm.jpa.vendor.SpringHibernateJpaPersistenceProvider.createContainerEntityManagerFactory(SpringHibernateJpaPersistenceProvider.java:93)
		at org.springframework.orm.jpa.LocalContainerEntityManagerFactoryBean.createNativeEntityManagerFactory(LocalContainerEntityManagerFactoryBean.java:443)
		at org.springframework.orm.jpa.AbstractEntityManagerFactoryBean.buildNativeEntityManagerFactory(AbstractEntityManagerFactoryBean.java:436)
		... 40 more
	Caused by: java.sql.SQLException: Connections could not be acquired from the underlying database!
		at com.mchange.v2.sql.SqlUtils.toSQLException(SqlUtils.java:118)
		at com.mchange.v2.c3p0.impl.C3P0PooledConnectionPool.checkoutPooledConnection(C3P0PooledConnectionPool.java:692)
		at com.mchange.v2.c3p0.impl.AbstractPoolBackedDataSource.getConnection(AbstractPoolBackedDataSource.java:140)
		at org.hibernate.engine.jdbc.connections.internal.DataSourceConnectionProvider.getConnection(DataSourceConnectionProvider.java:149)
		at org.hibernate.engine.jdbc.env.internal.JdbcEnvironmentInitiator$ConnectionProviderJdbcConnectionAccess.obtainConnection(JdbcEnvironmentInitiator.java:508)
		at org.hibernate.resource.transaction.backend.jdbc.internal.DdlTransactionIsolatorNonJtaImpl.getIsolatedConnection(DdlTransactionIsolatorNonJtaImpl.java:44)
		... 62 more
	Caused by: com.mchange.v2.resourcepool.CannotAcquireResourceException: A ResourcePool could not acquire a resource from its primary factory or source.
		at com.mchange.v2.resourcepool.BasicResourcePool.awaitAvailable(BasicResourcePool.java:1507)
		at com.mchange.v2.resourcepool.BasicResourcePool.prelimCheckoutResource(BasicResourcePool.java:644)
		at com.mchange.v2.resourcepool.BasicResourcePool.checkoutResource(BasicResourcePool.java:554)
		at com.mchange.v2.c3p0.impl.C3P0PooledConnectionPool.checkoutAndMarkConnectionInUse(C3P0PooledConnectionPool.java:758)
		at com.mchange.v2.c3p0.impl.C3P0PooledConnectionPool.checkoutPooledConnection(C3P0PooledConnectionPool.java:685)
		... 66 more
	Caused by: org.postgresql.util.PSQLException: Connection to localhost:5432 refused. Check that the hostname and port are correct and that the postmaster is accepting TCP/IP connections.
		at org.postgresql.core.v3.ConnectionFactoryImpl.openConnectionImpl(ConnectionFactoryImpl.java:373)
		at org.postgresql.core.ConnectionFactory.openConnection(ConnectionFactory.java:57)
		at org.postgresql.jdbc.PgConnection.<init>(PgConnection.java:290)
		at org.postgresql.Driver.makeConnection(Driver.java:448)
		at org.postgresql.Driver.connect(Driver.java:298)
		at com.mchange.v2.c3p0.DriverManagerDataSource.getConnection(DriverManagerDataSource.java:175)
		at com.mchange.v2.c3p0.WrapperConnectionPoolDataSource.getPooledConnection(WrapperConnectionPoolDataSource.java:220)
		at com.mchange.v2.c3p0.WrapperConnectionPoolDataSource.getPooledConnection(WrapperConnectionPoolDataSource.java:206)
		at com.mchange.v2.c3p0.impl.C3P0PooledConnectionPool$1PooledConnectionResourcePoolManager.acquireResource(C3P0PooledConnectionPool.java:203)
		at com.mchange.v2.resourcepool.BasicResourcePool.doAcquire(BasicResourcePool.java:1176)
		at com.mchange.v2.resourcepool.BasicResourcePool.doAcquireAndDecrementPendingAcquiresWithinLockOnSuccess(BasicResourcePool.java:1163)
		at com.mchange.v2.resourcepool.BasicResourcePool.access$700(BasicResourcePool.java:44)
		at com.mchange.v2.resourcepool.BasicResourcePool$ScatteredAcquireTask.run(BasicResourcePool.java:1908)
		at com.mchange.v2.async.ThreadPoolAsynchronousRunner$PoolThread.run(ThreadPoolAsynchronousRunner.java:696)
	Caused by: java.net.ConnectException: Connection refused
		at java.base/sun.nio.ch.Net.pollConnect(Native Method)
		at java.base/sun.nio.ch.Net.pollConnectNow(Net.java:694)
		at java.base/sun.nio.ch.NioSocketImpl.timedFinishConnect(NioSocketImpl.java:542)
		at java.base/sun.nio.ch.NioSocketImpl.connect(NioSocketImpl.java:592)
		at java.base/java.net.SocksSocketImpl.connect(SocksSocketImpl.java:327)
		at java.base/java.net.Socket.connect(Socket.java:751)
		at org.postgresql.core.PGStream.createSocket(PGStream.java:261)
		at org.postgresql.core.PGStream.<init>(PGStream.java:122)
		at org.postgresql.core.v3.ConnectionFactoryImpl.tryConnect(ConnectionFactoryImpl.java:146)
		at org.postgresql.core.v3.ConnectionFactoryImpl.openConnectionImpl(ConnectionFactoryImpl.java:289)
		... 13 more
29-Jun-2026 05:10:55.007 SEVERE [http-nio-8080-exec-1] org.apache.catalina.core.StandardWrapperValve.invoke Allocate exception for servlet [dispatcher1]
	java.net.ConnectException: Connection refused
		at java.base/sun.nio.ch.Net.pollConnect(Native Method)
		at java.base/sun.nio.ch.Net.pollConnectNow(Net.java:694)
		at java.base/sun.nio.ch.NioSocketImpl.timedFinishConnect(NioSocketImpl.java:542)
		at java.base/sun.nio.ch.NioSocketImpl.connect(NioSocketImpl.java:592)
		at java.base/java.net.SocksSocketImpl.connect(SocksSocketImpl.java:327)
		at java.base/java.net.Socket.connect(Socket.java:751)
		at org.postgresql.core.PGStream.createSocket(PGStream.java:261)
		at org.postgresql.core.PGStream.<init>(PGStream.java:122)
		at org.postgresql.core.v3.ConnectionFactoryImpl.tryConnect(ConnectionFactoryImpl.java:146)
		at org.postgresql.core.v3.ConnectionFactoryImpl.openConnectionImpl(ConnectionFactoryImpl.java:289)
		at org.postgresql.core.ConnectionFactory.openConnection(ConnectionFactory.java:57)
		at org.postgresql.jdbc.PgConnection.<init>(PgConnection.java:290)
		at org.postgresql.Driver.makeConnection(Driver.java:448)
		at org.postgresql.Driver.connect(Driver.java:298)
		at com.mchange.v2.c3p0.DriverManagerDataSource.getConnection(DriverManagerDataSource.java:175)
		at com.mchange.v2.c3p0.WrapperConnectionPoolDataSource.getPooledConnection(WrapperConnectionPoolDataSource.java:220)
		at com.mchange.v2.c3p0.WrapperConnectionPoolDataSource.getPooledConnection(WrapperConnectionPoolDataSource.java:206)
		at com.mchange.v2.c3p0.impl.C3P0PooledConnectionPool$1PooledConnectionResourcePoolManager.acquireResource(C3P0PooledConnectionPool.java:203)
		at com.mchange.v2.resourcepool.BasicResourcePool.doAcquire(BasicResourcePool.java:1176)
		at com.mchange.v2.resourcepool.BasicResourcePool.doAcquireAndDecrementPendingAcquiresWithinLockOnSuccess(BasicResourcePool.java:1163)
		at com.mchange.v2.resourcepool.BasicResourcePool.access$700(BasicResourcePool.java:44)
		at com.mchange.v2.resourcepool.BasicResourcePool$ScatteredAcquireTask.run(BasicResourcePool.java:1908)
		at com.mchange.v2.async.ThreadPoolAsynchronousRunner$PoolThread.run(ThreadPoolAsynchronousRunner.java:696)
29-Jun-2026 05:10:55.025 INFO [http-nio-8080-exec-5] org.apache.catalina.core.ApplicationContext.log Initializing Spring DispatcherServlet 'dispatcher1'
29-Jun-2026 05:11:55.781 SEVERE [http-nio-8080-exec-5] org.apache.catalina.core.ApplicationContext.log Servlet.init() for servlet [dispatcher1] threw exception
	org.springframework.beans.factory.BeanCreationException: Error creating bean with name 'entityManagerFactory' defined in ServletContext resource [/WEB-INF/jdbc-context.xml]: Unable to build Hibernate SessionFactory  [persistence unit: default] ; nested exception is org.hibernate.exception.GenericJDBCException: Unable to open JDBC Connection for DDL execution [Connections could not be acquired from the underlying database!] [n/a]
		at org.springframework.beans.factory.support.AbstractAutowireCapableBeanFactory.initializeBean(AbstractAutowireCapableBeanFactory.java:1817)
		at org.springframework.beans.factory.support.AbstractAutowireCapableBeanFactory.doCreateBean(AbstractAutowireCapableBeanFactory.java:603)
		at org.springframework.beans.factory.support.AbstractAutowireCapableBeanFactory.createBean(AbstractAutowireCapableBeanFactory.java:525)
		at org.springframework.beans.factory.support.AbstractBeanFactory.lambda$doGetBean$0(AbstractBeanFactory.java:333)
		at org.springframework.beans.factory.support.DefaultSingletonBeanRegistry.getSingleton(DefaultSingletonBeanRegistry.java:371)
		at org.springframework.beans.factory.support.AbstractBeanFactory.doGetBean(AbstractBeanFactory.java:331)
		at org.springframework.beans.factory.support.AbstractBeanFactory.getBean(AbstractBeanFactory.java:201)
		at org.springframework.context.support.AbstractApplicationContext.finishBeanFactoryInitialization(AbstractApplicationContext.java:977)
		at org.springframework.context.support.AbstractApplicationContext.refresh(AbstractApplicationContext.java:621)
		at org.springframework.web.servlet.FrameworkServlet.configureAndRefreshWebApplicationContext(FrameworkServlet.java:696)
		at org.springframework.web.servlet.FrameworkServlet.createWebApplicationContext(FrameworkServlet.java:662)
		at org.springframework.web.servlet.FrameworkServlet.createWebApplicationContext(FrameworkServlet.java:710)
		at org.springframework.web.servlet.FrameworkServlet.initWebApplicationContext(FrameworkServlet.java:586)
		at org.springframework.web.servlet.FrameworkServlet.initServletBean(FrameworkServlet.java:528)
		at org.springframework.web.servlet.HttpServletBean.init(HttpServletBean.java:171)
		at jakarta.servlet.GenericServlet.init(GenericServlet.java:145)
		at jakarta.servlet.http.HttpServlet.init(HttpServlet.java:124)
		at org.apache.catalina.core.StandardWrapper.initServlet(StandardWrapper.java:819)
		at org.apache.catalina.core.StandardWrapper.loadServlet(StandardWrapper.java:789)
		at org.apache.catalina.core.StandardWrapper.allocate(StandardWrapper.java:571)
		at org.apache.catalina.core.StandardWrapperValve.invoke(StandardWrapperValve.java:113)
		at org.apache.catalina.core.StandardContextValve.invoke(StandardContextValve.java:77)
		at org.apache.catalina.authenticator.AuthenticatorBase.invoke(AuthenticatorBase.java:492)
		at org.apache.catalina.core.StandardHostValve.invoke(StandardHostValve.java:113)
		at org.apache.catalina.valves.ErrorReportValve.invoke(ErrorReportValve.java:83)
		at org.apache.catalina.valves.AbstractAccessLogValve.invoke(AbstractAccessLogValve.java:782)
		at org.apache.catalina.core.StandardEngineValve.invoke(StandardEngineValve.java:72)
		at org.apache.catalina.connector.CoyoteAdapter.service(CoyoteAdapter.java:341)
		at org.apache.coyote.http11.Http11Processor.service(Http11Processor.java:397)
		at org.apache.coyote.AbstractProcessorLight.process(AbstractProcessorLight.java:63)
		at org.apache.coyote.AbstractProtocol$ConnectionHandler.process(AbstractProtocol.java:1272)
		at org.apache.tomcat.util.net.NioEndpoint$SocketProcessor.doRun(NioEndpoint.java:1801)
		at org.apache.tomcat.util.net.SocketProcessorBase.run(SocketProcessorBase.java:52)
		at org.apache.tomcat.util.threads.ThreadPoolExecutor.runWorker(ThreadPoolExecutor.java:946)
		at org.apache.tomcat.util.threads.ThreadPoolExecutor$Worker.run(ThreadPoolExecutor.java:480)
		at org.apache.tomcat.util.threads.TaskThread$WrappingRunnable.run(TaskThread.java:57)
		at java.base/java.lang.Thread.run(Thread.java:1583)
	Caused by: jakarta.persistence.PersistenceException: Unable to build Hibernate SessionFactory  [persistence unit: default] ; nested exception is org.hibernate.exception.GenericJDBCException: Unable to open JDBC Connection for DDL execution [Connections could not be acquired from the underlying database!] [n/a]
		at org.springframework.orm.jpa.AbstractEntityManagerFactoryBean.buildNativeEntityManagerFactory(AbstractEntityManagerFactoryBean.java:448)
		at org.springframework.orm.jpa.AbstractEntityManagerFactoryBean.afterPropertiesSet(AbstractEntityManagerFactoryBean.java:411)
		at org.springframework.orm.jpa.LocalContainerEntityManagerFactoryBean.afterPropertiesSet(LocalContainerEntityManagerFactoryBean.java:419)
		at org.springframework.beans.factory.support.AbstractAutowireCapableBeanFactory.invokeInitMethods(AbstractAutowireCapableBeanFactory.java:1864)
		at org.springframework.beans.factory.support.AbstractAutowireCapableBeanFactory.initializeBean(AbstractAutowireCapableBeanFactory.java:1813)
		... 36 more
	Caused by: org.hibernate.exception.GenericJDBCException: Unable to open JDBC Connection for DDL execution [Connections could not be acquired from the underlying database!] [n/a]
		at org.hibernate.exception.internal.StandardSQLExceptionConverter.convert(StandardSQLExceptionConverter.java:39)
		at org.hibernate.engine.jdbc.spi.SqlExceptionHelper.convert(SqlExceptionHelper.java:115)
		at org.hibernate.engine.jdbc.spi.SqlExceptionHelper.convert(SqlExceptionHelper.java:101)
		at org.hibernate.resource.transaction.backend.jdbc.internal.DdlTransactionIsolatorNonJtaImpl.getIsolatedConnection(DdlTransactionIsolatorNonJtaImpl.java:71)
		at org.hibernate.resource.transaction.backend.jdbc.internal.DdlTransactionIsolatorNonJtaImpl.getIsolatedConnection(DdlTransactionIsolatorNonJtaImpl.java:37)
		at org.hibernate.tool.schema.internal.exec.ImprovedExtractionContextImpl.getJdbcConnection(ImprovedExtractionContextImpl.java:61)
		at org.hibernate.tool.schema.extract.spi.ExtractionContext.getQueryResults(ExtractionContext.java:41)
		at org.hibernate.tool.schema.extract.internal.SequenceInformationExtractorLegacyImpl.extractMetadata(SequenceInformationExtractorLegacyImpl.java:36)
		at org.hibernate.tool.schema.extract.internal.DatabaseInformationImpl.initializeSequences(DatabaseInformationImpl.java:73)
		at org.hibernate.tool.schema.extract.internal.DatabaseInformationImpl.<init>(DatabaseInformationImpl.java:63)
		at org.hibernate.tool.schema.extract.internal.CachingDatabaseInformationImpl.<init>(CachingDatabaseInformationImpl.java:43)
		at org.hibernate.tool.schema.internal.GroupedSchemaMigratorImpl.buildDatabaseInformation(GroupedSchemaMigratorImpl.java:112)
		at org.hibernate.tool.schema.internal.AbstractSchemaMigrator.doMigration(AbstractSchemaMigrator.java:83)
		at org.hibernate.tool.schema.spi.SchemaManagementToolCoordinator.performDatabaseAction(SchemaManagementToolCoordinator.java:269)
		at org.hibernate.tool.schema.spi.SchemaManagementToolCoordinator.lambda$process$1(SchemaManagementToolCoordinator.java:101)
		at java.base/java.util.HashMap.forEach(HashMap.java:1429)
		at org.hibernate.tool.schema.spi.SchemaManagementToolCoordinator.process(SchemaManagementToolCoordinator.java:100)
		at org.hibernate.boot.internal.SessionFactoryObserverForSchemaExport.sessionFactoryCreated(SessionFactoryObserverForSchemaExport.java:35)
		at org.hibernate.internal.SessionFactoryObserverChain.sessionFactoryCreated(SessionFactoryObserverChain.java:33)
		at org.hibernate.internal.SessionFactoryImpl.<init>(SessionFactoryImpl.java:327)
		at org.hibernate.internal.SessionFactoryRegistry.instantiateSessionFactory(SessionFactoryRegistry.java:64)
		at org.hibernate.boot.internal.SessionFactoryBuilderImpl.build(SessionFactoryBuilderImpl.java:458)
		at org.hibernate.jpa.boot.internal.EntityManagerFactoryBuilderImpl.build(EntityManagerFactoryBuilderImpl.java:1452)
		at org.springframework.orm.jpa.vendor.SpringHibernateJpaPersistenceProvider.createContainerEntityManagerFactory(SpringHibernateJpaPersistenceProvider.java:93)
		at org.springframework.orm.jpa.LocalContainerEntityManagerFactoryBean.createNativeEntityManagerFactory(LocalContainerEntityManagerFactoryBean.java:443)
		at org.springframework.orm.jpa.AbstractEntityManagerFactoryBean.buildNativeEntityManagerFactory(AbstractEntityManagerFactoryBean.java:436)
		... 40 more
	Caused by: java.sql.SQLException: Connections could not be acquired from the underlying database!
		at com.mchange.v2.sql.SqlUtils.toSQLException(SqlUtils.java:118)
		at com.mchange.v2.c3p0.impl.C3P0PooledConnectionPool.checkoutPooledConnection(C3P0PooledConnectionPool.java:692)
		at com.mchange.v2.c3p0.impl.AbstractPoolBackedDataSource.getConnection(AbstractPoolBackedDataSource.java:140)
		at org.hibernate.engine.jdbc.connections.internal.DataSourceConnectionProvider.getConnection(DataSourceConnectionProvider.java:149)
		at org.hibernate.engine.jdbc.env.internal.JdbcEnvironmentInitiator$ConnectionProviderJdbcConnectionAccess.obtainConnection(JdbcEnvironmentInitiator.java:508)
		at org.hibernate.resource.transaction.backend.jdbc.internal.DdlTransactionIsolatorNonJtaImpl.getIsolatedConnection(DdlTransactionIsolatorNonJtaImpl.java:44)
		... 62 more
	Caused by: com.mchange.v2.resourcepool.CannotAcquireResourceException: A ResourcePool could not acquire a resource from its primary factory or source.
		at com.mchange.v2.resourcepool.BasicResourcePool.awaitAvailable(BasicResourcePool.java:1507)
		at com.mchange.v2.resourcepool.BasicResourcePool.prelimCheckoutResource(BasicResourcePool.java:644)
		at com.mchange.v2.resourcepool.BasicResourcePool.checkoutResource(BasicResourcePool.java:554)
		at com.mchange.v2.c3p0.impl.C3P0PooledConnectionPool.checkoutAndMarkConnectionInUse(C3P0PooledConnectionPool.java:758)
		at com.mchange.v2.c3p0.impl.C3P0PooledConnectionPool.checkoutPooledConnection(C3P0PooledConnectionPool.java:685)
		... 66 more
	Caused by: org.postgresql.util.PSQLException: Connection to localhost:5432 refused. Check that the hostname and port are correct and that the postmaster is accepting TCP/IP connections.
		at org.postgresql.core.v3.ConnectionFactoryImpl.openConnectionImpl(ConnectionFactoryImpl.java:373)
		at org.postgresql.core.ConnectionFactory.openConnection(ConnectionFactory.java:57)
		at org.postgresql.jdbc.PgConnection.<init>(PgConnection.java:290)
		at org.postgresql.Driver.makeConnection(Driver.java:448)
		at org.postgresql.Driver.connect(Driver.java:298)
		at com.mchange.v2.c3p0.DriverManagerDataSource.getConnection(DriverManagerDataSource.java:175)
		at com.mchange.v2.c3p0.WrapperConnectionPoolDataSource.getPooledConnection(WrapperConnectionPoolDataSource.java:220)
		at com.mchange.v2.c3p0.WrapperConnectionPoolDataSource.getPooledConnection(WrapperConnectionPoolDataSource.java:206)
		at com.mchange.v2.c3p0.impl.C3P0PooledConnectionPool$1PooledConnectionResourcePoolManager.acquireResource(C3P0PooledConnectionPool.java:203)
		at com.mchange.v2.resourcepool.BasicResourcePool.doAcquire(BasicResourcePool.java:1176)
		at com.mchange.v2.resourcepool.BasicResourcePool.doAcquireAndDecrementPendingAcquiresWithinLockOnSuccess(BasicResourcePool.java:1163)
		at com.mchange.v2.resourcepool.BasicResourcePool.access$700(BasicResourcePool.java:44)
		at com.mchange.v2.resourcepool.BasicResourcePool$ScatteredAcquireTask.run(BasicResourcePool.java:1908)
		at com.mchange.v2.async.ThreadPoolAsynchronousRunner$PoolThread.run(ThreadPoolAsynchronousRunner.java:696)
	Caused by: java.net.ConnectException: Connection refused
		at java.base/sun.nio.ch.Net.pollConnect(Native Method)
		at java.base/sun.nio.ch.Net.pollConnectNow(Net.java:694)
		at java.base/sun.nio.ch.NioSocketImpl.timedFinishConnect(NioSocketImpl.java:542)
		at java.base/sun.nio.ch.NioSocketImpl.connect(NioSocketImpl.java:592)
		at java.base/java.net.SocksSocketImpl.connect(SocksSocketImpl.java:327)
		at java.base/java.net.Socket.connect(Socket.java:751)
		at org.postgresql.core.PGStream.createSocket(PGStream.java:261)
		at org.postgresql.core.PGStream.<init>(PGStream.java:122)
		at org.postgresql.core.v3.ConnectionFactoryImpl.tryConnect(ConnectionFactoryImpl.java:146)
		at org.postgresql.core.v3.ConnectionFactoryImpl.openConnectionImpl(ConnectionFactoryImpl.java:289)
		... 13 more
29-Jun-2026 05:11:55.784 SEVERE [http-nio-8080-exec-5] org.apache.catalina.core.StandardWrapperValve.invoke Allocate exception for servlet [dispatcher1]
	java.net.ConnectException: Connection refused
		at java.base/sun.nio.ch.Net.pollConnect(Native Method)
		at java.base/sun.nio.ch.Net.pollConnectNow(Net.java:694)
		at java.base/sun.nio.ch.NioSocketImpl.timedFinishConnect(NioSocketImpl.java:542)
		at java.base/sun.nio.ch.NioSocketImpl.connect(NioSocketImpl.java:592)
		at java.base/java.net.SocksSocketImpl.connect(SocksSocketImpl.java:327)
		at java.base/java.net.Socket.connect(Socket.java:751)
		at org.postgresql.core.PGStream.createSocket(PGStream.java:261)
		at org.postgresql.core.PGStream.<init>(PGStream.java:122)
		at org.postgresql.core.v3.ConnectionFactoryImpl.tryConnect(ConnectionFactoryImpl.java:146)
		at org.postgresql.core.v3.ConnectionFactoryImpl.openConnectionImpl(ConnectionFactoryImpl.java:289)
		at org.postgresql.core.ConnectionFactory.openConnection(ConnectionFactory.java:57)
		at org.postgresql.jdbc.PgConnection.<init>(PgConnection.java:290)
		at org.postgresql.Driver.makeConnection(Driver.java:448)
		at org.postgresql.Driver.connect(Driver.java:298)
		at com.mchange.v2.c3p0.DriverManagerDataSource.getConnection(DriverManagerDataSource.java:175)
		at com.mchange.v2.c3p0.WrapperConnectionPoolDataSource.getPooledConnection(WrapperConnectionPoolDataSource.java:220)
		at com.mchange.v2.c3p0.WrapperConnectionPoolDataSource.getPooledConnection(WrapperConnectionPoolDataSource.java:206)
		at com.mchange.v2.c3p0.impl.C3P0PooledConnectionPool$1PooledConnectionResourcePoolManager.acquireResource(C3P0PooledConnectionPool.java:203)
		at com.mchange.v2.resourcepool.BasicResourcePool.doAcquire(BasicResourcePool.java:1176)
		at com.mchange.v2.resourcepool.BasicResourcePool.doAcquireAndDecrementPendingAcquiresWithinLockOnSuccess(BasicResourcePool.java:1163)
		at com.mchange.v2.resourcepool.BasicResourcePool.access$700(BasicResourcePool.java:44)
		at com.mchange.v2.resourcepool.BasicResourcePool$ScatteredAcquireTask.run(BasicResourcePool.java:1908)
		at com.mchange.v2.async.ThreadPoolAsynchronousRunner$PoolThread.run(ThreadPoolAsynchronousRunner.java:696)
29-Jun-2026 05:11:55.809 INFO [http-nio-8080-exec-4] org.apache.catalina.core.ApplicationContext.log Initializing Spring DispatcherServlet 'dispatcher1'
29-Jun-2026 05:12:56.412 SEVERE [http-nio-8080-exec-4] org.apache.catalina.core.ApplicationContext.log Servlet.init() for servlet [dispatcher1] threw exception
	org.springframework.beans.factory.BeanCreationException: Error creating bean with name 'entityManagerFactory' defined in ServletContext resource [/WEB-INF/jdbc-context.xml]: Unable to build Hibernate SessionFactory  [persistence unit: default] ; nested exception is org.hibernate.exception.GenericJDBCException: Unable to open JDBC Connection for DDL execution [Connections could not be acquired from the underlying database!] [n/a]
		at org.springframework.beans.factory.support.AbstractAutowireCapableBeanFactory.initializeBean(AbstractAutowireCapableBeanFactory.java:1817)
		at org.springframework.beans.factory.support.AbstractAutowireCapableBeanFactory.doCreateBean(AbstractAutowireCapableBeanFactory.java:603)
		at org.springframework.beans.factory.support.AbstractAutowireCapableBeanFactory.createBean(AbstractAutowireCapableBeanFactory.java:525)
		at org.springframework.beans.factory.support.AbstractBeanFactory.lambda$doGetBean$0(AbstractBeanFactory.java:333)
		at org.springframework.beans.factory.support.DefaultSingletonBeanRegistry.getSingleton(DefaultSingletonBeanRegistry.java:371)
		at org.springframework.beans.factory.support.AbstractBeanFactory.doGetBean(AbstractBeanFactory.java:331)
		at org.springframework.beans.factory.support.AbstractBeanFactory.getBean(AbstractBeanFactory.java:201)
		at org.springframework.context.support.AbstractApplicationContext.finishBeanFactoryInitialization(AbstractApplicationContext.java:977)
		at org.springframework.context.support.AbstractApplicationContext.refresh(AbstractApplicationContext.java:621)
		at org.springframework.web.servlet.FrameworkServlet.configureAndRefreshWebApplicationContext(FrameworkServlet.java:696)
		at org.springframework.web.servlet.FrameworkServlet.createWebApplicationContext(FrameworkServlet.java:662)
		at org.springframework.web.servlet.FrameworkServlet.createWebApplicationContext(FrameworkServlet.java:710)
		at org.springframework.web.servlet.FrameworkServlet.initWebApplicationContext(FrameworkServlet.java:586)
		at org.springframework.web.servlet.FrameworkServlet.initServletBean(FrameworkServlet.java:528)
		at org.springframework.web.servlet.HttpServletBean.init(HttpServletBean.java:171)
		at jakarta.servlet.GenericServlet.init(GenericServlet.java:145)
		at jakarta.servlet.http.HttpServlet.init(HttpServlet.java:124)
		at org.apache.catalina.core.StandardWrapper.initServlet(StandardWrapper.java:819)
		at org.apache.catalina.core.StandardWrapper.loadServlet(StandardWrapper.java:789)
		at org.apache.catalina.core.StandardWrapper.allocate(StandardWrapper.java:571)
		at org.apache.catalina.core.StandardWrapperValve.invoke(StandardWrapperValve.java:113)
		at org.apache.catalina.core.StandardContextValve.invoke(StandardContextValve.java:77)
		at org.apache.catalina.authenticator.AuthenticatorBase.invoke(AuthenticatorBase.java:492)
		at org.apache.catalina.core.StandardHostValve.invoke(StandardHostValve.java:113)
		at org.apache.catalina.valves.ErrorReportValve.invoke(ErrorReportValve.java:83)
		at org.apache.catalina.valves.AbstractAccessLogValve.invoke(AbstractAccessLogValve.java:782)
		at org.apache.catalina.core.StandardEngineValve.invoke(StandardEngineValve.java:72)
		at org.apache.catalina.connector.CoyoteAdapter.service(CoyoteAdapter.java:341)
		at org.apache.coyote.http11.Http11Processor.service(Http11Processor.java:397)
		at org.apache.coyote.AbstractProcessorLight.process(AbstractProcessorLight.java:63)
		at org.apache.coyote.AbstractProtocol$ConnectionHandler.process(AbstractProtocol.java:1272)
		at org.apache.tomcat.util.net.NioEndpoint$SocketProcessor.doRun(NioEndpoint.java:1801)
		at org.apache.tomcat.util.net.SocketProcessorBase.run(SocketProcessorBase.java:52)
		at org.apache.tomcat.util.threads.ThreadPoolExecutor.runWorker(ThreadPoolExecutor.java:946)
		at org.apache.tomcat.util.threads.ThreadPoolExecutor$Worker.run(ThreadPoolExecutor.java:480)
		at org.apache.tomcat.util.threads.TaskThread$WrappingRunnable.run(TaskThread.java:57)
		at java.base/java.lang.Thread.run(Thread.java:1583)
	Caused by: jakarta.persistence.PersistenceException: Unable to build Hibernate SessionFactory  [persistence unit: default] ; nested exception is org.hibernate.exception.GenericJDBCException: Unable to open JDBC Connection for DDL execution [Connections could not be acquired from the underlying database!] [n/a]
		at org.springframework.orm.jpa.AbstractEntityManagerFactoryBean.buildNativeEntityManagerFactory(AbstractEntityManagerFactoryBean.java:448)
		at org.springframework.orm.jpa.AbstractEntityManagerFactoryBean.afterPropertiesSet(AbstractEntityManagerFactoryBean.java:411)
		at org.springframework.orm.jpa.LocalContainerEntityManagerFactoryBean.afterPropertiesSet(LocalContainerEntityManagerFactoryBean.java:419)
		at org.springframework.beans.factory.support.AbstractAutowireCapableBeanFactory.invokeInitMethods(AbstractAutowireCapableBeanFactory.java:1864)
		at org.springframework.beans.factory.support.AbstractAutowireCapableBeanFactory.initializeBean(AbstractAutowireCapableBeanFactory.java:1813)
		... 36 more
	Caused by: org.hibernate.exception.GenericJDBCException: Unable to open JDBC Connection for DDL execution [Connections could not be acquired from the underlying database!] [n/a]
		at org.hibernate.exception.internal.StandardSQLExceptionConverter.convert(StandardSQLExceptionConverter.java:39)
		at org.hibernate.engine.jdbc.spi.SqlExceptionHelper.convert(SqlExceptionHelper.java:115)
		at org.hibernate.engine.jdbc.spi.SqlExceptionHelper.convert(SqlExceptionHelper.java:101)
		at org.hibernate.resource.transaction.backend.jdbc.internal.DdlTransactionIsolatorNonJtaImpl.getIsolatedConnection(DdlTransactionIsolatorNonJtaImpl.java:71)
		at org.hibernate.resource.transaction.backend.jdbc.internal.DdlTransactionIsolatorNonJtaImpl.getIsolatedConnection(DdlTransactionIsolatorNonJtaImpl.java:37)
		at org.hibernate.tool.schema.internal.exec.ImprovedExtractionContextImpl.getJdbcConnection(ImprovedExtractionContextImpl.java:61)
		at org.hibernate.tool.schema.extract.spi.ExtractionContext.getQueryResults(ExtractionContext.java:41)
		at org.hibernate.tool.schema.extract.internal.SequenceInformationExtractorLegacyImpl.extractMetadata(SequenceInformationExtractorLegacyImpl.java:36)
		at org.hibernate.tool.schema.extract.internal.DatabaseInformationImpl.initializeSequences(DatabaseInformationImpl.java:73)
		at org.hibernate.tool.schema.extract.internal.DatabaseInformationImpl.<init>(DatabaseInformationImpl.java:63)
		at org.hibernate.tool.schema.extract.internal.CachingDatabaseInformationImpl.<init>(CachingDatabaseInformationImpl.java:43)
		at org.hibernate.tool.schema.internal.GroupedSchemaMigratorImpl.buildDatabaseInformation(GroupedSchemaMigratorImpl.java:112)
		at org.hibernate.tool.schema.internal.AbstractSchemaMigrator.doMigration(AbstractSchemaMigrator.java:83)
		at org.hibernate.tool.schema.spi.SchemaManagementToolCoordinator.performDatabaseAction(SchemaManagementToolCoordinator.java:269)
		at org.hibernate.tool.schema.spi.SchemaManagementToolCoordinator.lambda$process$1(SchemaManagementToolCoordinator.java:101)
		at java.base/java.util.HashMap.forEach(HashMap.java:1429)
		at org.hibernate.tool.schema.spi.SchemaManagementToolCoordinator.process(SchemaManagementToolCoordinator.java:100)
		at org.hibernate.boot.internal.SessionFactoryObserverForSchemaExport.sessionFactoryCreated(SessionFactoryObserverForSchemaExport.java:35)
		at org.hibernate.internal.SessionFactoryObserverChain.sessionFactoryCreated(SessionFactoryObserverChain.java:33)
		at org.hibernate.internal.SessionFactoryImpl.<init>(SessionFactoryImpl.java:327)
		at org.hibernate.internal.SessionFactoryRegistry.instantiateSessionFactory(SessionFactoryRegistry.java:64)
		at org.hibernate.boot.internal.SessionFactoryBuilderImpl.build(SessionFactoryBuilderImpl.java:458)
		at org.hibernate.jpa.boot.internal.EntityManagerFactoryBuilderImpl.build(EntityManagerFactoryBuilderImpl.java:1452)
		at org.springframework.orm.jpa.vendor.SpringHibernateJpaPersistenceProvider.createContainerEntityManagerFactory(SpringHibernateJpaPersistenceProvider.java:93)
		at org.springframework.orm.jpa.LocalContainerEntityManagerFactoryBean.createNativeEntityManagerFactory(LocalContainerEntityManagerFactoryBean.java:443)
		at org.springframework.orm.jpa.AbstractEntityManagerFactoryBean.buildNativeEntityManagerFactory(AbstractEntityManagerFactoryBean.java:436)
		... 40 more
	Caused by: java.sql.SQLException: Connections could not be acquired from the underlying database!
		at com.mchange.v2.sql.SqlUtils.toSQLException(SqlUtils.java:118)
		at com.mchange.v2.c3p0.impl.C3P0PooledConnectionPool.checkoutPooledConnection(C3P0PooledConnectionPool.java:692)
		at com.mchange.v2.c3p0.impl.AbstractPoolBackedDataSource.getConnection(AbstractPoolBackedDataSource.java:140)
		at org.hibernate.engine.jdbc.connections.internal.DataSourceConnectionProvider.getConnection(DataSourceConnectionProvider.java:149)
		at org.hibernate.engine.jdbc.env.internal.JdbcEnvironmentInitiator$ConnectionProviderJdbcConnectionAccess.obtainConnection(JdbcEnvironmentInitiator.java:508)
		at org.hibernate.resource.transaction.backend.jdbc.internal.DdlTransactionIsolatorNonJtaImpl.getIsolatedConnection(DdlTransactionIsolatorNonJtaImpl.java:44)
		... 62 more
	Caused by: com.mchange.v2.resourcepool.CannotAcquireResourceException: A ResourcePool could not acquire a resource from its primary factory or source.
		at com.mchange.v2.resourcepool.BasicResourcePool.awaitAvailable(BasicResourcePool.java:1507)
		at com.mchange.v2.resourcepool.BasicResourcePool.prelimCheckoutResource(BasicResourcePool.java:644)
		at com.mchange.v2.resourcepool.BasicResourcePool.checkoutResource(BasicResourcePool.java:554)
		at com.mchange.v2.c3p0.impl.C3P0PooledConnectionPool.checkoutAndMarkConnectionInUse(C3P0PooledConnectionPool.java:758)
		at com.mchange.v2.c3p0.impl.C3P0PooledConnectionPool.checkoutPooledConnection(C3P0PooledConnectionPool.java:685)
		... 66 more
	Caused by: org.postgresql.util.PSQLException: Connection to localhost:5432 refused. Check that the hostname and port are correct and that the postmaster is accepting TCP/IP connections.
		at org.postgresql.core.v3.ConnectionFactoryImpl.openConnectionImpl(ConnectionFactoryImpl.java:373)
		at org.postgresql.core.ConnectionFactory.openConnection(ConnectionFactory.java:57)
		at org.postgresql.jdbc.PgConnection.<init>(PgConnection.java:290)
		at org.postgresql.Driver.makeConnection(Driver.java:448)
		at org.postgresql.Driver.connect(Driver.java:298)
		at com.mchange.v2.c3p0.DriverManagerDataSource.getConnection(DriverManagerDataSource.java:175)
		at com.mchange.v2.c3p0.WrapperConnectionPoolDataSource.getPooledConnection(WrapperConnectionPoolDataSource.java:220)
		at com.mchange.v2.c3p0.WrapperConnectionPoolDataSource.getPooledConnection(WrapperConnectionPoolDataSource.java:206)
		at com.mchange.v2.c3p0.impl.C3P0PooledConnectionPool$1PooledConnectionResourcePoolManager.acquireResource(C3P0PooledConnectionPool.java:203)
		at com.mchange.v2.resourcepool.BasicResourcePool.doAcquire(BasicResourcePool.java:1176)
		at com.mchange.v2.resourcepool.BasicResourcePool.doAcquireAndDecrementPendingAcquiresWithinLockOnSuccess(BasicResourcePool.java:1163)
		at com.mchange.v2.resourcepool.BasicResourcePool.access$700(BasicResourcePool.java:44)
		at com.mchange.v2.resourcepool.BasicResourcePool$ScatteredAcquireTask.run(BasicResourcePool.java:1908)
		at com.mchange.v2.async.ThreadPoolAsynchronousRunner$PoolThread.run(ThreadPoolAsynchronousRunner.java:696)
	Caused by: java.net.ConnectException: Connection refused
		at java.base/sun.nio.ch.Net.pollConnect(Native Method)
		at java.base/sun.nio.ch.Net.pollConnectNow(Net.java:694)
		at java.base/sun.nio.ch.NioSocketImpl.timedFinishConnect(NioSocketImpl.java:542)
		at java.base/sun.nio.ch.NioSocketImpl.connect(NioSocketImpl.java:592)
		at java.base/java.net.SocksSocketImpl.connect(SocksSocketImpl.java:327)
		at java.base/java.net.Socket.connect(Socket.java:751)
		at org.postgresql.core.PGStream.createSocket(PGStream.java:261)
		at org.postgresql.core.PGStream.<init>(PGStream.java:122)
		at org.postgresql.core.v3.ConnectionFactoryImpl.tryConnect(ConnectionFactoryImpl.java:146)
		at org.postgresql.core.v3.ConnectionFactoryImpl.openConnectionImpl(ConnectionFactoryImpl.java:289)
		... 13 more
29-Jun-2026 05:12:56.414 SEVERE [http-nio-8080-exec-4] org.apache.catalina.core.StandardWrapperValve.invoke Allocate exception for servlet [dispatcher1]
	java.net.ConnectException: Connection refused
		at java.base/sun.nio.ch.Net.pollConnect(Native Method)
		at java.base/sun.nio.ch.Net.pollConnectNow(Net.java:694)
		at java.base/sun.nio.ch.NioSocketImpl.timedFinishConnect(NioSocketImpl.java:542)
		at java.base/sun.nio.ch.NioSocketImpl.connect(NioSocketImpl.java:592)
		at java.base/java.net.SocksSocketImpl.connect(SocksSocketImpl.java:327)
		at java.base/java.net.Socket.connect(Socket.java:751)
		at org.postgresql.core.PGStream.createSocket(PGStream.java:261)
		at org.postgresql.core.PGStream.<init>(PGStream.java:122)
		at org.postgresql.core.v3.ConnectionFactoryImpl.tryConnect(ConnectionFactoryImpl.java:146)
		at org.postgresql.core.v3.ConnectionFactoryImpl.openConnectionImpl(ConnectionFactoryImpl.java:289)
		at org.postgresql.core.ConnectionFactory.openConnection(ConnectionFactory.java:57)
		at org.postgresql.jdbc.PgConnection.<init>(PgConnection.java:290)
		at org.postgresql.Driver.makeConnection(Driver.java:448)
		at org.postgresql.Driver.connect(Driver.java:298)
		at com.mchange.v2.c3p0.DriverManagerDataSource.getConnection(DriverManagerDataSource.java:175)
		at com.mchange.v2.c3p0.WrapperConnectionPoolDataSource.getPooledConnection(WrapperConnectionPoolDataSource.java:220)
		at com.mchange.v2.c3p0.WrapperConnectionPoolDataSource.getPooledConnection(WrapperConnectionPoolDataSource.java:206)
		at com.mchange.v2.c3p0.impl.C3P0PooledConnectionPool$1PooledConnectionResourcePoolManager.acquireResource(C3P0PooledConnectionPool.java:203)
		at com.mchange.v2.resourcepool.BasicResourcePool.doAcquire(BasicResourcePool.java:1176)
		at com.mchange.v2.resourcepool.BasicResourcePool.doAcquireAndDecrementPendingAcquiresWithinLockOnSuccess(BasicResourcePool.java:1163)
		at com.mchange.v2.resourcepool.BasicResourcePool.access$700(BasicResourcePool.java:44)
		at com.mchange.v2.resourcepool.BasicResourcePool$ScatteredAcquireTask.run(BasicResourcePool.java:1908)
		at com.mchange.v2.async.ThreadPoolAsynchronousRunner$PoolThread.run(ThreadPoolAsynchronousRunner.java:696)
29-Jun-2026 05:12:56.422 INFO [http-nio-8080-exec-3] org.apache.catalina.core.ApplicationContext.log Initializing Spring DispatcherServlet 'dispatcher1'
29-Jun-2026 05:13:12.606 INFO [main] org.apache.catalina.core.ApplicationContext.log No Spring WebApplicationInitializer types detected on classpath
29-Jun-2026 05:13:16.479 INFO [http-nio-8080-exec-1] org.apache.catalina.core.ApplicationContext.log Initializing Spring DispatcherServlet 'dispatcher1'
29-Jun-2026 05:14:20.797 SEVERE [http-nio-8080-exec-1] org.apache.catalina.core.ApplicationContext.log Servlet.init() for servlet [dispatcher1] threw exception
	org.springframework.beans.factory.BeanCreationException: Error creating bean with name 'entityManagerFactory' defined in ServletContext resource [/WEB-INF/jdbc-context.xml]: Unable to build Hibernate SessionFactory  [persistence unit: default] ; nested exception is org.hibernate.exception.GenericJDBCException: Unable to open JDBC Connection for DDL execution [Connections could not be acquired from the underlying database!] [n/a]
		at org.springframework.beans.factory.support.AbstractAutowireCapableBeanFactory.initializeBean(AbstractAutowireCapableBeanFactory.java:1817)
		at org.springframework.beans.factory.support.AbstractAutowireCapableBeanFactory.doCreateBean(AbstractAutowireCapableBeanFactory.java:603)
		at org.springframework.beans.factory.support.AbstractAutowireCapableBeanFactory.createBean(AbstractAutowireCapableBeanFactory.java:525)
		at org.springframework.beans.factory.support.AbstractBeanFactory.lambda$doGetBean$0(AbstractBeanFactory.java:333)
		at org.springframework.beans.factory.support.DefaultSingletonBeanRegistry.getSingleton(DefaultSingletonBeanRegistry.java:371)
		at org.springframework.beans.factory.support.AbstractBeanFactory.doGetBean(AbstractBeanFactory.java:331)
		at org.springframework.beans.factory.support.AbstractBeanFactory.getBean(AbstractBeanFactory.java:201)
		at org.springframework.context.support.AbstractApplicationContext.finishBeanFactoryInitialization(AbstractApplicationContext.java:977)
		at org.springframework.context.support.AbstractApplicationContext.refresh(AbstractApplicationContext.java:621)
		at org.springframework.web.servlet.FrameworkServlet.configureAndRefreshWebApplicationContext(FrameworkServlet.java:696)
		at org.springframework.web.servlet.FrameworkServlet.createWebApplicationContext(FrameworkServlet.java:662)
		at org.springframework.web.servlet.FrameworkServlet.createWebApplicationContext(FrameworkServlet.java:710)
		at org.springframework.web.servlet.FrameworkServlet.initWebApplicationContext(FrameworkServlet.java:586)
		at org.springframework.web.servlet.FrameworkServlet.initServletBean(FrameworkServlet.java:528)
		at org.springframework.web.servlet.HttpServletBean.init(HttpServletBean.java:171)
		at jakarta.servlet.GenericServlet.init(GenericServlet.java:145)
		at jakarta.servlet.http.HttpServlet.init(HttpServlet.java:124)
		at org.apache.catalina.core.StandardWrapper.initServlet(StandardWrapper.java:819)
		at org.apache.catalina.core.StandardWrapper.loadServlet(StandardWrapper.java:789)
		at org.apache.catalina.core.StandardWrapper.allocate(StandardWrapper.java:571)
		at org.apache.catalina.core.StandardWrapperValve.invoke(StandardWrapperValve.java:113)
		at org.apache.catalina.core.StandardContextValve.invoke(StandardContextValve.java:77)
		at org.apache.catalina.authenticator.AuthenticatorBase.invoke(AuthenticatorBase.java:492)
		at org.apache.catalina.core.StandardHostValve.invoke(StandardHostValve.java:113)
		at org.apache.catalina.valves.ErrorReportValve.invoke(ErrorReportValve.java:83)
		at org.apache.catalina.valves.AbstractAccessLogValve.invoke(AbstractAccessLogValve.java:782)
		at org.apache.catalina.core.StandardEngineValve.invoke(StandardEngineValve.java:72)
		at org.apache.catalina.connector.CoyoteAdapter.service(CoyoteAdapter.java:341)
		at org.apache.coyote.http11.Http11Processor.service(Http11Processor.java:397)
		at org.apache.coyote.AbstractProcessorLight.process(AbstractProcessorLight.java:63)
		at org.apache.coyote.AbstractProtocol$ConnectionHandler.process(AbstractProtocol.java:1272)
		at org.apache.tomcat.util.net.NioEndpoint$SocketProcessor.doRun(NioEndpoint.java:1801)
		at org.apache.tomcat.util.net.SocketProcessorBase.run(SocketProcessorBase.java:52)
		at org.apache.tomcat.util.threads.ThreadPoolExecutor.runWorker(ThreadPoolExecutor.java:946)
		at org.apache.tomcat.util.threads.ThreadPoolExecutor$Worker.run(ThreadPoolExecutor.java:480)
		at org.apache.tomcat.util.threads.TaskThread$WrappingRunnable.run(TaskThread.java:57)
		at java.base/java.lang.Thread.run(Thread.java:1583)
	Caused by: jakarta.persistence.PersistenceException: Unable to build Hibernate SessionFactory  [persistence unit: default] ; nested exception is org.hibernate.exception.GenericJDBCException: Unable to open JDBC Connection for DDL execution [Connections could not be acquired from the underlying database!] [n/a]
		at org.springframework.orm.jpa.AbstractEntityManagerFactoryBean.buildNativeEntityManagerFactory(AbstractEntityManagerFactoryBean.java:448)
		at org.springframework.orm.jpa.AbstractEntityManagerFactoryBean.afterPropertiesSet(AbstractEntityManagerFactoryBean.java:411)
		at org.springframework.orm.jpa.LocalContainerEntityManagerFactoryBean.afterPropertiesSet(LocalContainerEntityManagerFactoryBean.java:419)
		at org.springframework.beans.factory.support.AbstractAutowireCapableBeanFactory.invokeInitMethods(AbstractAutowireCapableBeanFactory.java:1864)
		at org.springframework.beans.factory.support.AbstractAutowireCapableBeanFactory.initializeBean(AbstractAutowireCapableBeanFactory.java:1813)
		... 36 more
	Caused by: org.hibernate.exception.GenericJDBCException: Unable to open JDBC Connection for DDL execution [Connections could not be acquired from the underlying database!] [n/a]
		at org.hibernate.exception.internal.StandardSQLExceptionConverter.convert(StandardSQLExceptionConverter.java:39)
		at org.hibernate.engine.jdbc.spi.SqlExceptionHelper.convert(SqlExceptionHelper.java:115)
		at org.hibernate.engine.jdbc.spi.SqlExceptionHelper.convert(SqlExceptionHelper.java:101)
		at org.hibernate.resource.transaction.backend.jdbc.internal.DdlTransactionIsolatorNonJtaImpl.getIsolatedConnection(DdlTransactionIsolatorNonJtaImpl.java:71)
		at org.hibernate.resource.transaction.backend.jdbc.internal.DdlTransactionIsolatorNonJtaImpl.getIsolatedConnection(DdlTransactionIsolatorNonJtaImpl.java:37)
		at org.hibernate.tool.schema.internal.exec.ImprovedExtractionContextImpl.getJdbcConnection(ImprovedExtractionContextImpl.java:61)
		at org.hibernate.tool.schema.extract.spi.ExtractionContext.getQueryResults(ExtractionContext.java:41)
		at org.hibernate.tool.schema.extract.internal.SequenceInformationExtractorLegacyImpl.extractMetadata(SequenceInformationExtractorLegacyImpl.java:36)
		at org.hibernate.tool.schema.extract.internal.DatabaseInformationImpl.initializeSequences(DatabaseInformationImpl.java:73)
		at org.hibernate.tool.schema.extract.internal.DatabaseInformationImpl.<init>(DatabaseInformationImpl.java:63)
		at org.hibernate.tool.schema.extract.internal.CachingDatabaseInformationImpl.<init>(CachingDatabaseInformationImpl.java:43)
		at org.hibernate.tool.schema.internal.GroupedSchemaMigratorImpl.buildDatabaseInformation(GroupedSchemaMigratorImpl.java:112)
		at org.hibernate.tool.schema.internal.AbstractSchemaMigrator.doMigration(AbstractSchemaMigrator.java:83)
		at org.hibernate.tool.schema.spi.SchemaManagementToolCoordinator.performDatabaseAction(SchemaManagementToolCoordinator.java:269)
		at org.hibernate.tool.schema.spi.SchemaManagementToolCoordinator.lambda$process$1(SchemaManagementToolCoordinator.java:101)
		at java.base/java.util.HashMap.forEach(HashMap.java:1429)
		at org.hibernate.tool.schema.spi.SchemaManagementToolCoordinator.process(SchemaManagementToolCoordinator.java:100)
		at org.hibernate.boot.internal.SessionFactoryObserverForSchemaExport.sessionFactoryCreated(SessionFactoryObserverForSchemaExport.java:35)
		at org.hibernate.internal.SessionFactoryObserverChain.sessionFactoryCreated(SessionFactoryObserverChain.java:33)
		at org.hibernate.internal.SessionFactoryImpl.<init>(SessionFactoryImpl.java:327)
		at org.hibernate.internal.SessionFactoryRegistry.instantiateSessionFactory(SessionFactoryRegistry.java:64)
		at org.hibernate.boot.internal.SessionFactoryBuilderImpl.build(SessionFactoryBuilderImpl.java:458)
		at org.hibernate.jpa.boot.internal.EntityManagerFactoryBuilderImpl.build(EntityManagerFactoryBuilderImpl.java:1452)
		at org.springframework.orm.jpa.vendor.SpringHibernateJpaPersistenceProvider.createContainerEntityManagerFactory(SpringHibernateJpaPersistenceProvider.java:93)
		at org.springframework.orm.jpa.LocalContainerEntityManagerFactoryBean.createNativeEntityManagerFactory(LocalContainerEntityManagerFactoryBean.java:443)
		at org.springframework.orm.jpa.AbstractEntityManagerFactoryBean.buildNativeEntityManagerFactory(AbstractEntityManagerFactoryBean.java:436)
		... 40 more
	Caused by: java.sql.SQLException: Connections could not be acquired from the underlying database!
		at com.mchange.v2.sql.SqlUtils.toSQLException(SqlUtils.java:118)
		at com.mchange.v2.c3p0.impl.C3P0PooledConnectionPool.checkoutPooledConnection(C3P0PooledConnectionPool.java:692)
		at com.mchange.v2.c3p0.impl.AbstractPoolBackedDataSource.getConnection(AbstractPoolBackedDataSource.java:140)
		at org.hibernate.engine.jdbc.connections.internal.DataSourceConnectionProvider.getConnection(DataSourceConnectionProvider.java:149)
		at org.hibernate.engine.jdbc.env.internal.JdbcEnvironmentInitiator$ConnectionProviderJdbcConnectionAccess.obtainConnection(JdbcEnvironmentInitiator.java:508)
		at org.hibernate.resource.transaction.backend.jdbc.internal.DdlTransactionIsolatorNonJtaImpl.getIsolatedConnection(DdlTransactionIsolatorNonJtaImpl.java:44)
		... 62 more
	Caused by: com.mchange.v2.resourcepool.CannotAcquireResourceException: A ResourcePool could not acquire a resource from its primary factory or source.
		at com.mchange.v2.resourcepool.BasicResourcePool.awaitAvailable(BasicResourcePool.java:1507)
		at com.mchange.v2.resourcepool.BasicResourcePool.prelimCheckoutResource(BasicResourcePool.java:644)
		at com.mchange.v2.resourcepool.BasicResourcePool.checkoutResource(BasicResourcePool.java:554)
		at com.mchange.v2.c3p0.impl.C3P0PooledConnectionPool.checkoutAndMarkConnectionInUse(C3P0PooledConnectionPool.java:758)
		at com.mchange.v2.c3p0.impl.C3P0PooledConnectionPool.checkoutPooledConnection(C3P0PooledConnectionPool.java:685)
		... 66 more
	Caused by: org.postgresql.util.PSQLException: Connection to localhost:5432 refused. Check that the hostname and port are correct and that the postmaster is accepting TCP/IP connections.
		at org.postgresql.core.v3.ConnectionFactoryImpl.openConnectionImpl(ConnectionFactoryImpl.java:373)
		at org.postgresql.core.ConnectionFactory.openConnection(ConnectionFactory.java:57)
		at org.postgresql.jdbc.PgConnection.<init>(PgConnection.java:290)
		at org.postgresql.Driver.makeConnection(Driver.java:448)
		at org.postgresql.Driver.connect(Driver.java:298)
		at com.mchange.v2.c3p0.DriverManagerDataSource.getConnection(DriverManagerDataSource.java:175)
		at com.mchange.v2.c3p0.WrapperConnectionPoolDataSource.getPooledConnection(WrapperConnectionPoolDataSource.java:220)
		at com.mchange.v2.c3p0.WrapperConnectionPoolDataSource.getPooledConnection(WrapperConnectionPoolDataSource.java:206)
		at com.mchange.v2.c3p0.impl.C3P0PooledConnectionPool$1PooledConnectionResourcePoolManager.acquireResource(C3P0PooledConnectionPool.java:203)
		at com.mchange.v2.resourcepool.BasicResourcePool.doAcquire(BasicResourcePool.java:1176)
		at com.mchange.v2.resourcepool.BasicResourcePool.doAcquireAndDecrementPendingAcquiresWithinLockOnSuccess(BasicResourcePool.java:1163)
		at com.mchange.v2.resourcepool.BasicResourcePool.access$700(BasicResourcePool.java:44)
		at com.mchange.v2.resourcepool.BasicResourcePool$ScatteredAcquireTask.run(BasicResourcePool.java:1908)
		at com.mchange.v2.async.ThreadPoolAsynchronousRunner$PoolThread.run(ThreadPoolAsynchronousRunner.java:696)
	Caused by: java.net.ConnectException: Connection refused
		at java.base/sun.nio.ch.Net.pollConnect(Native Method)
		at java.base/sun.nio.ch.Net.pollConnectNow(Net.java:694)
		at java.base/sun.nio.ch.NioSocketImpl.timedFinishConnect(NioSocketImpl.java:542)
		at java.base/sun.nio.ch.NioSocketImpl.connect(NioSocketImpl.java:592)
		at java.base/java.net.SocksSocketImpl.connect(SocksSocketImpl.java:327)
		at java.base/java.net.Socket.connect(Socket.java:751)
		at org.postgresql.core.PGStream.createSocket(PGStream.java:261)
		at org.postgresql.core.PGStream.<init>(PGStream.java:122)
		at org.postgresql.core.v3.ConnectionFactoryImpl.tryConnect(ConnectionFactoryImpl.java:146)
		at org.postgresql.core.v3.ConnectionFactoryImpl.openConnectionImpl(ConnectionFactoryImpl.java:289)
		... 13 more
29-Jun-2026 05:14:20.800 SEVERE [http-nio-8080-exec-1] org.apache.catalina.core.StandardWrapperValve.invoke Allocate exception for servlet [dispatcher1]
	java.net.ConnectException: Connection refused
		at java.base/sun.nio.ch.Net.pollConnect(Native Method)
		at java.base/sun.nio.ch.Net.pollConnectNow(Net.java:694)
		at java.base/sun.nio.ch.NioSocketImpl.timedFinishConnect(NioSocketImpl.java:542)
		at java.base/sun.nio.ch.NioSocketImpl.connect(NioSocketImpl.java:592)
		at java.base/java.net.SocksSocketImpl.connect(SocksSocketImpl.java:327)
		at java.base/java.net.Socket.connect(Socket.java:751)
		at org.postgresql.core.PGStream.createSocket(PGStream.java:261)
		at org.postgresql.core.PGStream.<init>(PGStream.java:122)
		at org.postgresql.core.v3.ConnectionFactoryImpl.tryConnect(ConnectionFactoryImpl.java:146)
		at org.postgresql.core.v3.ConnectionFactoryImpl.openConnectionImpl(ConnectionFactoryImpl.java:289)
		at org.postgresql.core.ConnectionFactory.openConnection(ConnectionFactory.java:57)
		at org.postgresql.jdbc.PgConnection.<init>(PgConnection.java:290)
		at org.postgresql.Driver.makeConnection(Driver.java:448)
		at org.postgresql.Driver.connect(Driver.java:298)
		at com.mchange.v2.c3p0.DriverManagerDataSource.getConnection(DriverManagerDataSource.java:175)
		at com.mchange.v2.c3p0.WrapperConnectionPoolDataSource.getPooledConnection(WrapperConnectionPoolDataSource.java:220)
		at com.mchange.v2.c3p0.WrapperConnectionPoolDataSource.getPooledConnection(WrapperConnectionPoolDataSource.java:206)
		at com.mchange.v2.c3p0.impl.C3P0PooledConnectionPool$1PooledConnectionResourcePoolManager.acquireResource(C3P0PooledConnectionPool.java:203)
		at com.mchange.v2.resourcepool.BasicResourcePool.doAcquire(BasicResourcePool.java:1176)
		at com.mchange.v2.resourcepool.BasicResourcePool.doAcquireAndDecrementPendingAcquiresWithinLockOnSuccess(BasicResourcePool.java:1163)
		at com.mchange.v2.resourcepool.BasicResourcePool.access$700(BasicResourcePool.java:44)
		at com.mchange.v2.resourcepool.BasicResourcePool$ScatteredAcquireTask.run(BasicResourcePool.java:1908)
		at com.mchange.v2.async.ThreadPoolAsynchronousRunner$PoolThread.run(ThreadPoolAsynchronousRunner.java:696)
29-Jun-2026 05:14:20.816 INFO [http-nio-8080-exec-3] org.apache.catalina.core.ApplicationContext.log Initializing Spring DispatcherServlet 'dispatcher1'
29-Jun-2026 05:15:21.580 SEVERE [http-nio-8080-exec-3] org.apache.catalina.core.ApplicationContext.log Servlet.init() for servlet [dispatcher1] threw exception
	org.springframework.beans.factory.BeanCreationException: Error creating bean with name 'entityManagerFactory' defined in ServletContext resource [/WEB-INF/jdbc-context.xml]: Unable to build Hibernate SessionFactory  [persistence unit: default] ; nested exception is org.hibernate.exception.GenericJDBCException: Unable to open JDBC Connection for DDL execution [Connections could not be acquired from the underlying database!] [n/a]
		at org.springframework.beans.factory.support.AbstractAutowireCapableBeanFactory.initializeBean(AbstractAutowireCapableBeanFactory.java:1817)
		at org.springframework.beans.factory.support.AbstractAutowireCapableBeanFactory.doCreateBean(AbstractAutowireCapableBeanFactory.java:603)
		at org.springframework.beans.factory.support.AbstractAutowireCapableBeanFactory.createBean(AbstractAutowireCapableBeanFactory.java:525)
		at org.springframework.beans.factory.support.AbstractBeanFactory.lambda$doGetBean$0(AbstractBeanFactory.java:333)
		at org.springframework.beans.factory.support.DefaultSingletonBeanRegistry.getSingleton(DefaultSingletonBeanRegistry.java:371)
		at org.springframework.beans.factory.support.AbstractBeanFactory.doGetBean(AbstractBeanFactory.java:331)
		at org.springframework.beans.factory.support.AbstractBeanFactory.getBean(AbstractBeanFactory.java:201)
		at org.springframework.context.support.AbstractApplicationContext.finishBeanFactoryInitialization(AbstractApplicationContext.java:977)
		at org.springframework.context.support.AbstractApplicationContext.refresh(AbstractApplicationContext.java:621)
		at org.springframework.web.servlet.FrameworkServlet.configureAndRefreshWebApplicationContext(FrameworkServlet.java:696)
		at org.springframework.web.servlet.FrameworkServlet.createWebApplicationContext(FrameworkServlet.java:662)
		at org.springframework.web.servlet.FrameworkServlet.createWebApplicationContext(FrameworkServlet.java:710)
		at org.springframework.web.servlet.FrameworkServlet.initWebApplicationContext(FrameworkServlet.java:586)
		at org.springframework.web.servlet.FrameworkServlet.initServletBean(FrameworkServlet.java:528)
		at org.springframework.web.servlet.HttpServletBean.init(HttpServletBean.java:171)
		at jakarta.servlet.GenericServlet.init(GenericServlet.java:145)
		at jakarta.servlet.http.HttpServlet.init(HttpServlet.java:124)
		at org.apache.catalina.core.StandardWrapper.initServlet(StandardWrapper.java:819)
		at org.apache.catalina.core.StandardWrapper.loadServlet(StandardWrapper.java:789)
		at org.apache.catalina.core.StandardWrapper.allocate(StandardWrapper.java:571)
		at org.apache.catalina.core.StandardWrapperValve.invoke(StandardWrapperValve.java:113)
		at org.apache.catalina.core.StandardContextValve.invoke(StandardContextValve.java:77)
		at org.apache.catalina.authenticator.AuthenticatorBase.invoke(AuthenticatorBase.java:492)
		at org.apache.catalina.core.StandardHostValve.invoke(StandardHostValve.java:113)
		at org.apache.catalina.valves.ErrorReportValve.invoke(ErrorReportValve.java:83)
		at org.apache.catalina.valves.AbstractAccessLogValve.invoke(AbstractAccessLogValve.java:782)
		at org.apache.catalina.core.StandardEngineValve.invoke(StandardEngineValve.java:72)
		at org.apache.catalina.connector.CoyoteAdapter.service(CoyoteAdapter.java:341)
		at org.apache.coyote.http11.Http11Processor.service(Http11Processor.java:397)
		at org.apache.coyote.AbstractProcessorLight.process(AbstractProcessorLight.java:63)
		at org.apache.coyote.AbstractProtocol$ConnectionHandler.process(AbstractProtocol.java:1272)
		at org.apache.tomcat.util.net.NioEndpoint$SocketProcessor.doRun(NioEndpoint.java:1801)
		at org.apache.tomcat.util.net.SocketProcessorBase.run(SocketProcessorBase.java:52)
		at org.apache.tomcat.util.threads.ThreadPoolExecutor.runWorker(ThreadPoolExecutor.java:946)
		at org.apache.tomcat.util.threads.ThreadPoolExecutor$Worker.run(ThreadPoolExecutor.java:480)
		at org.apache.tomcat.util.threads.TaskThread$WrappingRunnable.run(TaskThread.java:57)
		at java.base/java.lang.Thread.run(Thread.java:1583)
	Caused by: jakarta.persistence.PersistenceException: Unable to build Hibernate SessionFactory  [persistence unit: default] ; nested exception is org.hibernate.exception.GenericJDBCException: Unable to open JDBC Connection for DDL execution [Connections could not be acquired from the underlying database!] [n/a]
		at org.springframework.orm.jpa.AbstractEntityManagerFactoryBean.buildNativeEntityManagerFactory(AbstractEntityManagerFactoryBean.java:448)
		at org.springframework.orm.jpa.AbstractEntityManagerFactoryBean.afterPropertiesSet(AbstractEntityManagerFactoryBean.java:411)
		at org.springframework.orm.jpa.LocalContainerEntityManagerFactoryBean.afterPropertiesSet(LocalContainerEntityManagerFactoryBean.java:419)
		at org.springframework.beans.factory.support.AbstractAutowireCapableBeanFactory.invokeInitMethods(AbstractAutowireCapableBeanFactory.java:1864)
		at org.springframework.beans.factory.support.AbstractAutowireCapableBeanFactory.initializeBean(AbstractAutowireCapableBeanFactory.java:1813)
		... 36 more
	Caused by: org.hibernate.exception.GenericJDBCException: Unable to open JDBC Connection for DDL execution [Connections could not be acquired from the underlying database!] [n/a]
		at org.hibernate.exception.internal.StandardSQLExceptionConverter.convert(StandardSQLExceptionConverter.java:39)
		at org.hibernate.engine.jdbc.spi.SqlExceptionHelper.convert(SqlExceptionHelper.java:115)
		at org.hibernate.engine.jdbc.spi.SqlExceptionHelper.convert(SqlExceptionHelper.java:101)
		at org.hibernate.resource.transaction.backend.jdbc.internal.DdlTransactionIsolatorNonJtaImpl.getIsolatedConnection(DdlTransactionIsolatorNonJtaImpl.java:71)
		at org.hibernate.resource.transaction.backend.jdbc.internal.DdlTransactionIsolatorNonJtaImpl.getIsolatedConnection(DdlTransactionIsolatorNonJtaImpl.java:37)
		at org.hibernate.tool.schema.internal.exec.ImprovedExtractionContextImpl.getJdbcConnection(ImprovedExtractionContextImpl.java:61)
		at org.hibernate.tool.schema.extract.spi.ExtractionContext.getQueryResults(ExtractionContext.java:41)
		at org.hibernate.tool.schema.extract.internal.SequenceInformationExtractorLegacyImpl.extractMetadata(SequenceInformationExtractorLegacyImpl.java:36)
		at org.hibernate.tool.schema.extract.internal.DatabaseInformationImpl.initializeSequences(DatabaseInformationImpl.java:73)
		at org.hibernate.tool.schema.extract.internal.DatabaseInformationImpl.<init>(DatabaseInformationImpl.java:63)
		at org.hibernate.tool.schema.extract.internal.CachingDatabaseInformationImpl.<init>(CachingDatabaseInformationImpl.java:43)
		at org.hibernate.tool.schema.internal.GroupedSchemaMigratorImpl.buildDatabaseInformation(GroupedSchemaMigratorImpl.java:112)
		at org.hibernate.tool.schema.internal.AbstractSchemaMigrator.doMigration(AbstractSchemaMigrator.java:83)
		at org.hibernate.tool.schema.spi.SchemaManagementToolCoordinator.performDatabaseAction(SchemaManagementToolCoordinator.java:269)
		at org.hibernate.tool.schema.spi.SchemaManagementToolCoordinator.lambda$process$1(SchemaManagementToolCoordinator.java:101)
		at java.base/java.util.HashMap.forEach(HashMap.java:1429)
		at org.hibernate.tool.schema.spi.SchemaManagementToolCoordinator.process(SchemaManagementToolCoordinator.java:100)
		at org.hibernate.boot.internal.SessionFactoryObserverForSchemaExport.sessionFactoryCreated(SessionFactoryObserverForSchemaExport.java:35)
		at org.hibernate.internal.SessionFactoryObserverChain.sessionFactoryCreated(SessionFactoryObserverChain.java:33)
		at org.hibernate.internal.SessionFactoryImpl.<init>(SessionFactoryImpl.java:327)
		at org.hibernate.internal.SessionFactoryRegistry.instantiateSessionFactory(SessionFactoryRegistry.java:64)
		at org.hibernate.boot.internal.SessionFactoryBuilderImpl.build(SessionFactoryBuilderImpl.java:458)
		at org.hibernate.jpa.boot.internal.EntityManagerFactoryBuilderImpl.build(EntityManagerFactoryBuilderImpl.java:1452)
		at org.springframework.orm.jpa.vendor.SpringHibernateJpaPersistenceProvider.createContainerEntityManagerFactory(SpringHibernateJpaPersistenceProvider.java:93)
		at org.springframework.orm.jpa.LocalContainerEntityManagerFactoryBean.createNativeEntityManagerFactory(LocalContainerEntityManagerFactoryBean.java:443)
		at org.springframework.orm.jpa.AbstractEntityManagerFactoryBean.buildNativeEntityManagerFactory(AbstractEntityManagerFactoryBean.java:436)
		... 40 more
	Caused by: java.sql.SQLException: Connections could not be acquired from the underlying database!
		at com.mchange.v2.sql.SqlUtils.toSQLException(SqlUtils.java:118)
		at com.mchange.v2.c3p0.impl.C3P0PooledConnectionPool.checkoutPooledConnection(C3P0PooledConnectionPool.java:692)
		at com.mchange.v2.c3p0.impl.AbstractPoolBackedDataSource.getConnection(AbstractPoolBackedDataSource.java:140)
		at org.hibernate.engine.jdbc.connections.internal.DataSourceConnectionProvider.getConnection(DataSourceConnectionProvider.java:149)
		at org.hibernate.engine.jdbc.env.internal.JdbcEnvironmentInitiator$ConnectionProviderJdbcConnectionAccess.obtainConnection(JdbcEnvironmentInitiator.java:508)
		at org.hibernate.resource.transaction.backend.jdbc.internal.DdlTransactionIsolatorNonJtaImpl.getIsolatedConnection(DdlTransactionIsolatorNonJtaImpl.java:44)
		... 62 more
	Caused by: com.mchange.v2.resourcepool.CannotAcquireResourceException: A ResourcePool could not acquire a resource from its primary factory or source.
		at com.mchange.v2.resourcepool.BasicResourcePool.awaitAvailable(BasicResourcePool.java:1507)
		at com.mchange.v2.resourcepool.BasicResourcePool.prelimCheckoutResource(BasicResourcePool.java:644)
		at com.mchange.v2.resourcepool.BasicResourcePool.checkoutResource(BasicResourcePool.java:554)
		at com.mchange.v2.c3p0.impl.C3P0PooledConnectionPool.checkoutAndMarkConnectionInUse(C3P0PooledConnectionPool.java:758)
		at com.mchange.v2.c3p0.impl.C3P0PooledConnectionPool.checkoutPooledConnection(C3P0PooledConnectionPool.java:685)
		... 66 more
	Caused by: org.postgresql.util.PSQLException: Connection to localhost:5432 refused. Check that the hostname and port are correct and that the postmaster is accepting TCP/IP connections.
		at org.postgresql.core.v3.ConnectionFactoryImpl.openConnectionImpl(ConnectionFactoryImpl.java:373)
		at org.postgresql.core.ConnectionFactory.openConnection(ConnectionFactory.java:57)
		at org.postgresql.jdbc.PgConnection.<init>(PgConnection.java:290)
		at org.postgresql.Driver.makeConnection(Driver.java:448)
		at org.postgresql.Driver.connect(Driver.java:298)
		at com.mchange.v2.c3p0.DriverManagerDataSource.getConnection(DriverManagerDataSource.java:175)
		at com.mchange.v2.c3p0.WrapperConnectionPoolDataSource.getPooledConnection(WrapperConnectionPoolDataSource.java:220)
		at com.mchange.v2.c3p0.WrapperConnectionPoolDataSource.getPooledConnection(WrapperConnectionPoolDataSource.java:206)
		at com.mchange.v2.c3p0.impl.C3P0PooledConnectionPool$1PooledConnectionResourcePoolManager.acquireResource(C3P0PooledConnectionPool.java:203)
		at com.mchange.v2.resourcepool.BasicResourcePool.doAcquire(BasicResourcePool.java:1176)
		at com.mchange.v2.resourcepool.BasicResourcePool.doAcquireAndDecrementPendingAcquiresWithinLockOnSuccess(BasicResourcePool.java:1163)
		at com.mchange.v2.resourcepool.BasicResourcePool.access$700(BasicResourcePool.java:44)
		at com.mchange.v2.resourcepool.BasicResourcePool$ScatteredAcquireTask.run(BasicResourcePool.java:1908)
		at com.mchange.v2.async.ThreadPoolAsynchronousRunner$PoolThread.run(ThreadPoolAsynchronousRunner.java:696)
	Caused by: java.net.ConnectException: Connection refused
		at java.base/sun.nio.ch.Net.pollConnect(Native Method)
		at java.base/sun.nio.ch.Net.pollConnectNow(Net.java:694)
		at java.base/sun.nio.ch.NioSocketImpl.timedFinishConnect(NioSocketImpl.java:542)
		at java.base/sun.nio.ch.NioSocketImpl.connect(NioSocketImpl.java:592)
		at java.base/java.net.SocksSocketImpl.connect(SocksSocketImpl.java:327)
		at java.base/java.net.Socket.connect(Socket.java:751)
		at org.postgresql.core.PGStream.createSocket(PGStream.java:261)
		at org.postgresql.core.PGStream.<init>(PGStream.java:122)
		at org.postgresql.core.v3.ConnectionFactoryImpl.tryConnect(ConnectionFactoryImpl.java:146)
		at org.postgresql.core.v3.ConnectionFactoryImpl.openConnectionImpl(ConnectionFactoryImpl.java:289)
		... 13 more
29-Jun-2026 05:15:21.581 SEVERE [http-nio-8080-exec-3] org.apache.catalina.core.StandardWrapperValve.invoke Allocate exception for servlet [dispatcher1]
	java.net.ConnectException: Connection refused
		at java.base/sun.nio.ch.Net.pollConnect(Native Method)
		at java.base/sun.nio.ch.Net.pollConnectNow(Net.java:694)
		at java.base/sun.nio.ch.NioSocketImpl.timedFinishConnect(NioSocketImpl.java:542)
		at java.base/sun.nio.ch.NioSocketImpl.connect(NioSocketImpl.java:592)
		at java.base/java.net.SocksSocketImpl.connect(SocksSocketImpl.java:327)
		at java.base/java.net.Socket.connect(Socket.java:751)
		at org.postgresql.core.PGStream.createSocket(PGStream.java:261)
		at org.postgresql.core.PGStream.<init>(PGStream.java:122)
		at org.postgresql.core.v3.ConnectionFactoryImpl.tryConnect(ConnectionFactoryImpl.java:146)
		at org.postgresql.core.v3.ConnectionFactoryImpl.openConnectionImpl(ConnectionFactoryImpl.java:289)
		at org.postgresql.core.ConnectionFactory.openConnection(ConnectionFactory.java:57)
		at org.postgresql.jdbc.PgConnection.<init>(PgConnection.java:290)
		at org.postgresql.Driver.makeConnection(Driver.java:448)
		at org.postgresql.Driver.connect(Driver.java:298)
		at com.mchange.v2.c3p0.DriverManagerDataSource.getConnection(DriverManagerDataSource.java:175)
		at com.mchange.v2.c3p0.WrapperConnectionPoolDataSource.getPooledConnection(WrapperConnectionPoolDataSource.java:220)
		at com.mchange.v2.c3p0.WrapperConnectionPoolDataSource.getPooledConnection(WrapperConnectionPoolDataSource.java:206)
		at com.mchange.v2.c3p0.impl.C3P0PooledConnectionPool$1PooledConnectionResourcePoolManager.acquireResource(C3P0PooledConnectionPool.java:203)
		at com.mchange.v2.resourcepool.BasicResourcePool.doAcquire(BasicResourcePool.java:1176)
		at com.mchange.v2.resourcepool.BasicResourcePool.doAcquireAndDecrementPendingAcquiresWithinLockOnSuccess(BasicResourcePool.java:1163)
		at com.mchange.v2.resourcepool.BasicResourcePool.access$700(BasicResourcePool.java:44)
		at com.mchange.v2.resourcepool.BasicResourcePool$ScatteredAcquireTask.run(BasicResourcePool.java:1908)
		at com.mchange.v2.async.ThreadPoolAsynchronousRunner$PoolThread.run(ThreadPoolAsynchronousRunner.java:696)
29-Jun-2026 05:15:21.604 INFO [http-nio-8080-exec-2] org.apache.catalina.core.ApplicationContext.log Initializing Spring DispatcherServlet 'dispatcher1'
29-Jun-2026 05:16:22.400 SEVERE [http-nio-8080-exec-2] org.apache.catalina.core.ApplicationContext.log Servlet.init() for servlet [dispatcher1] threw exception
	org.springframework.beans.factory.BeanCreationException: Error creating bean with name 'entityManagerFactory' defined in ServletContext resource [/WEB-INF/jdbc-context.xml]: Unable to build Hibernate SessionFactory  [persistence unit: default] ; nested exception is org.hibernate.exception.GenericJDBCException: Unable to open JDBC Connection for DDL execution [Connections could not be acquired from the underlying database!] [n/a]
		at org.springframework.beans.factory.support.AbstractAutowireCapableBeanFactory.initializeBean(AbstractAutowireCapableBeanFactory.java:1817)
		at org.springframework.beans.factory.support.AbstractAutowireCapableBeanFactory.doCreateBean(AbstractAutowireCapableBeanFactory.java:603)
		at org.springframework.beans.factory.support.AbstractAutowireCapableBeanFactory.createBean(AbstractAutowireCapableBeanFactory.java:525)
		at org.springframework.beans.factory.support.AbstractBeanFactory.lambda$doGetBean$0(AbstractBeanFactory.java:333)
		at org.springframework.beans.factory.support.DefaultSingletonBeanRegistry.getSingleton(DefaultSingletonBeanRegistry.java:371)
		at org.springframework.beans.factory.support.AbstractBeanFactory.doGetBean(AbstractBeanFactory.java:331)
		at org.springframework.beans.factory.support.AbstractBeanFactory.getBean(AbstractBeanFactory.java:201)
		at org.springframework.context.support.AbstractApplicationContext.finishBeanFactoryInitialization(AbstractApplicationContext.java:977)
		at org.springframework.context.support.AbstractApplicationContext.refresh(AbstractApplicationContext.java:621)
		at org.springframework.web.servlet.FrameworkServlet.configureAndRefreshWebApplicationContext(FrameworkServlet.java:696)
		at org.springframework.web.servlet.FrameworkServlet.createWebApplicationContext(FrameworkServlet.java:662)
		at org.springframework.web.servlet.FrameworkServlet.createWebApplicationContext(FrameworkServlet.java:710)
		at org.springframework.web.servlet.FrameworkServlet.initWebApplicationContext(FrameworkServlet.java:586)
		at org.springframework.web.servlet.FrameworkServlet.initServletBean(FrameworkServlet.java:528)
		at org.springframework.web.servlet.HttpServletBean.init(HttpServletBean.java:171)
		at jakarta.servlet.GenericServlet.init(GenericServlet.java:145)
		at jakarta.servlet.http.HttpServlet.init(HttpServlet.java:124)
		at org.apache.catalina.core.StandardWrapper.initServlet(StandardWrapper.java:819)
		at org.apache.catalina.core.StandardWrapper.loadServlet(StandardWrapper.java:789)
		at org.apache.catalina.core.StandardWrapper.allocate(StandardWrapper.java:571)
		at org.apache.catalina.core.StandardWrapperValve.invoke(StandardWrapperValve.java:113)
		at org.apache.catalina.core.StandardContextValve.invoke(StandardContextValve.java:77)
		at org.apache.catalina.authenticator.AuthenticatorBase.invoke(AuthenticatorBase.java:492)
		at org.apache.catalina.core.StandardHostValve.invoke(StandardHostValve.java:113)
		at org.apache.catalina.valves.ErrorReportValve.invoke(ErrorReportValve.java:83)
		at org.apache.catalina.valves.AbstractAccessLogValve.invoke(AbstractAccessLogValve.java:782)
		at org.apache.catalina.core.StandardEngineValve.invoke(StandardEngineValve.java:72)
		at org.apache.catalina.connector.CoyoteAdapter.service(CoyoteAdapter.java:341)
		at org.apache.coyote.http11.Http11Processor.service(Http11Processor.java:397)
		at org.apache.coyote.AbstractProcessorLight.process(AbstractProcessorLight.java:63)
		at org.apache.coyote.AbstractProtocol$ConnectionHandler.process(AbstractProtocol.java:1272)
		at org.apache.tomcat.util.net.NioEndpoint$SocketProcessor.doRun(NioEndpoint.java:1801)
		at org.apache.tomcat.util.net.SocketProcessorBase.run(SocketProcessorBase.java:52)
		at org.apache.tomcat.util.threads.ThreadPoolExecutor.runWorker(ThreadPoolExecutor.java:946)
		at org.apache.tomcat.util.threads.ThreadPoolExecutor$Worker.run(ThreadPoolExecutor.java:480)
		at org.apache.tomcat.util.threads.TaskThread$WrappingRunnable.run(TaskThread.java:57)
		at java.base/java.lang.Thread.run(Thread.java:1583)
	Caused by: jakarta.persistence.PersistenceException: Unable to build Hibernate SessionFactory  [persistence unit: default] ; nested exception is org.hibernate.exception.GenericJDBCException: Unable to open JDBC Connection for DDL execution [Connections could not be acquired from the underlying database!] [n/a]
		at org.springframework.orm.jpa.AbstractEntityManagerFactoryBean.buildNativeEntityManagerFactory(AbstractEntityManagerFactoryBean.java:448)
		at org.springframework.orm.jpa.AbstractEntityManagerFactoryBean.afterPropertiesSet(AbstractEntityManagerFactoryBean.java:411)
		at org.springframework.orm.jpa.LocalContainerEntityManagerFactoryBean.afterPropertiesSet(LocalContainerEntityManagerFactoryBean.java:419)
		at org.springframework.beans.factory.support.AbstractAutowireCapableBeanFactory.invokeInitMethods(AbstractAutowireCapableBeanFactory.java:1864)
		at org.springframework.beans.factory.support.AbstractAutowireCapableBeanFactory.initializeBean(AbstractAutowireCapableBeanFactory.java:1813)
		... 36 more
	Caused by: org.hibernate.exception.GenericJDBCException: Unable to open JDBC Connection for DDL execution [Connections could not be acquired from the underlying database!] [n/a]
		at org.hibernate.exception.internal.StandardSQLExceptionConverter.convert(StandardSQLExceptionConverter.java:39)
		at org.hibernate.engine.jdbc.spi.SqlExceptionHelper.convert(SqlExceptionHelper.java:115)
		at org.hibernate.engine.jdbc.spi.SqlExceptionHelper.convert(SqlExceptionHelper.java:101)
		at org.hibernate.resource.transaction.backend.jdbc.internal.DdlTransactionIsolatorNonJtaImpl.getIsolatedConnection(DdlTransactionIsolatorNonJtaImpl.java:71)
		at org.hibernate.resource.transaction.backend.jdbc.internal.DdlTransactionIsolatorNonJtaImpl.getIsolatedConnection(DdlTransactionIsolatorNonJtaImpl.java:37)
		at org.hibernate.tool.schema.internal.exec.ImprovedExtractionContextImpl.getJdbcConnection(ImprovedExtractionContextImpl.java:61)
		at org.hibernate.tool.schema.extract.spi.ExtractionContext.getQueryResults(ExtractionContext.java:41)
		at org.hibernate.tool.schema.extract.internal.SequenceInformationExtractorLegacyImpl.extractMetadata(SequenceInformationExtractorLegacyImpl.java:36)
		at org.hibernate.tool.schema.extract.internal.DatabaseInformationImpl.initializeSequences(DatabaseInformationImpl.java:73)
		at org.hibernate.tool.schema.extract.internal.DatabaseInformationImpl.<init>(DatabaseInformationImpl.java:63)
		at org.hibernate.tool.schema.extract.internal.CachingDatabaseInformationImpl.<init>(CachingDatabaseInformationImpl.java:43)
		at org.hibernate.tool.schema.internal.GroupedSchemaMigratorImpl.buildDatabaseInformation(GroupedSchemaMigratorImpl.java:112)
		at org.hibernate.tool.schema.internal.AbstractSchemaMigrator.doMigration(AbstractSchemaMigrator.java:83)
		at org.hibernate.tool.schema.spi.SchemaManagementToolCoordinator.performDatabaseAction(SchemaManagementToolCoordinator.java:269)
		at org.hibernate.tool.schema.spi.SchemaManagementToolCoordinator.lambda$process$1(SchemaManagementToolCoordinator.java:101)
		at java.base/java.util.HashMap.forEach(HashMap.java:1429)
		at org.hibernate.tool.schema.spi.SchemaManagementToolCoordinator.process(SchemaManagementToolCoordinator.java:100)
		at org.hibernate.boot.internal.SessionFactoryObserverForSchemaExport.sessionFactoryCreated(SessionFactoryObserverForSchemaExport.java:35)
		at org.hibernate.internal.SessionFactoryObserverChain.sessionFactoryCreated(SessionFactoryObserverChain.java:33)
		at org.hibernate.internal.SessionFactoryImpl.<init>(SessionFactoryImpl.java:327)
		at org.hibernate.internal.SessionFactoryRegistry.instantiateSessionFactory(SessionFactoryRegistry.java:64)
		at org.hibernate.boot.internal.SessionFactoryBuilderImpl.build(SessionFactoryBuilderImpl.java:458)
		at org.hibernate.jpa.boot.internal.EntityManagerFactoryBuilderImpl.build(EntityManagerFactoryBuilderImpl.java:1452)
		at org.springframework.orm.jpa.vendor.SpringHibernateJpaPersistenceProvider.createContainerEntityManagerFactory(SpringHibernateJpaPersistenceProvider.java:93)
		at org.springframework.orm.jpa.LocalContainerEntityManagerFactoryBean.createNativeEntityManagerFactory(LocalContainerEntityManagerFactoryBean.java:443)
		at org.springframework.orm.jpa.AbstractEntityManagerFactoryBean.buildNativeEntityManagerFactory(AbstractEntityManagerFactoryBean.java:436)
		... 40 more
	Caused by: java.sql.SQLException: Connections could not be acquired from the underlying database!
		at com.mchange.v2.sql.SqlUtils.toSQLException(SqlUtils.java:118)
		at com.mchange.v2.c3p0.impl.C3P0PooledConnectionPool.checkoutPooledConnection(C3P0PooledConnectionPool.java:692)
		at com.mchange.v2.c3p0.impl.AbstractPoolBackedDataSource.getConnection(AbstractPoolBackedDataSource.java:140)
		at org.hibernate.engine.jdbc.connections.internal.DataSourceConnectionProvider.getConnection(DataSourceConnectionProvider.java:149)
		at org.hibernate.engine.jdbc.env.internal.JdbcEnvironmentInitiator$ConnectionProviderJdbcConnectionAccess.obtainConnection(JdbcEnvironmentInitiator.java:508)
		at org.hibernate.resource.transaction.backend.jdbc.internal.DdlTransactionIsolatorNonJtaImpl.getIsolatedConnection(DdlTransactionIsolatorNonJtaImpl.java:44)
		... 62 more
	Caused by: com.mchange.v2.resourcepool.CannotAcquireResourceException: A ResourcePool could not acquire a resource from its primary factory or source.
		at com.mchange.v2.resourcepool.BasicResourcePool.awaitAvailable(BasicResourcePool.java:1507)
		at com.mchange.v2.resourcepool.BasicResourcePool.prelimCheckoutResource(BasicResourcePool.java:644)
		at com.mchange.v2.resourcepool.BasicResourcePool.checkoutResource(BasicResourcePool.java:554)
		at com.mchange.v2.c3p0.impl.C3P0PooledConnectionPool.checkoutAndMarkConnectionInUse(C3P0PooledConnectionPool.java:758)
		at com.mchange.v2.c3p0.impl.C3P0PooledConnectionPool.checkoutPooledConnection(C3P0PooledConnectionPool.java:685)
		... 66 more
	Caused by: org.postgresql.util.PSQLException: Connection to localhost:5432 refused. Check that the hostname and port are correct and that the postmaster is accepting TCP/IP connections.
		at org.postgresql.core.v3.ConnectionFactoryImpl.openConnectionImpl(ConnectionFactoryImpl.java:373)
		at org.postgresql.core.ConnectionFactory.openConnection(ConnectionFactory.java:57)
		at org.postgresql.jdbc.PgConnection.<init>(PgConnection.java:290)
		at org.postgresql.Driver.makeConnection(Driver.java:448)
		at org.postgresql.Driver.connect(Driver.java:298)
		at com.mchange.v2.c3p0.DriverManagerDataSource.getConnection(DriverManagerDataSource.java:175)
		at com.mchange.v2.c3p0.WrapperConnectionPoolDataSource.getPooledConnection(WrapperConnectionPoolDataSource.java:220)
		at com.mchange.v2.c3p0.WrapperConnectionPoolDataSource.getPooledConnection(WrapperConnectionPoolDataSource.java:206)
		at com.mchange.v2.c3p0.impl.C3P0PooledConnectionPool$1PooledConnectionResourcePoolManager.acquireResource(C3P0PooledConnectionPool.java:203)
		at com.mchange.v2.resourcepool.BasicResourcePool.doAcquire(BasicResourcePool.java:1176)
		at com.mchange.v2.resourcepool.BasicResourcePool.doAcquireAndDecrementPendingAcquiresWithinLockOnSuccess(BasicResourcePool.java:1163)
		at com.mchange.v2.resourcepool.BasicResourcePool.access$700(BasicResourcePool.java:44)
		at com.mchange.v2.resourcepool.BasicResourcePool$ScatteredAcquireTask.run(BasicResourcePool.java:1908)
		at com.mchange.v2.async.ThreadPoolAsynchronousRunner$PoolThread.run(ThreadPoolAsynchronousRunner.java:696)
	Caused by: java.net.ConnectException: Connection refused
		at java.base/sun.nio.ch.Net.pollConnect(Native Method)
		at java.base/sun.nio.ch.Net.pollConnectNow(Net.java:694)
		at java.base/sun.nio.ch.NioSocketImpl.timedFinishConnect(NioSocketImpl.java:542)
		at java.base/sun.nio.ch.NioSocketImpl.connect(NioSocketImpl.java:592)
		at java.base/java.net.SocksSocketImpl.connect(SocksSocketImpl.java:327)
		at java.base/java.net.Socket.connect(Socket.java:751)
		at org.postgresql.core.PGStream.createSocket(PGStream.java:261)
		at org.postgresql.core.PGStream.<init>(PGStream.java:122)
		at org.postgresql.core.v3.ConnectionFactoryImpl.tryConnect(ConnectionFactoryImpl.java:146)
		at org.postgresql.core.v3.ConnectionFactoryImpl.openConnectionImpl(ConnectionFactoryImpl.java:289)
		... 13 more
29-Jun-2026 05:16:22.402 SEVERE [http-nio-8080-exec-2] org.apache.catalina.core.StandardWrapperValve.invoke Allocate exception for servlet [dispatcher1]
	java.net.ConnectException: Connection refused
		at java.base/sun.nio.ch.Net.pollConnect(Native Method)
		at java.base/sun.nio.ch.Net.pollConnectNow(Net.java:694)
		at java.base/sun.nio.ch.NioSocketImpl.timedFinishConnect(NioSocketImpl.java:542)
		at java.base/sun.nio.ch.NioSocketImpl.connect(NioSocketImpl.java:592)
		at java.base/java.net.SocksSocketImpl.connect(SocksSocketImpl.java:327)
		at java.base/java.net.Socket.connect(Socket.java:751)
		at org.postgresql.core.PGStream.createSocket(PGStream.java:261)
		at org.postgresql.core.PGStream.<init>(PGStream.java:122)
		at org.postgresql.core.v3.ConnectionFactoryImpl.tryConnect(ConnectionFactoryImpl.java:146)
		at org.postgresql.core.v3.ConnectionFactoryImpl.openConnectionImpl(ConnectionFactoryImpl.java:289)
		at org.postgresql.core.ConnectionFactory.openConnection(ConnectionFactory.java:57)
		at org.postgresql.jdbc.PgConnection.<init>(PgConnection.java:290)
		at org.postgresql.Driver.makeConnection(Driver.java:448)
		at org.postgresql.Driver.connect(Driver.java:298)
		at com.mchange.v2.c3p0.DriverManagerDataSource.getConnection(DriverManagerDataSource.java:175)
		at com.mchange.v2.c3p0.WrapperConnectionPoolDataSource.getPooledConnection(WrapperConnectionPoolDataSource.java:220)
		at com.mchange.v2.c3p0.WrapperConnectionPoolDataSource.getPooledConnection(WrapperConnectionPoolDataSource.java:206)
		at com.mchange.v2.c3p0.impl.C3P0PooledConnectionPool$1PooledConnectionResourcePoolManager.acquireResource(C3P0PooledConnectionPool.java:203)
		at com.mchange.v2.resourcepool.BasicResourcePool.doAcquire(BasicResourcePool.java:1176)
		at com.mchange.v2.resourcepool.BasicResourcePool.doAcquireAndDecrementPendingAcquiresWithinLockOnSuccess(BasicResourcePool.java:1163)
		at com.mchange.v2.resourcepool.BasicResourcePool.access$700(BasicResourcePool.java:44)
		at com.mchange.v2.resourcepool.BasicResourcePool$ScatteredAcquireTask.run(BasicResourcePool.java:1908)
		at com.mchange.v2.async.ThreadPoolAsynchronousRunner$PoolThread.run(ThreadPoolAsynchronousRunner.java:696)
29-Jun-2026 05:17:04.454 INFO [Catalina-utility-1] org.apache.catalina.core.ApplicationContext.log No Spring WebApplicationInitializer types detected on classpath
29-Jun-2026 05:17:15.982 INFO [main] org.apache.catalina.core.ApplicationContext.log No Spring WebApplicationInitializer types detected on classpath
29-Jun-2026 05:17:21.243 INFO [http-nio-8080-exec-1] org.apache.catalina.core.ApplicationContext.log Initializing Spring DispatcherServlet 'dispatcher1'
29-Jun-2026 05:18:07.490 INFO [Thread-1] org.apache.catalina.core.ApplicationContext.log Destroying Spring FrameworkServlet 'dispatcher1'
29-Jun-2026 23:31:59.656 INFO [main] org.apache.catalina.core.ApplicationContext.log No Spring WebApplicationInitializer types detected on classpath
29-Jun-2026 23:37:34.133 INFO [main] org.apache.catalina.core.ApplicationContext.log No Spring WebApplicationInitializer types detected on classpath
29-Jun-2026 23:45:33.139 INFO [main] org.apache.catalina.core.ApplicationContext.log No Spring WebApplicationInitializer types detected on classpath
29-Jun-2026 23:52:43.500 INFO [main] org.apache.catalina.core.ApplicationContext.log No Spring WebApplicationInitializer types detected on classpath
29-Jun-2026 23:55:36.384 INFO [main] org.apache.catalina.core.ApplicationContext.log No Spring WebApplicationInitializer types detected on classpath
29-Jun-2026 23:56:02.768 INFO [http-nio-8080-exec-1] org.apache.catalina.core.ApplicationContext.log Initializing Spring DispatcherServlet 'dispatcher1'
29-Jun-2026 23:57:31.341 INFO [Thread-1] org.apache.catalina.core.ApplicationContext.log Destroying Spring FrameworkServlet 'dispatcher1'
29-Jun-2026 23:57:55.828 INFO [main] org.apache.catalina.core.ApplicationContext.log No Spring WebApplicationInitializer types detected on classpath
29-Jun-2026 23:58:01.126 INFO [http-nio-8080-exec-1] org.apache.catalina.core.ApplicationContext.log Initializing Spring DispatcherServlet 'dispatcher1'
